<?xml version="1.0" encoding="UTF-8"?>
<fme:xml-tables xmlns:xsi="http://www.w3.org/2001/XMLSchema-instance" xmlns:fme="http://www.safe.com/xml/xmltables" xsi:schemaLocation="http://www.safe.com/xml/xmltables Musea.xsd">
<fme:Musea-table>
<fme:Musea>
<fme:Id>1</fme:Id>
<fme:Gebouw>Steenmuseum</fme:Gebouw>
<fme:Ligging>Dijver 17</fme:Ligging>
<fme:Functie>M</fme:Functie>
<fme:Aangemaakt_op>10/10/2016</fme:Aangemaakt_op>
</fme:Musea>
<fme:Musea>
<fme:Id>2</fme:Id>
<fme:Gebouw>Gruuthusemuseum</fme:Gebouw>
<fme:Ligging>Dijver 17</fme:Ligging>
<fme:Functie>M</fme:Functie>
<fme:Aangemaakt_op>10/10/2016</fme:Aangemaakt_op>
</fme:Musea>
<fme:Musea>
<fme:Id>3</fme:Id>
<fme:Gebouw>Archeologisch Museum</fme:Gebouw>
<fme:Ligging>Mariastraat 36 a</fme:Ligging>
<fme:Functie>M</fme:Functie>
<fme:Aangemaakt_op>10/10/2016</fme:Aangemaakt_op>
</fme:Musea>
<fme:Musea>
<fme:Id>4</fme:Id>
<fme:Gebouw>Arendshuis</fme:Gebouw>
<fme:Ligging>Dijver 16</fme:Ligging>
<fme:Functie>M</fme:Functie>
<fme:Aangemaakt_op>10/10/2016</fme:Aangemaakt_op>
</fme:Musea>
<fme:Musea>
<fme:Id>5</fme:Id>
<fme:Gebouw>Groeningemuseum</fme:Gebouw>
<fme:Ligging>Dijver 12</fme:Ligging>
<fme:Functie>M</fme:Functie>
<fme:Aangemaakt_op>10/10/2016</fme:Aangemaakt_op>
</fme:Musea>
<fme:Musea>
<fme:Id>6</fme:Id>
<fme:Gebouw>Memlingmuseum</fme:Gebouw>
<fme:Ligging>Mariastraat 38</fme:Ligging>
<fme:Functie>M</fme:Functie>
<fme:Aangemaakt_op>10/10/2016</fme:Aangemaakt_op>
</fme:Musea>
<fme:Musea>
<fme:Id>7</fme:Id>
<fme:Gebouw>Stadhuis -Gotische Zaal-</fme:Gebouw>
<fme:Ligging>Burg 12</fme:Ligging>
<fme:Functie>M</fme:Functie>
<fme:Aangemaakt_op>10/10/2016</fme:Aangemaakt_op>
</fme:Musea>
<fme:Musea>
<fme:Id>8</fme:Id>
<fme:Gebouw>Brugse Vrije -Provinciaalmuseum-</fme:Gebouw>
<fme:Ligging>Burg 11a</fme:Ligging>
<fme:Functie>M</fme:Functie>
<fme:Aangemaakt_op>10/10/2016</fme:Aangemaakt_op>
</fme:Musea>
<fme:Musea>
<fme:Id>9</fme:Id>
<fme:Gebouw>De Gouden Boom -Brouwerijmuseum-</fme:Gebouw>
<fme:Ligging>Verbrand Nieuwland 10</fme:Ligging>
<fme:Functie>M</fme:Functie>
<fme:Aangemaakt_op>10/10/2016</fme:Aangemaakt_op>
</fme:Musea>
<fme:Musea>
<fme:Id>10</fme:Id>
<fme:Gebouw>Guido Gezellemuseum</fme:Gebouw>
<fme:Ligging>Rolweg 64</fme:Ligging>
<fme:Functie>M</fme:Functie>
<fme:Aangemaakt_op>10/10/2016</fme:Aangemaakt_op>
</fme:Musea>
<fme:Musea>
<fme:Id>11</fme:Id>
<fme:Gebouw>O.L.-Vrouwekerk -praalgraven, madon</fme:Gebouw>
<fme:Ligging>Mariastraat 19</fme:Ligging>
<fme:Functie>M</fme:Functie>
<fme:Aangemaakt_op>10/10/2016</fme:Aangemaakt_op>
</fme:Musea>
<fme:Musea>
<fme:Id>12</fme:Id>
<fme:Gebouw>Schuttersgilde Sint-Joris</fme:Gebouw>
<fme:Ligging>Stijn Streuvelsstraat 59</fme:Ligging>
<fme:Functie>M</fme:Functie>
<fme:Aangemaakt_op>10/10/2016</fme:Aangemaakt_op>
</fme:Musea>
<fme:Musea>
<fme:Id>13</fme:Id>
<fme:Gebouw>Sint-Salvatorskathedraal</fme:Gebouw>
<fme:Ligging> Zuidzandstraat</fme:Ligging>
<fme:Functie>M</fme:Functie>
<fme:Aangemaakt_op>10/10/2016</fme:Aangemaakt_op>
</fme:Musea>
<fme:Musea>
<fme:Id>14</fme:Id>
<fme:Gebouw>Museum van Volkskunde</fme:Gebouw>
<fme:Ligging>Rolweg / Balstraat</fme:Ligging>
<fme:Functie>M</fme:Functie>
<fme:Aangemaakt_op>10/10/2016</fme:Aangemaakt_op>
</fme:Musea>
<fme:Musea>
<fme:Id>15</fme:Id>
<fme:Gebouw>Schuttersgilde Sint-Sebastiaan</fme:Gebouw>
<fme:Ligging>Carmerstraat 174</fme:Ligging>
<fme:Functie>M</fme:Functie>
<fme:Aangemaakt_op>10/10/2016</fme:Aangemaakt_op>
</fme:Musea>
<fme:Musea>
<fme:Id>16</fme:Id>
<fme:Gebouw>Belfort</fme:Gebouw>
<fme:Ligging>Markt 7</fme:Ligging>
<fme:Functie>M</fme:Functie>
<fme:Aangemaakt_op>10/10/2016</fme:Aangemaakt_op>
</fme:Musea>
<fme:Musea>
<fme:Id>17</fme:Id>
<fme:Gebouw>Kantcentrum</fme:Gebouw>
<fme:Ligging>Peperstraat 3</fme:Ligging>
<fme:Functie>M</fme:Functie>
<fme:Aangemaakt_op>10/10/2016</fme:Aangemaakt_op>
</fme:Musea>
<fme:Musea>
<fme:Id>18</fme:Id>
<fme:Gebouw>Begijnenhuisje</fme:Gebouw>
<fme:Ligging>Begijnhof 1</fme:Ligging>
<fme:Functie>M</fme:Functie>
<fme:Aangemaakt_op>10/10/2016</fme:Aangemaakt_op>
</fme:Musea>
<fme:Musea>
<fme:Id>19</fme:Id>
<fme:Gebouw>Brouwerij Halve Maan</fme:Gebouw>
<fme:Ligging>Walplein 26</fme:Ligging>
<fme:Functie>M</fme:Functie>
<fme:Aangemaakt_op>10/10/2016</fme:Aangemaakt_op>
</fme:Musea>
<fme:Musea>
<fme:Id>20</fme:Id>
<fme:Gebouw>Museum Heilig Bloed</fme:Gebouw>
<fme:Ligging>Burg 10</fme:Ligging>
<fme:Functie>M</fme:Functie>
<fme:Aangemaakt_op>10/10/2016</fme:Aangemaakt_op>
</fme:Musea>
<fme:Musea>
<fme:Id>21</fme:Id>
<fme:Gebouw>Onze-Lieve-Vrouw van de Potterie</fme:Gebouw>
<fme:Ligging>Potterierei 79</fme:Ligging>
<fme:Functie>M</fme:Functie>
<fme:Aangemaakt_op>10/10/2016</fme:Aangemaakt_op>
</fme:Musea>
<fme:Musea>
<fme:Id>0</fme:Id>
<fme:Gebouw>Kerk Engels Klooster</fme:Gebouw>
<fme:Ligging>Carmersstraat 85</fme:Ligging>
<fme:Functie>M</fme:Functie>
<fme:Aangemaakt_op>10/10/2016</fme:Aangemaakt_op>
</fme:Musea>
</fme:Musea-table>
</fme:xml-tables>