<?xml version="1.0" encoding="UTF-8"?>
<fme:xml-tables xmlns:xsi="http://www.w3.org/2001/XMLSchema-instance" xmlns:fme="http://www.safe.com/xml/xmltables" xsi:schemaLocation="http://www.safe.com/xml/xmltables Parkeerzones.xsd">
<fme:Parkeerzones-table>
<fme:Parkeerzones>
<fme:Id>1</fme:Id>
<fme:Zonenaam>Brugge-Centrum</fme:Zonenaam>
<fme:Soort>Betalend parkeren</fme:Soort>
<fme:Aangemaakt_op>10/10/2016</fme:Aangemaakt_op>
</fme:Parkeerzones>
<fme:Parkeerzones>
<fme:Id>2</fme:Id>
<fme:Zonenaam>Christus-Koning</fme:Zonenaam>
<fme:Soort>Blauwe zone</fme:Soort>
<fme:Aangemaakt_op>10/10/2016</fme:Aangemaakt_op>
</fme:Parkeerzones>
<fme:Parkeerzones>
<fme:Id>3</fme:Id>
<fme:Zonenaam>Sint-Andries</fme:Zonenaam>
<fme:Soort>Blauwe zone</fme:Soort>
<fme:Aangemaakt_op>10/10/2016</fme:Aangemaakt_op>
</fme:Parkeerzones>
<fme:Parkeerzones>
<fme:Id>4</fme:Id>
<fme:Zonenaam>Stationsomgeving</fme:Zonenaam>
<fme:Soort>Blauwe zone</fme:Soort>
<fme:Aangemaakt_op>10/10/2016</fme:Aangemaakt_op>
</fme:Parkeerzones>
<fme:Parkeerzones>
<fme:Id>5</fme:Id>
<fme:Zonenaam>Assebroek</fme:Zonenaam>
<fme:Soort>Blauwe zone</fme:Soort>
<fme:Aangemaakt_op>10/10/2016</fme:Aangemaakt_op>
</fme:Parkeerzones>
<fme:Parkeerzones>
<fme:Id>6</fme:Id>
<fme:Zonenaam>Sint-Kruis</fme:Zonenaam>
<fme:Soort>Blauwe zone</fme:Soort>
<fme:Aangemaakt_op>10/10/2016</fme:Aangemaakt_op>
</fme:Parkeerzones>
<fme:Parkeerzones>
<fme:Id>7</fme:Id>
<fme:Zonenaam>Sint-Jozef</fme:Zonenaam>
<fme:Soort>Blauwe zone</fme:Soort>
<fme:Aangemaakt_op>10/10/2016</fme:Aangemaakt_op>
</fme:Parkeerzones>
<fme:Parkeerzones>
<fme:Id>8</fme:Id>
<fme:Zonenaam>AZ Sint-Lucas</fme:Zonenaam>
<fme:Soort>Blauwe zone</fme:Soort>
<fme:Aangemaakt_op>10/10/2016</fme:Aangemaakt_op>
</fme:Parkeerzones>
</fme:Parkeerzones-table>
</fme:xml-tables>