<?xml version="1.0" encoding="UTF-8"?>
<fme:xml-tables xmlns:xsi="http://www.w3.org/2001/XMLSchema-instance" xmlns:fme="http://www.safe.com/xml/xmltables" xsi:schemaLocation="http://www.safe.com/xml/xmltables Laadpalen_Auto.xsd">
<fme:Laadpalen_Auto-table>
<fme:Laadpalen_Auto>
<fme:Laadpunt>Albert Serreynstraat 8</fme:Laadpunt>
<fme:Gemeente>Sint-Andries</fme:Gemeente>
<fme:Status>Bestaand</fme:Status>
<fme:Bron>Stad  Brugge</fme:Bron>
<fme:Aangemaakt_op>21/09/2018</fme:Aangemaakt_op>
</fme:Laadpalen_Auto>
<fme:Laadpalen_Auto>
<fme:Laadpunt>Bargeweg 19</fme:Laadpunt>
<fme:Gemeente>Brugge</fme:Gemeente>
<fme:Status>Bestaand</fme:Status>
<fme:Bron>Stad Brugge</fme:Bron>
<fme:Aangemaakt_op>21/09/2018</fme:Aangemaakt_op>
</fme:Laadpalen_Auto>
<fme:Laadpalen_Auto>
<fme:Laadpunt>Brusselstraat 8</fme:Laadpunt>
<fme:Gemeente>Zeebrugge</fme:Gemeente>
<fme:Status>Bestaand</fme:Status>
<fme:Bron>Stad Brugge</fme:Bron>
<fme:Aangemaakt_op>21/09/2018</fme:Aangemaakt_op>
</fme:Laadpalen_Auto>
<fme:Laadpalen_Auto>
<fme:Laadpunt>Gerard Davidstraat 19</fme:Laadpunt>
<fme:Gemeente>Brugge</fme:Gemeente>
<fme:Status>Bestaand</fme:Status>
<fme:Bron>Stad Brugge</fme:Bron>
<fme:Aangemaakt_op>21/09/2018</fme:Aangemaakt_op>
</fme:Laadpalen_Auto>
<fme:Laadpalen_Auto>
<fme:Laadpunt>Koningin Astridpark 6</fme:Laadpunt>
<fme:Gemeente>Brugge</fme:Gemeente>
<fme:Status>Bestaand</fme:Status>
<fme:Bron>Stad Brugge</fme:Bron>
<fme:Aangemaakt_op>21/09/2018</fme:Aangemaakt_op>
</fme:Laadpalen_Auto>
<fme:Laadpalen_Auto>
<fme:Laadpunt>Lodewijk Coiseaukaai 1</fme:Laadpunt>
<fme:Gemeente>Brugge</fme:Gemeente>
<fme:Status>Bestaand</fme:Status>
<fme:Bron>Stad Brugge</fme:Bron>
<fme:Aangemaakt_op>21/09/2018</fme:Aangemaakt_op>
</fme:Laadpalen_Auto>
<fme:Laadpalen_Auto>
<fme:Laadpunt>Magdalenastraat 27</fme:Laadpunt>
<fme:Gemeente>Sint-Andries</fme:Gemeente>
<fme:Status>Bestaand</fme:Status>
<fme:Bron>Stad Brugge</fme:Bron>
<fme:Aangemaakt_op>21/09/2018</fme:Aangemaakt_op>
</fme:Laadpalen_Auto>
<fme:Laadpalen_Auto>
<fme:Laadpunt>Marguerite Yourcenarstraat 8</fme:Laadpunt>
<fme:Gemeente>Brugge</fme:Gemeente>
<fme:Status>Bestaand</fme:Status>
<fme:Bron>Stad Brugge</fme:Bron>
<fme:Aangemaakt_op>21/09/2018</fme:Aangemaakt_op>
</fme:Laadpalen_Auto>
<fme:Laadpalen_Auto>
<fme:Laadpunt>Moerkerkse Steenweg 144</fme:Laadpunt>
<fme:Gemeente>Sint-Kruis</fme:Gemeente>
<fme:Status>Bestaand</fme:Status>
<fme:Bron>Stad Brugge</fme:Bron>
<fme:Aangemaakt_op>21/09/2018</fme:Aangemaakt_op>
</fme:Laadpalen_Auto>
<fme:Laadpalen_Auto>
<fme:Laadpunt>Pol Dhondtstraat 8</fme:Laadpunt>
<fme:Gemeente>Lissewege</fme:Gemeente>
<fme:Status>Bestaand</fme:Status>
<fme:Bron>Stad Brugge</fme:Bron>
<fme:Aangemaakt_op>21/09/2018</fme:Aangemaakt_op>
</fme:Laadpalen_Auto>
<fme:Laadpalen_Auto>
<fme:Laadpunt>Rademakersstraat 11</fme:Laadpunt>
<fme:Gemeente>Lissewege</fme:Gemeente>
<fme:Status>Bestaand</fme:Status>
<fme:Bron>Stad Brugge</fme:Bron>
<fme:Aangemaakt_op>21/09/2018</fme:Aangemaakt_op>
</fme:Laadpalen_Auto>
<fme:Laadpalen_Auto>
<fme:Laadpunt>Stokerij 8</fme:Laadpunt>
<fme:Gemeente>Dudzele</fme:Gemeente>
<fme:Status>Bestaand</fme:Status>
<fme:Bron>Stad Brugge</fme:Bron>
<fme:Aangemaakt_op>21/09/2018</fme:Aangemaakt_op>
</fme:Laadpalen_Auto>
<fme:Laadpalen_Auto>
<fme:Laadpunt>Boogschutterslaan 23</fme:Laadpunt>
<fme:Gemeente>Sint-Kruis</fme:Gemeente>
<fme:Status>Toekomstig</fme:Status>
<fme:Bron>Stad Brugge</fme:Bron>
<fme:Aangemaakt_op>21/09/2018</fme:Aangemaakt_op>
</fme:Laadpalen_Auto>
<fme:Laadpalen_Auto>
<fme:Laadpunt>Dries 2</fme:Laadpunt>
<fme:Gemeente>Assebroek</fme:Gemeente>
<fme:Status>Toekomstig</fme:Status>
<fme:Bron>Stad Brugge</fme:Bron>
<fme:Aangemaakt_op>21/09/2018</fme:Aangemaakt_op>
</fme:Laadpalen_Auto>
<fme:Laadpalen_Auto>
<fme:Laadpunt>Koning Albert-I Laan</fme:Laadpunt>
<fme:Gemeente>Sint-Michiels</fme:Gemeente>
<fme:Status>Toekomstig</fme:Status>
<fme:Bron>Stad Brugge</fme:Bron>
<fme:Aangemaakt_op>21/09/2018</fme:Aangemaakt_op>
</fme:Laadpalen_Auto>
<fme:Laadpalen_Auto>
<fme:Laadpunt>Zandstraat 284</fme:Laadpunt>
<fme:Gemeente>Sint-Andries</fme:Gemeente>
<fme:Status>Toekomstig</fme:Status>
<fme:Bron>Stad Brugge</fme:Bron>
<fme:Aangemaakt_op>21/09/2018</fme:Aangemaakt_op>
</fme:Laadpalen_Auto>
<fme:Laadpalen_Auto>
<fme:Laadpunt>Parking Pandreitje</fme:Laadpunt>
<fme:Gemeente>Parking Pandreitje</fme:Gemeente>
<fme:Status>Publieke Parking</fme:Status>
<fme:Bron>Stad Brugge</fme:Bron>
<fme:Aangemaakt_op>21/09/2018</fme:Aangemaakt_op>
</fme:Laadpalen_Auto>
<fme:Laadpalen_Auto>
<fme:Laadpunt>Parking Zilverpand</fme:Laadpunt>
<fme:Gemeente>Parking Zilverpand</fme:Gemeente>
<fme:Status>Publieke Parking</fme:Status>
<fme:Bron>Stad Brugge</fme:Bron>
<fme:Aangemaakt_op>21/09/2018</fme:Aangemaakt_op>
</fme:Laadpalen_Auto>
<fme:Laadpalen_Auto>
<fme:Laadpunt>Parking Biekorf</fme:Laadpunt>
<fme:Gemeente>Parking Biekorf</fme:Gemeente>
<fme:Status>Publieke Parking</fme:Status>
<fme:Bron>Stad Brugge</fme:Bron>
<fme:Aangemaakt_op>21/09/2018</fme:Aangemaakt_op>
</fme:Laadpalen_Auto>
<fme:Laadpalen_Auto>
<fme:Laadpunt>Parking Centrum 't Zand</fme:Laadpunt>
<fme:Gemeente>Centrum 't Zand</fme:Gemeente>
<fme:Status>Publieke Parking</fme:Status>
<fme:Bron>Stad Brugge</fme:Bron>
<fme:Aangemaakt_op>21/09/2018</fme:Aangemaakt_op>
</fme:Laadpalen_Auto>
<fme:Laadpalen_Auto>
<fme:Laadpunt>Parking Katelijne</fme:Laadpunt>
<fme:Gemeente>Parking Katelijne</fme:Gemeente>
<fme:Status>Publieke Parking</fme:Status>
<fme:Bron>Stad Brugge</fme:Bron>
<fme:Aangemaakt_op>21/09/2018</fme:Aangemaakt_op>
</fme:Laadpalen_Auto>
<fme:Laadpalen_Auto>
<fme:Laadpunt>Parking Centrum Station</fme:Laadpunt>
<fme:Gemeente>Centrum Station</fme:Gemeente>
<fme:Status>Publieke Parking</fme:Status>
<fme:Bron>Stad Brugge</fme:Bron>
<fme:Aangemaakt_op>21/09/2018</fme:Aangemaakt_op>
</fme:Laadpalen_Auto>
<fme:Laadpalen_Auto>
<fme:Laadpunt>Parking NMBS (kant Sint-Michiels)</fme:Laadpunt>
<fme:Gemeente>Sint-Michiels)</fme:Gemeente>
<fme:Status>Publieke Parking</fme:Status>
<fme:Bron>Stad Brugge</fme:Bron>
<fme:Aangemaakt_op>21/09/2018</fme:Aangemaakt_op>
</fme:Laadpalen_Auto>
<fme:Laadpalen_Auto>
<fme:Laadpunt>Parking Alfa</fme:Laadpunt>
<fme:Gemeente>Brugge</fme:Gemeente>
<fme:Status>Publieke Parking</fme:Status>
<fme:Bron>Stad Brugge</fme:Bron>
<fme:Aangemaakt_op>21/09/2018</fme:Aangemaakt_op>
</fme:Laadpalen_Auto>
</fme:Laadpalen_Auto-table>
</fme:xml-tables>