<?xml version="1.0" encoding="UTF-8"?>
<fme:xml-tables xmlns:xsi="http://www.w3.org/2001/XMLSchema-instance" xmlns:fme="http://www.safe.com/xml/xmltables" xsi:schemaLocation="http://www.safe.com/xml/xmltables voorbehoudenParkeerplaatsen.xsd">
<fme:voorbehoudenParkeerplaatsen-table>
<fme:voorbehoudenParkeerplaatsen>
<fme:DEELGEMEENTE>Sint-Kruis</fme:DEELGEMEENTE>
<fme:LIGGING>Maalse Steenweg t.h.v. nr. 117</fme:LIGGING>
<fme:BELANG>Diverse winkels</fme:BELANG>
<fme:COORDINATEN>n.o.p.</fme:COORDINATEN>
<fme:NR>136</fme:NR>
<fme:AANTAL>1</fme:AANTAL>
<fme:Aangemaakt_op>02/05/2018</fme:Aangemaakt_op>
</fme:voorbehoudenParkeerplaatsen>
<fme:voorbehoudenParkeerplaatsen>
<fme:DEELGEMEENTE>Sint-Kruis</fme:DEELGEMEENTE>
<fme:LIGGING>Maalse Steenweg t.h.v. nr. 131</fme:LIGGING>
<fme:BELANG>algemeen belang</fme:BELANG>
<fme:COORDINATEN>n.o.p.</fme:COORDINATEN>
<fme:NR>137</fme:NR>
<fme:AANTAL>1</fme:AANTAL>
<fme:Aangemaakt_op>02/05/2018</fme:Aangemaakt_op>
</fme:voorbehoudenParkeerplaatsen>
<fme:voorbehoudenParkeerplaatsen>
<fme:DEELGEMEENTE>Brugge</fme:DEELGEMEENTE>
<fme:LIGGING>Boninvest 3</fme:LIGGING>
<fme:BELANG>algemeen belang</fme:BELANG>
<fme:NR>213</fme:NR>
<fme:AANTAL>1</fme:AANTAL>
<fme:Aangemaakt_op>02/05/2018</fme:Aangemaakt_op>
</fme:voorbehoudenParkeerplaatsen>
<fme:voorbehoudenParkeerplaatsen>
<fme:DEELGEMEENTE>Sint-Kruis</fme:DEELGEMEENTE>
<fme:LIGGING>Moerkerkse Steenweg t.h.v. nr. 173</fme:LIGGING>
<fme:BELANG>winkels, banken, apotheek, kerk</fme:BELANG>
<fme:COORDINATEN>n.o.p.</fme:COORDINATEN>
<fme:NR>139</fme:NR>
<fme:AANTAL>1</fme:AANTAL>
<fme:Aangemaakt_op>02/05/2018</fme:Aangemaakt_op>
</fme:voorbehoudenParkeerplaatsen>
<fme:voorbehoudenParkeerplaatsen>
<fme:DEELGEMEENTE>Sint-Kruis</fme:DEELGEMEENTE>
<fme:LIGGING>Moerkerksesteenweg t.h.v. nr. 128</fme:LIGGING>
<fme:BELANG>Ziekenfonds + banken + winkels</fme:BELANG>
<fme:COORDINATEN>J 7</fme:COORDINATEN>
<fme:NR>140</fme:NR>
<fme:AANTAL>1</fme:AANTAL>
<fme:Aangemaakt_op>02/05/2018</fme:Aangemaakt_op>
</fme:voorbehoudenParkeerplaatsen>
<fme:voorbehoudenParkeerplaatsen>
<fme:DEELGEMEENTE>Sint-Kruis</fme:DEELGEMEENTE>
<fme:LIGGING>Pastorieweg (kerkhof)</fme:LIGGING>
<fme:BELANG>Kerkhof - school – peutertuin - kinderkribbe</fme:BELANG>
<fme:COORDINATEN>n.o.p.</fme:COORDINATEN>
<fme:NR>141</fme:NR>
<fme:AANTAL>1</fme:AANTAL>
<fme:Aangemaakt_op>02/05/2018</fme:Aangemaakt_op>
</fme:voorbehoudenParkeerplaatsen>
<fme:voorbehoudenParkeerplaatsen>
<fme:DEELGEMEENTE>Sint-Kruis</fme:DEELGEMEENTE>
<fme:LIGGING>Peellaertplein t.h.v. kerk</fme:LIGGING>
<fme:BELANG>kerk + bib + OCMW centrum</fme:BELANG>
<fme:COORDINATEN>n.o.p.</fme:COORDINATEN>
<fme:NR>142</fme:NR>
<fme:AANTAL>2</fme:AANTAL>
<fme:Aangemaakt_op>02/05/2018</fme:Aangemaakt_op>
</fme:voorbehoudenParkeerplaatsen>
<fme:voorbehoudenParkeerplaatsen>
<fme:DEELGEMEENTE>Sint- Kruis</fme:DEELGEMEENTE>
<fme:LIGGING>Boogschutterslaan (parking achter winkelcentrum)</fme:LIGGING>
<fme:BELANG>winkel en diensten</fme:BELANG>
<fme:COORDINATEN>n.o.p.</fme:COORDINATEN>
<fme:NR>143</fme:NR>
<fme:AANTAL>1</fme:AANTAL>
<fme:Aangemaakt_op>02/05/2018</fme:Aangemaakt_op>
</fme:voorbehoudenParkeerplaatsen>
<fme:voorbehoudenParkeerplaatsen>
<fme:DEELGEMEENTE>Sint- Kruis</fme:DEELGEMEENTE>
<fme:LIGGING>Moerkerksesteenweg (parking voor winkelcentrum)</fme:LIGGING>
<fme:BELANG>parking voor winkelcentrum</fme:BELANG>
<fme:COORDINATEN>n.o.p.</fme:COORDINATEN>
<fme:NR>144</fme:NR>
<fme:AANTAL>2</fme:AANTAL>
<fme:Aangemaakt_op>02/05/2018</fme:Aangemaakt_op>
</fme:voorbehoudenParkeerplaatsen>
<fme:voorbehoudenParkeerplaatsen>
<fme:DEELGEMEENTE>Sint-Kruis</fme:DEELGEMEENTE>
<fme:LIGGING>Smulstraat tegenaan de Moerkerkse Steenweg</fme:LIGGING>
<fme:BELANG>algemeen belang</fme:BELANG>
<fme:COORDINATEN>n.o.p.</fme:COORDINATEN>
<fme:NR>146</fme:NR>
<fme:AANTAL>1</fme:AANTAL>
<fme:Aangemaakt_op>02/05/2018</fme:Aangemaakt_op>
</fme:voorbehoudenParkeerplaatsen>
<fme:voorbehoudenParkeerplaatsen>
<fme:DEELGEMEENTE>Sint-Michiels</fme:DEELGEMEENTE>
<fme:LIGGING>Rijselstraat (gemeenteplein)</fme:LIGGING>
<fme:BELANG>gemeentehuis</fme:BELANG>
<fme:COORDINATEN>n.o.p.</fme:COORDINATEN>
<fme:NR>147</fme:NR>
<fme:AANTAL>2</fme:AANTAL>
<fme:Aangemaakt_op>02/05/2018</fme:Aangemaakt_op>
</fme:voorbehoudenParkeerplaatsen>
<fme:voorbehoudenParkeerplaatsen>
<fme:DEELGEMEENTE>Sint-Michiels</fme:DEELGEMEENTE>
<fme:LIGGING>Rijselstraat t.h.v. nrs 110-112</fme:LIGGING>
<fme:BELANG>School + winkels + kerk</fme:BELANG>
<fme:COORDINATEN>n.o.p.</fme:COORDINATEN>
<fme:NR>148</fme:NR>
<fme:AANTAL>1</fme:AANTAL>
<fme:Aangemaakt_op>02/05/2018</fme:Aangemaakt_op>
</fme:voorbehoudenParkeerplaatsen>
<fme:voorbehoudenParkeerplaatsen>
<fme:DEELGEMEENTE>Sint-Michiels</fme:DEELGEMEENTE>
<fme:LIGGING>Spoorwegstraat</fme:LIGGING>
<fme:BELANG>Station NMBS</fme:BELANG>
<fme:COORDINATEN>C 14</fme:COORDINATEN>
<fme:NR>149</fme:NR>
<fme:AANTAL>4</fme:AANTAL>
<fme:Aangemaakt_op>02/05/2018</fme:Aangemaakt_op>
</fme:voorbehoudenParkeerplaatsen>
<fme:voorbehoudenParkeerplaatsen>
<fme:DEELGEMEENTE>Sint-Michiels</fme:DEELGEMEENTE>
<fme:LIGGING>Spoorwegstraat t.h.v. nr. 208</fme:LIGGING>
<fme:BELANG>algemeen belang</fme:BELANG>
<fme:COORDINATEN>C 14</fme:COORDINATEN>
<fme:NR>150</fme:NR>
<fme:AANTAL>1</fme:AANTAL>
<fme:Aangemaakt_op>02/05/2018</fme:Aangemaakt_op>
</fme:voorbehoudenParkeerplaatsen>
<fme:voorbehoudenParkeerplaatsen>
<fme:DEELGEMEENTE>Sint-Pieters</fme:DEELGEMEENTE>
<fme:LIGGING>Blankenbergse Steenweg t.h.v. kerk</fme:LIGGING>
<fme:BELANG>kerk St-Pieter in de Banden - bib + cc de Dijk</fme:BELANG>
<fme:COORDINATEN>n.o.p.</fme:COORDINATEN>
<fme:NR>151</fme:NR>
<fme:AANTAL>3</fme:AANTAL>
<fme:Aangemaakt_op>02/05/2018</fme:Aangemaakt_op>
</fme:voorbehoudenParkeerplaatsen>
<fme:voorbehoudenParkeerplaatsen>
<fme:DEELGEMEENTE>Assebroek</fme:DEELGEMEENTE>
<fme:LIGGING>Gulden-Peerdenstraat thv 7/9</fme:LIGGING>
<fme:BELANG>algemeen belang</fme:BELANG>
<fme:NR>175</fme:NR>
<fme:AANTAL>1</fme:AANTAL>
<fme:Aangemaakt_op>02/05/2018</fme:Aangemaakt_op>
</fme:voorbehoudenParkeerplaatsen>
<fme:voorbehoudenParkeerplaatsen>
<fme:DEELGEMEENTE>Zeebrugge</fme:DEELGEMEENTE>
<fme:LIGGING>Vissersstraat thv 17</fme:LIGGING>
<fme:BELANG>alg belang</fme:BELANG>
<fme:NR>218</fme:NR>
<fme:AANTAL>1</fme:AANTAL>
<fme:Aangemaakt_op>02/05/2018</fme:Aangemaakt_op>
</fme:voorbehoudenParkeerplaatsen>
<fme:voorbehoudenParkeerplaatsen>
<fme:DEELGEMEENTE>Sint-Pieters</fme:DEELGEMEENTE>
<fme:LIGGING>Oostendse Steenweg t.h.v. nr. 182</fme:LIGGING>
<fme:BELANG>algemeen belang</fme:BELANG>
<fme:COORDINATEN>n.o.p.</fme:COORDINATEN>
<fme:NR>154</fme:NR>
<fme:AANTAL>1</fme:AANTAL>
<fme:Aangemaakt_op>02/05/2018</fme:Aangemaakt_op>
</fme:voorbehoudenParkeerplaatsen>
<fme:voorbehoudenParkeerplaatsen>
<fme:DEELGEMEENTE>Sint-Pieters</fme:DEELGEMEENTE>
<fme:LIGGING>Ruddershove t.h.v. nr. 10</fme:LIGGING>
<fme:BELANG>AZ St-Jan</fme:BELANG>
<fme:COORDINATEN>n.o.p.</fme:COORDINATEN>
<fme:NR>155</fme:NR>
<fme:AANTAL>52</fme:AANTAL>
<fme:Aangemaakt_op>02/05/2018</fme:Aangemaakt_op>
</fme:voorbehoudenParkeerplaatsen>
<fme:voorbehoudenParkeerplaatsen>
<fme:DEELGEMEENTE>Sint-Pieters</fme:DEELGEMEENTE>
<fme:LIGGING>Sint-Paulusstraat t.h.v. kerk</fme:LIGGING>
<fme:BELANG>Kerk Sint-Paulus</fme:BELANG>
<fme:COORDINATEN>n.o.p.</fme:COORDINATEN>
<fme:NR>156</fme:NR>
<fme:AANTAL>1</fme:AANTAL>
<fme:Aangemaakt_op>02/05/2018</fme:Aangemaakt_op>
</fme:voorbehoudenParkeerplaatsen>
<fme:voorbehoudenParkeerplaatsen>
<fme:DEELGEMEENTE>Zeebrugge</fme:DEELGEMEENTE>
<fme:LIGGING>Adriaan de Gerlachestraat (hoek Zeedijk -)</fme:LIGGING>
<fme:BELANG>Bereikbaarheid strand</fme:BELANG>
<fme:COORDINATEN>n.o.p.</fme:COORDINATEN>
<fme:NR>158</fme:NR>
<fme:AANTAL>5</fme:AANTAL>
<fme:Aangemaakt_op>02/05/2018</fme:Aangemaakt_op>
</fme:voorbehoudenParkeerplaatsen>
<fme:voorbehoudenParkeerplaatsen>
<fme:DEELGEMEENTE>Zeebrugge</fme:DEELGEMEENTE>
<fme:LIGGING>Bastenakenstraat (zijkant kerk)</fme:LIGGING>
<fme:BELANG>kerk</fme:BELANG>
<fme:COORDINATEN>n.o.p.</fme:COORDINATEN>
<fme:NR>159</fme:NR>
<fme:AANTAL>1</fme:AANTAL>
<fme:Aangemaakt_op>02/05/2018</fme:Aangemaakt_op>
</fme:voorbehoudenParkeerplaatsen>
<fme:voorbehoudenParkeerplaatsen>
<fme:DEELGEMEENTE>Zeebrugge</fme:DEELGEMEENTE>
<fme:LIGGING>Brusselstraat tegenover nr. 56</fme:LIGGING>
<fme:BELANG>strandwijk -toerisme</fme:BELANG>
<fme:COORDINATEN>n.o.p.</fme:COORDINATEN>
<fme:NR>160</fme:NR>
<fme:AANTAL>1</fme:AANTAL>
<fme:Aangemaakt_op>02/05/2018</fme:Aangemaakt_op>
</fme:voorbehoudenParkeerplaatsen>
<fme:voorbehoudenParkeerplaatsen>
<fme:DEELGEMEENTE>Zeebrugge</fme:DEELGEMEENTE>
<fme:LIGGING>Brusselstraat tegenover 16</fme:LIGGING>
<fme:BELANG>toerisme - strandwijk</fme:BELANG>
<fme:NR>231</fme:NR>
<fme:AANTAL>1</fme:AANTAL>
<fme:Aangemaakt_op>02/05/2018</fme:Aangemaakt_op>
</fme:voorbehoudenParkeerplaatsen>
<fme:voorbehoudenParkeerplaatsen>
<fme:DEELGEMEENTE>Zeebrugge</fme:DEELGEMEENTE>
<fme:LIGGING>Harwichstraat t.h.v. nr. 3</fme:LIGGING>
<fme:BELANG>strandwijk -toerisme</fme:BELANG>
<fme:COORDINATEN>n.o.p.</fme:COORDINATEN>
<fme:NR>163</fme:NR>
<fme:AANTAL>1</fme:AANTAL>
<fme:Aangemaakt_op>02/05/2018</fme:Aangemaakt_op>
</fme:voorbehoudenParkeerplaatsen>
<fme:voorbehoudenParkeerplaatsen>
<fme:DEELGEMEENTE>Zeebrugge</fme:DEELGEMEENTE>
<fme:LIGGING>Londenstraat (tegenaan Zeedijk)</fme:LIGGING>
<fme:BELANG>strand</fme:BELANG>
<fme:COORDINATEN>n.o.p.</fme:COORDINATEN>
<fme:NR>164</fme:NR>
<fme:AANTAL>4</fme:AANTAL>
<fme:Aangemaakt_op>02/05/2018</fme:Aangemaakt_op>
</fme:voorbehoudenParkeerplaatsen>
<fme:voorbehoudenParkeerplaatsen>
<fme:DEELGEMEENTE>Zeebrugge</fme:DEELGEMEENTE>
<fme:LIGGING>Marktplein</fme:LIGGING>
<fme:BELANG>administratief centrum</fme:BELANG>
<fme:COORDINATEN>n.o.p.</fme:COORDINATEN>
<fme:NR>165</fme:NR>
<fme:AANTAL>1</fme:AANTAL>
<fme:Aangemaakt_op>02/05/2018</fme:Aangemaakt_op>
</fme:voorbehoudenParkeerplaatsen>
<fme:voorbehoudenParkeerplaatsen>
<fme:DEELGEMEENTE>Zeebrugge</fme:DEELGEMEENTE>
<fme:LIGGING>Rederskaai t.h.v. nr. 6</fme:LIGGING>
<fme:BELANG>toerisme infrastructuur</fme:BELANG>
<fme:COORDINATEN>n.o.p.</fme:COORDINATEN>
<fme:NR>166</fme:NR>
<fme:AANTAL>2</fme:AANTAL>
<fme:Aangemaakt_op>02/05/2018</fme:Aangemaakt_op>
</fme:voorbehoudenParkeerplaatsen>
<fme:voorbehoudenParkeerplaatsen>
<fme:DEELGEMEENTE>Zeebrugge</fme:DEELGEMEENTE>
<fme:LIGGING>Sint-Christianastraat (t.h.v. nr. 2)</fme:LIGGING>
<fme:BELANG>algemeen belang</fme:BELANG>
<fme:COORDINATEN>n.o.p.</fme:COORDINATEN>
<fme:NR>167</fme:NR>
<fme:AANTAL>1</fme:AANTAL>
<fme:Aangemaakt_op>02/05/2018</fme:Aangemaakt_op>
</fme:voorbehoudenParkeerplaatsen>
<fme:voorbehoudenParkeerplaatsen>
<fme:DEELGEMEENTE>Zeebrugge</fme:DEELGEMEENTE>
<fme:LIGGING>Sint-Donaaskerkstraat tgo de kerk</fme:LIGGING>
<fme:BELANG>kerk Sint-Donaas</fme:BELANG>
<fme:COORDINATEN>n.o.p.</fme:COORDINATEN>
<fme:NR>168</fme:NR>
<fme:AANTAL>1</fme:AANTAL>
<fme:Aangemaakt_op>02/05/2018</fme:Aangemaakt_op>
</fme:voorbehoudenParkeerplaatsen>
<fme:voorbehoudenParkeerplaatsen>
<fme:DEELGEMEENTE>Zeebrugge</fme:DEELGEMEENTE>
<fme:LIGGING>Sint-Thomas Morusstraat (nr. 1) hoek Zeedijk</fme:LIGGING>
<fme:BELANG>strand</fme:BELANG>
<fme:COORDINATEN>n.o.p.</fme:COORDINATEN>
<fme:NR>169</fme:NR>
<fme:AANTAL>2</fme:AANTAL>
<fme:Aangemaakt_op>02/05/2018</fme:Aangemaakt_op>
</fme:voorbehoudenParkeerplaatsen>
<fme:voorbehoudenParkeerplaatsen>
<fme:DEELGEMEENTE>Zeebrugge</fme:DEELGEMEENTE>
<fme:LIGGING>Tijdokstraat kant Vismijnstraat</fme:LIGGING>
<fme:BELANG>winkels + horeca</fme:BELANG>
<fme:NR>170</fme:NR>
<fme:AANTAL>2</fme:AANTAL>
<fme:Aangemaakt_op>02/05/2018</fme:Aangemaakt_op>
</fme:voorbehoudenParkeerplaatsen>
<fme:voorbehoudenParkeerplaatsen>
<fme:DEELGEMEENTE>Zeebrugge</fme:DEELGEMEENTE>
<fme:LIGGING>Tijdokstraat kant Werfkaai</fme:LIGGING>
<fme:BELANG>winkels + horeca</fme:BELANG>
<fme:COORDINATEN>n.o.p.</fme:COORDINATEN>
<fme:NR>171</fme:NR>
<fme:AANTAL>2</fme:AANTAL>
<fme:Aangemaakt_op>02/05/2018</fme:Aangemaakt_op>
</fme:voorbehoudenParkeerplaatsen>
<fme:voorbehoudenParkeerplaatsen>
<fme:DEELGEMEENTE>Zwankendamme</fme:DEELGEMEENTE>
<fme:LIGGING>Lisseweegse Steenweg t.h.v. nr. 95</fme:LIGGING>
<fme:BELANG>kerk + winkels</fme:BELANG>
<fme:COORDINATEN>n.o.p.</fme:COORDINATEN>
<fme:NR>172</fme:NR>
<fme:AANTAL>1</fme:AANTAL>
<fme:Aangemaakt_op>02/05/2018</fme:Aangemaakt_op>
</fme:voorbehoudenParkeerplaatsen>
<fme:voorbehoudenParkeerplaatsen>
<fme:DEELGEMEENTE>Zwankendamme</fme:DEELGEMEENTE>
<fme:LIGGING>Zwankendammestraat t.h.v. nr. 30</fme:LIGGING>
<fme:NR>173</fme:NR>
<fme:AANTAL>1</fme:AANTAL>
<fme:Aangemaakt_op>02/05/2018</fme:Aangemaakt_op>
</fme:voorbehoudenParkeerplaatsen>
<fme:voorbehoudenParkeerplaatsen>
<fme:DEELGEMEENTE>Brugge</fme:DEELGEMEENTE>
<fme:LIGGING>Koningin Elisabethlaan thv nr 5</fme:LIGGING>
<fme:BELANG>algemeen belang</fme:BELANG>
<fme:NR>176</fme:NR>
<fme:AANTAL>1</fme:AANTAL>
<fme:Aangemaakt_op>02/05/2018</fme:Aangemaakt_op>
</fme:voorbehoudenParkeerplaatsen>
<fme:voorbehoudenParkeerplaatsen>
<fme:DEELGEMEENTE>Assebroek</fme:DEELGEMEENTE>
<fme:LIGGING>Barthelsstraat thv 7</fme:LIGGING>
<fme:BELANG>algemeen belang</fme:BELANG>
<fme:NR>245</fme:NR>
<fme:AANTAL>1</fme:AANTAL>
<fme:Aangemaakt_op>02/05/2018</fme:Aangemaakt_op>
</fme:voorbehoudenParkeerplaatsen>
<fme:voorbehoudenParkeerplaatsen>
<fme:DEELGEMEENTE>Assebroek</fme:DEELGEMEENTE>
<fme:LIGGING>Barthelstraat t.h.v. nr 19</fme:LIGGING>
<fme:BELANG>algemeen belang</fme:BELANG>
<fme:NR>174</fme:NR>
<fme:AANTAL>1</fme:AANTAL>
<fme:Aangemaakt_op>02/05/2018</fme:Aangemaakt_op>
</fme:voorbehoudenParkeerplaatsen>
<fme:voorbehoudenParkeerplaatsen>
<fme:DEELGEMEENTE>Brugge</fme:DEELGEMEENTE>
<fme:LIGGING>Calvariebergstraat tegenover 48</fme:LIGGING>
<fme:BELANG>algemeen belang</fme:BELANG>
<fme:NR>247</fme:NR>
<fme:AANTAL>1</fme:AANTAL>
<fme:Aangemaakt_op>02/05/2018</fme:Aangemaakt_op>
</fme:voorbehoudenParkeerplaatsen>
<fme:voorbehoudenParkeerplaatsen>
<fme:DEELGEMEENTE>Assebroek</fme:DEELGEMEENTE>
<fme:LIGGING>Vestingstraat thv nr 6</fme:LIGGING>
<fme:BELANG>algemeen belang</fme:BELANG>
<fme:NR>179</fme:NR>
<fme:AANTAL>1</fme:AANTAL>
<fme:Aangemaakt_op>02/05/2018</fme:Aangemaakt_op>
</fme:voorbehoudenParkeerplaatsen>
<fme:voorbehoudenParkeerplaatsen>
<fme:DEELGEMEENTE>Zeebrugge</fme:DEELGEMEENTE>
<fme:LIGGING>Bruselstraat tegenover 52</fme:LIGGING>
<fme:BELANG>algemeen belang</fme:BELANG>
<fme:NR>246</fme:NR>
<fme:AANTAL>1</fme:AANTAL>
<fme:Aangemaakt_op>02/05/2018</fme:Aangemaakt_op>
</fme:voorbehoudenParkeerplaatsen>
<fme:voorbehoudenParkeerplaatsen>
<fme:DEELGEMEENTE>Sint-Kruis</fme:DEELGEMEENTE>
<fme:LIGGING>Prins-leopoldstraat thv nr 47</fme:LIGGING>
<fme:BELANG>algemeen belang</fme:BELANG>
<fme:NR>181</fme:NR>
<fme:AANTAL>1</fme:AANTAL>
<fme:Aangemaakt_op>02/05/2018</fme:Aangemaakt_op>
</fme:voorbehoudenParkeerplaatsen>
<fme:voorbehoudenParkeerplaatsen>
<fme:DEELGEMEENTE>Brugge</fme:DEELGEMEENTE>
<fme:LIGGING>Koningin Elisabethlaan thv 67</fme:LIGGING>
<fme:BELANG>particulier</fme:BELANG>
<fme:NR>240</fme:NR>
<fme:AANTAL>1</fme:AANTAL>
<fme:Aangemaakt_op>02/05/2018</fme:Aangemaakt_op>
</fme:voorbehoudenParkeerplaatsen>
<fme:voorbehoudenParkeerplaatsen>
<fme:DEELGEMEENTE>Brugge</fme:DEELGEMEENTE>
<fme:LIGGING>Katelijnevest</fme:LIGGING>
<fme:BELANG>algemeen belang</fme:BELANG>
<fme:NR>219</fme:NR>
<fme:AANTAL>1</fme:AANTAL>
<fme:Aangemaakt_op>02/05/2018</fme:Aangemaakt_op>
</fme:voorbehoudenParkeerplaatsen>
<fme:voorbehoudenParkeerplaatsen>
<fme:DEELGEMEENTE>brugge</fme:DEELGEMEENTE>
<fme:LIGGING>Nieuwe Gentweg thv 57</fme:LIGGING>
<fme:BELANG>algemeen belang</fme:BELANG>
<fme:NR>220</fme:NR>
<fme:AANTAL>1</fme:AANTAL>
<fme:Aangemaakt_op>02/05/2018</fme:Aangemaakt_op>
</fme:voorbehoudenParkeerplaatsen>
<fme:voorbehoudenParkeerplaatsen>
<fme:DEELGEMEENTE>Assebroek</fme:DEELGEMEENTE>
<fme:LIGGING>Kleine Kerkhofstraat thv ingang kerkhof</fme:LIGGING>
<fme:BELANG>algemeen belang</fme:BELANG>
<fme:NR>194</fme:NR>
<fme:AANTAL>1</fme:AANTAL>
<fme:Aangemaakt_op>02/05/2018</fme:Aangemaakt_op>
</fme:voorbehoudenParkeerplaatsen>
<fme:voorbehoudenParkeerplaatsen>
<fme:DEELGEMEENTE>Sint-Kruis</fme:DEELGEMEENTE>
<fme:LIGGING>Geralaan (thv ingang sportcomplex)</fme:LIGGING>
<fme:BELANG>algemeen belang</fme:BELANG>
<fme:NR>193</fme:NR>
<fme:AANTAL>1</fme:AANTAL>
<fme:Aangemaakt_op>02/05/2018</fme:Aangemaakt_op>
</fme:voorbehoudenParkeerplaatsen>
<fme:voorbehoudenParkeerplaatsen>
<fme:DEELGEMEENTE>Brugge</fme:DEELGEMEENTE>
<fme:LIGGING>Komvest 38</fme:LIGGING>
<fme:BELANG>particulier</fme:BELANG>
<fme:NR>195</fme:NR>
<fme:AANTAL>2</fme:AANTAL>
<fme:Aangemaakt_op>02/05/2018</fme:Aangemaakt_op>
</fme:voorbehoudenParkeerplaatsen>
<fme:voorbehoudenParkeerplaatsen>
<fme:DEELGEMEENTE>Brugge</fme:DEELGEMEENTE>
<fme:LIGGING>Sint-Gilliskerkhof</fme:LIGGING>
<fme:BELANG>kerk St-Gillis + Open School + Ministerie van Financi?n Kadaster</fme:BELANG>
<fme:NR>242</fme:NR>
<fme:AANTAL>1</fme:AANTAL>
<fme:Aangemaakt_op>02/05/2018</fme:Aangemaakt_op>
</fme:voorbehoudenParkeerplaatsen>
<fme:voorbehoudenParkeerplaatsen>
<fme:DEELGEMEENTE>Zwankendamme</fme:DEELGEMEENTE>
<fme:LIGGING>Lisseweegs Vaartje thv 20</fme:LIGGING>
<fme:BELANG>algemeen belang</fme:BELANG>
<fme:NR>203</fme:NR>
<fme:AANTAL>1</fme:AANTAL>
<fme:Aangemaakt_op>02/05/2018</fme:Aangemaakt_op>
</fme:voorbehoudenParkeerplaatsen>
<fme:voorbehoudenParkeerplaatsen>
<fme:DEELGEMEENTE>Sint-Andries</fme:DEELGEMEENTE>
<fme:LIGGING>Ter Lindehof thv 15</fme:LIGGING>
<fme:BELANG>algemeen belang</fme:BELANG>
<fme:NR>229</fme:NR>
<fme:AANTAL>1</fme:AANTAL>
<fme:Aangemaakt_op>02/05/2018</fme:Aangemaakt_op>
</fme:voorbehoudenParkeerplaatsen>
<fme:voorbehoudenParkeerplaatsen>
<fme:DEELGEMEENTE>Assebroek</fme:DEELGEMEENTE>
<fme:LIGGING>Cornelis Everaertstraat thv 3</fme:LIGGING>
<fme:BELANG>algemeen belang</fme:BELANG>
<fme:NR>232</fme:NR>
<fme:AANTAL>1</fme:AANTAL>
<fme:Aangemaakt_op>02/05/2018</fme:Aangemaakt_op>
</fme:voorbehoudenParkeerplaatsen>
<fme:voorbehoudenParkeerplaatsen>
<fme:DEELGEMEENTE>Brugge</fme:DEELGEMEENTE>
<fme:LIGGING>Jan Van Eyckplein thv 18</fme:LIGGING>
<fme:BELANG>algemeen belang</fme:BELANG>
<fme:NR>238</fme:NR>
<fme:AANTAL>2</fme:AANTAL>
<fme:Aangemaakt_op>02/05/2018</fme:Aangemaakt_op>
</fme:voorbehoudenParkeerplaatsen>
<fme:voorbehoudenParkeerplaatsen>
<fme:DEELGEMEENTE>Sint-Andries</fme:DEELGEMEENTE>
<fme:LIGGING>18-oktoberstraat thv 6</fme:LIGGING>
<fme:BELANG>algemeen belang</fme:BELANG>
<fme:NR>226</fme:NR>
<fme:AANTAL>1</fme:AANTAL>
<fme:Aangemaakt_op>02/05/2018</fme:Aangemaakt_op>
</fme:voorbehoudenParkeerplaatsen>
<fme:voorbehoudenParkeerplaatsen>
<fme:DEELGEMEENTE>Brugge</fme:DEELGEMEENTE>
<fme:LIGGING>Nieuwe Gentweg thv 57</fme:LIGGING>
<fme:BELANG>algemeen belang</fme:BELANG>
<fme:NR>228</fme:NR>
<fme:AANTAL>1</fme:AANTAL>
<fme:Aangemaakt_op>02/05/2018</fme:Aangemaakt_op>
</fme:voorbehoudenParkeerplaatsen>
<fme:voorbehoudenParkeerplaatsen>
<fme:DEELGEMEENTE>Brugge</fme:DEELGEMEENTE>
<fme:LIGGING>Sint-Gillisdorpstraat tegenover 17</fme:LIGGING>
<fme:BELANG>algemeen belang</fme:BELANG>
<fme:NR>243</fme:NR>
<fme:AANTAL>1</fme:AANTAL>
<fme:Aangemaakt_op>02/05/2018</fme:Aangemaakt_op>
</fme:voorbehoudenParkeerplaatsen>
<fme:voorbehoudenParkeerplaatsen>
<fme:DEELGEMEENTE>Dudzele</fme:DEELGEMEENTE>
<fme:LIGGING>Stokerij parking CC De Polder</fme:LIGGING>
<fme:BELANG>algemeen belang</fme:BELANG>
<fme:NR>250</fme:NR>
<fme:AANTAL>3</fme:AANTAL>
<fme:Aangemaakt_op>02/05/2018</fme:Aangemaakt_op>
</fme:voorbehoudenParkeerplaatsen>
<fme:voorbehoudenParkeerplaatsen>
<fme:DEELGEMEENTE>Brugge</fme:DEELGEMEENTE>
<fme:LIGGING>Moerstraat 98</fme:LIGGING>
<fme:BELANG>algemeen belang</fme:BELANG>
<fme:NR>251</fme:NR>
<fme:AANTAL>1</fme:AANTAL>
<fme:Aangemaakt_op>02/05/2018</fme:Aangemaakt_op>
</fme:voorbehoudenParkeerplaatsen>
<fme:voorbehoudenParkeerplaatsen>
<fme:DEELGEMEENTE>Dudzele</fme:DEELGEMEENTE>
<fme:LIGGING>Dorpsplein thv 10</fme:LIGGING>
<fme:BELANG>alg. belang</fme:BELANG>
<fme:NR>253</fme:NR>
<fme:AANTAL>1</fme:AANTAL>
<fme:Aangemaakt_op>02/05/2018</fme:Aangemaakt_op>
</fme:voorbehoudenParkeerplaatsen>
<fme:voorbehoudenParkeerplaatsen>
<fme:DEELGEMEENTE>Brugge</fme:DEELGEMEENTE>
<fme:LIGGING>Balstraat thv 16</fme:LIGGING>
<fme:BELANG>alg. belang</fme:BELANG>
<fme:NR>254</fme:NR>
<fme:AANTAL>1</fme:AANTAL>
<fme:Aangemaakt_op>02/05/2018</fme:Aangemaakt_op>
</fme:voorbehoudenParkeerplaatsen>
<fme:voorbehoudenParkeerplaatsen>
<fme:DEELGEMEENTE>Assebroek</fme:DEELGEMEENTE>
<fme:LIGGING>Bossuytlaan thv 18</fme:LIGGING>
<fme:BELANG>alg. belang</fme:BELANG>
<fme:NR>261</fme:NR>
<fme:AANTAL>1</fme:AANTAL>
<fme:Aangemaakt_op>02/05/2018</fme:Aangemaakt_op>
</fme:voorbehoudenParkeerplaatsen>
<fme:voorbehoudenParkeerplaatsen>
<fme:DEELGEMEENTE>Sint-Kruis</fme:DEELGEMEENTE>
<fme:LIGGING>Julius Delaplacestraat thv 122</fme:LIGGING>
<fme:BELANG>alg. belang</fme:BELANG>
<fme:NR>267</fme:NR>
<fme:AANTAL>1</fme:AANTAL>
<fme:Aangemaakt_op>02/05/2018</fme:Aangemaakt_op>
</fme:voorbehoudenParkeerplaatsen>
<fme:voorbehoudenParkeerplaatsen>
<fme:DEELGEMEENTE>Sint-Jozef</fme:DEELGEMEENTE>
<fme:LIGGING>Ter Looigemweg thv 11</fme:LIGGING>
<fme:BELANG>alg belang</fme:BELANG>
<fme:NR>266</fme:NR>
<fme:AANTAL>1</fme:AANTAL>
<fme:Aangemaakt_op>02/05/2018</fme:Aangemaakt_op>
</fme:voorbehoudenParkeerplaatsen>
<fme:voorbehoudenParkeerplaatsen>
<fme:DEELGEMEENTE>Brugge</fme:DEELGEMEENTE>
<fme:LIGGING>Speelmansstraat tegenover nr 5</fme:LIGGING>
<fme:BELANG>algemeen belang</fme:BELANG>
<fme:NR>249</fme:NR>
<fme:AANTAL>1</fme:AANTAL>
<fme:Aangemaakt_op>02/05/2018</fme:Aangemaakt_op>
</fme:voorbehoudenParkeerplaatsen>
<fme:voorbehoudenParkeerplaatsen>
<fme:DEELGEMEENTE>Sint-Kruis</fme:DEELGEMEENTE>
<fme:LIGGING>Karel Van Manderstraat thv 81</fme:LIGGING>
<fme:BELANG>Particulier</fme:BELANG>
<fme:NR>185</fme:NR>
<fme:AANTAL>1</fme:AANTAL>
<fme:Aangemaakt_op>02/05/2018</fme:Aangemaakt_op>
</fme:voorbehoudenParkeerplaatsen>
<fme:voorbehoudenParkeerplaatsen>
<fme:DEELGEMEENTE>Sint Michiels</fme:DEELGEMEENTE>
<fme:LIGGING>Magdalenastraat 20 (ma- vr 8-18u)</fme:LIGGING>
<fme:BELANG>alg belang</fme:BELANG>
<fme:NR>204</fme:NR>
<fme:AANTAL>1</fme:AANTAL>
<fme:Aangemaakt_op>02/05/2018</fme:Aangemaakt_op>
</fme:voorbehoudenParkeerplaatsen>
<fme:voorbehoudenParkeerplaatsen>
<fme:DEELGEMEENTE>Assebroek</fme:DEELGEMEENTE>
<fme:LIGGING>Nijverheidstraat thv 96</fme:LIGGING>
<fme:BELANG>algemeen belang</fme:BELANG>
<fme:NR>205</fme:NR>
<fme:AANTAL>1</fme:AANTAL>
<fme:Aangemaakt_op>02/05/2018</fme:Aangemaakt_op>
</fme:voorbehoudenParkeerplaatsen>
<fme:voorbehoudenParkeerplaatsen>
<fme:DEELGEMEENTE>Brugge</fme:DEELGEMEENTE>
<fme:LIGGING>Kapelstraat (tegen Sint-Clarastraat)</fme:LIGGING>
<fme:BELANG>algemeen belang</fme:BELANG>
<fme:NR>211</fme:NR>
<fme:AANTAL>1</fme:AANTAL>
<fme:Aangemaakt_op>02/05/2018</fme:Aangemaakt_op>
</fme:voorbehoudenParkeerplaatsen>
<fme:voorbehoudenParkeerplaatsen>
<fme:DEELGEMEENTE>Brugge</fme:DEELGEMEENTE>
<fme:LIGGING>Kazernevest 62</fme:LIGGING>
<fme:BELANG>algemeen belang</fme:BELANG>
<fme:NR>212</fme:NR>
<fme:AANTAL>1</fme:AANTAL>
<fme:Aangemaakt_op>02/05/2018</fme:Aangemaakt_op>
</fme:voorbehoudenParkeerplaatsen>
<fme:voorbehoudenParkeerplaatsen>
<fme:DEELGEMEENTE>Assebroek</fme:DEELGEMEENTE>
<fme:LIGGING>Dries 6,8 en 10</fme:LIGGING>
<fme:BELANG>particulier</fme:BELANG>
<fme:NR>214</fme:NR>
<fme:AANTAL>4</fme:AANTAL>
<fme:Aangemaakt_op>02/05/2018</fme:Aangemaakt_op>
</fme:voorbehoudenParkeerplaatsen>
<fme:voorbehoudenParkeerplaatsen>
<fme:DEELGEMEENTE>Assebroek</fme:DEELGEMEENTE>
<fme:LIGGING>Vrijheidsstraat 123</fme:LIGGING>
<fme:BELANG>algemeen belang</fme:BELANG>
<fme:NR>216</fme:NR>
<fme:AANTAL>1</fme:AANTAL>
<fme:Aangemaakt_op>02/05/2018</fme:Aangemaakt_op>
</fme:voorbehoudenParkeerplaatsen>
<fme:voorbehoudenParkeerplaatsen>
<fme:DEELGEMEENTE>Brugge</fme:DEELGEMEENTE>
<fme:LIGGING>Koningin Elisabethlaan thv 77</fme:LIGGING>
<fme:BELANG>winkels</fme:BELANG>
<fme:NR>241</fme:NR>
<fme:AANTAL>1</fme:AANTAL>
<fme:Aangemaakt_op>02/05/2018</fme:Aangemaakt_op>
</fme:voorbehoudenParkeerplaatsen>
<fme:voorbehoudenParkeerplaatsen>
<fme:DEELGEMEENTE>Sint-Andries</fme:DEELGEMEENTE>
<fme:LIGGING>Ter Lindehof thv 67</fme:LIGGING>
<fme:BELANG>algemeen belang</fme:BELANG>
<fme:NR>230</fme:NR>
<fme:AANTAL>1</fme:AANTAL>
<fme:Aangemaakt_op>02/05/2018</fme:Aangemaakt_op>
</fme:voorbehoudenParkeerplaatsen>
<fme:voorbehoudenParkeerplaatsen>
<fme:DEELGEMEENTE>Sint-Andries</fme:DEELGEMEENTE>
<fme:LIGGING>Zandstraat 21</fme:LIGGING>
<fme:NR>306</fme:NR>
<fme:AANTAL>1</fme:AANTAL>
<fme:Aangemaakt_op>02/05/2018</fme:Aangemaakt_op>
</fme:voorbehoudenParkeerplaatsen>
<fme:voorbehoudenParkeerplaatsen>
<fme:DEELGEMEENTE>Brugge</fme:DEELGEMEENTE>
<fme:LIGGING>Biskajerplein (zijkant plein)</fme:LIGGING>
<fme:NR>285</fme:NR>
<fme:AANTAL>1</fme:AANTAL>
<fme:Aangemaakt_op>02/05/2018</fme:Aangemaakt_op>
</fme:voorbehoudenParkeerplaatsen>
<fme:voorbehoudenParkeerplaatsen>
<fme:DEELGEMEENTE>Sint-Jozef</fme:DEELGEMEENTE>
<fme:LIGGING>Fort Lapin tegenover 23</fme:LIGGING>
<fme:BELANG>woningen personen met handicap vzw Oranje</fme:BELANG>
<fme:NR>236</fme:NR>
<fme:AANTAL>2</fme:AANTAL>
<fme:Aangemaakt_op>02/05/2018</fme:Aangemaakt_op>
</fme:voorbehoudenParkeerplaatsen>
<fme:voorbehoudenParkeerplaatsen>
<fme:DEELGEMEENTE>Brugge</fme:DEELGEMEENTE>
<fme:LIGGING>Bevrijdingslaan thv 3</fme:LIGGING>
<fme:BELANG>alg. belang</fme:BELANG>
<fme:NR>260</fme:NR>
<fme:AANTAL>1</fme:AANTAL>
<fme:Aangemaakt_op>02/05/2018</fme:Aangemaakt_op>
</fme:voorbehoudenParkeerplaatsen>
<fme:voorbehoudenParkeerplaatsen>
<fme:DEELGEMEENTE>Assebroek</fme:DEELGEMEENTE>
<fme:LIGGING>Van Steenestraat thv 33</fme:LIGGING>
<fme:BELANG>alg. belang</fme:BELANG>
<fme:NR>269</fme:NR>
<fme:AANTAL>1</fme:AANTAL>
<fme:Aangemaakt_op>02/05/2018</fme:Aangemaakt_op>
</fme:voorbehoudenParkeerplaatsen>
<fme:voorbehoudenParkeerplaatsen>
<fme:DEELGEMEENTE>Brugge</fme:DEELGEMEENTE>
<fme:LIGGING>Eekhoutstraat</fme:LIGGING>
<fme:BELANG>alg. belang</fme:BELANG>
<fme:NR>270</fme:NR>
<fme:Aangemaakt_op>02/05/2018</fme:Aangemaakt_op>
</fme:voorbehoudenParkeerplaatsen>
<fme:voorbehoudenParkeerplaatsen>
<fme:DEELGEMEENTE>Brugge</fme:DEELGEMEENTE>
<fme:LIGGING>Eekhoutstraat</fme:LIGGING>
<fme:BELANG>alg. belang</fme:BELANG>
<fme:NR>271</fme:NR>
<fme:AANTAL>1</fme:AANTAL>
<fme:Aangemaakt_op>02/05/2018</fme:Aangemaakt_op>
</fme:voorbehoudenParkeerplaatsen>
<fme:voorbehoudenParkeerplaatsen>
<fme:DEELGEMEENTE>Sint Kruis</fme:DEELGEMEENTE>
<fme:LIGGING>Dampoorstraat thv 91</fme:LIGGING>
<fme:BELANG>alg. belang</fme:BELANG>
<fme:NR>272</fme:NR>
<fme:AANTAL>1</fme:AANTAL>
<fme:Aangemaakt_op>02/05/2018</fme:Aangemaakt_op>
</fme:voorbehoudenParkeerplaatsen>
<fme:voorbehoudenParkeerplaatsen>
<fme:DEELGEMEENTE>Sint-Kruis</fme:DEELGEMEENTE>
<fme:LIGGING>Julius Delaplacestraat thv 122</fme:LIGGING>
<fme:BELANG>alg. belang</fme:BELANG>
<fme:NR>273</fme:NR>
<fme:AANTAL>1</fme:AANTAL>
<fme:Aangemaakt_op>02/05/2018</fme:Aangemaakt_op>
</fme:voorbehoudenParkeerplaatsen>
<fme:voorbehoudenParkeerplaatsen>
<fme:DEELGEMEENTE>Sint Jozef</fme:DEELGEMEENTE>
<fme:LIGGING>Ter Looigemweg thv 11</fme:LIGGING>
<fme:BELANG>alg. belang</fme:BELANG>
<fme:NR>274</fme:NR>
<fme:AANTAL>1</fme:AANTAL>
<fme:Aangemaakt_op>02/05/2018</fme:Aangemaakt_op>
</fme:voorbehoudenParkeerplaatsen>
<fme:voorbehoudenParkeerplaatsen>
<fme:DEELGEMEENTE>Sint-Andries</fme:DEELGEMEENTE>
<fme:LIGGING>Hertsvelde thv 22</fme:LIGGING>
<fme:BELANG>alg. belang</fme:BELANG>
<fme:NR>275</fme:NR>
<fme:AANTAL>1</fme:AANTAL>
<fme:Aangemaakt_op>02/05/2018</fme:Aangemaakt_op>
</fme:voorbehoudenParkeerplaatsen>
<fme:voorbehoudenParkeerplaatsen>
<fme:DEELGEMEENTE>Brugge</fme:DEELGEMEENTE>
<fme:LIGGING>Annuntiatenstraat thv 34</fme:LIGGING>
<fme:BELANG>Algemeen belang</fme:BELANG>
<fme:NR>276</fme:NR>
<fme:AANTAL>2</fme:AANTAL>
<fme:Aangemaakt_op>02/05/2018</fme:Aangemaakt_op>
</fme:voorbehoudenParkeerplaatsen>
<fme:voorbehoudenParkeerplaatsen>
<fme:DEELGEMEENTE>Assebroek</fme:DEELGEMEENTE>
<fme:LIGGING>Mispelaar thv 32</fme:LIGGING>
<fme:BELANG>Algemeen belang</fme:BELANG>
<fme:NR>277</fme:NR>
<fme:AANTAL>1</fme:AANTAL>
<fme:Aangemaakt_op>02/05/2018</fme:Aangemaakt_op>
</fme:voorbehoudenParkeerplaatsen>
<fme:voorbehoudenParkeerplaatsen>
<fme:DEELGEMEENTE>Sint-Andries</fme:DEELGEMEENTE>
<fme:LIGGING>Pastoriestraat thv 86 (2h parkeren)</fme:LIGGING>
<fme:BELANG>Algemeen belang</fme:BELANG>
<fme:NR>278</fme:NR>
<fme:AANTAL>1</fme:AANTAL>
<fme:Aangemaakt_op>02/05/2018</fme:Aangemaakt_op>
</fme:voorbehoudenParkeerplaatsen>
<fme:voorbehoudenParkeerplaatsen>
<fme:DEELGEMEENTE>Sint-Kruis</fme:DEELGEMEENTE>
<fme:LIGGING>Lopez Gallostraat thv 11</fme:LIGGING>
<fme:BELANG>Algemeen belang</fme:BELANG>
<fme:NR>279</fme:NR>
<fme:AANTAL>1</fme:AANTAL>
<fme:Aangemaakt_op>02/05/2018</fme:Aangemaakt_op>
</fme:voorbehoudenParkeerplaatsen>
<fme:voorbehoudenParkeerplaatsen>
<fme:DEELGEMEENTE>Sint-Kruis</fme:DEELGEMEENTE>
<fme:LIGGING>Prins Leopoldstraat thv 5</fme:LIGGING>
<fme:BELANG>Algemeen belang</fme:BELANG>
<fme:NR>280</fme:NR>
<fme:AANTAL>1</fme:AANTAL>
<fme:Aangemaakt_op>02/05/2018</fme:Aangemaakt_op>
</fme:voorbehoudenParkeerplaatsen>
<fme:voorbehoudenParkeerplaatsen>
<fme:DEELGEMEENTE>Brugge</fme:DEELGEMEENTE>
<fme:LIGGING>Boeveriestraat thv  nr 48</fme:LIGGING>
<fme:NR>286</fme:NR>
<fme:AANTAL>1</fme:AANTAL>
<fme:Aangemaakt_op>02/05/2018</fme:Aangemaakt_op>
</fme:voorbehoudenParkeerplaatsen>
<fme:voorbehoudenParkeerplaatsen>
<fme:DEELGEMEENTE>Brugge</fme:DEELGEMEENTE>
<fme:LIGGING>Gerard Davidstraat 37</fme:LIGGING>
<fme:NR>288</fme:NR>
<fme:AANTAL>1</fme:AANTAL>
<fme:Aangemaakt_op>02/05/2018</fme:Aangemaakt_op>
</fme:voorbehoudenParkeerplaatsen>
<fme:voorbehoudenParkeerplaatsen>
<fme:DEELGEMEENTE>Brugge</fme:DEELGEMEENTE>
<fme:LIGGING>Komvest Baron Ruzettepark</fme:LIGGING>
<fme:NR>289</fme:NR>
<fme:AANTAL>2</fme:AANTAL>
<fme:Aangemaakt_op>02/05/2018</fme:Aangemaakt_op>
</fme:voorbehoudenParkeerplaatsen>
<fme:voorbehoudenParkeerplaatsen>
<fme:DEELGEMEENTE>Brugge</fme:DEELGEMEENTE>
<fme:LIGGING>Kraanplein</fme:LIGGING>
<fme:NR>291</fme:NR>
<fme:AANTAL>1</fme:AANTAL>
<fme:Aangemaakt_op>02/05/2018</fme:Aangemaakt_op>
</fme:voorbehoudenParkeerplaatsen>
<fme:voorbehoudenParkeerplaatsen>
<fme:DEELGEMEENTE>Lissewege</fme:DEELGEMEENTE>
<fme:LIGGING>Beukemarestraat 22</fme:LIGGING>
<fme:NR>309</fme:NR>
<fme:AANTAL>1</fme:AANTAL>
<fme:Aangemaakt_op>02/05/2018</fme:Aangemaakt_op>
</fme:voorbehoudenParkeerplaatsen>
<fme:voorbehoudenParkeerplaatsen>
<fme:DEELGEMEENTE>Brugge</fme:DEELGEMEENTE>
<fme:LIGGING>Carmersstraat 117</fme:LIGGING>
<fme:NR>310</fme:NR>
<fme:AANTAL>1</fme:AANTAL>
<fme:Aangemaakt_op>02/05/2018</fme:Aangemaakt_op>
</fme:voorbehoudenParkeerplaatsen>
<fme:voorbehoudenParkeerplaatsen>
<fme:DEELGEMEENTE>Sint-Jozef</fme:DEELGEMEENTE>
<fme:LIGGING>Louis de Potterstraat 44</fme:LIGGING>
<fme:NR>312</fme:NR>
<fme:AANTAL>1</fme:AANTAL>
<fme:Aangemaakt_op>02/05/2018</fme:Aangemaakt_op>
</fme:voorbehoudenParkeerplaatsen>
<fme:voorbehoudenParkeerplaatsen>
<fme:DEELGEMEENTE>Brugge</fme:DEELGEMEENTE>
<fme:LIGGING>Verversdijk 17</fme:LIGGING>
<fme:NR>317</fme:NR>
<fme:AANTAL>1</fme:AANTAL>
<fme:Aangemaakt_op>02/05/2018</fme:Aangemaakt_op>
</fme:voorbehoudenParkeerplaatsen>
<fme:voorbehoudenParkeerplaatsen>
<fme:DEELGEMEENTE>Zeebrugge</fme:DEELGEMEENTE>
<fme:LIGGING>Rederskaai</fme:LIGGING>
<fme:NR>319</fme:NR>
<fme:AANTAL>1</fme:AANTAL>
<fme:Aangemaakt_op>02/05/2018</fme:Aangemaakt_op>
</fme:voorbehoudenParkeerplaatsen>
<fme:voorbehoudenParkeerplaatsen>
<fme:DEELGEMEENTE>Brugge</fme:DEELGEMEENTE>
<fme:LIGGING>Haarakkerstraat 4</fme:LIGGING>
<fme:NR>321</fme:NR>
<fme:AANTAL>1</fme:AANTAL>
<fme:Aangemaakt_op>02/05/2018</fme:Aangemaakt_op>
</fme:voorbehoudenParkeerplaatsen>
<fme:voorbehoudenParkeerplaatsen>
<fme:DEELGEMEENTE>Assebroek</fme:DEELGEMEENTE>
<fme:LIGGING>Molenstraat 119</fme:LIGGING>
<fme:NR>322</fme:NR>
<fme:AANTAL>1</fme:AANTAL>
<fme:Aangemaakt_op>02/05/2018</fme:Aangemaakt_op>
</fme:voorbehoudenParkeerplaatsen>
<fme:voorbehoudenParkeerplaatsen>
<fme:DEELGEMEENTE>Zwankendamme</fme:DEELGEMEENTE>
<fme:LIGGING>lisseweegse steenweg wulsberge</fme:LIGGING>
<fme:NR>326</fme:NR>
<fme:AANTAL>1</fme:AANTAL>
<fme:Aangemaakt_op>02/05/2018</fme:Aangemaakt_op>
</fme:voorbehoudenParkeerplaatsen>
<fme:voorbehoudenParkeerplaatsen>
<fme:DEELGEMEENTE>Brugge</fme:DEELGEMEENTE>
<fme:LIGGING>Biskajerplein (zijkant plein)</fme:LIGGING>
<fme:BELANG>algemeen belang</fme:BELANG>
<fme:NR>192</fme:NR>
<fme:AANTAL>1</fme:AANTAL>
<fme:Aangemaakt_op>02/05/2018</fme:Aangemaakt_op>
</fme:voorbehoudenParkeerplaatsen>
<fme:voorbehoudenParkeerplaatsen>
<fme:DEELGEMEENTE>Sint-Kruis</fme:DEELGEMEENTE>
<fme:LIGGING>Driekoningeweg thv 50</fme:LIGGING>
<fme:BELANG>algemeen belang</fme:BELANG>
<fme:NR>244</fme:NR>
<fme:AANTAL>1</fme:AANTAL>
<fme:Aangemaakt_op>02/05/2018</fme:Aangemaakt_op>
</fme:voorbehoudenParkeerplaatsen>
<fme:voorbehoudenParkeerplaatsen>
<fme:DEELGEMEENTE>Assebroek</fme:DEELGEMEENTE>
<fme:LIGGING>Dries</fme:LIGGING>
<fme:BELANG>algemeen belang</fme:BELANG>
<fme:NR>189</fme:NR>
<fme:AANTAL>1</fme:AANTAL>
<fme:Aangemaakt_op>02/05/2018</fme:Aangemaakt_op>
</fme:voorbehoudenParkeerplaatsen>
<fme:voorbehoudenParkeerplaatsen>
<fme:DEELGEMEENTE>Sint-Andries</fme:DEELGEMEENTE>
<fme:LIGGING>Korte Molenstraat 16</fme:LIGGING>
<fme:BELANG>particulier</fme:BELANG>
<fme:NR>199</fme:NR>
<fme:AANTAL>1</fme:AANTAL>
<fme:Aangemaakt_op>02/05/2018</fme:Aangemaakt_op>
</fme:voorbehoudenParkeerplaatsen>
<fme:voorbehoudenParkeerplaatsen>
<fme:DEELGEMEENTE>Sint-Pieters</fme:DEELGEMEENTE>
<fme:LIGGING>Jezu?etengoed thv nr 4</fme:LIGGING>
<fme:BELANG>algemeen belang</fme:BELANG>
<fme:NR>248</fme:NR>
<fme:AANTAL>1</fme:AANTAL>
<fme:Aangemaakt_op>02/05/2018</fme:Aangemaakt_op>
</fme:voorbehoudenParkeerplaatsen>
<fme:voorbehoudenParkeerplaatsen>
<fme:DEELGEMEENTE>Sint-Kruis</fme:DEELGEMEENTE>
<fme:LIGGING>Maalse Steenweg thv 41</fme:LIGGING>
<fme:BELANG>soc. woningen/appartementen</fme:BELANG>
<fme:NR>201</fme:NR>
<fme:AANTAL>4</fme:AANTAL>
<fme:Aangemaakt_op>02/05/2018</fme:Aangemaakt_op>
</fme:voorbehoudenParkeerplaatsen>
<fme:voorbehoudenParkeerplaatsen>
<fme:DEELGEMEENTE>Koolkerke</fme:DEELGEMEENTE>
<fme:LIGGING>Arendstraat</fme:LIGGING>
<fme:BELANG>alg. belang</fme:BELANG>
<fme:NR>262</fme:NR>
<fme:AANTAL>1</fme:AANTAL>
<fme:Aangemaakt_op>02/05/2018</fme:Aangemaakt_op>
</fme:voorbehoudenParkeerplaatsen>
<fme:voorbehoudenParkeerplaatsen>
<fme:DEELGEMEENTE>Brugge</fme:DEELGEMEENTE>
<fme:LIGGING>Gentpoortvest 43</fme:LIGGING>
<fme:BELANG>algemeen belang</fme:BELANG>
<fme:NR>215</fme:NR>
<fme:AANTAL>1</fme:AANTAL>
<fme:Aangemaakt_op>02/05/2018</fme:Aangemaakt_op>
</fme:voorbehoudenParkeerplaatsen>
<fme:voorbehoudenParkeerplaatsen>
<fme:DEELGEMEENTE>Dudzele</fme:DEELGEMEENTE>
<fme:LIGGING>Sint-Lenardsstraat thv 50</fme:LIGGING>
<fme:BELANG>Algemeen belang</fme:BELANG>
<fme:NR>281</fme:NR>
<fme:AANTAL>1</fme:AANTAL>
<fme:Aangemaakt_op>02/05/2018</fme:Aangemaakt_op>
</fme:voorbehoudenParkeerplaatsen>
<fme:voorbehoudenParkeerplaatsen>
<fme:DEELGEMEENTE>Brugge</fme:DEELGEMEENTE>
<fme:LIGGING>Woensdagmarkt</fme:LIGGING>
<fme:BELANG>alg. belang</fme:BELANG>
<fme:NR>263</fme:NR>
<fme:AANTAL>2</fme:AANTAL>
<fme:Aangemaakt_op>02/05/2018</fme:Aangemaakt_op>
</fme:voorbehoudenParkeerplaatsen>
<fme:voorbehoudenParkeerplaatsen>
<fme:DEELGEMEENTE>Brugge</fme:DEELGEMEENTE>
<fme:LIGGING>Haarakkerstraat tegenover 29</fme:LIGGING>
<fme:BELANG>alg belang</fme:BELANG>
<fme:NR>264</fme:NR>
<fme:AANTAL>1</fme:AANTAL>
<fme:Aangemaakt_op>02/05/2018</fme:Aangemaakt_op>
</fme:voorbehoudenParkeerplaatsen>
<fme:voorbehoudenParkeerplaatsen>
<fme:DEELGEMEENTE>Brugge</fme:DEELGEMEENTE>
<fme:LIGGING>Boeveriestraat thv de kerk (nr 18)</fme:LIGGING>
<fme:NR>287</fme:NR>
<fme:AANTAL>1</fme:AANTAL>
<fme:Aangemaakt_op>02/05/2018</fme:Aangemaakt_op>
</fme:voorbehoudenParkeerplaatsen>
<fme:voorbehoudenParkeerplaatsen>
<fme:DEELGEMEENTE>Brugge</fme:DEELGEMEENTE>
<fme:LIGGING>Oude Gentweg 75</fme:LIGGING>
<fme:NR>292</fme:NR>
<fme:AANTAL>1</fme:AANTAL>
<fme:Aangemaakt_op>02/05/2018</fme:Aangemaakt_op>
</fme:voorbehoudenParkeerplaatsen>
<fme:voorbehoudenParkeerplaatsen>
<fme:DEELGEMEENTE>Brugge</fme:DEELGEMEENTE>
<fme:LIGGING>Karel Mirystraat 23</fme:LIGGING>
<fme:NR>294</fme:NR>
<fme:AANTAL>1</fme:AANTAL>
<fme:Aangemaakt_op>02/05/2018</fme:Aangemaakt_op>
</fme:voorbehoudenParkeerplaatsen>
<fme:voorbehoudenParkeerplaatsen>
<fme:DEELGEMEENTE>Zwankendamme</fme:DEELGEMEENTE>
<fme:LIGGING>Lisseweegse Steenweg 226</fme:LIGGING>
<fme:NR>303</fme:NR>
<fme:AANTAL>1</fme:AANTAL>
<fme:Aangemaakt_op>02/05/2018</fme:Aangemaakt_op>
</fme:voorbehoudenParkeerplaatsen>
<fme:voorbehoudenParkeerplaatsen>
<fme:DEELGEMEENTE>Zeebrugge</fme:DEELGEMEENTE>
<fme:LIGGING>Zeedijk 50</fme:LIGGING>
<fme:NR>304</fme:NR>
<fme:AANTAL>1</fme:AANTAL>
<fme:Aangemaakt_op>02/05/2018</fme:Aangemaakt_op>
</fme:voorbehoudenParkeerplaatsen>
<fme:voorbehoudenParkeerplaatsen>
<fme:DEELGEMEENTE>Sint-Kruis</fme:DEELGEMEENTE>
<fme:LIGGING>Damse Vaart-Zuid 3</fme:LIGGING>
<fme:NR>305</fme:NR>
<fme:AANTAL>1</fme:AANTAL>
<fme:Aangemaakt_op>02/05/2018</fme:Aangemaakt_op>
</fme:voorbehoudenParkeerplaatsen>
<fme:voorbehoudenParkeerplaatsen>
<fme:DEELGEMEENTE>Assebroek</fme:DEELGEMEENTE>
<fme:LIGGING>Daverlostraat 179</fme:LIGGING>
<fme:NR>307</fme:NR>
<fme:AANTAL>1</fme:AANTAL>
<fme:Aangemaakt_op>02/05/2018</fme:Aangemaakt_op>
</fme:voorbehoudenParkeerplaatsen>
<fme:voorbehoudenParkeerplaatsen>
<fme:DEELGEMEENTE>Brugge</fme:DEELGEMEENTE>
<fme:LIGGING>Coupure 30A</fme:LIGGING>
<fme:NR>316</fme:NR>
<fme:AANTAL>1</fme:AANTAL>
<fme:Aangemaakt_op>02/05/2018</fme:Aangemaakt_op>
</fme:voorbehoudenParkeerplaatsen>
<fme:voorbehoudenParkeerplaatsen>
<fme:DEELGEMEENTE>Zwankendamme</fme:DEELGEMEENTE>
<fme:LIGGING>Doornweg 84</fme:LIGGING>
<fme:NR>320</fme:NR>
<fme:AANTAL>1</fme:AANTAL>
<fme:Aangemaakt_op>02/05/2018</fme:Aangemaakt_op>
</fme:voorbehoudenParkeerplaatsen>
<fme:voorbehoudenParkeerplaatsen>
<fme:DEELGEMEENTE>Brugge</fme:DEELGEMEENTE>
<fme:LIGGING>Koningin Elisabethlaan 32</fme:LIGGING>
<fme:NR>290</fme:NR>
<fme:AANTAL>1</fme:AANTAL>
<fme:Aangemaakt_op>02/05/2018</fme:Aangemaakt_op>
</fme:voorbehoudenParkeerplaatsen>
<fme:voorbehoudenParkeerplaatsen>
<fme:DEELGEMEENTE>Brugge</fme:DEELGEMEENTE>
<fme:LIGGING>Peterseliestraat 5</fme:LIGGING>
<fme:NR>293</fme:NR>
<fme:AANTAL>1</fme:AANTAL>
<fme:Aangemaakt_op>02/05/2018</fme:Aangemaakt_op>
</fme:voorbehoudenParkeerplaatsen>
<fme:voorbehoudenParkeerplaatsen>
<fme:DEELGEMEENTE>Assebroek</fme:DEELGEMEENTE>
<fme:LIGGING>Bossuytlaan t.h.v. nr. 24</fme:LIGGING>
<fme:BELANG>parochiaal centrum</fme:BELANG>
<fme:COORDINATEN>n.o.p.</fme:COORDINATEN>
<fme:NR>3</fme:NR>
<fme:AANTAL>1</fme:AANTAL>
<fme:Aangemaakt_op>02/05/2018</fme:Aangemaakt_op>
</fme:voorbehoudenParkeerplaatsen>
<fme:voorbehoudenParkeerplaatsen>
<fme:DEELGEMEENTE>Assebroek</fme:DEELGEMEENTE>
<fme:LIGGING>Brugs-Kerkhofstraat</fme:LIGGING>
<fme:BELANG>Hoofdingang stedelijke begraafplaats</fme:BELANG>
<fme:COORDINATEN>n.o.p.</fme:COORDINATEN>
<fme:NR>4</fme:NR>
<fme:AANTAL>1</fme:AANTAL>
<fme:Aangemaakt_op>02/05/2018</fme:Aangemaakt_op>
</fme:voorbehoudenParkeerplaatsen>
<fme:voorbehoudenParkeerplaatsen>
<fme:DEELGEMEENTE>Assebroek</fme:DEELGEMEENTE>
<fme:LIGGING>Camiel Van den Busschestraat thv 78</fme:LIGGING>
<fme:BELANG>particulier</fme:BELANG>
<fme:COORDINATEN>n.o.p.</fme:COORDINATEN>
<fme:NR>5</fme:NR>
<fme:AANTAL>1</fme:AANTAL>
<fme:Aangemaakt_op>02/05/2018</fme:Aangemaakt_op>
</fme:voorbehoudenParkeerplaatsen>
<fme:voorbehoudenParkeerplaatsen>
<fme:DEELGEMEENTE>Assebroek</fme:DEELGEMEENTE>
<fme:LIGGING>Collegestraat t.h.v. O.L.V-college</fme:LIGGING>
<fme:BELANG>Hoofdingang OLV College</fme:BELANG>
<fme:COORDINATEN>n.o.p.</fme:COORDINATEN>
<fme:NR>6</fme:NR>
<fme:AANTAL>1</fme:AANTAL>
<fme:Aangemaakt_op>02/05/2018</fme:Aangemaakt_op>
</fme:voorbehoudenParkeerplaatsen>
<fme:voorbehoudenParkeerplaatsen>
<fme:DEELGEMEENTE>Assebroek</fme:DEELGEMEENTE>
<fme:LIGGING>Gaston Roelandtsplein</fme:LIGGING>
<fme:BELANG>winkels en diensten</fme:BELANG>
<fme:COORDINATEN>n.o.p.</fme:COORDINATEN>
<fme:NR>7</fme:NR>
<fme:AANTAL>1</fme:AANTAL>
<fme:Aangemaakt_op>02/05/2018</fme:Aangemaakt_op>
</fme:voorbehoudenParkeerplaatsen>
<fme:voorbehoudenParkeerplaatsen>
<fme:DEELGEMEENTE>Assebroek</fme:DEELGEMEENTE>
<fme:LIGGING>Kerkhofblommenstraat</fme:LIGGING>
<fme:BELANG>stedelijk kerkhof</fme:BELANG>
<fme:COORDINATEN>n.o.p.</fme:COORDINATEN>
<fme:NR>8</fme:NR>
<fme:AANTAL>1</fme:AANTAL>
<fme:Aangemaakt_op>02/05/2018</fme:Aangemaakt_op>
</fme:voorbehoudenParkeerplaatsen>
<fme:voorbehoudenParkeerplaatsen>
<fme:DEELGEMEENTE>Assebroek</fme:DEELGEMEENTE>
<fme:LIGGING>Koningin Elisabethsquare</fme:LIGGING>
<fme:BELANG>kerk O.L.V.Ten Hemel Opgenomen (= Maria Assumpta)</fme:BELANG>
<fme:COORDINATEN>n.o.p.</fme:COORDINATEN>
<fme:NR>9</fme:NR>
<fme:AANTAL>2</fme:AANTAL>
<fme:Aangemaakt_op>02/05/2018</fme:Aangemaakt_op>
</fme:voorbehoudenParkeerplaatsen>
<fme:voorbehoudenParkeerplaatsen>
<fme:DEELGEMEENTE>Assebroek</fme:DEELGEMEENTE>
<fme:LIGGING>Kruisboogstraat (naast gemeentehuis)</fme:LIGGING>
<fme:BELANG>gemeentediensten</fme:BELANG>
<fme:COORDINATEN>J 12</fme:COORDINATEN>
<fme:NR>10</fme:NR>
<fme:AANTAL>1</fme:AANTAL>
<fme:Aangemaakt_op>02/05/2018</fme:Aangemaakt_op>
</fme:voorbehoudenParkeerplaatsen>
<fme:voorbehoudenParkeerplaatsen>
<fme:DEELGEMEENTE>Assebroek</fme:DEELGEMEENTE>
<fme:LIGGING>Leliestraat</fme:LIGGING>
<fme:BELANG>OCMW-ontmoetingscentrum  - De Lelie</fme:BELANG>
<fme:COORDINATEN>J 14</fme:COORDINATEN>
<fme:NR>11</fme:NR>
<fme:AANTAL>1</fme:AANTAL>
<fme:Aangemaakt_op>02/05/2018</fme:Aangemaakt_op>
</fme:voorbehoudenParkeerplaatsen>
<fme:voorbehoudenParkeerplaatsen>
<fme:DEELGEMEENTE>Assebroek</fme:DEELGEMEENTE>
<fme:LIGGING>Molenstraat t.h.v. nr. 103</fme:LIGGING>
<fme:BELANG>algemeen belang</fme:BELANG>
<fme:NR>12</fme:NR>
<fme:AANTAL>1</fme:AANTAL>
<fme:Aangemaakt_op>02/05/2018</fme:Aangemaakt_op>
</fme:voorbehoudenParkeerplaatsen>
<fme:voorbehoudenParkeerplaatsen>
<fme:DEELGEMEENTE>Assebroek</fme:DEELGEMEENTE>
<fme:LIGGING>Molenstraat t.h.v. nr. 57</fme:LIGGING>
<fme:BELANG>algemeen belang</fme:BELANG>
<fme:COORDINATEN>n.o.p.</fme:COORDINATEN>
<fme:NR>13</fme:NR>
<fme:AANTAL>1</fme:AANTAL>
<fme:Aangemaakt_op>02/05/2018</fme:Aangemaakt_op>
</fme:voorbehoudenParkeerplaatsen>
<fme:voorbehoudenParkeerplaatsen>
<fme:DEELGEMEENTE>Sint-Andries</fme:DEELGEMEENTE>
<fme:LIGGING>Diksmuidse Heerweg 110</fme:LIGGING>
<fme:NR>296</fme:NR>
<fme:AANTAL>1</fme:AANTAL>
<fme:Aangemaakt_op>02/05/2018</fme:Aangemaakt_op>
</fme:voorbehoudenParkeerplaatsen>
<fme:voorbehoudenParkeerplaatsen>
<fme:DEELGEMEENTE>Assebroek</fme:DEELGEMEENTE>
<fme:LIGGING>Pastoor Verhaegheplein</fme:LIGGING>
<fme:BELANG>bedevaartskerk O.L.V.Onbevlekt Ontvangen</fme:BELANG>
<fme:COORDINATEN>n.o.p.</fme:COORDINATEN>
<fme:NR>15</fme:NR>
<fme:AANTAL>2</fme:AANTAL>
<fme:Aangemaakt_op>02/05/2018</fme:Aangemaakt_op>
</fme:voorbehoudenParkeerplaatsen>
<fme:voorbehoudenParkeerplaatsen>
<fme:DEELGEMEENTE>Assebroek</fme:DEELGEMEENTE>
<fme:LIGGING>Sint-Katarinastraat (kerkplein)</fme:LIGGING>
<fme:BELANG>Kerk Sint-Katarina - school + winkels</fme:BELANG>
<fme:COORDINATEN>H 14</fme:COORDINATEN>
<fme:NR>16</fme:NR>
<fme:AANTAL>1</fme:AANTAL>
<fme:Aangemaakt_op>02/05/2018</fme:Aangemaakt_op>
</fme:voorbehoudenParkeerplaatsen>
<fme:voorbehoudenParkeerplaatsen>
<fme:DEELGEMEENTE>Assebroek</fme:DEELGEMEENTE>
<fme:LIGGING>Sint-Kruisstraat t.h.v. nr. 58</fme:LIGGING>
<fme:BELANG>algemeen belang</fme:BELANG>
<fme:COORDINATEN>n.o.p.</fme:COORDINATEN>
<fme:NR>17</fme:NR>
<fme:AANTAL>1</fme:AANTAL>
<fme:Aangemaakt_op>02/05/2018</fme:Aangemaakt_op>
</fme:voorbehoudenParkeerplaatsen>
<fme:voorbehoudenParkeerplaatsen>
<fme:NR>297</fme:NR>
<fme:Aangemaakt_op>02/05/2018</fme:Aangemaakt_op>
</fme:voorbehoudenParkeerplaatsen>
<fme:voorbehoudenParkeerplaatsen>
<fme:DEELGEMEENTE>Brugge</fme:DEELGEMEENTE>
<fme:LIGGING>Adriaan Willaertstraat thv 7 en 9</fme:LIGGING>
<fme:BELANG>Schouwburg</fme:BELANG>
<fme:COORDINATEN>E 8</fme:COORDINATEN>
<fme:NR>19</fme:NR>
<fme:AANTAL>2</fme:AANTAL>
<fme:Aangemaakt_op>02/05/2018</fme:Aangemaakt_op>
</fme:voorbehoudenParkeerplaatsen>
<fme:voorbehoudenParkeerplaatsen>
<fme:DEELGEMEENTE>Brugge</fme:DEELGEMEENTE>
<fme:LIGGING>Arsenaalstraat 6-10</fme:LIGGING>
<fme:BELANG>SNTL</fme:BELANG>
<fme:COORDINATEN>F 12</fme:COORDINATEN>
<fme:NR>20</fme:NR>
<fme:AANTAL>2</fme:AANTAL>
<fme:Aangemaakt_op>02/05/2018</fme:Aangemaakt_op>
</fme:voorbehoudenParkeerplaatsen>
<fme:voorbehoudenParkeerplaatsen>
<fme:DEELGEMEENTE>Brugge</fme:DEELGEMEENTE>
<fme:LIGGING>Augustijnenrei t.h.v. nr. 10</fme:LIGGING>
<fme:BELANG>algemeen belang</fme:BELANG>
<fme:COORDINATEN>E 7</fme:COORDINATEN>
<fme:NR>21</fme:NR>
<fme:AANTAL>1</fme:AANTAL>
<fme:Aangemaakt_op>02/05/2018</fme:Aangemaakt_op>
</fme:voorbehoudenParkeerplaatsen>
<fme:voorbehoudenParkeerplaatsen>
<fme:DEELGEMEENTE>Brugge</fme:DEELGEMEENTE>
<fme:LIGGING>Beenhouwersstraat t.h.v. nr. 2</fme:LIGGING>
<fme:BELANG>Vrijzinnig Centrum De Sleutelbrug</fme:BELANG>
<fme:COORDINATEN>C 9</fme:COORDINATEN>
<fme:NR>22</fme:NR>
<fme:AANTAL>1</fme:AANTAL>
<fme:Aangemaakt_op>02/05/2018</fme:Aangemaakt_op>
</fme:voorbehoudenParkeerplaatsen>
<fme:voorbehoudenParkeerplaatsen>
<fme:DEELGEMEENTE>Brugge</fme:DEELGEMEENTE>
<fme:LIGGING>Bilkske t.h.v. nr. 11-15</fme:LIGGING>
<fme:BELANG>kerk H. Familie - vzw Oranje ? dienstencentrum De Balsemboom</fme:BELANG>
<fme:COORDINATEN>H 8</fme:COORDINATEN>
<fme:NR>23</fme:NR>
<fme:AANTAL>2</fme:AANTAL>
<fme:Aangemaakt_op>02/05/2018</fme:Aangemaakt_op>
</fme:voorbehoudenParkeerplaatsen>
<fme:voorbehoudenParkeerplaatsen>
<fme:DEELGEMEENTE>Sint-Andries</fme:DEELGEMEENTE>
<fme:LIGGING>Gistelse steenweg 145</fme:LIGGING>
<fme:NR>298</fme:NR>
<fme:AANTAL>1</fme:AANTAL>
<fme:Aangemaakt_op>02/05/2018</fme:Aangemaakt_op>
</fme:voorbehoudenParkeerplaatsen>
<fme:voorbehoudenParkeerplaatsen>
<fme:DEELGEMEENTE>Sint-Andries</fme:DEELGEMEENTE>
<fme:LIGGING>Molensteenstraat 29</fme:LIGGING>
<fme:NR>300</fme:NR>
<fme:AANTAL>1</fme:AANTAL>
<fme:Aangemaakt_op>02/05/2018</fme:Aangemaakt_op>
</fme:voorbehoudenParkeerplaatsen>
<fme:voorbehoudenParkeerplaatsen>
<fme:DEELGEMEENTE>Brugge</fme:DEELGEMEENTE>
<fme:LIGGING>Braambergstraat</fme:LIGGING>
<fme:BELANG>Ombudsdienst</fme:BELANG>
<fme:COORDINATEN>G 9</fme:COORDINATEN>
<fme:NR>26</fme:NR>
<fme:AANTAL>3</fme:AANTAL>
<fme:Aangemaakt_op>02/05/2018</fme:Aangemaakt_op>
</fme:voorbehoudenParkeerplaatsen>
<fme:voorbehoudenParkeerplaatsen>
<fme:DEELGEMEENTE>Brugge</fme:DEELGEMEENTE>
<fme:LIGGING>Burg</fme:LIGGING>
<fme:BELANG>stads- + provinciediensten</fme:BELANG>
<fme:COORDINATEN>F 9</fme:COORDINATEN>
<fme:NR>27</fme:NR>
<fme:AANTAL>2</fme:AANTAL>
<fme:Aangemaakt_op>02/05/2018</fme:Aangemaakt_op>
</fme:voorbehoudenParkeerplaatsen>
<fme:voorbehoudenParkeerplaatsen>
<fme:DEELGEMEENTE>Brugge</fme:DEELGEMEENTE>
<fme:LIGGING>Ganzenstraat t.h.v. nr. 23</fme:LIGGING>
<fme:BELANG>kortopvang Oranje, - Bu.L.O.De Ganzeveer dienstencentrum De Balsemboom</fme:BELANG>
<fme:COORDINATEN>H 9</fme:COORDINATEN>
<fme:NR>28</fme:NR>
<fme:AANTAL>1</fme:AANTAL>
<fme:Aangemaakt_op>02/05/2018</fme:Aangemaakt_op>
</fme:voorbehoudenParkeerplaatsen>
<fme:voorbehoudenParkeerplaatsen>
<fme:DEELGEMEENTE>Brugge</fme:DEELGEMEENTE>
<fme:LIGGING>Gapaardstraat t.h.v. nr. 44</fme:LIGGING>
<fme:BELANG>algemeen belang</fme:BELANG>
<fme:COORDINATEN>H 10</fme:COORDINATEN>
<fme:NR>29</fme:NR>
<fme:AANTAL>1</fme:AANTAL>
<fme:Aangemaakt_op>02/05/2018</fme:Aangemaakt_op>
</fme:voorbehoudenParkeerplaatsen>
<fme:voorbehoudenParkeerplaatsen>
<fme:DEELGEMEENTE>Sint-Andries</fme:DEELGEMEENTE>
<fme:LIGGING>Pastoriestraat nr. 249</fme:LIGGING>
<fme:NR>301</fme:NR>
<fme:AANTAL>1</fme:AANTAL>
<fme:Aangemaakt_op>02/05/2018</fme:Aangemaakt_op>
</fme:voorbehoudenParkeerplaatsen>
<fme:voorbehoudenParkeerplaatsen>
<fme:DEELGEMEENTE>Brugge</fme:DEELGEMEENTE>
<fme:LIGGING>Gerard Davidstraat t.h.v. de kerk</fme:LIGGING>
<fme:BELANG>kerk Christus Koning</fme:BELANG>
<fme:COORDINATEN>A 6</fme:COORDINATEN>
<fme:NR>31</fme:NR>
<fme:AANTAL>1</fme:AANTAL>
<fme:Aangemaakt_op>02/05/2018</fme:Aangemaakt_op>
</fme:voorbehoudenParkeerplaatsen>
<fme:voorbehoudenParkeerplaatsen>
<fme:DEELGEMEENTE>Sint-Michiels</fme:DEELGEMEENTE>
<fme:LIGGING>Rijselstraat 235</fme:LIGGING>
<fme:NR>302</fme:NR>
<fme:AANTAL>1</fme:AANTAL>
<fme:Aangemaakt_op>02/05/2018</fme:Aangemaakt_op>
</fme:voorbehoudenParkeerplaatsen>
<fme:voorbehoudenParkeerplaatsen>
<fme:DEELGEMEENTE>Brugge</fme:DEELGEMEENTE>
<fme:LIGGING>Guido Gezellelaan hoek Leemputstraat</fme:LIGGING>
<fme:BELANG>winkels + bezoekers bewoners(betalend bewonersparkeren)</fme:BELANG>
<fme:COORDINATEN>B 10</fme:COORDINATEN>
<fme:NR>33</fme:NR>
<fme:AANTAL>1</fme:AANTAL>
<fme:Aangemaakt_op>02/05/2018</fme:Aangemaakt_op>
</fme:voorbehoudenParkeerplaatsen>
<fme:voorbehoudenParkeerplaatsen>
<fme:DEELGEMEENTE>Brugge</fme:DEELGEMEENTE>
<fme:LIGGING>Guido Gezelleplein *</fme:LIGGING>
<fme:BELANG>O.L.Vr kerk + musea + horeca</fme:BELANG>
<fme:COORDINATEN>E 10</fme:COORDINATEN>
<fme:NR>34</fme:NR>
<fme:AANTAL>2</fme:AANTAL>
<fme:Aangemaakt_op>02/05/2018</fme:Aangemaakt_op>
</fme:voorbehoudenParkeerplaatsen>
<fme:voorbehoudenParkeerplaatsen>
<fme:DEELGEMEENTE>Brugge</fme:DEELGEMEENTE>
<fme:LIGGING>Gustaaf Vincke-Dujardinstraat</fme:LIGGING>
<fme:BELANG>Ministerie van Financiën</fme:BELANG>
<fme:COORDINATEN>B 5</fme:COORDINATEN>
<fme:NR>35</fme:NR>
<fme:AANTAL>2</fme:AANTAL>
<fme:Aangemaakt_op>02/05/2018</fme:Aangemaakt_op>
</fme:voorbehoudenParkeerplaatsen>
<fme:voorbehoudenParkeerplaatsen>
<fme:DEELGEMEENTE>Brugge</fme:DEELGEMEENTE>
<fme:LIGGING>Hoogstraat t.h.v. nr. 50</fme:LIGGING>
<fme:BELANG>handel + horeca</fme:BELANG>
<fme:COORDINATEN>F 8</fme:COORDINATEN>
<fme:NR>36</fme:NR>
<fme:AANTAL>1</fme:AANTAL>
<fme:Aangemaakt_op>02/05/2018</fme:Aangemaakt_op>
</fme:voorbehoudenParkeerplaatsen>
<fme:voorbehoudenParkeerplaatsen>
<fme:DEELGEMEENTE>Assebroek</fme:DEELGEMEENTE>
<fme:LIGGING>Nijverheidsstraat 6</fme:LIGGING>
<fme:NR>308</fme:NR>
<fme:AANTAL>1</fme:AANTAL>
<fme:Aangemaakt_op>02/05/2018</fme:Aangemaakt_op>
</fme:voorbehoudenParkeerplaatsen>
<fme:voorbehoudenParkeerplaatsen>
<fme:DEELGEMEENTE>Sint-Andries</fme:DEELGEMEENTE>
<fme:LIGGING>Sint-Jansdreef 9</fme:LIGGING>
<fme:NR>315</fme:NR>
<fme:AANTAL>1</fme:AANTAL>
<fme:Aangemaakt_op>02/05/2018</fme:Aangemaakt_op>
</fme:voorbehoudenParkeerplaatsen>
<fme:voorbehoudenParkeerplaatsen>
<fme:DEELGEMEENTE>Brugge</fme:DEELGEMEENTE>
<fme:LIGGING>Karel de Stoutelaan t.h.v. Graaf Visartpark</fme:LIGGING>
<fme:BELANG>Visartpark en speelplein</fme:BELANG>
<fme:COORDINATEN>B 6</fme:COORDINATEN>
<fme:NR>39</fme:NR>
<fme:AANTAL>1</fme:AANTAL>
<fme:Aangemaakt_op>02/05/2018</fme:Aangemaakt_op>
</fme:voorbehoudenParkeerplaatsen>
<fme:voorbehoudenParkeerplaatsen>
<fme:DEELGEMEENTE>Zeebrugge</fme:DEELGEMEENTE>
<fme:LIGGING>Rederskaai 40</fme:LIGGING>
<fme:NR>318</fme:NR>
<fme:AANTAL>2</fme:AANTAL>
<fme:Aangemaakt_op>02/05/2018</fme:Aangemaakt_op>
</fme:voorbehoudenParkeerplaatsen>
<fme:voorbehoudenParkeerplaatsen>
<fme:DEELGEMEENTE>Brugge</fme:DEELGEMEENTE>
<fme:LIGGING>Lange Raamstraat 16</fme:LIGGING>
<fme:BELANG>algemeen belang</fme:BELANG>
<fme:NR>41</fme:NR>
<fme:AANTAL>1</fme:AANTAL>
<fme:Aangemaakt_op>02/05/2018</fme:Aangemaakt_op>
</fme:voorbehoudenParkeerplaatsen>
<fme:voorbehoudenParkeerplaatsen>
<fme:DEELGEMEENTE>Brugge</fme:DEELGEMEENTE>
<fme:LIGGING>Keizer Karelstraat t.h.v. nr. 41</fme:LIGGING>
<fme:BELANG>zwembad Jan Guilini</fme:BELANG>
<fme:COORDINATEN>B 6</fme:COORDINATEN>
<fme:NR>42</fme:NR>
<fme:AANTAL>1</fme:AANTAL>
<fme:Aangemaakt_op>02/05/2018</fme:Aangemaakt_op>
</fme:voorbehoudenParkeerplaatsen>
<fme:voorbehoudenParkeerplaatsen>
<fme:DEELGEMEENTE>Brugge</fme:DEELGEMEENTE>
<fme:LIGGING>Keizer Karelstraat t.h.v. nr. 53</fme:LIGGING>
<fme:BELANG>algemeen belang</fme:BELANG>
<fme:COORDINATEN>B 6</fme:COORDINATEN>
<fme:NR>43</fme:NR>
<fme:AANTAL>1</fme:AANTAL>
<fme:Aangemaakt_op>02/05/2018</fme:Aangemaakt_op>
</fme:voorbehoudenParkeerplaatsen>
<fme:voorbehoudenParkeerplaatsen>
<fme:DEELGEMEENTE>Brugge</fme:DEELGEMEENTE>
<fme:LIGGING>Korte Lane thv 12</fme:LIGGING>
<fme:BELANG>particulier</fme:BELANG>
<fme:NR>45</fme:NR>
<fme:AANTAL>1</fme:AANTAL>
<fme:Aangemaakt_op>02/05/2018</fme:Aangemaakt_op>
</fme:voorbehoudenParkeerplaatsen>
<fme:voorbehoudenParkeerplaatsen>
<fme:DEELGEMEENTE>Brugge</fme:DEELGEMEENTE>
<fme:LIGGING>Kwekersstraat t.h.v. nr. 23</fme:LIGGING>
<fme:BELANG>algemeen belang</fme:BELANG>
<fme:COORDINATEN>I 8</fme:COORDINATEN>
<fme:NR>46</fme:NR>
<fme:AANTAL>1</fme:AANTAL>
<fme:Aangemaakt_op>02/05/2018</fme:Aangemaakt_op>
</fme:voorbehoudenParkeerplaatsen>
<fme:voorbehoudenParkeerplaatsen>
<fme:DEELGEMEENTE>Brugge</fme:DEELGEMEENTE>
<fme:LIGGING>Leffingestraat</fme:LIGGING>
<fme:BELANG>begeleid wonen</fme:BELANG>
<fme:COORDINATEN>G 8</fme:COORDINATEN>
<fme:NR>48</fme:NR>
<fme:AANTAL>2</fme:AANTAL>
<fme:Aangemaakt_op>02/05/2018</fme:Aangemaakt_op>
</fme:voorbehoudenParkeerplaatsen>
<fme:voorbehoudenParkeerplaatsen>
<fme:DEELGEMEENTE>Brugge</fme:DEELGEMEENTE>
<fme:LIGGING>Moerstraat t.h.v. nrs 42-44</fme:LIGGING>
<fme:BELANG>Sint-Jacobskerk</fme:BELANG>
<fme:COORDINATEN>D 8</fme:COORDINATEN>
<fme:NR>51</fme:NR>
<fme:AANTAL>2</fme:AANTAL>
<fme:Aangemaakt_op>02/05/2018</fme:Aangemaakt_op>
</fme:voorbehoudenParkeerplaatsen>
<fme:voorbehoudenParkeerplaatsen>
<fme:DEELGEMEENTE>Brugge</fme:DEELGEMEENTE>
<fme:LIGGING>Naaldenstraat t.h.v. nr. 20/22</fme:LIGGING>
<fme:BELANG>Evangelische kerk, horeca</fme:BELANG>
<fme:COORDINATEN>E 8</fme:COORDINATEN>
<fme:NR>52</fme:NR>
<fme:AANTAL>1</fme:AANTAL>
<fme:Aangemaakt_op>02/05/2018</fme:Aangemaakt_op>
</fme:voorbehoudenParkeerplaatsen>
<fme:voorbehoudenParkeerplaatsen>
<fme:DEELGEMEENTE>Brugge</fme:DEELGEMEENTE>
<fme:LIGGING>Noord-Gistelhof t.h.v. nr. 2</fme:LIGGING>
<fme:BELANG>algemeen belang</fme:BELANG>
<fme:COORDINATEN>E 6</fme:COORDINATEN>
<fme:NR>54</fme:NR>
<fme:AANTAL>1</fme:AANTAL>
<fme:Aangemaakt_op>02/05/2018</fme:Aangemaakt_op>
</fme:voorbehoudenParkeerplaatsen>
<fme:voorbehoudenParkeerplaatsen>
<fme:DEELGEMEENTE>Brugge</fme:DEELGEMEENTE>
<fme:LIGGING>Oliebaan (tijdsbeperking van ma tot vrij van 8.00 tot 18.00 u)</fme:LIGGING>
<fme:BELANG>MPI Spermalie</fme:BELANG>
<fme:COORDINATEN>G 5</fme:COORDINATEN>
<fme:NR>55</fme:NR>
<fme:AANTAL>3</fme:AANTAL>
<fme:Aangemaakt_op>02/05/2018</fme:Aangemaakt_op>
</fme:voorbehoudenParkeerplaatsen>
<fme:voorbehoudenParkeerplaatsen>
<fme:DEELGEMEENTE>Brugge</fme:DEELGEMEENTE>
<fme:LIGGING>Oude Burg</fme:LIGGING>
<fme:BELANG>Thuiszorgcentrum, Hof van Watervliet - toerisme - horeca</fme:BELANG>
<fme:COORDINATEN>E9-10</fme:COORDINATEN>
<fme:NR>56</fme:NR>
<fme:AANTAL>2</fme:AANTAL>
<fme:Aangemaakt_op>02/05/2018</fme:Aangemaakt_op>
</fme:voorbehoudenParkeerplaatsen>
<fme:voorbehoudenParkeerplaatsen>
<fme:DEELGEMEENTE>Brugge</fme:DEELGEMEENTE>
<fme:LIGGING>Oude Gentweg tgo nr. 78</fme:LIGGING>
<fme:BELANG>AROHM</fme:BELANG>
<fme:COORDINATEN>G 11</fme:COORDINATEN>
<fme:NR>57</fme:NR>
<fme:AANTAL>2</fme:AANTAL>
<fme:Aangemaakt_op>02/05/2018</fme:Aangemaakt_op>
</fme:voorbehoudenParkeerplaatsen>
<fme:voorbehoudenParkeerplaatsen>
<fme:DEELGEMEENTE>Brugge</fme:DEELGEMEENTE>
<fme:LIGGING>Park</fme:LIGGING>
<fme:BELANG>algemeen belang</fme:BELANG>
<fme:COORDINATEN>G 9</fme:COORDINATEN>
<fme:NR>58</fme:NR>
<fme:AANTAL>3</fme:AANTAL>
<fme:Aangemaakt_op>02/05/2018</fme:Aangemaakt_op>
</fme:voorbehoudenParkeerplaatsen>
<fme:voorbehoudenParkeerplaatsen>
<fme:DEELGEMEENTE>Brugge</fme:DEELGEMEENTE>
<fme:LIGGING>Peperstraat t.h.v. nr. 39-41</fme:LIGGING>
<fme:BELANG>algemeen belang</fme:BELANG>
<fme:COORDINATEN>H 7</fme:COORDINATEN>
<fme:NR>59</fme:NR>
<fme:AANTAL>1</fme:AANTAL>
<fme:Aangemaakt_op>02/05/2018</fme:Aangemaakt_op>
</fme:voorbehoudenParkeerplaatsen>
<fme:voorbehoudenParkeerplaatsen>
<fme:DEELGEMEENTE>Brugge</fme:DEELGEMEENTE>
<fme:LIGGING>Peterseliestraat tegenover nr. 100</fme:LIGGING>
<fme:BELANG>diensten vzw Oranje</fme:BELANG>
<fme:COORDINATEN>H 4</fme:COORDINATEN>
<fme:NR>61</fme:NR>
<fme:AANTAL>2</fme:AANTAL>
<fme:Aangemaakt_op>02/05/2018</fme:Aangemaakt_op>
</fme:voorbehoudenParkeerplaatsen>
<fme:voorbehoudenParkeerplaatsen>
<fme:DEELGEMEENTE>Brugge</fme:DEELGEMEENTE>
<fme:LIGGING>Philipstockstraat *</fme:LIGGING>
<fme:BELANG>toerisme, horeca</fme:BELANG>
<fme:COORDINATEN>E 8</fme:COORDINATEN>
<fme:NR>62</fme:NR>
<fme:AANTAL>2</fme:AANTAL>
<fme:Aangemaakt_op>02/05/2018</fme:Aangemaakt_op>
</fme:voorbehoudenParkeerplaatsen>
<fme:voorbehoudenParkeerplaatsen>
<fme:DEELGEMEENTE>Brugge</fme:DEELGEMEENTE>
<fme:LIGGING>Potterierei t.h.v. nrs 79/80</fme:LIGGING>
<fme:BELANG>museum Ter Potterie</fme:BELANG>
<fme:COORDINATEN>G 4</fme:COORDINATEN>
<fme:NR>64</fme:NR>
<fme:AANTAL>1</fme:AANTAL>
<fme:Aangemaakt_op>02/05/2018</fme:Aangemaakt_op>
</fme:voorbehoudenParkeerplaatsen>
<fme:voorbehoudenParkeerplaatsen>
<fme:DEELGEMEENTE>Brugge</fme:DEELGEMEENTE>
<fme:LIGGING>Prof Dr. J. Sebrechtsstraat</fme:LIGGING>
<fme:BELANG>WZC Minnewater</fme:BELANG>
<fme:COORDINATEN>D 12</fme:COORDINATEN>
<fme:NR>65</fme:NR>
<fme:AANTAL>2</fme:AANTAL>
<fme:Aangemaakt_op>02/05/2018</fme:Aangemaakt_op>
</fme:voorbehoudenParkeerplaatsen>
<fme:voorbehoudenParkeerplaatsen>
<fme:DEELGEMEENTE>Brugge</fme:DEELGEMEENTE>
<fme:LIGGING>Rode-Haanstraat</fme:LIGGING>
<fme:BELANG>Ministerie van Financiën</fme:BELANG>
<fme:COORDINATEN>E 7</fme:COORDINATEN>
<fme:NR>66</fme:NR>
<fme:AANTAL>2</fme:AANTAL>
<fme:Aangemaakt_op>02/05/2018</fme:Aangemaakt_op>
</fme:voorbehoudenParkeerplaatsen>
<fme:voorbehoudenParkeerplaatsen>
<fme:DEELGEMEENTE>Brugge</fme:DEELGEMEENTE>
<fme:LIGGING>Schutterstraat (tegenaan Jan Boninstraat)</fme:LIGGING>
<fme:BELANG>parochiaal centrum</fme:BELANG>
<fme:COORDINATEN>D 6/7</fme:COORDINATEN>
<fme:NR>68</fme:NR>
<fme:AANTAL>2</fme:AANTAL>
<fme:Aangemaakt_op>02/05/2018</fme:Aangemaakt_op>
</fme:voorbehoudenParkeerplaatsen>
<fme:voorbehoudenParkeerplaatsen>
<fme:DEELGEMEENTE>Brugge</fme:DEELGEMEENTE>
<fme:LIGGING>Sint-Annaplein t.h.v. nr. 30-31</fme:LIGGING>
<fme:BELANG>Consultatiebureau voor Personen met Handicap</fme:BELANG>
<fme:COORDINATEN>G 7</fme:COORDINATEN>
<fme:NR>69</fme:NR>
<fme:AANTAL>1</fme:AANTAL>
<fme:Aangemaakt_op>02/05/2018</fme:Aangemaakt_op>
</fme:voorbehoudenParkeerplaatsen>
<fme:voorbehoudenParkeerplaatsen>
<fme:DEELGEMEENTE>Brugge</fme:DEELGEMEENTE>
<fme:LIGGING>Sint-Annaplein tegenaan Jeruzalemstraat</fme:LIGGING>
<fme:BELANG>algemeen belang</fme:BELANG>
<fme:COORDINATEN>G 7</fme:COORDINATEN>
<fme:NR>70</fme:NR>
<fme:AANTAL>1</fme:AANTAL>
<fme:Aangemaakt_op>02/05/2018</fme:Aangemaakt_op>
</fme:voorbehoudenParkeerplaatsen>
<fme:voorbehoudenParkeerplaatsen>
<fme:DEELGEMEENTE>Brugge</fme:DEELGEMEENTE>
<fme:LIGGING>Sint-Claradreef t.h.v. nr. 67</fme:LIGGING>
<fme:BELANG>algemeen belang</fme:BELANG>
<fme:COORDINATEN>E 4</fme:COORDINATEN>
<fme:NR>71</fme:NR>
<fme:AANTAL>1</fme:AANTAL>
<fme:Aangemaakt_op>02/05/2018</fme:Aangemaakt_op>
</fme:voorbehoudenParkeerplaatsen>
<fme:voorbehoudenParkeerplaatsen>
<fme:DEELGEMEENTE>Brugge</fme:DEELGEMEENTE>
<fme:LIGGING>Sint-Clarastraat t.h.v. nr. 25</fme:LIGGING>
<fme:BELANG>WZC Huize St-Clara</fme:BELANG>
<fme:COORDINATEN>E 5</fme:COORDINATEN>
<fme:NR>72</fme:NR>
<fme:AANTAL>1</fme:AANTAL>
<fme:Aangemaakt_op>02/05/2018</fme:Aangemaakt_op>
</fme:voorbehoudenParkeerplaatsen>
<fme:voorbehoudenParkeerplaatsen>
<fme:DEELGEMEENTE>Brugge</fme:DEELGEMEENTE>
<fme:LIGGING>Sint-Clarastraat t.h.v. nr. 48</fme:LIGGING>
<fme:BELANG>Sociaal bureau ADMB</fme:BELANG>
<fme:COORDINATEN>E 5</fme:COORDINATEN>
<fme:NR>73</fme:NR>
<fme:AANTAL>1</fme:AANTAL>
<fme:Aangemaakt_op>02/05/2018</fme:Aangemaakt_op>
</fme:voorbehoudenParkeerplaatsen>
<fme:voorbehoudenParkeerplaatsen>
<fme:DEELGEMEENTE>Zwankendamme</fme:DEELGEMEENTE>
<fme:LIGGING>Wulfsberge thv 18</fme:LIGGING>
<fme:BELANG>Algemeen belang</fme:BELANG>
<fme:NR>282</fme:NR>
<fme:AANTAL>1</fme:AANTAL>
<fme:Aangemaakt_op>02/05/2018</fme:Aangemaakt_op>
</fme:voorbehoudenParkeerplaatsen>
<fme:voorbehoudenParkeerplaatsen>
<fme:LIGGING>Arsenaalstraat 4</fme:LIGGING>
<fme:NR>283</fme:NR>
<fme:AANTAL>2</fme:AANTAL>
<fme:Aangemaakt_op>02/05/2018</fme:Aangemaakt_op>
</fme:voorbehoudenParkeerplaatsen>
<fme:voorbehoudenParkeerplaatsen>
<fme:DEELGEMEENTE>Brugge</fme:DEELGEMEENTE>
<fme:LIGGING>Sint-Jakobsstraat t.h.v. nr. 36</fme:LIGGING>
<fme:BELANG>cultuurcentrum- horeca-winkels</fme:BELANG>
<fme:COORDINATEN>E 8</fme:COORDINATEN>
<fme:NR>76</fme:NR>
<fme:AANTAL>1</fme:AANTAL>
<fme:Aangemaakt_op>02/05/2018</fme:Aangemaakt_op>
</fme:voorbehoudenParkeerplaatsen>
<fme:voorbehoudenParkeerplaatsen>
<fme:DEELGEMEENTE>Brugge</fme:DEELGEMEENTE>
<fme:LIGGING>Sint-Jorisstraat t.g.o. nr. 27</fme:LIGGING>
<fme:BELANG>Orthopedie Van Meurs</fme:BELANG>
<fme:COORDINATEN>D 6</fme:COORDINATEN>
<fme:NR>77</fme:NR>
<fme:AANTAL>2</fme:AANTAL>
<fme:Aangemaakt_op>02/05/2018</fme:Aangemaakt_op>
</fme:voorbehoudenParkeerplaatsen>
<fme:voorbehoudenParkeerplaatsen>
<fme:DEELGEMEENTE>Brugge</fme:DEELGEMEENTE>
<fme:LIGGING>Sint-Jorisstraat t.h.v. nr. 2 - hoek Augustijnenrei, tegenover hoek Pottenmakersstraat</fme:LIGGING>
<fme:BELANG>algemeen belang</fme:BELANG>
<fme:COORDINATEN>E 7</fme:COORDINATEN>
<fme:NR>78</fme:NR>
<fme:AANTAL>1</fme:AANTAL>
<fme:Aangemaakt_op>02/05/2018</fme:Aangemaakt_op>
</fme:voorbehoudenParkeerplaatsen>
<fme:voorbehoudenParkeerplaatsen>
<fme:DEELGEMEENTE>Brugge</fme:DEELGEMEENTE>
<fme:LIGGING>Sint-Maartensplein t.h.v. kerk</fme:LIGGING>
<fme:BELANG>kerk Sint-Walburga+ school</fme:BELANG>
<fme:COORDINATEN>G 7</fme:COORDINATEN>
<fme:NR>79</fme:NR>
<fme:AANTAL>1</fme:AANTAL>
<fme:Aangemaakt_op>02/05/2018</fme:Aangemaakt_op>
</fme:voorbehoudenParkeerplaatsen>
<fme:voorbehoudenParkeerplaatsen>
<fme:DEELGEMEENTE>Brugge</fme:DEELGEMEENTE>
<fme:LIGGING>Sint-Salvatorskerkhof</fme:LIGGING>
<fme:BELANG>kerk St-Salvators + winkels + horeca</fme:BELANG>
<fme:COORDINATEN>D 1</fme:COORDINATEN>
<fme:NR>80</fme:NR>
<fme:AANTAL>2</fme:AANTAL>
<fme:Aangemaakt_op>02/05/2018</fme:Aangemaakt_op>
</fme:voorbehoudenParkeerplaatsen>
<fme:voorbehoudenParkeerplaatsen>
<fme:DEELGEMEENTE>Brugge</fme:DEELGEMEENTE>
<fme:LIGGING>Spaanse Loskaai</fme:LIGGING>
<fme:BELANG>ziekenhuis</fme:BELANG>
<fme:COORDINATEN>F 7</fme:COORDINATEN>
<fme:NR>81</fme:NR>
<fme:AANTAL>3</fme:AANTAL>
<fme:Aangemaakt_op>02/05/2018</fme:Aangemaakt_op>
</fme:voorbehoudenParkeerplaatsen>
<fme:voorbehoudenParkeerplaatsen>
<fme:DEELGEMEENTE>Brugge</fme:DEELGEMEENTE>
<fme:LIGGING>Spanjaardstraat t.h.v. nr. 17</fme:LIGGING>
<fme:BELANG>ziekenhuis St-Franciscus Xaverius - VDAB</fme:BELANG>
<fme:COORDINATEN>E 7</fme:COORDINATEN>
<fme:NR>82</fme:NR>
<fme:AANTAL>2</fme:AANTAL>
<fme:Aangemaakt_op>02/05/2018</fme:Aangemaakt_op>
</fme:voorbehoudenParkeerplaatsen>
<fme:voorbehoudenParkeerplaatsen>
<fme:DEELGEMEENTE>Brugge</fme:DEELGEMEENTE>
<fme:LIGGING>Stijn Streuvelsstraat (kant pare nrs tegenaan Peperstraat)</fme:LIGGING>
<fme:BELANG>algemeen belang</fme:BELANG>
<fme:COORDINATEN>I 7</fme:COORDINATEN>
<fme:NR>83</fme:NR>
<fme:AANTAL>1</fme:AANTAL>
<fme:Aangemaakt_op>02/05/2018</fme:Aangemaakt_op>
</fme:voorbehoudenParkeerplaatsen>
<fme:voorbehoudenParkeerplaatsen>
<fme:DEELGEMEENTE>Brugge</fme:DEELGEMEENTE>
<fme:LIGGING>Tornooistraat tegenaan Keizer Karelstraat</fme:LIGGING>
<fme:BELANG>algemeen belang</fme:BELANG>
<fme:COORDINATEN>B 6</fme:COORDINATEN>
<fme:NR>84</fme:NR>
<fme:AANTAL>1</fme:AANTAL>
<fme:Aangemaakt_op>02/05/2018</fme:Aangemaakt_op>
</fme:voorbehoudenParkeerplaatsen>
<fme:voorbehoudenParkeerplaatsen>
<fme:DEELGEMEENTE>Brugge</fme:DEELGEMEENTE>
<fme:LIGGING>Verbrand Nieuwland t.h.v. nrs 17-19-21</fme:LIGGING>
<fme:BELANG>Cadans vzw Begeleid Wonen</fme:BELANG>
<fme:COORDINATEN>H 8</fme:COORDINATEN>
<fme:NR>85</fme:NR>
<fme:AANTAL>1</fme:AANTAL>
<fme:Aangemaakt_op>02/05/2018</fme:Aangemaakt_op>
</fme:voorbehoudenParkeerplaatsen>
<fme:voorbehoudenParkeerplaatsen>
<fme:DEELGEMEENTE>Brugge</fme:DEELGEMEENTE>
<fme:LIGGING>Verbrand Nieuwland tegenover nr. 35</fme:LIGGING>
<fme:BELANG>algemeen belang</fme:BELANG>
<fme:COORDINATEN>H 8</fme:COORDINATEN>
<fme:NR>86</fme:NR>
<fme:AANTAL>1</fme:AANTAL>
<fme:Aangemaakt_op>02/05/2018</fme:Aangemaakt_op>
</fme:voorbehoudenParkeerplaatsen>
<fme:voorbehoudenParkeerplaatsen>
<fme:DEELGEMEENTE>Brugge</fme:DEELGEMEENTE>
<fme:LIGGING>Vlamingdam t.h.v. nr. 34</fme:LIGGING>
<fme:BELANG>vzw De Windroos dagcentrum</fme:BELANG>
<fme:COORDINATEN>D 5</fme:COORDINATEN>
<fme:NR>87</fme:NR>
<fme:AANTAL>1</fme:AANTAL>
<fme:Aangemaakt_op>02/05/2018</fme:Aangemaakt_op>
</fme:voorbehoudenParkeerplaatsen>
<fme:voorbehoudenParkeerplaatsen>
<fme:DEELGEMEENTE>Brugge</fme:DEELGEMEENTE>
<fme:LIGGING>Werfstraat t.h.v. nr. 88</fme:LIGGING>
<fme:BELANG>dienstencentrum  't Werfje</fme:BELANG>
<fme:COORDINATEN>D 4</fme:COORDINATEN>
<fme:NR>88</fme:NR>
<fme:AANTAL>1</fme:AANTAL>
<fme:Aangemaakt_op>02/05/2018</fme:Aangemaakt_op>
</fme:voorbehoudenParkeerplaatsen>
<fme:voorbehoudenParkeerplaatsen>
<fme:DEELGEMEENTE>Brugge</fme:DEELGEMEENTE>
<fme:LIGGING>Westmeers t.h.v. nrs 54-56</fme:LIGGING>
<fme:BELANG>bibliotheek Lode Zielens</fme:BELANG>
<fme:COORDINATEN>D 11</fme:COORDINATEN>
<fme:NR>89</fme:NR>
<fme:AANTAL>2</fme:AANTAL>
<fme:Aangemaakt_op>02/05/2018</fme:Aangemaakt_op>
</fme:voorbehoudenParkeerplaatsen>
<fme:voorbehoudenParkeerplaatsen>
<fme:DEELGEMEENTE>Brugge</fme:DEELGEMEENTE>
<fme:LIGGING>Wulpenstraat tgo nr. 27</fme:LIGGING>
<fme:BELANG>algemeen belang</fme:BELANG>
<fme:COORDINATEN>G 3</fme:COORDINATEN>
<fme:NR>90</fme:NR>
<fme:AANTAL>1</fme:AANTAL>
<fme:Aangemaakt_op>02/05/2018</fme:Aangemaakt_op>
</fme:voorbehoudenParkeerplaatsen>
<fme:voorbehoudenParkeerplaatsen>
<fme:DEELGEMEENTE>Brugge</fme:DEELGEMEENTE>
<fme:LIGGING>Leopold II-laan 138</fme:LIGGING>
<fme:BELANG>algemeen belang</fme:BELANG>
<fme:COORDINATEN>D 3</fme:COORDINATEN>
<fme:NR>91</fme:NR>
<fme:AANTAL>1</fme:AANTAL>
<fme:Aangemaakt_op>02/05/2018</fme:Aangemaakt_op>
</fme:voorbehoudenParkeerplaatsen>
<fme:voorbehoudenParkeerplaatsen>
<fme:DEELGEMEENTE>Brugge</fme:DEELGEMEENTE>
<fme:LIGGING>Zakske t.h.v. nr. 15/1</fme:LIGGING>
<fme:BELANG>algemeen belang</fme:BELANG>
<fme:COORDINATEN>D 7</fme:COORDINATEN>
<fme:NR>92</fme:NR>
<fme:AANTAL>1</fme:AANTAL>
<fme:Aangemaakt_op>02/05/2018</fme:Aangemaakt_op>
</fme:voorbehoudenParkeerplaatsen>
<fme:voorbehoudenParkeerplaatsen>
<fme:DEELGEMEENTE>Dudzele</fme:DEELGEMEENTE>
<fme:LIGGING>Amaat Vynckestraat - zijkant kerk</fme:LIGGING>
<fme:BELANG>kerk Dudzele</fme:BELANG>
<fme:COORDINATEN>n.o.p.</fme:COORDINATEN>
<fme:NR>93</fme:NR>
<fme:AANTAL>1</fme:AANTAL>
<fme:Aangemaakt_op>02/05/2018</fme:Aangemaakt_op>
</fme:voorbehoudenParkeerplaatsen>
<fme:voorbehoudenParkeerplaatsen>
<fme:DEELGEMEENTE>Sint-Andries</fme:DEELGEMEENTE>
<fme:LIGGING>Albert Dyserinckstraat tegenaan de Torhoutse steenweg</fme:LIGGING>
<fme:NR>313</fme:NR>
<fme:AANTAL>2</fme:AANTAL>
<fme:Aangemaakt_op>02/05/2018</fme:Aangemaakt_op>
</fme:voorbehoudenParkeerplaatsen>
<fme:voorbehoudenParkeerplaatsen>
<fme:DEELGEMEENTE>Lissewege</fme:DEELGEMEENTE>
<fme:LIGGING>Onder de Toren</fme:LIGGING>
<fme:BELANG>kerk O.L.V.Bezoeking + horeca</fme:BELANG>
<fme:COORDINATEN>n.o.p.</fme:COORDINATEN>
<fme:NR>95</fme:NR>
<fme:AANTAL>1</fme:AANTAL>
<fme:Aangemaakt_op>02/05/2018</fme:Aangemaakt_op>
</fme:voorbehoudenParkeerplaatsen>
<fme:voorbehoudenParkeerplaatsen>
<fme:DEELGEMEENTE>Sint-Andries</fme:DEELGEMEENTE>
<fme:LIGGING>Abdijbekestraat t.h.v. nr. 9</fme:LIGGING>
<fme:BELANG>Diensten Provinciebestuur</fme:BELANG>
<fme:COORDINATEN>A 12</fme:COORDINATEN>
<fme:NR>96</fme:NR>
<fme:AANTAL>1</fme:AANTAL>
<fme:Aangemaakt_op>02/05/2018</fme:Aangemaakt_op>
</fme:voorbehoudenParkeerplaatsen>
<fme:voorbehoudenParkeerplaatsen>
<fme:DEELGEMEENTE>Sint-Michiels</fme:DEELGEMEENTE>
<fme:LIGGING>Spoorwegstraat 120</fme:LIGGING>
<fme:NR>323</fme:NR>
<fme:AANTAL>1</fme:AANTAL>
<fme:Aangemaakt_op>02/05/2018</fme:Aangemaakt_op>
</fme:voorbehoudenParkeerplaatsen>
<fme:voorbehoudenParkeerplaatsen>
<fme:DEELGEMEENTE>Sint-Jozef</fme:DEELGEMEENTE>
<fme:LIGGING>Marguerite Yourecenarstraat 23</fme:LIGGING>
<fme:NR>295</fme:NR>
<fme:AANTAL>1</fme:AANTAL>
<fme:Aangemaakt_op>02/05/2018</fme:Aangemaakt_op>
</fme:voorbehoudenParkeerplaatsen>
<fme:voorbehoudenParkeerplaatsen>
<fme:DEELGEMEENTE>Sint-Andries</fme:DEELGEMEENTE>
<fme:LIGGING>Edgard De Smedtplantsoen (geordende parking aan linkerzijde Magdalenazaal)</fme:LIGGING>
<fme:BELANG>Cultuurcentrum MaZ</fme:BELANG>
<fme:COORDINATEN>A 12</fme:COORDINATEN>
<fme:NR>99</fme:NR>
<fme:AANTAL>4</fme:AANTAL>
<fme:Aangemaakt_op>02/05/2018</fme:Aangemaakt_op>
</fme:voorbehoudenParkeerplaatsen>
<fme:voorbehoudenParkeerplaatsen>
<fme:DEELGEMEENTE>Sint-Andries</fme:DEELGEMEENTE>
<fme:LIGGING>Edgard De Smedtplantsoen (geordende parking aan rechterzijde Magdalenazaal)</fme:LIGGING>
<fme:BELANG>Cultuurcentrum MaZ</fme:BELANG>
<fme:COORDINATEN>A 12</fme:COORDINATEN>
<fme:NR>100</fme:NR>
<fme:AANTAL>4</fme:AANTAL>
<fme:Aangemaakt_op>02/05/2018</fme:Aangemaakt_op>
</fme:voorbehoudenParkeerplaatsen>
<fme:voorbehoudenParkeerplaatsen>
<fme:DEELGEMEENTE>Sint-Andries</fme:DEELGEMEENTE>
<fme:LIGGING>Gistelse Steenweg t.h.v. kerk Sint-Andries</fme:LIGGING>
<fme:BELANG>Kerk Sint-Andries</fme:BELANG>
<fme:COORDINATEN>n.o.p.</fme:COORDINATEN>
<fme:NR>101</fme:NR>
<fme:AANTAL>2</fme:AANTAL>
<fme:Aangemaakt_op>02/05/2018</fme:Aangemaakt_op>
</fme:voorbehoudenParkeerplaatsen>
<fme:voorbehoudenParkeerplaatsen>
<fme:DEELGEMEENTE>Sint-Andries</fme:DEELGEMEENTE>
<fme:LIGGING>Gistelse Steenweg t.h.v. nr. 138, tegenover Diksmuidse Heirweg</fme:LIGGING>
<fme:BELANG>school + handelszaken /banken</fme:BELANG>
<fme:COORDINATEN>n.o.p.</fme:COORDINATEN>
<fme:NR>102</fme:NR>
<fme:AANTAL>1</fme:AANTAL>
<fme:Aangemaakt_op>02/05/2018</fme:Aangemaakt_op>
</fme:voorbehoudenParkeerplaatsen>
<fme:voorbehoudenParkeerplaatsen>
<fme:DEELGEMEENTE>Sint-Andries</fme:DEELGEMEENTE>
<fme:LIGGING>Gistelse Steenweg t.h.v. nr. 182</fme:LIGGING>
<fme:COORDINATEN>n.o.p.</fme:COORDINATEN>
<fme:NR>103</fme:NR>
<fme:AANTAL>1</fme:AANTAL>
<fme:Aangemaakt_op>02/05/2018</fme:Aangemaakt_op>
</fme:voorbehoudenParkeerplaatsen>
<fme:voorbehoudenParkeerplaatsen>
<fme:DEELGEMEENTE>Sint-Andries</fme:DEELGEMEENTE>
<fme:LIGGING>Gistelse Steenweg t.h.v. nr. 48</fme:LIGGING>
<fme:BELANG>algemeen belang</fme:BELANG>
<fme:COORDINATEN>A 11</fme:COORDINATEN>
<fme:NR>104</fme:NR>
<fme:AANTAL>1</fme:AANTAL>
<fme:Aangemaakt_op>02/05/2018</fme:Aangemaakt_op>
</fme:voorbehoudenParkeerplaatsen>
<fme:voorbehoudenParkeerplaatsen>
<fme:DEELGEMEENTE>Brugge</fme:DEELGEMEENTE>
<fme:LIGGING>Gentpoortstraat 43</fme:LIGGING>
<fme:NR>311</fme:NR>
<fme:AANTAL>1</fme:AANTAL>
<fme:Aangemaakt_op>02/05/2018</fme:Aangemaakt_op>
</fme:voorbehoudenParkeerplaatsen>
<fme:voorbehoudenParkeerplaatsen>
<fme:DEELGEMEENTE>Sint-Andries</fme:DEELGEMEENTE>
<fme:LIGGING>Gistelse Steenweg, parking gelegen achter het gemeentehuis, bereikbaar via Gistelse Steenweg, Albert Serreynstraat en Pastoriestraat</fme:LIGGING>
<fme:BELANG>gemeentediensten</fme:BELANG>
<fme:COORDINATEN>n.o.p.</fme:COORDINATEN>
<fme:NR>106</fme:NR>
<fme:AANTAL>2</fme:AANTAL>
<fme:Aangemaakt_op>02/05/2018</fme:Aangemaakt_op>
</fme:voorbehoudenParkeerplaatsen>
<fme:voorbehoudenParkeerplaatsen>
<fme:DEELGEMEENTE>Sint-Andries</fme:DEELGEMEENTE>
<fme:LIGGING>Hoog-Brabantlaan</fme:LIGGING>
<fme:BELANG>Provinciegebouw Abdijbeke</fme:BELANG>
<fme:COORDINATEN>n.o.p.</fme:COORDINATEN>
<fme:NR>107</fme:NR>
<fme:AANTAL>1</fme:AANTAL>
<fme:Aangemaakt_op>02/05/2018</fme:Aangemaakt_op>
</fme:voorbehoudenParkeerplaatsen>
<fme:voorbehoudenParkeerplaatsen>
<fme:DEELGEMEENTE>Sint-Andries</fme:DEELGEMEENTE>
<fme:LIGGING>Jan Breydellaan t.h.v. nr. 23</fme:LIGGING>
<fme:BELANG>OCMW-ontmoetingscentrum Jan Breydel</fme:BELANG>
<fme:COORDINATEN>A 10</fme:COORDINATEN>
<fme:NR>108</fme:NR>
<fme:AANTAL>1</fme:AANTAL>
<fme:Aangemaakt_op>02/05/2018</fme:Aangemaakt_op>
</fme:voorbehoudenParkeerplaatsen>
<fme:voorbehoudenParkeerplaatsen>
<fme:DEELGEMEENTE>Sint-Andries</fme:DEELGEMEENTE>
<fme:LIGGING>Kardinaal Cardijnstraat</fme:LIGGING>
<fme:BELANG>kerk St-Baafs</fme:BELANG>
<fme:COORDINATEN>n.o.p.</fme:COORDINATEN>
<fme:NR>109</fme:NR>
<fme:AANTAL>1</fme:AANTAL>
<fme:Aangemaakt_op>02/05/2018</fme:Aangemaakt_op>
</fme:voorbehoudenParkeerplaatsen>
<fme:voorbehoudenParkeerplaatsen>
<fme:DEELGEMEENTE>Sint-Andries</fme:DEELGEMEENTE>
<fme:LIGGING>Lange Vesting t.h.v. nr. 16</fme:LIGGING>
<fme:BELANG>algemeen belang</fme:BELANG>
<fme:COORDINATEN>A 10</fme:COORDINATEN>
<fme:NR>110</fme:NR>
<fme:AANTAL>1</fme:AANTAL>
<fme:Aangemaakt_op>02/05/2018</fme:Aangemaakt_op>
</fme:voorbehoudenParkeerplaatsen>
<fme:voorbehoudenParkeerplaatsen>
<fme:DEELGEMEENTE>Sint-Andries</fme:DEELGEMEENTE>
<fme:LIGGING>Lange Vesting tegenover nr. 90</fme:LIGGING>
<fme:BELANG>OCMW-ontmoetingscentrum Jan Breydel</fme:BELANG>
<fme:COORDINATEN>A 10</fme:COORDINATEN>
<fme:NR>111</fme:NR>
<fme:AANTAL>1</fme:AANTAL>
<fme:Aangemaakt_op>02/05/2018</fme:Aangemaakt_op>
</fme:voorbehoudenParkeerplaatsen>
<fme:voorbehoudenParkeerplaatsen>
<fme:DEELGEMEENTE>Sint-Andries</fme:DEELGEMEENTE>
<fme:LIGGING>Magdalenastraat (geordende parking voor school)</fme:LIGGING>
<fme:BELANG>Cultuurcentrum MaZ</fme:BELANG>
<fme:COORDINATEN>A 12</fme:COORDINATEN>
<fme:NR>112</fme:NR>
<fme:AANTAL>2</fme:AANTAL>
<fme:Aangemaakt_op>02/05/2018</fme:Aangemaakt_op>
</fme:voorbehoudenParkeerplaatsen>
<fme:voorbehoudenParkeerplaatsen>
<fme:LIGGING>Biezenstraat t.h.v. nr. 1</fme:LIGGING>
<fme:NR>284</fme:NR>
<fme:AANTAL>1</fme:AANTAL>
<fme:Aangemaakt_op>02/05/2018</fme:Aangemaakt_op>
</fme:voorbehoudenParkeerplaatsen>
<fme:voorbehoudenParkeerplaatsen>
<fme:DEELGEMEENTE>Sint-Andries</fme:DEELGEMEENTE>
<fme:LIGGING>Olympialaan parking tegenaan J.Breydelstadion</fme:LIGGING>
<fme:BELANG>Jan Breydelstadion</fme:BELANG>
<fme:COORDINATEN>n.o.p.</fme:COORDINATEN>
<fme:NR>114</fme:NR>
<fme:AANTAL>12</fme:AANTAL>
<fme:Aangemaakt_op>02/05/2018</fme:Aangemaakt_op>
</fme:voorbehoudenParkeerplaatsen>
<fme:voorbehoudenParkeerplaatsen>
<fme:DEELGEMEENTE>Sint-Andries</fme:DEELGEMEENTE>
<fme:LIGGING>Karel Cartonstraat 3</fme:LIGGING>
<fme:NR>299</fme:NR>
<fme:AANTAL>1</fme:AANTAL>
<fme:Aangemaakt_op>02/05/2018</fme:Aangemaakt_op>
</fme:voorbehoudenParkeerplaatsen>
<fme:voorbehoudenParkeerplaatsen>
<fme:DEELGEMEENTE>Sint-Andries</fme:DEELGEMEENTE>
<fme:LIGGING>Pastoriestraat t.h.v. nr. 288</fme:LIGGING>
<fme:COORDINATEN>n.o.p.</fme:COORDINATEN>
<fme:NR>116</fme:NR>
<fme:AANTAL>1</fme:AANTAL>
<fme:Aangemaakt_op>02/05/2018</fme:Aangemaakt_op>
</fme:voorbehoudenParkeerplaatsen>
<fme:voorbehoudenParkeerplaatsen>
<fme:DEELGEMEENTE>Sint-Andries</fme:DEELGEMEENTE>
<fme:LIGGING>Sint-Baafskerkstraat t.h.v. kerk</fme:LIGGING>
<fme:BELANG>St-Baafskerk</fme:BELANG>
<fme:COORDINATEN>n.o.p.</fme:COORDINATEN>
<fme:NR>117</fme:NR>
<fme:AANTAL>1</fme:AANTAL>
<fme:Aangemaakt_op>02/05/2018</fme:Aangemaakt_op>
</fme:voorbehoudenParkeerplaatsen>
<fme:voorbehoudenParkeerplaatsen>
<fme:DEELGEMEENTE>Sint-Andries</fme:DEELGEMEENTE>
<fme:LIGGING>Steentje t.h.v. nr. 30</fme:LIGGING>
<fme:BELANG>aangepaste sociale woningen</fme:BELANG>
<fme:COORDINATEN>n.o.p.</fme:COORDINATEN>
<fme:NR>118</fme:NR>
<fme:AANTAL>1</fme:AANTAL>
<fme:Aangemaakt_op>02/05/2018</fme:Aangemaakt_op>
</fme:voorbehoudenParkeerplaatsen>
<fme:voorbehoudenParkeerplaatsen>
<fme:DEELGEMEENTE>Sint-Andries</fme:DEELGEMEENTE>
<fme:LIGGING>Torhoutse Steenweg - Magdalenaplein</fme:LIGGING>
<fme:BELANG>winkels</fme:BELANG>
<fme:COORDINATEN>n.o.p.</fme:COORDINATEN>
<fme:NR>119</fme:NR>
<fme:AANTAL>1</fme:AANTAL>
<fme:Aangemaakt_op>02/05/2018</fme:Aangemaakt_op>
</fme:voorbehoudenParkeerplaatsen>
<fme:voorbehoudenParkeerplaatsen>
<fme:DEELGEMEENTE>Sint-Andries</fme:DEELGEMEENTE>
<fme:LIGGING>Torhoutse Steenweg t.h.v. nr. 148</fme:LIGGING>
<fme:BELANG>algemeen belang</fme:BELANG>
<fme:COORDINATEN>n.o.p.</fme:COORDINATEN>
<fme:NR>120</fme:NR>
<fme:AANTAL>1</fme:AANTAL>
<fme:Aangemaakt_op>02/05/2018</fme:Aangemaakt_op>
</fme:voorbehoudenParkeerplaatsen>
<fme:voorbehoudenParkeerplaatsen>
<fme:DEELGEMEENTE>Assebroek</fme:DEELGEMEENTE>
<fme:LIGGING>Astridlaan 50</fme:LIGGING>
<fme:NR>314</fme:NR>
<fme:AANTAL>1</fme:AANTAL>
<fme:Aangemaakt_op>02/05/2018</fme:Aangemaakt_op>
</fme:voorbehoudenParkeerplaatsen>
<fme:voorbehoudenParkeerplaatsen>
<fme:DEELGEMEENTE>Sint-Andries</fme:DEELGEMEENTE>
<fme:LIGGING>Zandstraat t.h.v. nr. 379</fme:LIGGING>
<fme:BELANG>algemeen belang</fme:BELANG>
<fme:COORDINATEN>n.o.p.</fme:COORDINATEN>
<fme:NR>122</fme:NR>
<fme:AANTAL>1</fme:AANTAL>
<fme:Aangemaakt_op>02/05/2018</fme:Aangemaakt_op>
</fme:voorbehoudenParkeerplaatsen>
<fme:voorbehoudenParkeerplaatsen>
<fme:DEELGEMEENTE>Brugge</fme:DEELGEMEENTE>
<fme:LIGGING>Oude Zak</fme:LIGGING>
<fme:NR>324</fme:NR>
<fme:AANTAL>1</fme:AANTAL>
<fme:Aangemaakt_op>02/05/2018</fme:Aangemaakt_op>
</fme:voorbehoudenParkeerplaatsen>
<fme:voorbehoudenParkeerplaatsen>
<fme:DEELGEMEENTE>Sint-Kruis</fme:DEELGEMEENTE>
<fme:LIGGING>Assebroeklaan 28</fme:LIGGING>
<fme:NR>325</fme:NR>
<fme:AANTAL>1</fme:AANTAL>
<fme:Aangemaakt_op>02/05/2018</fme:Aangemaakt_op>
</fme:voorbehoudenParkeerplaatsen>
<fme:voorbehoudenParkeerplaatsen>
<fme:DEELGEMEENTE>Sint-Jozef</fme:DEELGEMEENTE>
<fme:LIGGING>Gandhiplein</fme:LIGGING>
<fme:BELANG>bejaardenwoningen</fme:BELANG>
<fme:COORDINATEN>n.o.p.</fme:COORDINATEN>
<fme:NR>125</fme:NR>
<fme:AANTAL>1</fme:AANTAL>
<fme:Aangemaakt_op>02/05/2018</fme:Aangemaakt_op>
</fme:voorbehoudenParkeerplaatsen>
<fme:voorbehoudenParkeerplaatsen>
<fme:DEELGEMEENTE>Sint-Jozef</fme:DEELGEMEENTE>
<fme:LIGGING>Ronsaardbekestraat t.h.v. kerk</fme:LIGGING>
<fme:BELANG>kerk Sint-Jozef</fme:BELANG>
<fme:COORDINATEN>H 1</fme:COORDINATEN>
<fme:NR>129</fme:NR>
<fme:AANTAL>1</fme:AANTAL>
<fme:Aangemaakt_op>02/05/2018</fme:Aangemaakt_op>
</fme:voorbehoudenParkeerplaatsen>
<fme:voorbehoudenParkeerplaatsen>
<fme:DEELGEMEENTE>Sint-Kruis</fme:DEELGEMEENTE>
<fme:LIGGING>Brugse Mettenstraat t.h.v. nr. 29</fme:LIGGING>
<fme:BELANG>algemeen belang</fme:BELANG>
<fme:COORDINATEN>J 6</fme:COORDINATEN>
<fme:NR>131</fme:NR>
<fme:AANTAL>1</fme:AANTAL>
<fme:Aangemaakt_op>02/05/2018</fme:Aangemaakt_op>
</fme:voorbehoudenParkeerplaatsen>
<fme:voorbehoudenParkeerplaatsen>
<fme:DEELGEMEENTE>Sint-Kruis</fme:DEELGEMEENTE>
<fme:LIGGING>Julius Delaplacestraat t.h. v. nr. 66</fme:LIGGING>
<fme:BELANG>Orthopedie De Pr?tre</fme:BELANG>
<fme:COORDINATEN>J 5</fme:COORDINATEN>
<fme:NR>133</fme:NR>
<fme:AANTAL>1</fme:AANTAL>
<fme:Aangemaakt_op>02/05/2018</fme:Aangemaakt_op>
</fme:voorbehoudenParkeerplaatsen>
<fme:voorbehoudenParkeerplaatsen>
<fme:DEELGEMEENTE>Sint-Kruis</fme:DEELGEMEENTE>
<fme:LIGGING>Lopez Gallostraat t.h.v. nr. 21</fme:LIGGING>
<fme:BELANG>algemeen belang</fme:BELANG>
<fme:COORDINATEN>n.o.p.</fme:COORDINATEN>
<fme:NR>135</fme:NR>
<fme:AANTAL>1</fme:AANTAL>
<fme:Aangemaakt_op>02/05/2018</fme:Aangemaakt_op>
</fme:voorbehoudenParkeerplaatsen>
</fme:voorbehoudenParkeerplaatsen-table>
</fme:xml-tables>