<?xml version="1.0" encoding="UTF-8"?>
<fme:xml-tables xmlns:xsi="http://www.w3.org/2001/XMLSchema-instance" xmlns:fme="http://www.safe.com/xml/xmltables" xsi:schemaLocation="http://www.safe.com/xml/xmltables BP01.xsd">
<fme:BP01-table>
<fme:BP01>
<fme:ID>BP01</fme:ID>
<fme:Parameter>6/03/2017</fme:Parameter>
<fme:Temperatuu>6,7</fme:Temperatuu>
<fme:Zuurstof__>-</fme:Zuurstof__>
<fme:Zuurstofpe>85</fme:Zuurstofpe>
<fme:pH__6_>7,9</fme:pH__6_>
<fme:Ammonium__>0,55</fme:Ammonium__>
<fme:Nitraat__1>0,91</fme:Nitraat__1>
<fme:Orthofosfa>0,39</fme:Orthofosfa>
<fme:Chloride__>221</fme:Chloride__>
<fme:BOD__23_>2,845</fme:BOD__23_>
<fme:COD__24_>22,743</fme:COD__24_>
<fme:TOC__25_>8,3</fme:TOC__25_>
<fme:Totaal_sti>2,5</fme:Totaal_sti>
<fme:Sulfaat__1>89</fme:Sulfaat__1>
<fme:Zware_meta/>
<fme:Lood/>
<fme:Zink/>
<fme:Chroom/>
<fme:Basis_Prat>2,266183076</fme:Basis_Prat>
<fme:Totale_Pra>1,751616153</fme:Totale_Pra>
<fme:csv_line_n>4</fme:csv_line_n>
<fme:Nummer>BP01</fme:Nummer>
<fme:Naam>Graaf Jansader</fme:Naam>
<fme:Ligging_me/>
<fme:Centrum>nee</fme:Centrum>
<fme:TPI04>3.3</fme:TPI04>
<fme:TPI05>3.1</fme:TPI05>
<fme:TPI06>3</fme:TPI06>
<fme:TPI07>3</fme:TPI07>
<fme:TPI08>2.7</fme:TPI08>
<fme:Aangemaakt_op>07/11/2018</fme:Aangemaakt_op>
</fme:BP01>
<fme:BP01>
<fme:ID>BP01</fme:ID>
<fme:Parameter>24/04/2017</fme:Parameter>
<fme:Temperatuu>12,8</fme:Temperatuu>
<fme:Zuurstof__>-</fme:Zuurstof__>
<fme:Zuurstofpe>111,8</fme:Zuurstofpe>
<fme:pH__6_>8</fme:pH__6_>
<fme:Ammonium__>0,07</fme:Ammonium__>
<fme:Nitraat__1>2,89</fme:Nitraat__1>
<fme:Orthofosfa>0,01</fme:Orthofosfa>
<fme:Chloride__>435</fme:Chloride__>
<fme:BOD__23_>2,575</fme:BOD__23_>
<fme:COD__24_>18,765</fme:COD__24_>
<fme:TOC__25_>6,5</fme:TOC__25_>
<fme:Totaal_sti>4</fme:Totaal_sti>
<fme:Sulfaat__1>152</fme:Sulfaat__1>
<fme:Zware_meta/>
<fme:Lood/>
<fme:Zink/>
<fme:Chroom/>
<fme:Basis_Prat>1,241203158</fme:Basis_Prat>
<fme:Totale_Pra>1,42095198</fme:Totale_Pra>
<fme:csv_line_n>5</fme:csv_line_n>
<fme:Nummer>BP01</fme:Nummer>
<fme:Naam>Graaf Jansader</fme:Naam>
<fme:Ligging_me/>
<fme:Centrum>nee</fme:Centrum>
<fme:TPI04>3.3</fme:TPI04>
<fme:TPI05>3.1</fme:TPI05>
<fme:TPI06>3</fme:TPI06>
<fme:TPI07>3</fme:TPI07>
<fme:TPI08>2.7</fme:TPI08>
<fme:Aangemaakt_op>07/11/2018</fme:Aangemaakt_op>
</fme:BP01>
<fme:BP01>
<fme:ID>BP01</fme:ID>
<fme:Parameter>3/07/2017</fme:Parameter>
<fme:Temperatuu>20,3</fme:Temperatuu>
<fme:Zuurstof__>-</fme:Zuurstof__>
<fme:Zuurstofpe>164,7</fme:Zuurstofpe>
<fme:pH__6_>8,7</fme:pH__6_>
<fme:Ammonium__>0,05</fme:Ammonium__>
<fme:Nitraat__1>0,03</fme:Nitraat__1>
<fme:Orthofosfa>0,19</fme:Orthofosfa>
<fme:Chloride__>800</fme:Chloride__>
<fme:BOD__23_>2,6605</fme:BOD__23_>
<fme:COD__24_>20,0247</fme:COD__24_>
<fme:TOC__25_>7,07</fme:TOC__25_>
<fme:Totaal_sti>0,79</fme:Totaal_sti>
<fme:Sulfaat__1>191</fme:Sulfaat__1>
<fme:Zware_meta/>
<fme:Lood/>
<fme:Zink/>
<fme:Chroom/>
<fme:Basis_Prat>2,636179529</fme:Basis_Prat>
<fme:Totale_Pra>2,114730666</fme:Totale_Pra>
<fme:csv_line_n>6</fme:csv_line_n>
<fme:Nummer>BP01</fme:Nummer>
<fme:Naam>Graaf Jansader</fme:Naam>
<fme:Ligging_me/>
<fme:Centrum>nee</fme:Centrum>
<fme:TPI04>3.3</fme:TPI04>
<fme:TPI05>3.1</fme:TPI05>
<fme:TPI06>3</fme:TPI06>
<fme:TPI07>3</fme:TPI07>
<fme:TPI08>2.7</fme:TPI08>
<fme:Aangemaakt_op>07/11/2018</fme:Aangemaakt_op>
</fme:BP01>
<fme:BP01>
<fme:ID>BP01</fme:ID>
<fme:Parameter>12/09/2017</fme:Parameter>
<fme:Temperatuu>14,2</fme:Temperatuu>
<fme:Zuurstof__>-</fme:Zuurstof__>
<fme:Zuurstofpe>35,3</fme:Zuurstofpe>
<fme:pH__6_>7,6</fme:pH__6_>
<fme:Ammonium__>0,88</fme:Ammonium__>
<fme:Nitraat__1/>
<fme:Orthofosfa>0,24</fme:Orthofosfa>
<fme:Chloride__>190</fme:Chloride__>
<fme:BOD__23_>2,653</fme:BOD__23_>
<fme:COD__24_>19,9142</fme:COD__24_>
<fme:TOC__25_>7,02</fme:TOC__25_>
<fme:Totaal_sti>1,9</fme:Totaal_sti>
<fme:Sulfaat__1>104</fme:Sulfaat__1>
<fme:Zware_meta/>
<fme:Lood/>
<fme:Zink/>
<fme:Chroom/>
<fme:Basis_Prat>4,01454288</fme:Basis_Prat>
<fme:Totale_Pra>2,834459061</fme:Totale_Pra>
<fme:csv_line_n>7</fme:csv_line_n>
<fme:Nummer>BP01</fme:Nummer>
<fme:Naam>Graaf Jansader</fme:Naam>
<fme:Ligging_me/>
<fme:Centrum>nee</fme:Centrum>
<fme:TPI04>3.3</fme:TPI04>
<fme:TPI05>3.1</fme:TPI05>
<fme:TPI06>3</fme:TPI06>
<fme:TPI07>3</fme:TPI07>
<fme:TPI08>2.7</fme:TPI08>
<fme:Aangemaakt_op>07/11/2018</fme:Aangemaakt_op>
</fme:BP01>
<fme:BP01>
<fme:ID>BP01</fme:ID>
<fme:Parameter>13/11/2017</fme:Parameter>
<fme:Temperatuu>7,5</fme:Temperatuu>
<fme:Zuurstof__>-</fme:Zuurstof__>
<fme:Zuurstofpe>74,8</fme:Zuurstofpe>
<fme:pH__6_>7,8</fme:pH__6_>
<fme:Ammonium__>0,66</fme:Ammonium__>
<fme:Nitraat__1>0,62</fme:Nitraat__1>
<fme:Orthofosfa/>
<fme:Chloride__>8480</fme:Chloride__>
<fme:BOD__23_>2,455</fme:BOD__23_>
<fme:COD__24_>16,997</fme:COD__24_>
<fme:TOC__25_>5,7</fme:TOC__25_>
<fme:Totaal_sti>1,9</fme:Totaal_sti>
<fme:Sulfaat__1>1190</fme:Sulfaat__1>
<fme:Zware_meta/>
<fme:Lood/>
<fme:Zink/>
<fme:Chroom/>
<fme:Basis_Prat>2,482015087</fme:Basis_Prat>
<fme:Totale_Pra>1,751805205</fme:Totale_Pra>
<fme:csv_line_n>8</fme:csv_line_n>
<fme:Nummer>BP01</fme:Nummer>
<fme:Naam>Graaf Jansader</fme:Naam>
<fme:Ligging_me/>
<fme:Centrum>nee</fme:Centrum>
<fme:TPI04>3.3</fme:TPI04>
<fme:TPI05>3.1</fme:TPI05>
<fme:TPI06>3</fme:TPI06>
<fme:TPI07>3</fme:TPI07>
<fme:TPI08>2.7</fme:TPI08>
<fme:Aangemaakt_op>07/11/2018</fme:Aangemaakt_op>
</fme:BP01>
</fme:BP01-table>
</fme:xml-tables>