<?xml version="1.0" encoding="UTF-8"?>
<fme:xml-tables xmlns:xsi="http://www.w3.org/2001/XMLSchema-instance" xmlns:fme="http://www.safe.com/xml/xmltables" xsi:schemaLocation="http://www.safe.com/xml/xmltables BP02.xsd">
<fme:BP02-table>
<fme:BP02>
<fme:ID>BP02</fme:ID>
<fme:Parameter>6/03/2017</fme:Parameter>
<fme:Temperatuu>6,5</fme:Temperatuu>
<fme:Zuurstof__>-</fme:Zuurstof__>
<fme:Zuurstofpe>88,1</fme:Zuurstofpe>
<fme:pH__6_>7,8</fme:pH__6_>
<fme:Ammonium__>0,29</fme:Ammonium__>
<fme:Nitraat__1>0,81</fme:Nitraat__1>
<fme:Orthofosfa>0,48</fme:Orthofosfa>
<fme:Chloride__>422</fme:Chloride__>
<fme:BOD__23_>3,505</fme:BOD__23_>
<fme:COD__24_>32,467</fme:COD__24_>
<fme:TOC__25_>12,7</fme:TOC__25_>
<fme:Totaal_sti>2,5</fme:Totaal_sti>
<fme:Sulfaat__1>94</fme:Sulfaat__1>
<fme:Zware_meta/>
<fme:Lood/>
<fme:Zink/>
<fme:Chroom/>
<fme:Basis_Prat>2,138922206</fme:Basis_Prat>
<fme:Totale_Pra>1,721108104</fme:Totale_Pra>
<fme:csv_line_n>4</fme:csv_line_n>
<fme:Nummer>BP02</fme:Nummer>
<fme:Naam>Sint Jansader</fme:Naam>
<fme:Ligging_me/>
<fme:Centrum>nee</fme:Centrum>
<fme:TPI04>2.9</fme:TPI04>
<fme:TPI05>3.1</fme:TPI05>
<fme:TPI06>2.4</fme:TPI06>
<fme:TPI07>3.2</fme:TPI07>
<fme:TPI08>2.8</fme:TPI08>
<fme:Aangemaakt_op>07/11/2018</fme:Aangemaakt_op>
</fme:BP02>
<fme:BP02>
<fme:ID>BP02</fme:ID>
<fme:Parameter>24/04/2017</fme:Parameter>
<fme:Temperatuu>12,7</fme:Temperatuu>
<fme:Zuurstof__>-</fme:Zuurstof__>
<fme:Zuurstofpe>107</fme:Zuurstofpe>
<fme:pH__6_>7,9</fme:pH__6_>
<fme:Ammonium__>0,03</fme:Ammonium__>
<fme:Nitraat__1>0,07</fme:Nitraat__1>
<fme:Orthofosfa>0,1</fme:Orthofosfa>
<fme:Chloride__>427</fme:Chloride__>
<fme:BOD__23_>3,43</fme:BOD__23_>
<fme:COD__24_>31,362</fme:COD__24_>
<fme:TOC__25_>12,2</fme:TOC__25_>
<fme:Totaal_sti>1,9</fme:Totaal_sti>
<fme:Sulfaat__1>121</fme:Sulfaat__1>
<fme:Zware_meta/>
<fme:Lood/>
<fme:Zink/>
<fme:Chroom/>
<fme:Basis_Prat>1,408263394</fme:Basis_Prat>
<fme:Totale_Pra>1,253325187</fme:Totale_Pra>
<fme:csv_line_n>5</fme:csv_line_n>
<fme:Nummer>BP02</fme:Nummer>
<fme:Naam>Sint Jansader</fme:Naam>
<fme:Ligging_me/>
<fme:Centrum>nee</fme:Centrum>
<fme:TPI04>2.9</fme:TPI04>
<fme:TPI05>3.1</fme:TPI05>
<fme:TPI06>2.4</fme:TPI06>
<fme:TPI07>3.2</fme:TPI07>
<fme:TPI08>2.8</fme:TPI08>
<fme:Aangemaakt_op>07/11/2018</fme:Aangemaakt_op>
</fme:BP02>
<fme:BP02>
<fme:ID>BP02</fme:ID>
<fme:Parameter>3/07/2017</fme:Parameter>
<fme:Temperatuu>19,2</fme:Temperatuu>
<fme:Zuurstof__>-</fme:Zuurstof__>
<fme:Zuurstofpe>29,2</fme:Zuurstofpe>
<fme:pH__6_>8</fme:pH__6_>
<fme:Ammonium__>0,93</fme:Ammonium__>
<fme:Nitraat__1>0,22</fme:Nitraat__1>
<fme:Orthofosfa>0,26</fme:Orthofosfa>
<fme:Chloride__>730</fme:Chloride__>
<fme:BOD__23_>2,446</fme:BOD__23_>
<fme:COD__24_>16,8644</fme:COD__24_>
<fme:TOC__25_>5,64</fme:TOC__25_>
<fme:Totaal_sti>1,8</fme:Totaal_sti>
<fme:Sulfaat__1>178</fme:Sulfaat__1>
<fme:Zware_meta/>
<fme:Lood/>
<fme:Zink/>
<fme:Chroom/>
<fme:Basis_Prat>4,251062286</fme:Basis_Prat>
<fme:Totale_Pra>2,632207408</fme:Totale_Pra>
<fme:csv_line_n>6</fme:csv_line_n>
<fme:Nummer>BP02</fme:Nummer>
<fme:Naam>Sint Jansader</fme:Naam>
<fme:Ligging_me/>
<fme:Centrum>nee</fme:Centrum>
<fme:TPI04>2.9</fme:TPI04>
<fme:TPI05>3.1</fme:TPI05>
<fme:TPI06>2.4</fme:TPI06>
<fme:TPI07>3.2</fme:TPI07>
<fme:TPI08>2.8</fme:TPI08>
<fme:Aangemaakt_op>07/11/2018</fme:Aangemaakt_op>
</fme:BP02>
<fme:BP02>
<fme:ID>BP02</fme:ID>
<fme:Parameter>12/09/2017</fme:Parameter>
<fme:Temperatuu>13,6</fme:Temperatuu>
<fme:Zuurstof__>-</fme:Zuurstof__>
<fme:Zuurstofpe>39,5</fme:Zuurstofpe>
<fme:pH__6_>7,7</fme:pH__6_>
<fme:Ammonium__>1,6</fme:Ammonium__>
<fme:Nitraat__1/>
<fme:Orthofosfa>0,61</fme:Orthofosfa>
<fme:Chloride__>265</fme:Chloride__>
<fme:BOD__23_>3,475</fme:BOD__23_>
<fme:COD__24_>32,025</fme:COD__24_>
<fme:TOC__25_>12,5</fme:TOC__25_>
<fme:Totaal_sti>3,2</fme:Totaal_sti>
<fme:Sulfaat__1>78</fme:Sulfaat__1>
<fme:Zware_meta/>
<fme:Lood/>
<fme:Zink/>
<fme:Chroom/>
<fme:Basis_Prat>4,931092387</fme:Basis_Prat>
<fme:Totale_Pra>3,519988765</fme:Totale_Pra>
<fme:csv_line_n>7</fme:csv_line_n>
<fme:Nummer>BP02</fme:Nummer>
<fme:Naam>Sint Jansader</fme:Naam>
<fme:Ligging_me/>
<fme:Centrum>nee</fme:Centrum>
<fme:TPI04>2.9</fme:TPI04>
<fme:TPI05>3.1</fme:TPI05>
<fme:TPI06>2.4</fme:TPI06>
<fme:TPI07>3.2</fme:TPI07>
<fme:TPI08>2.8</fme:TPI08>
<fme:Aangemaakt_op>07/11/2018</fme:Aangemaakt_op>
</fme:BP02>
<fme:BP02>
<fme:ID>BP02</fme:ID>
<fme:Parameter>13/11/2017</fme:Parameter>
<fme:Temperatuu>8,5</fme:Temperatuu>
<fme:Zuurstof__>-</fme:Zuurstof__>
<fme:Zuurstofpe>63,7</fme:Zuurstofpe>
<fme:pH__6_>8</fme:pH__6_>
<fme:Ammonium__>3,9</fme:Ammonium__>
<fme:Nitraat__1>0,78</fme:Nitraat__1>
<fme:Orthofosfa/>
<fme:Chloride__>5790</fme:Chloride__>
<fme:BOD__23_>2,905</fme:BOD__23_>
<fme:COD__24_>23,627</fme:COD__24_>
<fme:TOC__25_>8,7</fme:TOC__25_>
<fme:Totaal_sti>6,6</fme:Totaal_sti>
<fme:Sulfaat__1>810</fme:Sulfaat__1>
<fme:Zware_meta/>
<fme:Lood/>
<fme:Zink/>
<fme:Chroom/>
<fme:Basis_Prat>5,578129125</fme:Basis_Prat>
<fme:Totale_Pra>3,430378032</fme:Totale_Pra>
<fme:csv_line_n>8</fme:csv_line_n>
<fme:Nummer>BP02</fme:Nummer>
<fme:Naam>Sint Jansader</fme:Naam>
<fme:Ligging_me/>
<fme:Centrum>nee</fme:Centrum>
<fme:TPI04>2.9</fme:TPI04>
<fme:TPI05>3.1</fme:TPI05>
<fme:TPI06>2.4</fme:TPI06>
<fme:TPI07>3.2</fme:TPI07>
<fme:TPI08>2.8</fme:TPI08>
<fme:Aangemaakt_op>07/11/2018</fme:Aangemaakt_op>
</fme:BP02>
</fme:BP02-table>
</fme:xml-tables>