<?xml version="1.0" encoding="UTF-8"?>
<fme:xml-tables xmlns:xsi="http://www.w3.org/2001/XMLSchema-instance" xmlns:fme="http://www.safe.com/xml/xmltables" xsi:schemaLocation="http://www.safe.com/xml/xmltables BP03.xsd">
<fme:BP03-table>
<fme:BP03>
<fme:ID>BP03</fme:ID>
<fme:Parameter>6/03/2017</fme:Parameter>
<fme:Temperatuu>7,1</fme:Temperatuu>
<fme:Zuurstof__>-</fme:Zuurstof__>
<fme:Zuurstofpe>86,4</fme:Zuurstofpe>
<fme:pH__6_>7,8</fme:pH__6_>
<fme:Ammonium__>1,3</fme:Ammonium__>
<fme:Nitraat__1>0,9</fme:Nitraat__1>
<fme:Orthofosfa>0,32</fme:Orthofosfa>
<fme:Chloride__>198</fme:Chloride__>
<fme:BOD__23_>3,07</fme:BOD__23_>
<fme:COD__24_>26,058</fme:COD__24_>
<fme:TOC__25_>9,8</fme:TOC__25_>
<fme:Totaal_sti>4,3</fme:Totaal_sti>
<fme:Sulfaat__1>61</fme:Sulfaat__1>
<fme:Zware_meta/>
<fme:Lood/>
<fme:Zink/>
<fme:Chroom/>
<fme:Basis_Prat>3,139960151</fme:Basis_Prat>
<fme:Totale_Pra>2,184005999</fme:Totale_Pra>
<fme:csv_line_n>4</fme:csv_line_n>
<fme:Nummer>BP03</fme:Nummer>
<fme:Naam>Lange Smalle Watergang 1</fme:Naam>
<fme:Ligging_me/>
<fme:Centrum>nee</fme:Centrum>
<fme:TPI04>2.6</fme:TPI04>
<fme:TPI05>2.6</fme:TPI05>
<fme:TPI06>2</fme:TPI06>
<fme:TPI07>3.2</fme:TPI07>
<fme:TPI08>2.6</fme:TPI08>
<fme:Aangemaakt_op>07/11/2018</fme:Aangemaakt_op>
</fme:BP03>
<fme:BP03>
<fme:ID>BP03</fme:ID>
<fme:Parameter>24/04/2017</fme:Parameter>
<fme:Temperatuu>12,5</fme:Temperatuu>
<fme:Zuurstof__>-</fme:Zuurstof__>
<fme:Zuurstofpe>129,6</fme:Zuurstofpe>
<fme:pH__6_>8,1</fme:pH__6_>
<fme:Ammonium__>0,37</fme:Ammonium__>
<fme:Nitraat__1>2,27</fme:Nitraat__1>
<fme:Orthofosfa>0,01</fme:Orthofosfa>
<fme:Chloride__>355</fme:Chloride__>
<fme:BOD__23_>2,89</fme:BOD__23_>
<fme:COD__24_>23,406</fme:COD__24_>
<fme:TOC__25_>8,6</fme:TOC__25_>
<fme:Totaal_sti>4,3</fme:Totaal_sti>
<fme:Sulfaat__1>135</fme:Sulfaat__1>
<fme:Zware_meta/>
<fme:Lood/>
<fme:Zink/>
<fme:Chroom/>
<fme:Basis_Prat>2,431992477</fme:Basis_Prat>
<fme:Totale_Pra>2,037140045</fme:Totale_Pra>
<fme:csv_line_n>5</fme:csv_line_n>
<fme:Nummer>BP03</fme:Nummer>
<fme:Naam>Lange Smalle Watergang 1</fme:Naam>
<fme:Ligging_me/>
<fme:Centrum>nee</fme:Centrum>
<fme:TPI04>2.6</fme:TPI04>
<fme:TPI05>2.6</fme:TPI05>
<fme:TPI06>2</fme:TPI06>
<fme:TPI07>3.2</fme:TPI07>
<fme:TPI08>2.6</fme:TPI08>
<fme:Aangemaakt_op>07/11/2018</fme:Aangemaakt_op>
</fme:BP03>
<fme:BP03>
<fme:ID>BP03</fme:ID>
<fme:Parameter>3/07/2017</fme:Parameter>
<fme:Temperatuu>19,5</fme:Temperatuu>
<fme:Zuurstof__>-</fme:Zuurstof__>
<fme:Zuurstofpe>45</fme:Zuurstofpe>
<fme:pH__6_>7,7</fme:pH__6_>
<fme:Ammonium__>1,11</fme:Ammonium__>
<fme:Nitraat__1>0,2</fme:Nitraat__1>
<fme:Orthofosfa>0,26</fme:Orthofosfa>
<fme:Chloride__>730</fme:Chloride__>
<fme:BOD__23_>2,3245</fme:BOD__23_>
<fme:COD__24_>15,0743</fme:COD__24_>
<fme:TOC__25_>4,83</fme:TOC__25_>
<fme:Totaal_sti>1,8</fme:Totaal_sti>
<fme:Sulfaat__1>177</fme:Sulfaat__1>
<fme:Zware_meta/>
<fme:Lood/>
<fme:Zink/>
<fme:Chroom/>
<fme:Basis_Prat>3,72140021</fme:Basis_Prat>
<fme:Totale_Pra>2,264886694</fme:Totale_Pra>
<fme:csv_line_n>6</fme:csv_line_n>
<fme:Nummer>BP03</fme:Nummer>
<fme:Naam>Lange Smalle Watergang 1</fme:Naam>
<fme:Ligging_me/>
<fme:Centrum>nee</fme:Centrum>
<fme:TPI04>2.6</fme:TPI04>
<fme:TPI05>2.6</fme:TPI05>
<fme:TPI06>2</fme:TPI06>
<fme:TPI07>3.2</fme:TPI07>
<fme:TPI08>2.6</fme:TPI08>
<fme:Aangemaakt_op>07/11/2018</fme:Aangemaakt_op>
</fme:BP03>
<fme:BP03>
<fme:ID>BP03</fme:ID>
<fme:Parameter>12/09/2017</fme:Parameter>
<fme:Temperatuu>15,1</fme:Temperatuu>
<fme:Zuurstof__>-</fme:Zuurstof__>
<fme:Zuurstofpe>34</fme:Zuurstofpe>
<fme:pH__6_>7,7</fme:pH__6_>
<fme:Ammonium__>1,9</fme:Ammonium__>
<fme:Nitraat__1/>
<fme:Orthofosfa>0,32</fme:Orthofosfa>
<fme:Chloride__>641</fme:Chloride__>
<fme:BOD__23_>3,025</fme:BOD__23_>
<fme:COD__24_>25,395</fme:COD__24_>
<fme:TOC__25_>9,5</fme:TOC__25_>
<fme:Totaal_sti>3,6</fme:Totaal_sti>
<fme:Sulfaat__1>135</fme:Sulfaat__1>
<fme:Zware_meta/>
<fme:Lood/>
<fme:Zink/>
<fme:Chroom/>
<fme:Basis_Prat>5,189240627</fme:Basis_Prat>
<fme:Totale_Pra>3,61487771</fme:Totale_Pra>
<fme:csv_line_n>7</fme:csv_line_n>
<fme:Nummer>BP03</fme:Nummer>
<fme:Naam>Lange Smalle Watergang 1</fme:Naam>
<fme:Ligging_me/>
<fme:Centrum>nee</fme:Centrum>
<fme:TPI04>2.6</fme:TPI04>
<fme:TPI05>2.6</fme:TPI05>
<fme:TPI06>2</fme:TPI06>
<fme:TPI07>3.2</fme:TPI07>
<fme:TPI08>2.6</fme:TPI08>
<fme:Aangemaakt_op>07/11/2018</fme:Aangemaakt_op>
</fme:BP03>
<fme:BP03>
<fme:ID>BP03</fme:ID>
<fme:Parameter>13/11/2017</fme:Parameter>
<fme:Temperatuu>9,3</fme:Temperatuu>
<fme:Zuurstof__>-</fme:Zuurstof__>
<fme:Zuurstofpe>85,4</fme:Zuurstofpe>
<fme:pH__6_>7,9</fme:pH__6_>
<fme:Ammonium__>2,05</fme:Ammonium__>
<fme:Nitraat__1>0,72</fme:Nitraat__1>
<fme:Orthofosfa/>
<fme:Chloride__>5930</fme:Chloride__>
<fme:BOD__23_>2,785</fme:BOD__23_>
<fme:COD__24_>21,859</fme:COD__24_>
<fme:TOC__25_>7,9</fme:TOC__25_>
<fme:Totaal_sti>4,5</fme:Totaal_sti>
<fme:Sulfaat__1>880</fme:Sulfaat__1>
<fme:Zware_meta/>
<fme:Lood/>
<fme:Zink/>
<fme:Chroom/>
<fme:Basis_Prat>3,663534496</fme:Basis_Prat>
<fme:Totale_Pra>2,420587321</fme:Totale_Pra>
<fme:csv_line_n>8</fme:csv_line_n>
<fme:Nummer>BP03</fme:Nummer>
<fme:Naam>Lange Smalle Watergang 1</fme:Naam>
<fme:Ligging_me/>
<fme:Centrum>nee</fme:Centrum>
<fme:TPI04>2.6</fme:TPI04>
<fme:TPI05>2.6</fme:TPI05>
<fme:TPI06>2</fme:TPI06>
<fme:TPI07>3.2</fme:TPI07>
<fme:TPI08>2.6</fme:TPI08>
<fme:Aangemaakt_op>07/11/2018</fme:Aangemaakt_op>
</fme:BP03>
</fme:BP03-table>
</fme:xml-tables>