<?xml version="1.0" encoding="UTF-8"?>
<fme:xml-tables xmlns:xsi="http://www.w3.org/2001/XMLSchema-instance" xmlns:fme="http://www.safe.com/xml/xmltables" xsi:schemaLocation="http://www.safe.com/xml/xmltables BP04.xsd">
<fme:BP04-table>
<fme:BP04>
<fme:ID>BP04</fme:ID>
<fme:Parameter>6/03/2017</fme:Parameter>
<fme:Temperatuu>7,3</fme:Temperatuu>
<fme:Zuurstof__>-</fme:Zuurstof__>
<fme:Zuurstofpe>73,6</fme:Zuurstofpe>
<fme:pH__6_>7,6</fme:pH__6_>
<fme:Ammonium__>0,24</fme:Ammonium__>
<fme:Nitraat__1>2,41</fme:Nitraat__1>
<fme:Orthofosfa>0,21</fme:Orthofosfa>
<fme:Chloride__>130</fme:Chloride__>
<fme:BOD__23_>2,8</fme:BOD__23_>
<fme:COD__24_>22,08</fme:COD__24_>
<fme:TOC__25_>8</fme:TOC__25_>
<fme:Totaal_sti>3,5</fme:Totaal_sti>
<fme:Sulfaat__1>88</fme:Sulfaat__1>
<fme:Zware_meta/>
<fme:Lood/>
<fme:Zink/>
<fme:Chroom/>
<fme:Basis_Prat>2,095991037</fme:Basis_Prat>
<fme:Totale_Pra>1,728976991</fme:Totale_Pra>
<fme:csv_line_n>4</fme:csv_line_n>
<fme:Nummer>BP04</fme:Nummer>
<fme:Naam>Lange Smalle Watergang 2</fme:Naam>
<fme:Ligging_me/>
<fme:Centrum>nee</fme:Centrum>
<fme:TPI04>2.6</fme:TPI04>
<fme:TPI05>3.1</fme:TPI05>
<fme:TPI06>3.7</fme:TPI06>
<fme:TPI07>2.4</fme:TPI07>
<fme:TPI08>2.6</fme:TPI08>
<fme:Aangemaakt_op>07/11/2018</fme:Aangemaakt_op>
</fme:BP04>
<fme:BP04>
<fme:ID>BP04</fme:ID>
<fme:Parameter>24/04/2017</fme:Parameter>
<fme:Temperatuu>12,3</fme:Temperatuu>
<fme:Zuurstof__>-</fme:Zuurstof__>
<fme:Zuurstofpe>173,9</fme:Zuurstofpe>
<fme:pH__6_>8,1</fme:pH__6_>
<fme:Ammonium__>0,04</fme:Ammonium__>
<fme:Nitraat__1>1,18</fme:Nitraat__1>
<fme:Orthofosfa>0,01</fme:Orthofosfa>
<fme:Chloride__>346</fme:Chloride__>
<fme:BOD__23_>2,83</fme:BOD__23_>
<fme:COD__24_>22,522</fme:COD__24_>
<fme:TOC__25_>8,2</fme:TOC__25_>
<fme:Totaal_sti>2,5</fme:Totaal_sti>
<fme:Sulfaat__1>134</fme:Sulfaat__1>
<fme:Zware_meta/>
<fme:Lood/>
<fme:Zink/>
<fme:Chroom/>
<fme:Basis_Prat>2,93273892</fme:Basis_Prat>
<fme:Totale_Pra>2,179779236</fme:Totale_Pra>
<fme:csv_line_n>5</fme:csv_line_n>
<fme:Nummer>BP04</fme:Nummer>
<fme:Naam>Lange Smalle Watergang 2</fme:Naam>
<fme:Ligging_me/>
<fme:Centrum>nee</fme:Centrum>
<fme:TPI04>2.6</fme:TPI04>
<fme:TPI05>3.1</fme:TPI05>
<fme:TPI06>3.7</fme:TPI06>
<fme:TPI07>2.4</fme:TPI07>
<fme:TPI08>2.6</fme:TPI08>
<fme:Aangemaakt_op>07/11/2018</fme:Aangemaakt_op>
</fme:BP04>
<fme:BP04>
<fme:ID>BP04</fme:ID>
<fme:Parameter>3/07/2017</fme:Parameter>
<fme:Temperatuu>18,4</fme:Temperatuu>
<fme:Zuurstof__>-</fme:Zuurstof__>
<fme:Zuurstofpe>29,1</fme:Zuurstofpe>
<fme:pH__6_>7,7</fme:pH__6_>
<fme:Ammonium__>0,49</fme:Ammonium__>
<fme:Nitraat__1>0,09</fme:Nitraat__1>
<fme:Orthofosfa>0,18</fme:Orthofosfa>
<fme:Chloride__>770</fme:Chloride__>
<fme:BOD__23_>2,515</fme:BOD__23_>
<fme:COD__24_>17,881</fme:COD__24_>
<fme:TOC__25_>6,1</fme:TOC__25_>
<fme:Totaal_sti>1,22</fme:Totaal_sti>
<fme:Sulfaat__1>180</fme:Sulfaat__1>
<fme:Zware_meta/>
<fme:Lood/>
<fme:Zink/>
<fme:Chroom/>
<fme:Basis_Prat>3,775544884</fme:Basis_Prat>
<fme:Totale_Pra>2,287662304</fme:Totale_Pra>
<fme:csv_line_n>6</fme:csv_line_n>
<fme:Nummer>BP04</fme:Nummer>
<fme:Naam>Lange Smalle Watergang 2</fme:Naam>
<fme:Ligging_me/>
<fme:Centrum>nee</fme:Centrum>
<fme:TPI04>2.6</fme:TPI04>
<fme:TPI05>3.1</fme:TPI05>
<fme:TPI06>3.7</fme:TPI06>
<fme:TPI07>2.4</fme:TPI07>
<fme:TPI08>2.6</fme:TPI08>
<fme:Aangemaakt_op>07/11/2018</fme:Aangemaakt_op>
</fme:BP04>
<fme:BP04>
<fme:ID>BP04</fme:ID>
<fme:Parameter>12/09/2017</fme:Parameter>
<fme:Temperatuu>14,8</fme:Temperatuu>
<fme:Zuurstof__>-</fme:Zuurstof__>
<fme:Zuurstofpe>1,6</fme:Zuurstofpe>
<fme:pH__6_>7,4</fme:pH__6_>
<fme:Ammonium__>0,48</fme:Ammonium__>
<fme:Nitraat__1/>
<fme:Orthofosfa>0,6</fme:Orthofosfa>
<fme:Chloride__>268</fme:Chloride__>
<fme:BOD__23_>2,935</fme:BOD__23_>
<fme:COD__24_>24,069</fme:COD__24_>
<fme:TOC__25_>8,9</fme:TOC__25_>
<fme:Totaal_sti>1,5</fme:Totaal_sti>
<fme:Sulfaat__1>81</fme:Sulfaat__1>
<fme:Zware_meta/>
<fme:Lood/>
<fme:Zink/>
<fme:Chroom/>
<fme:Basis_Prat>5,774525549</fme:Basis_Prat>
<fme:Totale_Pra>3,888048663</fme:Totale_Pra>
<fme:csv_line_n>7</fme:csv_line_n>
<fme:Nummer>BP04</fme:Nummer>
<fme:Naam>Lange Smalle Watergang 2</fme:Naam>
<fme:Ligging_me/>
<fme:Centrum>nee</fme:Centrum>
<fme:TPI04>2.6</fme:TPI04>
<fme:TPI05>3.1</fme:TPI05>
<fme:TPI06>3.7</fme:TPI06>
<fme:TPI07>2.4</fme:TPI07>
<fme:TPI08>2.6</fme:TPI08>
<fme:Aangemaakt_op>07/11/2018</fme:Aangemaakt_op>
</fme:BP04>
<fme:BP04>
<fme:ID>BP04</fme:ID>
<fme:Parameter>13/11/2017</fme:Parameter>
<fme:Temperatuu>6,8</fme:Temperatuu>
<fme:Zuurstof__>-</fme:Zuurstof__>
<fme:Zuurstofpe>50,1</fme:Zuurstofpe>
<fme:pH__6_>8,1</fme:pH__6_>
<fme:Ammonium__>0,52</fme:Ammonium__>
<fme:Nitraat__1>0,27</fme:Nitraat__1>
<fme:Orthofosfa/>
<fme:Chloride__>179</fme:Chloride__>
<fme:BOD__23_>2,6395</fme:BOD__23_>
<fme:COD__24_>19,7153</fme:COD__24_>
<fme:TOC__25_>6,93</fme:TOC__25_>
<fme:Totaal_sti>1,6</fme:Totaal_sti>
<fme:Sulfaat__1>102</fme:Sulfaat__1>
<fme:Zware_meta/>
<fme:Lood/>
<fme:Zink/>
<fme:Chroom/>
<fme:Basis_Prat>3,057324755</fme:Basis_Prat>
<fme:Totale_Pra>2,101269475</fme:Totale_Pra>
<fme:csv_line_n>8</fme:csv_line_n>
<fme:Nummer>BP04</fme:Nummer>
<fme:Naam>Lange Smalle Watergang 2</fme:Naam>
<fme:Ligging_me/>
<fme:Centrum>nee</fme:Centrum>
<fme:TPI04>2.6</fme:TPI04>
<fme:TPI05>3.1</fme:TPI05>
<fme:TPI06>3.7</fme:TPI06>
<fme:TPI07>2.4</fme:TPI07>
<fme:TPI08>2.6</fme:TPI08>
<fme:Aangemaakt_op>07/11/2018</fme:Aangemaakt_op>
</fme:BP04>
</fme:BP04-table>
</fme:xml-tables>