<?xml version="1.0" encoding="UTF-8"?>
<fme:xml-tables xmlns:xsi="http://www.w3.org/2001/XMLSchema-instance" xmlns:fme="http://www.safe.com/xml/xmltables" xsi:schemaLocation="http://www.safe.com/xml/xmltables BP05.xsd">
<fme:BP05-table>
<fme:BP05>
<fme:ID>BP05</fme:ID>
<fme:Parameter>7/03/2017</fme:Parameter>
<fme:Temperatuu>7</fme:Temperatuu>
<fme:Zuurstof__>-</fme:Zuurstof__>
<fme:Zuurstofpe>78,7</fme:Zuurstofpe>
<fme:pH__6_>7,8</fme:pH__6_>
<fme:Ammonium__>0,44</fme:Ammonium__>
<fme:Nitraat__1>0,84</fme:Nitraat__1>
<fme:Orthofosfa>0,39</fme:Orthofosfa>
<fme:Chloride__>190</fme:Chloride__>
<fme:BOD__23_>2,785</fme:BOD__23_>
<fme:COD__24_>21,859</fme:COD__24_>
<fme:TOC__25_>7,9</fme:TOC__25_>
<fme:Totaal_sti/>
<fme:Sulfaat__1>71</fme:Sulfaat__1>
<fme:Zware_meta/>
<fme:Lood/>
<fme:Zink/>
<fme:Chroom/>
<fme:Basis_Prat>2,258930923</fme:Basis_Prat>
<fme:Totale_Pra>1,704729697</fme:Totale_Pra>
<fme:csv_line_n>4</fme:csv_line_n>
<fme:Nummer>BP05</fme:Nummer>
<fme:Naam>Lisseweegse Vaart 1</fme:Naam>
<fme:Ligging_me/>
<fme:Centrum>nee</fme:Centrum>
<fme:TPI04>3.7</fme:TPI04>
<fme:TPI05>3.4</fme:TPI05>
<fme:TPI06>3</fme:TPI06>
<fme:TPI07>3.1</fme:TPI07>
<fme:TPI08>2.9</fme:TPI08>
<fme:Aangemaakt_op>07/11/2018</fme:Aangemaakt_op>
</fme:BP05>
<fme:BP05>
<fme:ID>BP05</fme:ID>
<fme:Parameter>25/04/2017</fme:Parameter>
<fme:Temperatuu>11,2</fme:Temperatuu>
<fme:Zuurstof__>-</fme:Zuurstof__>
<fme:Zuurstofpe>90,8</fme:Zuurstofpe>
<fme:pH__6_>7,8</fme:pH__6_>
<fme:Ammonium__>0,03</fme:Ammonium__>
<fme:Nitraat__1>3,12</fme:Nitraat__1>
<fme:Orthofosfa>0,21</fme:Orthofosfa>
<fme:Chloride__>307</fme:Chloride__>
<fme:BOD__23_>2,515</fme:BOD__23_>
<fme:COD__24_>17,881</fme:COD__24_>
<fme:TOC__25_>6,1</fme:TOC__25_>
<fme:Totaal_sti/>
<fme:Sulfaat__1>132</fme:Sulfaat__1>
<fme:Zware_meta/>
<fme:Lood/>
<fme:Zink/>
<fme:Chroom/>
<fme:Basis_Prat>1,017563394</fme:Basis_Prat>
<fme:Totale_Pra>1,25970492</fme:Totale_Pra>
<fme:csv_line_n>5</fme:csv_line_n>
<fme:Nummer>BP05</fme:Nummer>
<fme:Naam>Lisseweegse Vaart 1</fme:Naam>
<fme:Ligging_me/>
<fme:Centrum>nee</fme:Centrum>
<fme:TPI04>3.7</fme:TPI04>
<fme:TPI05>3.4</fme:TPI05>
<fme:TPI06>3</fme:TPI06>
<fme:TPI07>3.1</fme:TPI07>
<fme:TPI08>2.9</fme:TPI08>
<fme:Aangemaakt_op>07/11/2018</fme:Aangemaakt_op>
</fme:BP05>
<fme:BP05>
<fme:ID>BP05</fme:ID>
<fme:Parameter>4/07/2017</fme:Parameter>
<fme:Temperatuu>18,5</fme:Temperatuu>
<fme:Zuurstof__>-</fme:Zuurstof__>
<fme:Zuurstofpe>23</fme:Zuurstofpe>
<fme:pH__6_>7,7</fme:pH__6_>
<fme:Ammonium__>0,07</fme:Ammonium__>
<fme:Nitraat__1>0,34</fme:Nitraat__1>
<fme:Orthofosfa>0,17</fme:Orthofosfa>
<fme:Chloride__>880</fme:Chloride__>
<fme:BOD__23_>2,119</fme:BOD__23_>
<fme:COD__24_>12,0466</fme:COD__24_>
<fme:TOC__25_>3,46</fme:TOC__25_>
<fme:Totaal_sti/>
<fme:Sulfaat__1>206</fme:Sulfaat__1>
<fme:Zware_meta/>
<fme:Lood/>
<fme:Zink/>
<fme:Chroom/>
<fme:Basis_Prat>3,179563158</fme:Basis_Prat>
<fme:Totale_Pra>1,996739221</fme:Totale_Pra>
<fme:csv_line_n>6</fme:csv_line_n>
<fme:Nummer>BP05</fme:Nummer>
<fme:Naam>Lisseweegse Vaart 1</fme:Naam>
<fme:Ligging_me/>
<fme:Centrum>nee</fme:Centrum>
<fme:TPI04>3.7</fme:TPI04>
<fme:TPI05>3.4</fme:TPI05>
<fme:TPI06>3</fme:TPI06>
<fme:TPI07>3.1</fme:TPI07>
<fme:TPI08>2.9</fme:TPI08>
<fme:Aangemaakt_op>07/11/2018</fme:Aangemaakt_op>
</fme:BP05>
<fme:BP05>
<fme:ID>BP05</fme:ID>
<fme:Parameter>19/09/2017</fme:Parameter>
<fme:Temperatuu>13,9</fme:Temperatuu>
<fme:Zuurstof__>-</fme:Zuurstof__>
<fme:Zuurstofpe>29,8</fme:Zuurstofpe>
<fme:pH__6_>7,4</fme:pH__6_>
<fme:Ammonium__>1,05</fme:Ammonium__>
<fme:Nitraat__1>1,29</fme:Nitraat__1>
<fme:Orthofosfa>1,05</fme:Orthofosfa>
<fme:Chloride__>128</fme:Chloride__>
<fme:BOD__23_>2,83</fme:BOD__23_>
<fme:COD__24_>22,522</fme:COD__24_>
<fme:TOC__25_>8,2</fme:TOC__25_>
<fme:Totaal_sti/>
<fme:Sulfaat__1>39,9</fme:Sulfaat__1>
<fme:Zware_meta/>
<fme:Lood/>
<fme:Zink/>
<fme:Chroom/>
<fme:Basis_Prat>4,532908851</fme:Basis_Prat>
<fme:Totale_Pra>2,816299791</fme:Totale_Pra>
<fme:csv_line_n>7</fme:csv_line_n>
<fme:Nummer>BP05</fme:Nummer>
<fme:Naam>Lisseweegse Vaart 1</fme:Naam>
<fme:Ligging_me/>
<fme:Centrum>nee</fme:Centrum>
<fme:TPI04>3.7</fme:TPI04>
<fme:TPI05>3.4</fme:TPI05>
<fme:TPI06>3</fme:TPI06>
<fme:TPI07>3.1</fme:TPI07>
<fme:TPI08>2.9</fme:TPI08>
<fme:Aangemaakt_op>07/11/2018</fme:Aangemaakt_op>
</fme:BP05>
<fme:BP05>
<fme:ID>BP05</fme:ID>
<fme:Parameter>13/11/2017</fme:Parameter>
<fme:Temperatuu>8,7</fme:Temperatuu>
<fme:Zuurstof__>-</fme:Zuurstof__>
<fme:Zuurstofpe>70,3</fme:Zuurstofpe>
<fme:pH__6_>7,5</fme:pH__6_>
<fme:Ammonium__>0,37</fme:Ammonium__>
<fme:Nitraat__1>0,2</fme:Nitraat__1>
<fme:Orthofosfa/>
<fme:Chloride__>74,8</fme:Chloride__>
<fme:BOD__23_>2,755</fme:BOD__23_>
<fme:COD__24_>21,417</fme:COD__24_>
<fme:TOC__25_>7,7</fme:TOC__25_>
<fme:Totaal_sti/>
<fme:Sulfaat__1>150</fme:Sulfaat__1>
<fme:Zware_meta/>
<fme:Lood/>
<fme:Zink/>
<fme:Chroom/>
<fme:Basis_Prat>2,368359144</fme:Basis_Prat>
<fme:Totale_Pra>1,596199495</fme:Totale_Pra>
<fme:csv_line_n>8</fme:csv_line_n>
<fme:Nummer>BP05</fme:Nummer>
<fme:Naam>Lisseweegse Vaart 1</fme:Naam>
<fme:Ligging_me/>
<fme:Centrum>nee</fme:Centrum>
<fme:TPI04>3.7</fme:TPI04>
<fme:TPI05>3.4</fme:TPI05>
<fme:TPI06>3</fme:TPI06>
<fme:TPI07>3.1</fme:TPI07>
<fme:TPI08>2.9</fme:TPI08>
<fme:Aangemaakt_op>07/11/2018</fme:Aangemaakt_op>
</fme:BP05>
</fme:BP05-table>
</fme:xml-tables>