<?xml version="1.0" encoding="UTF-8"?>
<fme:xml-tables xmlns:xsi="http://www.w3.org/2001/XMLSchema-instance" xmlns:fme="http://www.safe.com/xml/xmltables" xsi:schemaLocation="http://www.safe.com/xml/xmltables BP08.xsd">
<fme:BP08-table>
<fme:BP08>
<fme:ID>BP08</fme:ID>
<fme:Parameter>6/03/2017</fme:Parameter>
<fme:Temperatuu>7,1</fme:Temperatuu>
<fme:Zuurstof__>-</fme:Zuurstof__>
<fme:Zuurstofpe>45,2</fme:Zuurstofpe>
<fme:pH__6_/>
<fme:Ammonium__>2,14</fme:Ammonium__>
<fme:Nitraat__1>1,54</fme:Nitraat__1>
<fme:Orthofosfa>1,04</fme:Orthofosfa>
<fme:Chloride__>343</fme:Chloride__>
<fme:BOD__23_>2,71</fme:BOD__23_>
<fme:COD__24_>20,754</fme:COD__24_>
<fme:TOC__25_>7,4</fme:TOC__25_>
<fme:Totaal_sti/>
<fme:Sulfaat__1>73</fme:Sulfaat__1>
<fme:Zware_meta/>
<fme:Lood/>
<fme:Zink/>
<fme:Chroom/>
<fme:Basis_Prat>4,792652654</fme:Basis_Prat>
<fme:Totale_Pra>5,264238395</fme:Totale_Pra>
<fme:csv_line_n>4</fme:csv_line_n>
<fme:Nummer>BP08</fme:Nummer>
<fme:Naam>Lisseweegse Vaart 4</fme:Naam>
<fme:Ligging_me/>
<fme:Centrum>nee</fme:Centrum>
<fme:TPI04>3.6</fme:TPI04>
<fme:TPI05>3.5</fme:TPI05>
<fme:TPI06>2.8</fme:TPI06>
<fme:TPI07>3</fme:TPI07>
<fme:TPI08>0</fme:TPI08>
<fme:Aangemaakt_op>07/11/2018</fme:Aangemaakt_op>
</fme:BP08>
<fme:BP08>
<fme:ID>BP08</fme:ID>
<fme:Parameter>24/04/2017</fme:Parameter>
<fme:Temperatuu>13,4</fme:Temperatuu>
<fme:Zuurstof__>-</fme:Zuurstof__>
<fme:Zuurstofpe>95,7</fme:Zuurstofpe>
<fme:pH__6_>7,8</fme:pH__6_>
<fme:Ammonium__>0,1</fme:Ammonium__>
<fme:Nitraat__1>5,09</fme:Nitraat__1>
<fme:Orthofosfa>0,14</fme:Orthofosfa>
<fme:Chloride__>234</fme:Chloride__>
<fme:BOD__23_>2,485</fme:BOD__23_>
<fme:COD__24_>17,439</fme:COD__24_>
<fme:TOC__25_>5,9</fme:TOC__25_>
<fme:Totaal_sti/>
<fme:Sulfaat__1>121</fme:Sulfaat__1>
<fme:Zware_meta/>
<fme:Lood/>
<fme:Zink/>
<fme:Chroom/>
<fme:Basis_Prat>1,073141259</fme:Basis_Prat>
<fme:Totale_Pra>1,416448484</fme:Totale_Pra>
<fme:csv_line_n>5</fme:csv_line_n>
<fme:Nummer>BP08</fme:Nummer>
<fme:Naam>Lisseweegse Vaart 4</fme:Naam>
<fme:Ligging_me/>
<fme:Centrum>nee</fme:Centrum>
<fme:TPI04>3.6</fme:TPI04>
<fme:TPI05>3.5</fme:TPI05>
<fme:TPI06>2.8</fme:TPI06>
<fme:TPI07>3</fme:TPI07>
<fme:TPI08>0</fme:TPI08>
<fme:Aangemaakt_op>07/11/2018</fme:Aangemaakt_op>
</fme:BP08>
<fme:BP08>
<fme:ID>BP08</fme:ID>
<fme:Parameter>3/07/2017</fme:Parameter>
<fme:Temperatuu>19,8</fme:Temperatuu>
<fme:Zuurstof__>-</fme:Zuurstof__>
<fme:Zuurstofpe>26</fme:Zuurstofpe>
<fme:pH__6_>7,8</fme:pH__6_>
<fme:Ammonium__>0,38</fme:Ammonium__>
<fme:Nitraat__1>2,45</fme:Nitraat__1>
<fme:Orthofosfa>0,28</fme:Orthofosfa>
<fme:Chloride__>413</fme:Chloride__>
<fme:BOD__23_>2,368</fme:BOD__23_>
<fme:COD__24_>15,7152</fme:COD__24_>
<fme:TOC__25_>5,12</fme:TOC__25_>
<fme:Totaal_sti/>
<fme:Sulfaat__1>148</fme:Sulfaat__1>
<fme:Zware_meta/>
<fme:Lood/>
<fme:Zink/>
<fme:Chroom/>
<fme:Basis_Prat>3,711655652</fme:Basis_Prat>
<fme:Totale_Pra>2,538717378</fme:Totale_Pra>
<fme:csv_line_n>6</fme:csv_line_n>
<fme:Nummer>BP08</fme:Nummer>
<fme:Naam>Lisseweegse Vaart 4</fme:Naam>
<fme:Ligging_me/>
<fme:Centrum>nee</fme:Centrum>
<fme:TPI04>3.6</fme:TPI04>
<fme:TPI05>3.5</fme:TPI05>
<fme:TPI06>2.8</fme:TPI06>
<fme:TPI07>3</fme:TPI07>
<fme:TPI08>0</fme:TPI08>
<fme:Aangemaakt_op>07/11/2018</fme:Aangemaakt_op>
</fme:BP08>
<fme:BP08>
<fme:ID>BP08</fme:ID>
<fme:Parameter>12/09/2017</fme:Parameter>
<fme:Temperatuu>14,7</fme:Temperatuu>
<fme:Zuurstof__>-</fme:Zuurstof__>
<fme:Zuurstofpe>34,6</fme:Zuurstofpe>
<fme:pH__6_>7,5</fme:pH__6_>
<fme:Ammonium__>1,72</fme:Ammonium__>
<fme:Nitraat__1>0,64</fme:Nitraat__1>
<fme:Orthofosfa>0,52</fme:Orthofosfa>
<fme:Chloride__>326</fme:Chloride__>
<fme:BOD__23_>2,479</fme:BOD__23_>
<fme:COD__24_>17,3506</fme:COD__24_>
<fme:TOC__25_>5,86</fme:TOC__25_>
<fme:Totaal_sti/>
<fme:Sulfaat__1>68</fme:Sulfaat__1>
<fme:Zware_meta/>
<fme:Lood/>
<fme:Zink/>
<fme:Chroom/>
<fme:Basis_Prat>4,746474096</fme:Basis_Prat>
<fme:Totale_Pra>2,824364314</fme:Totale_Pra>
<fme:csv_line_n>7</fme:csv_line_n>
<fme:Nummer>BP08</fme:Nummer>
<fme:Naam>Lisseweegse Vaart 4</fme:Naam>
<fme:Ligging_me/>
<fme:Centrum>nee</fme:Centrum>
<fme:TPI04>3.6</fme:TPI04>
<fme:TPI05>3.5</fme:TPI05>
<fme:TPI06>2.8</fme:TPI06>
<fme:TPI07>3</fme:TPI07>
<fme:TPI08>0</fme:TPI08>
<fme:Aangemaakt_op>07/11/2018</fme:Aangemaakt_op>
</fme:BP08>
<fme:BP08>
<fme:ID>BP08</fme:ID>
<fme:Parameter>13/11/2017</fme:Parameter>
<fme:Temperatuu>9</fme:Temperatuu>
<fme:Zuurstof__>-</fme:Zuurstof__>
<fme:Zuurstofpe>53,7</fme:Zuurstofpe>
<fme:pH__6_>7,9</fme:pH__6_>
<fme:Ammonium__>0,4</fme:Ammonium__>
<fme:Nitraat__1>3,38</fme:Nitraat__1>
<fme:Orthofosfa/>
<fme:Chloride__>352</fme:Chloride__>
<fme:BOD__23_>2,53</fme:BOD__23_>
<fme:COD__24_>18,102</fme:COD__24_>
<fme:TOC__25_>6,2</fme:TOC__25_>
<fme:Totaal_sti/>
<fme:Sulfaat__1>138</fme:Sulfaat__1>
<fme:Zware_meta/>
<fme:Lood/>
<fme:Zink/>
<fme:Chroom/>
<fme:Basis_Prat>2,74409645</fme:Basis_Prat>
<fme:Totale_Pra>2,171905959</fme:Totale_Pra>
<fme:csv_line_n>8</fme:csv_line_n>
<fme:Nummer>BP08</fme:Nummer>
<fme:Naam>Lisseweegse Vaart 4</fme:Naam>
<fme:Ligging_me/>
<fme:Centrum>nee</fme:Centrum>
<fme:TPI04>3.6</fme:TPI04>
<fme:TPI05>3.5</fme:TPI05>
<fme:TPI06>2.8</fme:TPI06>
<fme:TPI07>3</fme:TPI07>
<fme:TPI08>0</fme:TPI08>
<fme:Aangemaakt_op>07/11/2018</fme:Aangemaakt_op>
</fme:BP08>
</fme:BP08-table>
</fme:xml-tables>