<?xml version="1.0" encoding="UTF-8"?>
<fme:xml-tables xmlns:xsi="http://www.w3.org/2001/XMLSchema-instance" xmlns:fme="http://www.safe.com/xml/xmltables" xsi:schemaLocation="http://www.safe.com/xml/xmltables BP09.xsd">
<fme:BP09-table>
<fme:BP09>
<fme:ID>BP09</fme:ID>
<fme:Parameter>7/03/2017</fme:Parameter>
<fme:Temperatuu>7</fme:Temperatuu>
<fme:Zuurstof__>-</fme:Zuurstof__>
<fme:Zuurstofpe>23,2</fme:Zuurstofpe>
<fme:pH__6_>7,8</fme:pH__6_>
<fme:Ammonium__/>
<fme:Nitraat__1>0,11</fme:Nitraat__1>
<fme:Orthofosfa>0,07</fme:Orthofosfa>
<fme:Chloride__>4070</fme:Chloride__>
<fme:BOD__23_>3,49</fme:BOD__23_>
<fme:COD__24_>32,246</fme:COD__24_>
<fme:TOC__25_>12,6</fme:TOC__25_>
<fme:Totaal_sti>2,3</fme:Totaal_sti>
<fme:Sulfaat__1>610</fme:Sulfaat__1>
<fme:Zware_meta/>
<fme:Lood/>
<fme:Zink/>
<fme:Chroom/>
<fme:Basis_Prat>5,3106616</fme:Basis_Prat>
<fme:Totale_Pra>2,770426461</fme:Totale_Pra>
<fme:csv_line_n>4</fme:csv_line_n>
<fme:Nummer>BP09</fme:Nummer>
<fme:Naam>Zijdelingse Vaart West 1</fme:Naam>
<fme:Ligging_me/>
<fme:Centrum>nee</fme:Centrum>
<fme:TPI04>3.7</fme:TPI04>
<fme:TPI05>3.9</fme:TPI05>
<fme:TPI06>2.9</fme:TPI06>
<fme:TPI07>3.6</fme:TPI07>
<fme:TPI08>3.4</fme:TPI08>
<fme:Aangemaakt_op>07/11/2018</fme:Aangemaakt_op>
</fme:BP09>
<fme:BP09>
<fme:ID>BP09</fme:ID>
<fme:Parameter>25/04/2017</fme:Parameter>
<fme:Temperatuu>10</fme:Temperatuu>
<fme:Zuurstof__>-</fme:Zuurstof__>
<fme:Zuurstofpe>39,3</fme:Zuurstofpe>
<fme:pH__6_>7,7</fme:pH__6_>
<fme:Ammonium__>0,06</fme:Ammonium__>
<fme:Nitraat__1>0,11</fme:Nitraat__1>
<fme:Orthofosfa>0,42</fme:Orthofosfa>
<fme:Chloride__>10600</fme:Chloride__>
<fme:BOD__23_>3,235</fme:BOD__23_>
<fme:COD__24_>28,489</fme:COD__24_>
<fme:TOC__25_>10,9</fme:TOC__25_>
<fme:Totaal_sti>2,3</fme:Totaal_sti>
<fme:Sulfaat__1>1460</fme:Sulfaat__1>
<fme:Zware_meta/>
<fme:Lood/>
<fme:Zink/>
<fme:Chroom/>
<fme:Basis_Prat>2,917639409</fme:Basis_Prat>
<fme:Totale_Pra>1,943954556</fme:Totale_Pra>
<fme:csv_line_n>5</fme:csv_line_n>
<fme:Nummer>BP09</fme:Nummer>
<fme:Naam>Zijdelingse Vaart West 1</fme:Naam>
<fme:Ligging_me/>
<fme:Centrum>nee</fme:Centrum>
<fme:TPI04>3.7</fme:TPI04>
<fme:TPI05>3.9</fme:TPI05>
<fme:TPI06>2.9</fme:TPI06>
<fme:TPI07>3.6</fme:TPI07>
<fme:TPI08>3.4</fme:TPI08>
<fme:Aangemaakt_op>07/11/2018</fme:Aangemaakt_op>
</fme:BP09>
<fme:BP09>
<fme:ID>BP09</fme:ID>
<fme:Parameter>4/07/2017</fme:Parameter>
<fme:Temperatuu>18,2</fme:Temperatuu>
<fme:Zuurstof__>-</fme:Zuurstof__>
<fme:Zuurstofpe>21,2</fme:Zuurstofpe>
<fme:pH__6_>7,7</fme:pH__6_>
<fme:Ammonium__>1,26</fme:Ammonium__>
<fme:Nitraat__1>0,03</fme:Nitraat__1>
<fme:Orthofosfa>0,94</fme:Orthofosfa>
<fme:Chloride__>3130</fme:Chloride__>
<fme:BOD__23_>2,4715</fme:BOD__23_>
<fme:COD__24_>17,2401</fme:COD__24_>
<fme:TOC__25_>5,81</fme:TOC__25_>
<fme:Totaal_sti>1,9</fme:Totaal_sti>
<fme:Sulfaat__1>490</fme:Sulfaat__1>
<fme:Zware_meta/>
<fme:Lood/>
<fme:Zink/>
<fme:Chroom/>
<fme:Basis_Prat>5,027603797</fme:Basis_Prat>
<fme:Totale_Pra>2,8894428</fme:Totale_Pra>
<fme:csv_line_n>6</fme:csv_line_n>
<fme:Nummer>BP09</fme:Nummer>
<fme:Naam>Zijdelingse Vaart West 1</fme:Naam>
<fme:Ligging_me/>
<fme:Centrum>nee</fme:Centrum>
<fme:TPI04>3.7</fme:TPI04>
<fme:TPI05>3.9</fme:TPI05>
<fme:TPI06>2.9</fme:TPI06>
<fme:TPI07>3.6</fme:TPI07>
<fme:TPI08>3.4</fme:TPI08>
<fme:Aangemaakt_op>07/11/2018</fme:Aangemaakt_op>
</fme:BP09>
<fme:BP09>
<fme:ID>BP09</fme:ID>
<fme:Parameter>19/09/2017</fme:Parameter>
<fme:Temperatuu>13,5</fme:Temperatuu>
<fme:Zuurstof__>-</fme:Zuurstof__>
<fme:Zuurstofpe>41,5</fme:Zuurstofpe>
<fme:pH__6_>7,4</fme:pH__6_>
<fme:Ammonium__>0,9</fme:Ammonium__>
<fme:Nitraat__1>1,55</fme:Nitraat__1>
<fme:Orthofosfa>0,74</fme:Orthofosfa>
<fme:Chloride__>855</fme:Chloride__>
<fme:BOD__23_>3,34</fme:BOD__23_>
<fme:COD__24_>30,036</fme:COD__24_>
<fme:TOC__25_>11,6</fme:TOC__25_>
<fme:Totaal_sti>3,8</fme:Totaal_sti>
<fme:Sulfaat__1>152</fme:Sulfaat__1>
<fme:Zware_meta>290,906</fme:Zware_meta>
<fme:Lood/>
<fme:Zink/>
<fme:Chroom/>
<fme:Basis_Prat>4,126152032</fme:Basis_Prat>
<fme:Totale_Pra>4,939532799</fme:Totale_Pra>
<fme:csv_line_n>7</fme:csv_line_n>
<fme:Nummer>BP09</fme:Nummer>
<fme:Naam>Zijdelingse Vaart West 1</fme:Naam>
<fme:Ligging_me/>
<fme:Centrum>nee</fme:Centrum>
<fme:TPI04>3.7</fme:TPI04>
<fme:TPI05>3.9</fme:TPI05>
<fme:TPI06>2.9</fme:TPI06>
<fme:TPI07>3.6</fme:TPI07>
<fme:TPI08>3.4</fme:TPI08>
<fme:Aangemaakt_op>07/11/2018</fme:Aangemaakt_op>
</fme:BP09>
<fme:BP09>
<fme:ID>BP09</fme:ID>
<fme:Parameter>14/11/2017</fme:Parameter>
<fme:Temperatuu>6,9</fme:Temperatuu>
<fme:Zuurstof__>-</fme:Zuurstof__>
<fme:Zuurstofpe>31,1</fme:Zuurstofpe>
<fme:pH__6_>7,7</fme:pH__6_>
<fme:Ammonium__>0,4</fme:Ammonium__>
<fme:Nitraat__1>0,6</fme:Nitraat__1>
<fme:Orthofosfa/>
<fme:Chloride__>6580</fme:Chloride__>
<fme:BOD__23_>3,325</fme:BOD__23_>
<fme:COD__24_>29,815</fme:COD__24_>
<fme:TOC__25_>11,5</fme:TOC__25_>
<fme:Totaal_sti>2,4</fme:Totaal_sti>
<fme:Sulfaat__1>910</fme:Sulfaat__1>
<fme:Zware_meta/>
<fme:Lood/>
<fme:Zink/>
<fme:Chroom/>
<fme:Basis_Prat>3,95101405</fme:Basis_Prat>
<fme:Totale_Pra>10,74772336</fme:Totale_Pra>
<fme:csv_line_n>8</fme:csv_line_n>
<fme:Nummer>BP09</fme:Nummer>
<fme:Naam>Zijdelingse Vaart West 1</fme:Naam>
<fme:Ligging_me/>
<fme:Centrum>nee</fme:Centrum>
<fme:TPI04>3.7</fme:TPI04>
<fme:TPI05>3.9</fme:TPI05>
<fme:TPI06>2.9</fme:TPI06>
<fme:TPI07>3.6</fme:TPI07>
<fme:TPI08>3.4</fme:TPI08>
<fme:Aangemaakt_op>07/11/2018</fme:Aangemaakt_op>
</fme:BP09>
</fme:BP09-table>
</fme:xml-tables>