<?xml version="1.0" encoding="UTF-8"?>
<fme:xml-tables xmlns:xsi="http://www.w3.org/2001/XMLSchema-instance" xmlns:fme="http://www.safe.com/xml/xmltables" xsi:schemaLocation="http://www.safe.com/xml/xmltables BP10.xsd">
<fme:BP10-table>
<fme:BP10>
<fme:ID>BP10</fme:ID>
<fme:Parameter>7/03/2017</fme:Parameter>
<fme:Temperatuu>7,1</fme:Temperatuu>
<fme:Zuurstof__>-</fme:Zuurstof__>
<fme:Zuurstofpe>59,5</fme:Zuurstofpe>
<fme:pH__6_>7,7</fme:pH__6_>
<fme:Ammonium__/>
<fme:Nitraat__1>0,11</fme:Nitraat__1>
<fme:Orthofosfa>0,07</fme:Orthofosfa>
<fme:Chloride__>4390</fme:Chloride__>
<fme:BOD__23_>3,43</fme:BOD__23_>
<fme:COD__24_>31,362</fme:COD__24_>
<fme:TOC__25_>12,2</fme:TOC__25_>
<fme:Totaal_sti>2</fme:Totaal_sti>
<fme:Sulfaat__1>640</fme:Sulfaat__1>
<fme:Zware_meta/>
<fme:Lood/>
<fme:Zink/>
<fme:Chroom/>
<fme:Basis_Prat>3,1881</fme:Basis_Prat>
<fme:Totale_Pra>2,288216667</fme:Totale_Pra>
<fme:csv_line_n>4</fme:csv_line_n>
<fme:Nummer>BP10</fme:Nummer>
<fme:Naam>Zijdelingse Vaart West 2</fme:Naam>
<fme:Ligging_me/>
<fme:Centrum>nee</fme:Centrum>
<fme:TPI04>3.8</fme:TPI04>
<fme:TPI05>3.4</fme:TPI05>
<fme:TPI06>3.2</fme:TPI06>
<fme:TPI07>3.2</fme:TPI07>
<fme:TPI08>3.1</fme:TPI08>
<fme:Aangemaakt_op>07/11/2018</fme:Aangemaakt_op>
</fme:BP10>
<fme:BP10>
<fme:ID>BP10</fme:ID>
<fme:Parameter>25/04/2017</fme:Parameter>
<fme:Temperatuu>10,1</fme:Temperatuu>
<fme:Zuurstof__>-</fme:Zuurstof__>
<fme:Zuurstofpe>30,8</fme:Zuurstofpe>
<fme:pH__6_>7,6</fme:pH__6_>
<fme:Ammonium__>0,03</fme:Ammonium__>
<fme:Nitraat__1>0,004</fme:Nitraat__1>
<fme:Orthofosfa>0,52</fme:Orthofosfa>
<fme:Chloride__>11200</fme:Chloride__>
<fme:BOD__23_>3,13</fme:BOD__23_>
<fme:COD__24_>26,942</fme:COD__24_>
<fme:TOC__25_>10,2</fme:TOC__25_>
<fme:Totaal_sti>1,4</fme:Totaal_sti>
<fme:Sulfaat__1>1530</fme:Sulfaat__1>
<fme:Zware_meta/>
<fme:Lood/>
<fme:Zink/>
<fme:Chroom/>
<fme:Basis_Prat>3,139875128</fme:Basis_Prat>
<fme:Totale_Pra>2,37325841</fme:Totale_Pra>
<fme:csv_line_n>5</fme:csv_line_n>
<fme:Nummer>BP10</fme:Nummer>
<fme:Naam>Zijdelingse Vaart West 2</fme:Naam>
<fme:Ligging_me/>
<fme:Centrum>nee</fme:Centrum>
<fme:TPI04>3.8</fme:TPI04>
<fme:TPI05>3.4</fme:TPI05>
<fme:TPI06>3.2</fme:TPI06>
<fme:TPI07>3.2</fme:TPI07>
<fme:TPI08>3.1</fme:TPI08>
<fme:Aangemaakt_op>07/11/2018</fme:Aangemaakt_op>
</fme:BP10>
<fme:BP10>
<fme:ID>BP10</fme:ID>
<fme:Parameter>4/07/2017</fme:Parameter>
<fme:Temperatuu>18,2</fme:Temperatuu>
<fme:Zuurstof__>-</fme:Zuurstof__>
<fme:Zuurstofpe>17,5</fme:Zuurstofpe>
<fme:pH__6_>7,7</fme:pH__6_>
<fme:Ammonium__>1,27</fme:Ammonium__>
<fme:Nitraat__1>0,03</fme:Nitraat__1>
<fme:Orthofosfa>0,85</fme:Orthofosfa>
<fme:Chloride__>3340</fme:Chloride__>
<fme:BOD__23_>2,455</fme:BOD__23_>
<fme:COD__24_>16,997</fme:COD__24_>
<fme:TOC__25_>5,7</fme:TOC__25_>
<fme:Totaal_sti>2</fme:Totaal_sti>
<fme:Sulfaat__1>510</fme:Sulfaat__1>
<fme:Zware_meta/>
<fme:Lood/>
<fme:Zink/>
<fme:Chroom/>
<fme:Basis_Prat>5,25529597</fme:Basis_Prat>
<fme:Totale_Pra>3,578510915</fme:Totale_Pra>
<fme:csv_line_n>6</fme:csv_line_n>
<fme:Nummer>BP10</fme:Nummer>
<fme:Naam>Zijdelingse Vaart West 2</fme:Naam>
<fme:Ligging_me/>
<fme:Centrum>nee</fme:Centrum>
<fme:TPI04>3.8</fme:TPI04>
<fme:TPI05>3.4</fme:TPI05>
<fme:TPI06>3.2</fme:TPI06>
<fme:TPI07>3.2</fme:TPI07>
<fme:TPI08>3.1</fme:TPI08>
<fme:Aangemaakt_op>07/11/2018</fme:Aangemaakt_op>
</fme:BP10>
<fme:BP10>
<fme:ID>BP10</fme:ID>
<fme:Parameter>19/09/2017</fme:Parameter>
<fme:Temperatuu>13,5</fme:Temperatuu>
<fme:Zuurstof__>-</fme:Zuurstof__>
<fme:Zuurstofpe>35,7</fme:Zuurstofpe>
<fme:pH__6_>7,4</fme:pH__6_>
<fme:Ammonium__>0,66</fme:Ammonium__>
<fme:Nitraat__1>2,04</fme:Nitraat__1>
<fme:Orthofosfa>0,81</fme:Orthofosfa>
<fme:Chloride__>1040</fme:Chloride__>
<fme:BOD__23_>3,685</fme:BOD__23_>
<fme:COD__24_>35,119</fme:COD__24_>
<fme:TOC__25_>13,9</fme:TOC__25_>
<fme:Totaal_sti>4,2</fme:Totaal_sti>
<fme:Sulfaat__1>174</fme:Sulfaat__1>
<fme:Zware_meta/>
<fme:Lood/>
<fme:Zink/>
<fme:Chroom/>
<fme:Basis_Prat>4,256122821</fme:Basis_Prat>
<fme:Totale_Pra>3,077007026</fme:Totale_Pra>
<fme:csv_line_n>7</fme:csv_line_n>
<fme:Nummer>BP10</fme:Nummer>
<fme:Naam>Zijdelingse Vaart West 2</fme:Naam>
<fme:Ligging_me/>
<fme:Centrum>nee</fme:Centrum>
<fme:TPI04>3.8</fme:TPI04>
<fme:TPI05>3.4</fme:TPI05>
<fme:TPI06>3.2</fme:TPI06>
<fme:TPI07>3.2</fme:TPI07>
<fme:TPI08>3.1</fme:TPI08>
<fme:Aangemaakt_op>07/11/2018</fme:Aangemaakt_op>
</fme:BP10>
<fme:BP10>
<fme:ID>BP10</fme:ID>
<fme:Parameter>13/11/2017</fme:Parameter>
<fme:Temperatuu>7,1</fme:Temperatuu>
<fme:Zuurstof__>-</fme:Zuurstof__>
<fme:Zuurstofpe>40,8</fme:Zuurstofpe>
<fme:pH__6_>7,7</fme:pH__6_>
<fme:Ammonium__>0,25</fme:Ammonium__>
<fme:Nitraat__1>0,59</fme:Nitraat__1>
<fme:Orthofosfa/>
<fme:Chloride__>6190</fme:Chloride__>
<fme:BOD__23_>3,355</fme:BOD__23_>
<fme:COD__24_>30,257</fme:COD__24_>
<fme:TOC__25_>11,7</fme:TOC__25_>
<fme:Totaal_sti>2,1</fme:Totaal_sti>
<fme:Sulfaat__1>850</fme:Sulfaat__1>
<fme:Zware_meta/>
<fme:Lood/>
<fme:Zink/>
<fme:Chroom/>
<fme:Basis_Prat>3,319611698</fme:Basis_Prat>
<fme:Totale_Pra>2,537100352</fme:Totale_Pra>
<fme:csv_line_n>8</fme:csv_line_n>
<fme:Nummer>BP10</fme:Nummer>
<fme:Naam>Zijdelingse Vaart West 2</fme:Naam>
<fme:Ligging_me/>
<fme:Centrum>nee</fme:Centrum>
<fme:TPI04>3.8</fme:TPI04>
<fme:TPI05>3.4</fme:TPI05>
<fme:TPI06>3.2</fme:TPI06>
<fme:TPI07>3.2</fme:TPI07>
<fme:TPI08>3.1</fme:TPI08>
<fme:Aangemaakt_op>07/11/2018</fme:Aangemaakt_op>
</fme:BP10>
</fme:BP10-table>
</fme:xml-tables>