<?xml version="1.0" encoding="UTF-8"?>
<fme:xml-tables xmlns:xsi="http://www.w3.org/2001/XMLSchema-instance" xmlns:fme="http://www.safe.com/xml/xmltables" xsi:schemaLocation="http://www.safe.com/xml/xmltables BP12.xsd">
<fme:BP12-table>
<fme:BP12>
<fme:ID>BP12</fme:ID>
<fme:Parameter>7/03/2017</fme:Parameter>
<fme:Temperatuu>9,6</fme:Temperatuu>
<fme:Zuurstof__>-</fme:Zuurstof__>
<fme:Zuurstofpe>58,1</fme:Zuurstofpe>
<fme:pH__6_>7,6</fme:pH__6_>
<fme:Ammonium__/>
<fme:Nitraat__1>0,18</fme:Nitraat__1>
<fme:Orthofosfa>0,08</fme:Orthofosfa>
<fme:Chloride__>1700</fme:Chloride__>
<fme:BOD__23_>2,47</fme:BOD__23_>
<fme:COD__24_>17,218</fme:COD__24_>
<fme:TOC__25_>5,8</fme:TOC__25_>
<fme:Totaal_sti/>
<fme:Sulfaat__1>312</fme:Sulfaat__1>
<fme:Zware_meta/>
<fme:Lood/>
<fme:Zink/>
<fme:Chroom/>
<fme:Basis_Prat>2,5369</fme:Basis_Prat>
<fme:Totale_Pra>1,48821655</fme:Totale_Pra>
<fme:csv_line_n>4</fme:csv_line_n>
<fme:Nummer>BP12</fme:Nummer>
<fme:Naam>Zijdelingse Vaart West 4</fme:Naam>
<fme:Ligging_me/>
<fme:Centrum>nee</fme:Centrum>
<fme:TPI04>3</fme:TPI04>
<fme:TPI05>2.6</fme:TPI05>
<fme:TPI06>2.6</fme:TPI06>
<fme:TPI07>3</fme:TPI07>
<fme:TPI08>4.3</fme:TPI08>
<fme:Aangemaakt_op>07/11/2018</fme:Aangemaakt_op>
</fme:BP12>
<fme:BP12>
<fme:ID>BP12</fme:ID>
<fme:Parameter>25/04/2017</fme:Parameter>
<fme:Temperatuu>11,3</fme:Temperatuu>
<fme:Zuurstof__>-</fme:Zuurstof__>
<fme:Zuurstofpe>69,7</fme:Zuurstofpe>
<fme:pH__6_>8,1</fme:pH__6_>
<fme:Ammonium__>0,09</fme:Ammonium__>
<fme:Nitraat__1>3,97</fme:Nitraat__1>
<fme:Orthofosfa>0,13</fme:Orthofosfa>
<fme:Chloride__>280</fme:Chloride__>
<fme:BOD__23_>2,59</fme:BOD__23_>
<fme:COD__24_>18,986</fme:COD__24_>
<fme:TOC__25_>6,6</fme:TOC__25_>
<fme:Totaal_sti/>
<fme:Sulfaat__1>137</fme:Sulfaat__1>
<fme:Zware_meta/>
<fme:Lood/>
<fme:Zink/>
<fme:Chroom/>
<fme:Basis_Prat>1,793737886</fme:Basis_Prat>
<fme:Totale_Pra>1,811144388</fme:Totale_Pra>
<fme:csv_line_n>5</fme:csv_line_n>
<fme:Nummer>BP12</fme:Nummer>
<fme:Naam>Zijdelingse Vaart West 4</fme:Naam>
<fme:Ligging_me/>
<fme:Centrum>nee</fme:Centrum>
<fme:TPI04>3</fme:TPI04>
<fme:TPI05>2.6</fme:TPI05>
<fme:TPI06>2.6</fme:TPI06>
<fme:TPI07>3</fme:TPI07>
<fme:TPI08>4.3</fme:TPI08>
<fme:Aangemaakt_op>07/11/2018</fme:Aangemaakt_op>
</fme:BP12>
<fme:BP12>
<fme:ID>BP12</fme:ID>
<fme:Parameter>4/07/2017</fme:Parameter>
<fme:Temperatuu>18,1</fme:Temperatuu>
<fme:Zuurstof__>-</fme:Zuurstof__>
<fme:Zuurstofpe>86,5</fme:Zuurstofpe>
<fme:pH__6_>8,1</fme:pH__6_>
<fme:Ammonium__>37,3</fme:Ammonium__>
<fme:Nitraat__1>0,11</fme:Nitraat__1>
<fme:Orthofosfa>2,51</fme:Orthofosfa>
<fme:Chloride__>990</fme:Chloride__>
<fme:BOD__23_>3,565</fme:BOD__23_>
<fme:COD__24_>33,351</fme:COD__24_>
<fme:TOC__25_>13,1</fme:TOC__25_>
<fme:Totaal_sti/>
<fme:Sulfaat__1>279</fme:Sulfaat__1>
<fme:Zware_meta/>
<fme:Lood/>
<fme:Zink/>
<fme:Chroom/>
<fme:Basis_Prat>17,40411376</fme:Basis_Prat>
<fme:Totale_Pra>9,343858399</fme:Totale_Pra>
<fme:csv_line_n>6</fme:csv_line_n>
<fme:Nummer>BP12</fme:Nummer>
<fme:Naam>Zijdelingse Vaart West 4</fme:Naam>
<fme:Ligging_me/>
<fme:Centrum>nee</fme:Centrum>
<fme:TPI04>3</fme:TPI04>
<fme:TPI05>2.6</fme:TPI05>
<fme:TPI06>2.6</fme:TPI06>
<fme:TPI07>3</fme:TPI07>
<fme:TPI08>4.3</fme:TPI08>
<fme:Aangemaakt_op>07/11/2018</fme:Aangemaakt_op>
</fme:BP12>
<fme:BP12>
<fme:ID>BP12</fme:ID>
<fme:Parameter>19/09/2017</fme:Parameter>
<fme:Temperatuu>14,5</fme:Temperatuu>
<fme:Zuurstof__>-</fme:Zuurstof__>
<fme:Zuurstofpe>58,2</fme:Zuurstofpe>
<fme:pH__6_>8</fme:pH__6_>
<fme:Ammonium__>0,3</fme:Ammonium__>
<fme:Nitraat__1/>
<fme:Orthofosfa>0,21</fme:Orthofosfa>
<fme:Chloride__>122</fme:Chloride__>
<fme:BOD__23_>2,482</fme:BOD__23_>
<fme:COD__24_>17,3948</fme:COD__24_>
<fme:TOC__25_>5,88</fme:TOC__25_>
<fme:Totaal_sti/>
<fme:Sulfaat__1>52</fme:Sulfaat__1>
<fme:Zware_meta/>
<fme:Lood/>
<fme:Zink/>
<fme:Chroom/>
<fme:Basis_Prat>2,44986524</fme:Basis_Prat>
<fme:Totale_Pra>2,000852478</fme:Totale_Pra>
<fme:csv_line_n>7</fme:csv_line_n>
<fme:Nummer>BP12</fme:Nummer>
<fme:Naam>Zijdelingse Vaart West 4</fme:Naam>
<fme:Ligging_me/>
<fme:Centrum>nee</fme:Centrum>
<fme:TPI04>3</fme:TPI04>
<fme:TPI05>2.6</fme:TPI05>
<fme:TPI06>2.6</fme:TPI06>
<fme:TPI07>3</fme:TPI07>
<fme:TPI08>4.3</fme:TPI08>
<fme:Aangemaakt_op>07/11/2018</fme:Aangemaakt_op>
</fme:BP12>
<fme:BP12>
<fme:ID>BP12</fme:ID>
<fme:Parameter>14/11/2017</fme:Parameter>
<fme:Temperatuu>8,4</fme:Temperatuu>
<fme:Zuurstof__>-</fme:Zuurstof__>
<fme:Zuurstofpe>22,4</fme:Zuurstofpe>
<fme:pH__6_>7,8</fme:pH__6_>
<fme:Ammonium__>1,12</fme:Ammonium__>
<fme:Nitraat__1>0,14</fme:Nitraat__1>
<fme:Orthofosfa/>
<fme:Chloride__>554</fme:Chloride__>
<fme:BOD__23_>3,22</fme:BOD__23_>
<fme:COD__24_>28,268</fme:COD__24_>
<fme:TOC__25_>10,8</fme:TOC__25_>
<fme:Totaal_sti/>
<fme:Sulfaat__1>154</fme:Sulfaat__1>
<fme:Zware_meta/>
<fme:Lood/>
<fme:Zink/>
<fme:Chroom/>
<fme:Basis_Prat>5,190783252</fme:Basis_Prat>
<fme:Totale_Pra>3,111110017</fme:Totale_Pra>
<fme:csv_line_n>8</fme:csv_line_n>
<fme:Nummer>BP12</fme:Nummer>
<fme:Naam>Zijdelingse Vaart West 4</fme:Naam>
<fme:Ligging_me/>
<fme:Centrum>nee</fme:Centrum>
<fme:TPI04>3</fme:TPI04>
<fme:TPI05>2.6</fme:TPI05>
<fme:TPI06>2.6</fme:TPI06>
<fme:TPI07>3</fme:TPI07>
<fme:TPI08>4.3</fme:TPI08>
<fme:Aangemaakt_op>07/11/2018</fme:Aangemaakt_op>
</fme:BP12>
</fme:BP12-table>
</fme:xml-tables>