<?xml version="1.0" encoding="UTF-8"?>
<fme:xml-tables xmlns:xsi="http://www.w3.org/2001/XMLSchema-instance" xmlns:fme="http://www.safe.com/xml/xmltables" xsi:schemaLocation="http://www.safe.com/xml/xmltables BP13.xsd">
<fme:BP13-table>
<fme:BP13>
<fme:ID>BP13</fme:ID>
<fme:Parameter;>7/03/2017;7</fme:Parameter;>
<fme:csv_line_n>4</fme:csv_line_n>
<fme:Nummer>BP13</fme:Nummer>
<fme:Naam>Zijdelingse Vaart West 5</fme:Naam>
<fme:Ligging_me/>
<fme:Centrum>nee</fme:Centrum>
<fme:TPI04>2.2</fme:TPI04>
<fme:TPI05>2.2</fme:TPI05>
<fme:TPI06>3</fme:TPI06>
<fme:TPI07>2.3</fme:TPI07>
<fme:TPI08>2.1</fme:TPI08>
<fme:Aangemaakt_op>07/11/2018</fme:Aangemaakt_op>
</fme:BP13>
<fme:BP13>
<fme:ID>BP13</fme:ID>
<fme:Parameter;>25/04/2017;10</fme:Parameter;>
<fme:csv_line_n>5</fme:csv_line_n>
<fme:Nummer>BP13</fme:Nummer>
<fme:Naam>Zijdelingse Vaart West 5</fme:Naam>
<fme:Ligging_me/>
<fme:Centrum>nee</fme:Centrum>
<fme:TPI04>2.2</fme:TPI04>
<fme:TPI05>2.2</fme:TPI05>
<fme:TPI06>3</fme:TPI06>
<fme:TPI07>2.3</fme:TPI07>
<fme:TPI08>2.1</fme:TPI08>
<fme:Aangemaakt_op>07/11/2018</fme:Aangemaakt_op>
</fme:BP13>
<fme:BP13>
<fme:ID>BP13</fme:ID>
<fme:Parameter;>4/07/2017;17</fme:Parameter;>
<fme:csv_line_n>6</fme:csv_line_n>
<fme:Nummer>BP13</fme:Nummer>
<fme:Naam>Zijdelingse Vaart West 5</fme:Naam>
<fme:Ligging_me/>
<fme:Centrum>nee</fme:Centrum>
<fme:TPI04>2.2</fme:TPI04>
<fme:TPI05>2.2</fme:TPI05>
<fme:TPI06>3</fme:TPI06>
<fme:TPI07>2.3</fme:TPI07>
<fme:TPI08>2.1</fme:TPI08>
<fme:Aangemaakt_op>07/11/2018</fme:Aangemaakt_op>
</fme:BP13>
<fme:BP13>
<fme:ID>BP13</fme:ID>
<fme:Parameter;>19/09/2017;15</fme:Parameter;>
<fme:csv_line_n>7</fme:csv_line_n>
<fme:Nummer>BP13</fme:Nummer>
<fme:Naam>Zijdelingse Vaart West 5</fme:Naam>
<fme:Ligging_me/>
<fme:Centrum>nee</fme:Centrum>
<fme:TPI04>2.2</fme:TPI04>
<fme:TPI05>2.2</fme:TPI05>
<fme:TPI06>3</fme:TPI06>
<fme:TPI07>2.3</fme:TPI07>
<fme:TPI08>2.1</fme:TPI08>
<fme:Aangemaakt_op>07/11/2018</fme:Aangemaakt_op>
</fme:BP13>
<fme:BP13>
<fme:ID>BP13</fme:ID>
<fme:Parameter;>14/11/2017;7;-;60</fme:Parameter;>
<fme:csv_line_n>8</fme:csv_line_n>
<fme:Nummer>BP13</fme:Nummer>
<fme:Naam>Zijdelingse Vaart West 5</fme:Naam>
<fme:Ligging_me/>
<fme:Centrum>nee</fme:Centrum>
<fme:TPI04>2.2</fme:TPI04>
<fme:TPI05>2.2</fme:TPI05>
<fme:TPI06>3</fme:TPI06>
<fme:TPI07>2.3</fme:TPI07>
<fme:TPI08>2.1</fme:TPI08>
<fme:Aangemaakt_op>07/11/2018</fme:Aangemaakt_op>
</fme:BP13>
</fme:BP13-table>
</fme:xml-tables>