<?xml version="1.0" encoding="UTF-8"?>
<fme:xml-tables xmlns:xsi="http://www.w3.org/2001/XMLSchema-instance" xmlns:fme="http://www.safe.com/xml/xmltables" xsi:schemaLocation="http://www.safe.com/xml/xmltables BP15.xsd">
<fme:BP15-table>
<fme:BP15>
<fme:ID>BP15</fme:ID>
<fme:Parameter>6/03/2017</fme:Parameter>
<fme:Temperatuu>8</fme:Temperatuu>
<fme:Zuurstof__>-</fme:Zuurstof__>
<fme:Zuurstofpe>54</fme:Zuurstofpe>
<fme:pH__6_>7,6</fme:pH__6_>
<fme:Ammonium__>0,78</fme:Ammonium__>
<fme:Nitraat__1>0,51</fme:Nitraat__1>
<fme:Orthofosfa>0,17</fme:Orthofosfa>
<fme:Chloride__>119</fme:Chloride__>
<fme:BOD__23_>2,845</fme:BOD__23_>
<fme:COD__24_>22,743</fme:COD__24_>
<fme:TOC__25_>8,3</fme:TOC__25_>
<fme:Totaal_sti>2,3</fme:Totaal_sti>
<fme:Sulfaat__1>76</fme:Sulfaat__1>
<fme:Zware_meta/>
<fme:Lood/>
<fme:Zink/>
<fme:Chroom/>
<fme:Basis_Prat>3,366714412</fme:Basis_Prat>
<fme:Totale_Pra>2,175564968</fme:Totale_Pra>
<fme:csv_line_n>4</fme:csv_line_n>
<fme:Nummer>BP15</fme:Nummer>
<fme:Naam>Blauwe Torengeleed</fme:Naam>
<fme:Ligging_me/>
<fme:Centrum>nee</fme:Centrum>
<fme:TPI04>3.8</fme:TPI04>
<fme:TPI05>3.3</fme:TPI05>
<fme:TPI06>3</fme:TPI06>
<fme:TPI07>3</fme:TPI07>
<fme:TPI08>0</fme:TPI08>
<fme:Aangemaakt_op>07/11/2018</fme:Aangemaakt_op>
</fme:BP15>
<fme:BP15>
<fme:ID>BP15</fme:ID>
<fme:Parameter>24/04/2017</fme:Parameter>
<fme:Temperatuu>12,4</fme:Temperatuu>
<fme:Zuurstof__>-</fme:Zuurstof__>
<fme:Zuurstofpe>79,9</fme:Zuurstofpe>
<fme:pH__6_>7,7</fme:pH__6_>
<fme:Ammonium__>0,32</fme:Ammonium__>
<fme:Nitraat__1>3,04</fme:Nitraat__1>
<fme:Orthofosfa>0,13</fme:Orthofosfa>
<fme:Chloride__>271</fme:Chloride__>
<fme:BOD__23_>2,545</fme:BOD__23_>
<fme:COD__24_>18,323</fme:COD__24_>
<fme:TOC__25_>6,3</fme:TOC__25_>
<fme:Totaal_sti>4,6</fme:Totaal_sti>
<fme:Sulfaat__1>126</fme:Sulfaat__1>
<fme:Zware_meta/>
<fme:Lood/>
<fme:Zink/>
<fme:Chroom/>
<fme:Basis_Prat>1,933594204</fme:Basis_Prat>
<fme:Totale_Pra>1,690112089</fme:Totale_Pra>
<fme:csv_line_n>5</fme:csv_line_n>
<fme:Nummer>BP15</fme:Nummer>
<fme:Naam>Blauwe Torengeleed</fme:Naam>
<fme:Ligging_me/>
<fme:Centrum>nee</fme:Centrum>
<fme:TPI04>3.8</fme:TPI04>
<fme:TPI05>3.3</fme:TPI05>
<fme:TPI06>3</fme:TPI06>
<fme:TPI07>3</fme:TPI07>
<fme:TPI08>0</fme:TPI08>
<fme:Aangemaakt_op>07/11/2018</fme:Aangemaakt_op>
</fme:BP15>
<fme:BP15>
<fme:ID>BP15</fme:ID>
<fme:Parameter>3/07/2017</fme:Parameter>
<fme:Temperatuu>19,1</fme:Temperatuu>
<fme:Zuurstof__>-</fme:Zuurstof__>
<fme:Zuurstofpe>42,6</fme:Zuurstofpe>
<fme:pH__6_>7,8</fme:pH__6_>
<fme:Ammonium__>0,46</fme:Ammonium__>
<fme:Nitraat__1>0,84</fme:Nitraat__1>
<fme:Orthofosfa>0,31</fme:Orthofosfa>
<fme:Chloride__>455</fme:Chloride__>
<fme:BOD__23_>2,263</fme:BOD__23_>
<fme:COD__24_>14,1682</fme:COD__24_>
<fme:TOC__25_>4,42</fme:TOC__25_>
<fme:Totaal_sti>1,5</fme:Totaal_sti>
<fme:Sulfaat__1>149</fme:Sulfaat__1>
<fme:Zware_meta/>
<fme:Lood/>
<fme:Zink/>
<fme:Chroom/>
<fme:Basis_Prat>3,034808007</fme:Basis_Prat>
<fme:Totale_Pra>2,034668239</fme:Totale_Pra>
<fme:csv_line_n>6</fme:csv_line_n>
<fme:Nummer>BP15</fme:Nummer>
<fme:Naam>Blauwe Torengeleed</fme:Naam>
<fme:Ligging_me/>
<fme:Centrum>nee</fme:Centrum>
<fme:TPI04>3.8</fme:TPI04>
<fme:TPI05>3.3</fme:TPI05>
<fme:TPI06>3</fme:TPI06>
<fme:TPI07>3</fme:TPI07>
<fme:TPI08>0</fme:TPI08>
<fme:Aangemaakt_op>07/11/2018</fme:Aangemaakt_op>
</fme:BP15>
<fme:BP15>
<fme:ID>BP15</fme:ID>
<fme:Parameter>12/09/2017</fme:Parameter>
<fme:Temperatuu>14,8</fme:Temperatuu>
<fme:Zuurstof__>-</fme:Zuurstof__>
<fme:Zuurstofpe>62,6</fme:Zuurstofpe>
<fme:pH__6_>7,7</fme:pH__6_>
<fme:Ammonium__>0,9</fme:Ammonium__>
<fme:Nitraat__1/>
<fme:Orthofosfa>0,41</fme:Orthofosfa>
<fme:Chloride__>210</fme:Chloride__>
<fme:BOD__23_>2,509</fme:BOD__23_>
<fme:COD__24_>17,7926</fme:COD__24_>
<fme:TOC__25_>6,06</fme:TOC__25_>
<fme:Totaal_sti>1,8</fme:Totaal_sti>
<fme:Sulfaat__1>63</fme:Sulfaat__1>
<fme:Zware_meta/>
<fme:Lood/>
<fme:Zink/>
<fme:Chroom/>
<fme:Basis_Prat>3,103212032</fme:Basis_Prat>
<fme:Totale_Pra>2,294460553</fme:Totale_Pra>
<fme:csv_line_n>7</fme:csv_line_n>
<fme:Nummer>BP15</fme:Nummer>
<fme:Naam>Blauwe Torengeleed</fme:Naam>
<fme:Ligging_me/>
<fme:Centrum>nee</fme:Centrum>
<fme:TPI04>3.8</fme:TPI04>
<fme:TPI05>3.3</fme:TPI05>
<fme:TPI06>3</fme:TPI06>
<fme:TPI07>3</fme:TPI07>
<fme:TPI08>0</fme:TPI08>
<fme:Aangemaakt_op>07/11/2018</fme:Aangemaakt_op>
</fme:BP15>
<fme:BP15>
<fme:ID>BP15</fme:ID>
<fme:Parameter>13/11/2017</fme:Parameter>
<fme:Temperatuu>8,7</fme:Temperatuu>
<fme:Zuurstof__>-</fme:Zuurstof__>
<fme:Zuurstofpe>36,4</fme:Zuurstofpe>
<fme:pH__6_>8</fme:pH__6_>
<fme:Ammonium__>1,24</fme:Ammonium__>
<fme:Nitraat__1>0,89</fme:Nitraat__1>
<fme:Orthofosfa/>
<fme:Chloride__>194</fme:Chloride__>
<fme:BOD__23_>2,74</fme:BOD__23_>
<fme:COD__24_>21,196</fme:COD__24_>
<fme:TOC__25_>7,6</fme:TOC__25_>
<fme:Totaal_sti>3,2</fme:Totaal_sti>
<fme:Sulfaat__1>82</fme:Sulfaat__1>
<fme:Zware_meta/>
<fme:Lood/>
<fme:Zink/>
<fme:Chroom/>
<fme:Basis_Prat>4,371351987</fme:Basis_Prat>
<fme:Totale_Pra>2,82186512</fme:Totale_Pra>
<fme:csv_line_n>8</fme:csv_line_n>
<fme:Nummer>BP15</fme:Nummer>
<fme:Naam>Blauwe Torengeleed</fme:Naam>
<fme:Ligging_me/>
<fme:Centrum>nee</fme:Centrum>
<fme:TPI04>3.8</fme:TPI04>
<fme:TPI05>3.3</fme:TPI05>
<fme:TPI06>3</fme:TPI06>
<fme:TPI07>3</fme:TPI07>
<fme:TPI08>0</fme:TPI08>
<fme:Aangemaakt_op>07/11/2018</fme:Aangemaakt_op>
</fme:BP15>
</fme:BP15-table>
</fme:xml-tables>