<?xml version="1.0" encoding="UTF-8"?>
<fme:xml-tables xmlns:xsi="http://www.w3.org/2001/XMLSchema-instance" xmlns:fme="http://www.safe.com/xml/xmltables" xsi:schemaLocation="http://www.safe.com/xml/xmltables BP16.xsd">
<fme:BP16-table>
<fme:BP16>
<fme:ID>BP16</fme:ID>
<fme:Parameter>6/03/2017</fme:Parameter>
<fme:Temperatuu>7,5</fme:Temperatuu>
<fme:Zuurstof__>-</fme:Zuurstof__>
<fme:Zuurstofpe>69,7</fme:Zuurstofpe>
<fme:pH__6_>7,8</fme:pH__6_>
<fme:Ammonium__>0,39</fme:Ammonium__>
<fme:Nitraat__1>0,54</fme:Nitraat__1>
<fme:Orthofosfa>0,1</fme:Orthofosfa>
<fme:Chloride__>392</fme:Chloride__>
<fme:BOD__23_>3,1</fme:BOD__23_>
<fme:COD__24_>26,5</fme:COD__24_>
<fme:TOC__25_>10</fme:TOC__25_>
<fme:Totaal_sti>1,9</fme:Totaal_sti>
<fme:Sulfaat__1>103</fme:Sulfaat__1>
<fme:Zware_meta/>
<fme:Lood/>
<fme:Zink/>
<fme:Chroom/>
<fme:Basis_Prat>2,582977555</fme:Basis_Prat>
<fme:Totale_Pra>1,86296822</fme:Totale_Pra>
<fme:csv_line_n>4</fme:csv_line_n>
<fme:Nummer>BP16</fme:Nummer>
<fme:Naam>Molengeleed</fme:Naam>
<fme:Ligging_me/>
<fme:Centrum>nee</fme:Centrum>
<fme:TPI04>4.5</fme:TPI04>
<fme:TPI05>3.8</fme:TPI05>
<fme:TPI06>3.5</fme:TPI06>
<fme:TPI07>3.5</fme:TPI07>
<fme:TPI08>0</fme:TPI08>
<fme:Aangemaakt_op>07/11/2018</fme:Aangemaakt_op>
</fme:BP16>
<fme:BP16>
<fme:ID>BP16</fme:ID>
<fme:Parameter>24/04/2017</fme:Parameter>
<fme:Temperatuu>11,7</fme:Temperatuu>
<fme:Zuurstof__>-</fme:Zuurstof__>
<fme:Zuurstofpe>70,1</fme:Zuurstofpe>
<fme:pH__6_>7,9</fme:pH__6_>
<fme:Ammonium__>0,23</fme:Ammonium__>
<fme:Nitraat__1>0,21</fme:Nitraat__1>
<fme:Orthofosfa>0,01</fme:Orthofosfa>
<fme:Chloride__>306</fme:Chloride__>
<fme:BOD__23_>3,505</fme:BOD__23_>
<fme:COD__24_>32,467</fme:COD__24_>
<fme:TOC__25_>12,7</fme:TOC__25_>
<fme:Totaal_sti>2,3</fme:Totaal_sti>
<fme:Sulfaat__1>57</fme:Sulfaat__1>
<fme:Zware_meta/>
<fme:Lood/>
<fme:Zink/>
<fme:Chroom/>
<fme:Basis_Prat>2,518143826</fme:Basis_Prat>
<fme:Totale_Pra>1,849770818</fme:Totale_Pra>
<fme:csv_line_n>5</fme:csv_line_n>
<fme:Nummer>BP16</fme:Nummer>
<fme:Naam>Molengeleed</fme:Naam>
<fme:Ligging_me/>
<fme:Centrum>nee</fme:Centrum>
<fme:TPI04>4.5</fme:TPI04>
<fme:TPI05>3.8</fme:TPI05>
<fme:TPI06>3.5</fme:TPI06>
<fme:TPI07>3.5</fme:TPI07>
<fme:TPI08>0</fme:TPI08>
<fme:Aangemaakt_op>07/11/2018</fme:Aangemaakt_op>
</fme:BP16>
<fme:BP16>
<fme:ID>BP16</fme:ID>
<fme:Parameter>3/07/2017</fme:Parameter>
<fme:Temperatuu>18,1</fme:Temperatuu>
<fme:Zuurstof__>-</fme:Zuurstof__>
<fme:Zuurstofpe>23,8</fme:Zuurstofpe>
<fme:pH__6_>8,1</fme:pH__6_>
<fme:Ammonium__>0,85</fme:Ammonium__>
<fme:Nitraat__1>0,15</fme:Nitraat__1>
<fme:Orthofosfa>0,22</fme:Orthofosfa>
<fme:Chloride__>870</fme:Chloride__>
<fme:BOD__23_>2,251</fme:BOD__23_>
<fme:COD__24_>13,9914</fme:COD__24_>
<fme:TOC__25_>4,34</fme:TOC__25_>
<fme:Totaal_sti>1,34</fme:Totaal_sti>
<fme:Sulfaat__1>190</fme:Sulfaat__1>
<fme:Zware_meta/>
<fme:Lood/>
<fme:Zink/>
<fme:Chroom/>
<fme:Basis_Prat>4,357131843</fme:Basis_Prat>
<fme:Totale_Pra>2,68390343</fme:Totale_Pra>
<fme:csv_line_n>6</fme:csv_line_n>
<fme:Nummer>BP16</fme:Nummer>
<fme:Naam>Molengeleed</fme:Naam>
<fme:Ligging_me/>
<fme:Centrum>nee</fme:Centrum>
<fme:TPI04>4.5</fme:TPI04>
<fme:TPI05>3.8</fme:TPI05>
<fme:TPI06>3.5</fme:TPI06>
<fme:TPI07>3.5</fme:TPI07>
<fme:TPI08>0</fme:TPI08>
<fme:Aangemaakt_op>07/11/2018</fme:Aangemaakt_op>
</fme:BP16>
<fme:BP16>
<fme:ID>BP16</fme:ID>
<fme:Parameter>12/09/2017</fme:Parameter>
<fme:Temperatuu>14,6</fme:Temperatuu>
<fme:Zuurstof__>-</fme:Zuurstof__>
<fme:Zuurstofpe>45</fme:Zuurstofpe>
<fme:pH__6_>7,6</fme:pH__6_>
<fme:Ammonium__>0,67</fme:Ammonium__>
<fme:Nitraat__1/>
<fme:Orthofosfa>0,19</fme:Orthofosfa>
<fme:Chloride__>121</fme:Chloride__>
<fme:BOD__23_>2,5705</fme:BOD__23_>
<fme:COD__24_>18,6987</fme:COD__24_>
<fme:TOC__25_>6,47</fme:TOC__25_>
<fme:Totaal_sti>1,9</fme:Totaal_sti>
<fme:Sulfaat__1>48</fme:Sulfaat__1>
<fme:Zware_meta/>
<fme:Lood/>
<fme:Zink/>
<fme:Chroom/>
<fme:Basis_Prat>3,370282157</fme:Basis_Prat>
<fme:Totale_Pra>2,436902628</fme:Totale_Pra>
<fme:csv_line_n>7</fme:csv_line_n>
<fme:Nummer>BP16</fme:Nummer>
<fme:Naam>Molengeleed</fme:Naam>
<fme:Ligging_me/>
<fme:Centrum>nee</fme:Centrum>
<fme:TPI04>4.5</fme:TPI04>
<fme:TPI05>3.8</fme:TPI05>
<fme:TPI06>3.5</fme:TPI06>
<fme:TPI07>3.5</fme:TPI07>
<fme:TPI08>0</fme:TPI08>
<fme:Aangemaakt_op>07/11/2018</fme:Aangemaakt_op>
</fme:BP16>
<fme:BP16>
<fme:ID>BP16</fme:ID>
<fme:Parameter>13/11/2017</fme:Parameter>
<fme:Temperatuu>8,2</fme:Temperatuu>
<fme:Zuurstof__>-</fme:Zuurstof__>
<fme:Zuurstofpe>36,4</fme:Zuurstofpe>
<fme:pH__6_>7,5</fme:pH__6_>
<fme:Ammonium__>1,53</fme:Ammonium__>
<fme:Nitraat__1>0,54</fme:Nitraat__1>
<fme:Orthofosfa/>
<fme:Chloride__>179</fme:Chloride__>
<fme:BOD__23_>3,1</fme:BOD__23_>
<fme:COD__24_>26,5</fme:COD__24_>
<fme:TOC__25_>10</fme:TOC__25_>
<fme:Totaal_sti>3,4</fme:Totaal_sti>
<fme:Sulfaat__1>47,2</fme:Sulfaat__1>
<fme:Zware_meta/>
<fme:Lood/>
<fme:Zink/>
<fme:Chroom/>
<fme:Basis_Prat>4,811362218</fme:Basis_Prat>
<fme:Totale_Pra>2,912160552</fme:Totale_Pra>
<fme:csv_line_n>8</fme:csv_line_n>
<fme:Nummer>BP16</fme:Nummer>
<fme:Naam>Molengeleed</fme:Naam>
<fme:Ligging_me/>
<fme:Centrum>nee</fme:Centrum>
<fme:TPI04>4.5</fme:TPI04>
<fme:TPI05>3.8</fme:TPI05>
<fme:TPI06>3.5</fme:TPI06>
<fme:TPI07>3.5</fme:TPI07>
<fme:TPI08>0</fme:TPI08>
<fme:Aangemaakt_op>07/11/2018</fme:Aangemaakt_op>
</fme:BP16>
</fme:BP16-table>
</fme:xml-tables>