<?xml version="1.0" encoding="UTF-8"?>
<fme:xml-tables xmlns:xsi="http://www.w3.org/2001/XMLSchema-instance" xmlns:fme="http://www.safe.com/xml/xmltables" xsi:schemaLocation="http://www.safe.com/xml/xmltables BP17.xsd">
<fme:BP17-table>
<fme:BP17>
<fme:ID>BP17</fme:ID>
<fme:Parameter>7/02/2017</fme:Parameter>
<fme:Temperatuu>6,2</fme:Temperatuu>
<fme:Zuurstof__>-</fme:Zuurstof__>
<fme:Zuurstofpe>63,3</fme:Zuurstofpe>
<fme:pH__6_>7,5</fme:pH__6_>
<fme:Ammonium__>0,81</fme:Ammonium__>
<fme:Nitraat__1>6,64</fme:Nitraat__1>
<fme:Orthofosfa>0,21</fme:Orthofosfa>
<fme:Chloride__>134</fme:Chloride__>
<fme:BOD__23_>2,725</fme:BOD__23_>
<fme:COD__24_>20,975</fme:COD__24_>
<fme:TOC__25_>7,5</fme:TOC__25_>
<fme:Totaal_sti>7,1</fme:Totaal_sti>
<fme:Sulfaat__1>97</fme:Sulfaat__1>
<fme:Zware_meta/>
<fme:Lood/>
<fme:Zink/>
<fme:Chroom/>
<fme:Basis_Prat>3,093148095</fme:Basis_Prat>
<fme:Totale_Pra>2,479086068</fme:Totale_Pra>
<fme:csv_line_n>4</fme:csv_line_n>
<fme:Nummer>BP17</fme:Nummer>
<fme:Naam>Boterbeek</fme:Naam>
<fme:Ligging_me/>
<fme:Centrum>nee</fme:Centrum>
<fme:TPI04>4.1</fme:TPI04>
<fme:TPI05>3.2</fme:TPI05>
<fme:TPI06>4</fme:TPI06>
<fme:TPI07>3.2</fme:TPI07>
<fme:TPI08>3.9</fme:TPI08>
<fme:Aangemaakt_op>07/11/2018</fme:Aangemaakt_op>
</fme:BP17>
<fme:BP17>
<fme:ID>BP17</fme:ID>
<fme:Parameter>13/03/2017</fme:Parameter>
<fme:Temperatuu>9,8</fme:Temperatuu>
<fme:Zuurstof__>-</fme:Zuurstof__>
<fme:Zuurstofpe>68,2</fme:Zuurstofpe>
<fme:pH__6_>7,3</fme:pH__6_>
<fme:Ammonium__>0,34</fme:Ammonium__>
<fme:Nitraat__1>5,32</fme:Nitraat__1>
<fme:Orthofosfa>0,13</fme:Orthofosfa>
<fme:Chloride__>235</fme:Chloride__>
<fme:BOD__23_>3,01</fme:BOD__23_>
<fme:COD__24_>25,174</fme:COD__24_>
<fme:TOC__25_>9,4</fme:TOC__25_>
<fme:Totaal_sti>6,5</fme:Totaal_sti>
<fme:Sulfaat__1>98</fme:Sulfaat__1>
<fme:Zware_meta/>
<fme:Lood/>
<fme:Zink/>
<fme:Chroom/>
<fme:Basis_Prat>2,504701045</fme:Basis_Prat>
<fme:Totale_Pra>1,691641498</fme:Totale_Pra>
<fme:csv_line_n>5</fme:csv_line_n>
<fme:Nummer>BP17</fme:Nummer>
<fme:Naam>Boterbeek</fme:Naam>
<fme:Ligging_me/>
<fme:Centrum>nee</fme:Centrum>
<fme:TPI04>4.1</fme:TPI04>
<fme:TPI05>3.2</fme:TPI05>
<fme:TPI06>4</fme:TPI06>
<fme:TPI07>3.2</fme:TPI07>
<fme:TPI08>3.9</fme:TPI08>
<fme:Aangemaakt_op>07/11/2018</fme:Aangemaakt_op>
</fme:BP17>
<fme:BP17>
<fme:ID>BP17</fme:ID>
<fme:Parameter>2/05/2017</fme:Parameter>
<fme:Temperatuu>12,9</fme:Temperatuu>
<fme:Zuurstof__>-</fme:Zuurstof__>
<fme:Zuurstofpe>91,6</fme:Zuurstofpe>
<fme:pH__6_>7,8</fme:pH__6_>
<fme:Ammonium__>0,14</fme:Ammonium__>
<fme:Nitraat__1>4,34</fme:Nitraat__1>
<fme:Orthofosfa>0,18</fme:Orthofosfa>
<fme:Chloride__>183</fme:Chloride__>
<fme:BOD__23_>2,5</fme:BOD__23_>
<fme:COD__24_>17,66</fme:COD__24_>
<fme:TOC__25_>6</fme:TOC__25_>
<fme:Totaal_sti>5,6</fme:Totaal_sti>
<fme:Sulfaat__1>111</fme:Sulfaat__1>
<fme:Zware_meta/>
<fme:Lood/>
<fme:Zink/>
<fme:Chroom/>
<fme:Basis_Prat>1,279239197</fme:Basis_Prat>
<fme:Totale_Pra>1,473513041</fme:Totale_Pra>
<fme:csv_line_n>6</fme:csv_line_n>
<fme:Nummer>BP17</fme:Nummer>
<fme:Naam>Boterbeek</fme:Naam>
<fme:Ligging_me/>
<fme:Centrum>nee</fme:Centrum>
<fme:TPI04>4.1</fme:TPI04>
<fme:TPI05>3.2</fme:TPI05>
<fme:TPI06>4</fme:TPI06>
<fme:TPI07>3.2</fme:TPI07>
<fme:TPI08>3.9</fme:TPI08>
<fme:Aangemaakt_op>07/11/2018</fme:Aangemaakt_op>
</fme:BP17>
<fme:BP17>
<fme:ID>BP17</fme:ID>
<fme:Parameter>27/06/2017</fme:Parameter>
<fme:Temperatuu>20,5</fme:Temperatuu>
<fme:Zuurstof__>-</fme:Zuurstof__>
<fme:Zuurstofpe>44,5</fme:Zuurstofpe>
<fme:pH__6_>7,7</fme:pH__6_>
<fme:Ammonium__>0,96</fme:Ammonium__>
<fme:Nitraat__1>0,95</fme:Nitraat__1>
<fme:Orthofosfa>0,28</fme:Orthofosfa>
<fme:Chloride__>277</fme:Chloride__>
<fme:BOD__23_>3,115</fme:BOD__23_>
<fme:COD__24_>26,721</fme:COD__24_>
<fme:TOC__25_>10,1</fme:TOC__25_>
<fme:Totaal_sti>2,9</fme:Totaal_sti>
<fme:Sulfaat__1>103</fme:Sulfaat__1>
<fme:Zware_meta/>
<fme:Lood/>
<fme:Zink/>
<fme:Chroom/>
<fme:Basis_Prat>3,974528585</fme:Basis_Prat>
<fme:Totale_Pra>2,587070684</fme:Totale_Pra>
<fme:csv_line_n>7</fme:csv_line_n>
<fme:Nummer>BP17</fme:Nummer>
<fme:Naam>Boterbeek</fme:Naam>
<fme:Ligging_me/>
<fme:Centrum>nee</fme:Centrum>
<fme:TPI04>4.1</fme:TPI04>
<fme:TPI05>3.2</fme:TPI05>
<fme:TPI06>4</fme:TPI06>
<fme:TPI07>3.2</fme:TPI07>
<fme:TPI08>3.9</fme:TPI08>
<fme:Aangemaakt_op>07/11/2018</fme:Aangemaakt_op>
</fme:BP17>
<fme:BP17>
<fme:ID>BP17</fme:ID>
<fme:Parameter>29/08/2017</fme:Parameter>
<fme:Temperatuu>23,6</fme:Temperatuu>
<fme:Zuurstof__>-</fme:Zuurstof__>
<fme:Zuurstofpe>69,8</fme:Zuurstofpe>
<fme:pH__6_>7,9</fme:pH__6_>
<fme:Ammonium__>0,17</fme:Ammonium__>
<fme:Nitraat__1>1,7</fme:Nitraat__1>
<fme:Orthofosfa>0,26</fme:Orthofosfa>
<fme:Chloride__>567</fme:Chloride__>
<fme:BOD__23_>2,1505</fme:BOD__23_>
<fme:COD__24_>12,5107</fme:COD__24_>
<fme:TOC__25_>3,67</fme:TOC__25_>
<fme:Totaal_sti>1,6</fme:Totaal_sti>
<fme:Sulfaat__1>153</fme:Sulfaat__1>
<fme:Zware_meta/>
<fme:Lood/>
<fme:Zink/>
<fme:Chroom/>
<fme:Basis_Prat>1,749858179</fme:Basis_Prat>
<fme:Totale_Pra>1,497395215</fme:Totale_Pra>
<fme:csv_line_n>8</fme:csv_line_n>
<fme:Nummer>BP17</fme:Nummer>
<fme:Naam>Boterbeek</fme:Naam>
<fme:Ligging_me/>
<fme:Centrum>nee</fme:Centrum>
<fme:TPI04>4.1</fme:TPI04>
<fme:TPI05>3.2</fme:TPI05>
<fme:TPI06>4</fme:TPI06>
<fme:TPI07>3.2</fme:TPI07>
<fme:TPI08>3.9</fme:TPI08>
<fme:Aangemaakt_op>07/11/2018</fme:Aangemaakt_op>
</fme:BP17>
<fme:BP17>
<fme:ID>BP17</fme:ID>
<fme:Parameter>7/11/2017</fme:Parameter>
<fme:Temperatuu>10</fme:Temperatuu>
<fme:Zuurstof__>-</fme:Zuurstof__>
<fme:Zuurstofpe>45,9</fme:Zuurstofpe>
<fme:pH__6_>7,8</fme:pH__6_>
<fme:Ammonium__>0,25</fme:Ammonium__>
<fme:Nitraat__1>3,2</fme:Nitraat__1>
<fme:Orthofosfa>0,18</fme:Orthofosfa>
<fme:Chloride__>405</fme:Chloride__>
<fme:BOD__23_>2,482</fme:BOD__23_>
<fme:COD__24_>17,3948</fme:COD__24_>
<fme:TOC__25_>5,88</fme:TOC__25_>
<fme:Totaal_sti>4,4</fme:Totaal_sti>
<fme:Sulfaat__1>142</fme:Sulfaat__1>
<fme:Zware_meta/>
<fme:Lood/>
<fme:Zink/>
<fme:Chroom/>
<fme:Basis_Prat>2,715866898</fme:Basis_Prat>
<fme:Totale_Pra>1,81435255</fme:Totale_Pra>
<fme:csv_line_n>9</fme:csv_line_n>
<fme:Nummer>BP17</fme:Nummer>
<fme:Naam>Boterbeek</fme:Naam>
<fme:Ligging_me/>
<fme:Centrum>nee</fme:Centrum>
<fme:TPI04>4.1</fme:TPI04>
<fme:TPI05>3.2</fme:TPI05>
<fme:TPI06>4</fme:TPI06>
<fme:TPI07>3.2</fme:TPI07>
<fme:TPI08>3.9</fme:TPI08>
<fme:Aangemaakt_op>07/11/2018</fme:Aangemaakt_op>
</fme:BP17>
<fme:BP17>
<fme:ID>BP17</fme:ID>
<fme:Parameter>4/12/2017</fme:Parameter>
<fme:Temperatuu>5,7</fme:Temperatuu>
<fme:Zuurstof__>-</fme:Zuurstof__>
<fme:Zuurstofpe>53,8</fme:Zuurstofpe>
<fme:pH__6_>7,4</fme:pH__6_>
<fme:Ammonium__>0,65</fme:Ammonium__>
<fme:Nitraat__1>7,34</fme:Nitraat__1>
<fme:Orthofosfa>0,26</fme:Orthofosfa>
<fme:Chloride__>188</fme:Chloride__>
<fme:BOD__23_>3,07</fme:BOD__23_>
<fme:COD__24_>26,058</fme:COD__24_>
<fme:TOC__25_>9,8</fme:TOC__25_>
<fme:Totaal_sti>9,4</fme:Totaal_sti>
<fme:Sulfaat__1>91</fme:Sulfaat__1>
<fme:Zware_meta/>
<fme:Lood/>
<fme:Zink/>
<fme:Chroom/>
<fme:Basis_Prat>3,332104969</fme:Basis_Prat>
<fme:Totale_Pra>2,660363353</fme:Totale_Pra>
<fme:csv_line_n>10</fme:csv_line_n>
<fme:Nummer>BP17</fme:Nummer>
<fme:Naam>Boterbeek</fme:Naam>
<fme:Ligging_me/>
<fme:Centrum>nee</fme:Centrum>
<fme:TPI04>4.1</fme:TPI04>
<fme:TPI05>3.2</fme:TPI05>
<fme:TPI06>4</fme:TPI06>
<fme:TPI07>3.2</fme:TPI07>
<fme:TPI08>3.9</fme:TPI08>
<fme:Aangemaakt_op>07/11/2018</fme:Aangemaakt_op>
</fme:BP17>
</fme:BP17-table>
</fme:xml-tables>