<?xml version="1.0" encoding="UTF-8"?>
<fme:xml-tables xmlns:xsi="http://www.w3.org/2001/XMLSchema-instance" xmlns:fme="http://www.safe.com/xml/xmltables" xsi:schemaLocation="http://www.safe.com/xml/xmltables DP01.xsd">
<fme:DP01-table>
<fme:DP01>
<fme:ID>DP01</fme:ID>
<fme:Parameter>7/02/2017</fme:Parameter>
<fme:Temperatuu>5,9</fme:Temperatuu>
<fme:Zuurstof__>-</fme:Zuurstof__>
<fme:Zuurstofpe>71,9</fme:Zuurstofpe>
<fme:pH__6_>7,2</fme:pH__6_>
<fme:Ammonium__>0,46</fme:Ammonium__>
<fme:Nitraat__1>6,99</fme:Nitraat__1>
<fme:Orthofosfa>0,09</fme:Orthofosfa>
<fme:Chloride__>47,1</fme:Chloride__>
<fme:BOD__23_>3,7</fme:BOD__23_>
<fme:COD__24_>35,34</fme:COD__24_>
<fme:TOC__25_>14</fme:TOC__25_>
<fme:Totaal_sti/>
<fme:Sulfaat__1>57</fme:Sulfaat__1>
<fme:Zware_meta/>
<fme:Lood/>
<fme:Zink/>
<fme:Chroom/>
<fme:Basis_Prat>2,91705574</fme:Basis_Prat>
<fme:Totale_Pra>2,48378318</fme:Totale_Pra>
<fme:csv_line_n>4</fme:csv_line_n>
<fme:Nummer>DP01</fme:Nummer>
<fme:Naam>Zuidervaartje</fme:Naam>
<fme:Ligging_me/>
<fme:Centrum>nee</fme:Centrum>
<fme:TPI04>4.6</fme:TPI04>
<fme:TPI05>4.4</fme:TPI05>
<fme:TPI06>4.3</fme:TPI06>
<fme:TPI07>4.2</fme:TPI07>
<fme:TPI08>3.9</fme:TPI08>
<fme:Aangemaakt_op>07/11/2018</fme:Aangemaakt_op>
</fme:DP01>
<fme:DP01>
<fme:ID>DP01</fme:ID>
<fme:Parameter>13/03/2017</fme:Parameter>
<fme:Temperatuu>9,4</fme:Temperatuu>
<fme:Zuurstof__>-</fme:Zuurstof__>
<fme:Zuurstofpe>70,4</fme:Zuurstofpe>
<fme:pH__6_>7,8</fme:pH__6_>
<fme:Ammonium__>0,31</fme:Ammonium__>
<fme:Nitraat__1>5,51</fme:Nitraat__1>
<fme:Orthofosfa>0,01</fme:Orthofosfa>
<fme:Chloride__>52</fme:Chloride__>
<fme:BOD__23_>3,535</fme:BOD__23_>
<fme:COD__24_>32,909</fme:COD__24_>
<fme:TOC__25_>12,9</fme:TOC__25_>
<fme:Totaal_sti/>
<fme:Sulfaat__1>64</fme:Sulfaat__1>
<fme:Zware_meta/>
<fme:Lood/>
<fme:Zink/>
<fme:Chroom/>
<fme:Basis_Prat>2,657493051</fme:Basis_Prat>
<fme:Totale_Pra>2,350841764</fme:Totale_Pra>
<fme:csv_line_n>5</fme:csv_line_n>
<fme:Nummer>DP01</fme:Nummer>
<fme:Naam>Zuidervaartje</fme:Naam>
<fme:Ligging_me/>
<fme:Centrum>nee</fme:Centrum>
<fme:TPI04>4.6</fme:TPI04>
<fme:TPI05>4.4</fme:TPI05>
<fme:TPI06>4.3</fme:TPI06>
<fme:TPI07>4.2</fme:TPI07>
<fme:TPI08>3.9</fme:TPI08>
<fme:Aangemaakt_op>07/11/2018</fme:Aangemaakt_op>
</fme:DP01>
<fme:DP01>
<fme:ID>DP01</fme:ID>
<fme:Parameter>2/05/2017</fme:Parameter>
<fme:Temperatuu>11,5</fme:Temperatuu>
<fme:Zuurstof__>-</fme:Zuurstof__>
<fme:Zuurstofpe>78,8</fme:Zuurstofpe>
<fme:pH__6_>8,1</fme:pH__6_>
<fme:Ammonium__>0,64</fme:Ammonium__>
<fme:Nitraat__1>1,98</fme:Nitraat__1>
<fme:Orthofosfa>0,11</fme:Orthofosfa>
<fme:Chloride__>110</fme:Chloride__>
<fme:BOD__23_>3,43</fme:BOD__23_>
<fme:COD__24_>31,362</fme:COD__24_>
<fme:TOC__25_>12,2</fme:TOC__25_>
<fme:Totaal_sti/>
<fme:Sulfaat__1>76</fme:Sulfaat__1>
<fme:Zware_meta/>
<fme:Lood/>
<fme:Zink/>
<fme:Chroom/>
<fme:Basis_Prat>2,830227067</fme:Basis_Prat>
<fme:Totale_Pra>2,271559147</fme:Totale_Pra>
<fme:csv_line_n>6</fme:csv_line_n>
<fme:Nummer>DP01</fme:Nummer>
<fme:Naam>Zuidervaartje</fme:Naam>
<fme:Ligging_me/>
<fme:Centrum>nee</fme:Centrum>
<fme:TPI04>4.6</fme:TPI04>
<fme:TPI05>4.4</fme:TPI05>
<fme:TPI06>4.3</fme:TPI06>
<fme:TPI07>4.2</fme:TPI07>
<fme:TPI08>3.9</fme:TPI08>
<fme:Aangemaakt_op>07/11/2018</fme:Aangemaakt_op>
</fme:DP01>
<fme:DP01>
<fme:ID>DP01</fme:ID>
<fme:Parameter>26/06/2017</fme:Parameter>
<fme:Temperatuu>21,3</fme:Temperatuu>
<fme:Zuurstof__>-</fme:Zuurstof__>
<fme:Zuurstofpe>92,8</fme:Zuurstofpe>
<fme:pH__6_>7,8</fme:pH__6_>
<fme:Ammonium__>0,1</fme:Ammonium__>
<fme:Nitraat__1>1,9</fme:Nitraat__1>
<fme:Orthofosfa>0,5</fme:Orthofosfa>
<fme:Chloride__>137</fme:Chloride__>
<fme:BOD__23_>2,845</fme:BOD__23_>
<fme:COD__24_>22,743</fme:COD__24_>
<fme:TOC__25_>8,3</fme:TOC__25_>
<fme:Totaal_sti/>
<fme:Sulfaat__1>78</fme:Sulfaat__1>
<fme:Zware_meta/>
<fme:Lood/>
<fme:Zink/>
<fme:Chroom/>
<fme:Basis_Prat>1,327274592</fme:Basis_Prat>
<fme:Totale_Pra>1,353039978</fme:Totale_Pra>
<fme:csv_line_n>7</fme:csv_line_n>
<fme:Nummer>DP01</fme:Nummer>
<fme:Naam>Zuidervaartje</fme:Naam>
<fme:Ligging_me/>
<fme:Centrum>nee</fme:Centrum>
<fme:TPI04>4.6</fme:TPI04>
<fme:TPI05>4.4</fme:TPI05>
<fme:TPI06>4.3</fme:TPI06>
<fme:TPI07>4.2</fme:TPI07>
<fme:TPI08>3.9</fme:TPI08>
<fme:Aangemaakt_op>07/11/2018</fme:Aangemaakt_op>
</fme:DP01>
<fme:DP01>
<fme:ID>DP01</fme:ID>
<fme:Parameter>29/08/2017</fme:Parameter>
<fme:Temperatuu>20</fme:Temperatuu>
<fme:Zuurstof__>-</fme:Zuurstof__>
<fme:Zuurstofpe>13,3</fme:Zuurstofpe>
<fme:pH__6_>7,7</fme:pH__6_>
<fme:Ammonium__>2,28</fme:Ammonium__>
<fme:Nitraat__1>0,82</fme:Nitraat__1>
<fme:Orthofosfa>0,41</fme:Orthofosfa>
<fme:Chloride__>141</fme:Chloride__>
<fme:BOD__23_>2,3155</fme:BOD__23_>
<fme:COD__24_>14,9417</fme:COD__24_>
<fme:TOC__25_>4,77</fme:TOC__25_>
<fme:Totaal_sti/>
<fme:Sulfaat__1>82</fme:Sulfaat__1>
<fme:Zware_meta/>
<fme:Lood/>
<fme:Zink/>
<fme:Chroom/>
<fme:Basis_Prat>6,304222115</fme:Basis_Prat>
<fme:Totale_Pra>3,647802528</fme:Totale_Pra>
<fme:csv_line_n>8</fme:csv_line_n>
<fme:Nummer>DP01</fme:Nummer>
<fme:Naam>Zuidervaartje</fme:Naam>
<fme:Ligging_me/>
<fme:Centrum>nee</fme:Centrum>
<fme:TPI04>4.6</fme:TPI04>
<fme:TPI05>4.4</fme:TPI05>
<fme:TPI06>4.3</fme:TPI06>
<fme:TPI07>4.2</fme:TPI07>
<fme:TPI08>3.9</fme:TPI08>
<fme:Aangemaakt_op>07/11/2018</fme:Aangemaakt_op>
</fme:DP01>
<fme:DP01>
<fme:ID>DP01</fme:ID>
<fme:Parameter>7/11/2017</fme:Parameter>
<fme:Temperatuu>8,3</fme:Temperatuu>
<fme:Zuurstof__>-</fme:Zuurstof__>
<fme:Zuurstofpe>41,5</fme:Zuurstofpe>
<fme:pH__6_>7,6</fme:pH__6_>
<fme:Ammonium__>1,57</fme:Ammonium__>
<fme:Nitraat__1>1,79</fme:Nitraat__1>
<fme:Orthofosfa>0,2</fme:Orthofosfa>
<fme:Chloride__>92,2</fme:Chloride__>
<fme:BOD__23_>3,16</fme:BOD__23_>
<fme:COD__24_>27,384</fme:COD__24_>
<fme:TOC__25_>10,4</fme:TOC__25_>
<fme:Totaal_sti/>
<fme:Sulfaat__1>71</fme:Sulfaat__1>
<fme:Zware_meta/>
<fme:Lood/>
<fme:Zink/>
<fme:Chroom/>
<fme:Basis_Prat>4,675492106</fme:Basis_Prat>
<fme:Totale_Pra>3,005617143</fme:Totale_Pra>
<fme:csv_line_n>9</fme:csv_line_n>
<fme:Nummer>DP01</fme:Nummer>
<fme:Naam>Zuidervaartje</fme:Naam>
<fme:Ligging_me/>
<fme:Centrum>nee</fme:Centrum>
<fme:TPI04>4.6</fme:TPI04>
<fme:TPI05>4.4</fme:TPI05>
<fme:TPI06>4.3</fme:TPI06>
<fme:TPI07>4.2</fme:TPI07>
<fme:TPI08>3.9</fme:TPI08>
<fme:Aangemaakt_op>07/11/2018</fme:Aangemaakt_op>
</fme:DP01>
<fme:DP01>
<fme:ID>DP01</fme:ID>
<fme:Parameter>4/12/2017</fme:Parameter>
<fme:Temperatuu>5,8</fme:Temperatuu>
<fme:Zuurstof__>-</fme:Zuurstof__>
<fme:Zuurstofpe>63,6</fme:Zuurstofpe>
<fme:pH__6_>7,5</fme:pH__6_>
<fme:Ammonium__>0,53</fme:Ammonium__>
<fme:Nitraat__1>11,1</fme:Nitraat__1>
<fme:Orthofosfa>0,24</fme:Orthofosfa>
<fme:Chloride__>53,2</fme:Chloride__>
<fme:BOD__23_>3,88</fme:BOD__23_>
<fme:COD__24_>37,992</fme:COD__24_>
<fme:TOC__25_>15,2</fme:TOC__25_>
<fme:Totaal_sti/>
<fme:Sulfaat__1>68</fme:Sulfaat__1>
<fme:Zware_meta/>
<fme:Lood/>
<fme:Zink/>
<fme:Chroom/>
<fme:Basis_Prat>3,319504167</fme:Basis_Prat>
<fme:Totale_Pra>2,946292044</fme:Totale_Pra>
<fme:csv_line_n>10</fme:csv_line_n>
<fme:Nummer>DP01</fme:Nummer>
<fme:Naam>Zuidervaartje</fme:Naam>
<fme:Ligging_me/>
<fme:Centrum>nee</fme:Centrum>
<fme:TPI04>4.6</fme:TPI04>
<fme:TPI05>4.4</fme:TPI05>
<fme:TPI06>4.3</fme:TPI06>
<fme:TPI07>4.2</fme:TPI07>
<fme:TPI08>3.9</fme:TPI08>
<fme:Aangemaakt_op>07/11/2018</fme:Aangemaakt_op>
</fme:DP01>
</fme:DP01-table>
</fme:xml-tables>