<?xml version="1.0" encoding="UTF-8"?>
<fme:xml-tables xmlns:xsi="http://www.w3.org/2001/XMLSchema-instance" xmlns:fme="http://www.safe.com/xml/xmltables" xsi:schemaLocation="http://www.safe.com/xml/xmltables DP02.xsd">
<fme:DP02-table>
<fme:DP02>
<fme:ID>DP02</fme:ID>
<fme:Parameter>7/02/2017</fme:Parameter>
<fme:Temperatuu>5,3</fme:Temperatuu>
<fme:Zuurstof__>-</fme:Zuurstof__>
<fme:Zuurstofpe>62,9</fme:Zuurstofpe>
<fme:pH__6_>7,2</fme:pH__6_>
<fme:Ammonium__>0,5</fme:Ammonium__>
<fme:Nitraat__1>6,4</fme:Nitraat__1>
<fme:Orthofosfa>0,21</fme:Orthofosfa>
<fme:Chloride__>74</fme:Chloride__>
<fme:BOD__23_>3,52</fme:BOD__23_>
<fme:COD__24_>32,688</fme:COD__24_>
<fme:TOC__25_>12,8</fme:TOC__25_>
<fme:Totaal_sti/>
<fme:Sulfaat__1>52</fme:Sulfaat__1>
<fme:Zware_meta/>
<fme:Lood/>
<fme:Zink/>
<fme:Chroom/>
<fme:Basis_Prat>3,122224182</fme:Basis_Prat>
<fme:Totale_Pra>2,533429705</fme:Totale_Pra>
<fme:csv_line_n>4</fme:csv_line_n>
<fme:Nummer>DP02</fme:Nummer>
<fme:Naam>Edebeek (Edewatergang)</fme:Naam>
<fme:Ligging_me/>
<fme:Centrum>nee</fme:Centrum>
<fme:TPI04>3.7</fme:TPI04>
<fme:TPI05>3.7</fme:TPI05>
<fme:TPI06>3.4</fme:TPI06>
<fme:TPI07>3.4</fme:TPI07>
<fme:TPI08>0</fme:TPI08>
<fme:Aangemaakt_op>07/11/2018</fme:Aangemaakt_op>
</fme:DP02>
<fme:DP02>
<fme:ID>DP02</fme:ID>
<fme:Parameter>13/03/2017</fme:Parameter>
<fme:Temperatuu>7,8</fme:Temperatuu>
<fme:Zuurstof__>-</fme:Zuurstof__>
<fme:Zuurstofpe>45,7</fme:Zuurstofpe>
<fme:pH__6_>7,5</fme:pH__6_>
<fme:Ammonium__>1,41</fme:Ammonium__>
<fme:Nitraat__1>3,46</fme:Nitraat__1>
<fme:Orthofosfa>0,56</fme:Orthofosfa>
<fme:Chloride__>95</fme:Chloride__>
<fme:BOD__23_>4,165</fme:BOD__23_>
<fme:COD__24_>42,191</fme:COD__24_>
<fme:TOC__25_>17,1</fme:TOC__25_>
<fme:Totaal_sti/>
<fme:Sulfaat__1>49</fme:Sulfaat__1>
<fme:Zware_meta/>
<fme:Lood/>
<fme:Zink/>
<fme:Chroom/>
<fme:Basis_Prat>4,884841449</fme:Basis_Prat>
<fme:Totale_Pra>3,336328848</fme:Totale_Pra>
<fme:csv_line_n>5</fme:csv_line_n>
<fme:Nummer>DP02</fme:Nummer>
<fme:Naam>Edebeek (Edewatergang)</fme:Naam>
<fme:Ligging_me/>
<fme:Centrum>nee</fme:Centrum>
<fme:TPI04>3.7</fme:TPI04>
<fme:TPI05>3.7</fme:TPI05>
<fme:TPI06>3.4</fme:TPI06>
<fme:TPI07>3.4</fme:TPI07>
<fme:TPI08>0</fme:TPI08>
<fme:Aangemaakt_op>07/11/2018</fme:Aangemaakt_op>
</fme:DP02>
<fme:DP02>
<fme:ID>DP02</fme:ID>
<fme:Parameter>2/05/2017</fme:Parameter>
<fme:Temperatuu>11,9</fme:Temperatuu>
<fme:Zuurstof__>-</fme:Zuurstof__>
<fme:Zuurstofpe>109,3</fme:Zuurstofpe>
<fme:pH__6_>8,1</fme:pH__6_>
<fme:Ammonium__>0,07</fme:Ammonium__>
<fme:Nitraat__1>3,18</fme:Nitraat__1>
<fme:Orthofosfa>0,21</fme:Orthofosfa>
<fme:Chloride__>196</fme:Chloride__>
<fme:BOD__23_>2,545</fme:BOD__23_>
<fme:COD__24_>18,323</fme:COD__24_>
<fme:TOC__25_>6,3</fme:TOC__25_>
<fme:Totaal_sti/>
<fme:Sulfaat__1>112</fme:Sulfaat__1>
<fme:Zware_meta/>
<fme:Lood/>
<fme:Zink/>
<fme:Chroom/>
<fme:Basis_Prat>1,159803158</fme:Basis_Prat>
<fme:Totale_Pra>1,433577599</fme:Totale_Pra>
<fme:csv_line_n>6</fme:csv_line_n>
<fme:Nummer>DP02</fme:Nummer>
<fme:Naam>Edebeek (Edewatergang)</fme:Naam>
<fme:Ligging_me/>
<fme:Centrum>nee</fme:Centrum>
<fme:TPI04>3.7</fme:TPI04>
<fme:TPI05>3.7</fme:TPI05>
<fme:TPI06>3.4</fme:TPI06>
<fme:TPI07>3.4</fme:TPI07>
<fme:TPI08>0</fme:TPI08>
<fme:Aangemaakt_op>07/11/2018</fme:Aangemaakt_op>
</fme:DP02>
<fme:DP02>
<fme:ID>DP02</fme:ID>
<fme:Parameter>26/06/2017</fme:Parameter>
<fme:Temperatuu>21,6</fme:Temperatuu>
<fme:Zuurstof__>-</fme:Zuurstof__>
<fme:Zuurstofpe>68,3</fme:Zuurstofpe>
<fme:pH__6_>7,8</fme:pH__6_>
<fme:Ammonium__>0,17</fme:Ammonium__>
<fme:Nitraat__1>0,74</fme:Nitraat__1>
<fme:Orthofosfa>0,28</fme:Orthofosfa>
<fme:Chloride__>234</fme:Chloride__>
<fme:BOD__23_>2,584</fme:BOD__23_>
<fme:COD__24_>18,8976</fme:COD__24_>
<fme:TOC__25_>6,56</fme:TOC__25_>
<fme:Totaal_sti/>
<fme:Sulfaat__1>112</fme:Sulfaat__1>
<fme:Zware_meta/>
<fme:Lood/>
<fme:Zink/>
<fme:Chroom/>
<fme:Basis_Prat>2,002754846</fme:Basis_Prat>
<fme:Totale_Pra>1,542053286</fme:Totale_Pra>
<fme:csv_line_n>7</fme:csv_line_n>
<fme:Nummer>DP02</fme:Nummer>
<fme:Naam>Edebeek (Edewatergang)</fme:Naam>
<fme:Ligging_me/>
<fme:Centrum>nee</fme:Centrum>
<fme:TPI04>3.7</fme:TPI04>
<fme:TPI05>3.7</fme:TPI05>
<fme:TPI06>3.4</fme:TPI06>
<fme:TPI07>3.4</fme:TPI07>
<fme:TPI08>0</fme:TPI08>
<fme:Aangemaakt_op>07/11/2018</fme:Aangemaakt_op>
</fme:DP02>
<fme:DP02>
<fme:ID>DP02</fme:ID>
<fme:Parameter>29/08/2017</fme:Parameter>
<fme:Temperatuu>20,5</fme:Temperatuu>
<fme:Zuurstof__>-</fme:Zuurstof__>
<fme:Zuurstofpe>24,4</fme:Zuurstofpe>
<fme:pH__6_>7,7</fme:pH__6_>
<fme:Ammonium__>0,1</fme:Ammonium__>
<fme:Nitraat__1>1,05</fme:Nitraat__1>
<fme:Orthofosfa>0,3</fme:Orthofosfa>
<fme:Chloride__>311</fme:Chloride__>
<fme:BOD__23_>2,083</fme:BOD__23_>
<fme:COD__24_>11,5162</fme:COD__24_>
<fme:TOC__25_>3,22</fme:TOC__25_>
<fme:Totaal_sti/>
<fme:Sulfaat__1>124</fme:Sulfaat__1>
<fme:Zware_meta/>
<fme:Lood/>
<fme:Zink/>
<fme:Chroom/>
<fme:Basis_Prat>3,159169526</fme:Basis_Prat>
<fme:Totale_Pra>2,075960267</fme:Totale_Pra>
<fme:csv_line_n>8</fme:csv_line_n>
<fme:Nummer>DP02</fme:Nummer>
<fme:Naam>Edebeek (Edewatergang)</fme:Naam>
<fme:Ligging_me/>
<fme:Centrum>nee</fme:Centrum>
<fme:TPI04>3.7</fme:TPI04>
<fme:TPI05>3.7</fme:TPI05>
<fme:TPI06>3.4</fme:TPI06>
<fme:TPI07>3.4</fme:TPI07>
<fme:TPI08>0</fme:TPI08>
<fme:Aangemaakt_op>07/11/2018</fme:Aangemaakt_op>
</fme:DP02>
<fme:DP02>
<fme:ID>DP02</fme:ID>
<fme:Parameter>7/11/2017</fme:Parameter>
<fme:Temperatuu>4,9</fme:Temperatuu>
<fme:Zuurstof__>-</fme:Zuurstof__>
<fme:Zuurstofpe>33,2</fme:Zuurstofpe>
<fme:pH__6_>7,6</fme:pH__6_>
<fme:Ammonium__>0,85</fme:Ammonium__>
<fme:Nitraat__1>1,48</fme:Nitraat__1>
<fme:Orthofosfa>0,31</fme:Orthofosfa>
<fme:Chloride__>82,7</fme:Chloride__>
<fme:BOD__23_>3,235</fme:BOD__23_>
<fme:COD__24_>28,489</fme:COD__24_>
<fme:TOC__25_>10,9</fme:TOC__25_>
<fme:Totaal_sti/>
<fme:Sulfaat__1>35,1</fme:Sulfaat__1>
<fme:Zware_meta/>
<fme:Lood/>
<fme:Zink/>
<fme:Chroom/>
<fme:Basis_Prat>4,36148651</fme:Basis_Prat>
<fme:Totale_Pra>2,827863125</fme:Totale_Pra>
<fme:csv_line_n>9</fme:csv_line_n>
<fme:Nummer>DP02</fme:Nummer>
<fme:Naam>Edebeek (Edewatergang)</fme:Naam>
<fme:Ligging_me/>
<fme:Centrum>nee</fme:Centrum>
<fme:TPI04>3.7</fme:TPI04>
<fme:TPI05>3.7</fme:TPI05>
<fme:TPI06>3.4</fme:TPI06>
<fme:TPI07>3.4</fme:TPI07>
<fme:TPI08>0</fme:TPI08>
<fme:Aangemaakt_op>07/11/2018</fme:Aangemaakt_op>
</fme:DP02>
<fme:DP02>
<fme:ID>DP02</fme:ID>
<fme:Parameter>4/12/2017</fme:Parameter>
<fme:Temperatuu>7</fme:Temperatuu>
<fme:Zuurstof__>-</fme:Zuurstof__>
<fme:Zuurstofpe>24,1</fme:Zuurstofpe>
<fme:pH__6_>7,3</fme:pH__6_>
<fme:Ammonium__>0,69</fme:Ammonium__>
<fme:Nitraat__1>11,9</fme:Nitraat__1>
<fme:Orthofosfa>0,23</fme:Orthofosfa>
<fme:Chloride__>85,4</fme:Chloride__>
<fme:BOD__23_>3,565</fme:BOD__23_>
<fme:COD__24_>33,351</fme:COD__24_>
<fme:TOC__25_>13,1</fme:TOC__25_>
<fme:Totaal_sti/>
<fme:Sulfaat__1>55</fme:Sulfaat__1>
<fme:Zware_meta/>
<fme:Lood/>
<fme:Zink/>
<fme:Chroom/>
<fme:Basis_Prat>4,805419443</fme:Basis_Prat>
<fme:Totale_Pra>3,664183111</fme:Totale_Pra>
<fme:csv_line_n>10</fme:csv_line_n>
<fme:Nummer>DP02</fme:Nummer>
<fme:Naam>Edebeek (Edewatergang)</fme:Naam>
<fme:Ligging_me/>
<fme:Centrum>nee</fme:Centrum>
<fme:TPI04>3.7</fme:TPI04>
<fme:TPI05>3.7</fme:TPI05>
<fme:TPI06>3.4</fme:TPI06>
<fme:TPI07>3.4</fme:TPI07>
<fme:TPI08>0</fme:TPI08>
<fme:Aangemaakt_op>07/11/2018</fme:Aangemaakt_op>
</fme:DP02>
</fme:DP02-table>
</fme:xml-tables>