<?xml version="1.0" encoding="UTF-8"?>
<fme:xml-tables xmlns:xsi="http://www.w3.org/2001/XMLSchema-instance" xmlns:fme="http://www.safe.com/xml/xmltables" xsi:schemaLocation="http://www.safe.com/xml/xmltables DP03.xsd">
<fme:DP03-table>
<fme:DP03>
<fme:ID>DP03</fme:ID>
<fme:Parameter>7/02/2017</fme:Parameter>
<fme:Temperatuu>5,9</fme:Temperatuu>
<fme:Zuurstof__>-</fme:Zuurstof__>
<fme:Zuurstofpe>63,7</fme:Zuurstofpe>
<fme:pH__6_>7,5</fme:pH__6_>
<fme:Ammonium__>0,77</fme:Ammonium__>
<fme:Nitraat__1>3,79</fme:Nitraat__1>
<fme:Orthofosfa>0,02</fme:Orthofosfa>
<fme:Chloride__>34,9</fme:Chloride__>
<fme:BOD__23_>3,64</fme:BOD__23_>
<fme:COD__24_>34,456</fme:COD__24_>
<fme:TOC__25_>13,6</fme:TOC__25_>
<fme:Totaal_sti>4,7</fme:Totaal_sti>
<fme:Sulfaat__1>46,8</fme:Sulfaat__1>
<fme:Zware_meta/>
<fme:Lood/>
<fme:Zink/>
<fme:Chroom/>
<fme:Basis_Prat>3,487254306</fme:Basis_Prat>
<fme:Totale_Pra>2,602288934</fme:Totale_Pra>
<fme:csv_line_n>4</fme:csv_line_n>
<fme:Nummer>DP03</fme:Nummer>
<fme:Naam>Maleleie</fme:Naam>
<fme:Ligging_me/>
<fme:Centrum>nee</fme:Centrum>
<fme:TPI04>3.7</fme:TPI04>
<fme:TPI05>3.7</fme:TPI05>
<fme:TPI06>3.4</fme:TPI06>
<fme:TPI07>3.2</fme:TPI07>
<fme:TPI08>0</fme:TPI08>
<fme:Aangemaakt_op>07/11/2018</fme:Aangemaakt_op>
</fme:DP03>
<fme:DP03>
<fme:ID>DP03</fme:ID>
<fme:Parameter>13/03/2017</fme:Parameter>
<fme:Temperatuu>10,6</fme:Temperatuu>
<fme:Zuurstof__>-</fme:Zuurstof__>
<fme:Zuurstofpe>98,1</fme:Zuurstofpe>
<fme:pH__6_>7,6</fme:pH__6_>
<fme:Ammonium__>1,08</fme:Ammonium__>
<fme:Nitraat__1>2,69</fme:Nitraat__1>
<fme:Orthofosfa>0,03</fme:Orthofosfa>
<fme:Chloride__>35,1</fme:Chloride__>
<fme:BOD__23_>3,64</fme:BOD__23_>
<fme:COD__24_>34,456</fme:COD__24_>
<fme:TOC__25_>13,6</fme:TOC__25_>
<fme:Totaal_sti>5,1</fme:Totaal_sti>
<fme:Sulfaat__1>41,9</fme:Sulfaat__1>
<fme:Zware_meta/>
<fme:Lood/>
<fme:Zink/>
<fme:Chroom/>
<fme:Basis_Prat>2,896797323</fme:Basis_Prat>
<fme:Totale_Pra>2,24501011</fme:Totale_Pra>
<fme:csv_line_n>5</fme:csv_line_n>
<fme:Nummer>DP03</fme:Nummer>
<fme:Naam>Maleleie</fme:Naam>
<fme:Ligging_me/>
<fme:Centrum>nee</fme:Centrum>
<fme:TPI04>3.7</fme:TPI04>
<fme:TPI05>3.7</fme:TPI05>
<fme:TPI06>3.4</fme:TPI06>
<fme:TPI07>3.2</fme:TPI07>
<fme:TPI08>0</fme:TPI08>
<fme:Aangemaakt_op>07/11/2018</fme:Aangemaakt_op>
</fme:DP03>
<fme:DP03>
<fme:ID>DP03</fme:ID>
<fme:Parameter>2/05/2017</fme:Parameter>
<fme:Temperatuu>10,2</fme:Temperatuu>
<fme:Zuurstof__>-</fme:Zuurstof__>
<fme:Zuurstofpe>119,8</fme:Zuurstofpe>
<fme:pH__6_>7,7</fme:pH__6_>
<fme:Ammonium__>1,53</fme:Ammonium__>
<fme:Nitraat__1>1,31</fme:Nitraat__1>
<fme:Orthofosfa>0,01</fme:Orthofosfa>
<fme:Chloride__>37,7</fme:Chloride__>
<fme:BOD__23_>3,25</fme:BOD__23_>
<fme:COD__24_>28,71</fme:COD__24_>
<fme:TOC__25_>11</fme:TOC__25_>
<fme:Totaal_sti>4,2</fme:Totaal_sti>
<fme:Sulfaat__1>76</fme:Sulfaat__1>
<fme:Zware_meta/>
<fme:Lood/>
<fme:Zink/>
<fme:Chroom/>
<fme:Basis_Prat>3,600731284</fme:Basis_Prat>
<fme:Totale_Pra>2,453917681</fme:Totale_Pra>
<fme:csv_line_n>6</fme:csv_line_n>
<fme:Nummer>DP03</fme:Nummer>
<fme:Naam>Maleleie</fme:Naam>
<fme:Ligging_me/>
<fme:Centrum>nee</fme:Centrum>
<fme:TPI04>3.7</fme:TPI04>
<fme:TPI05>3.7</fme:TPI05>
<fme:TPI06>3.4</fme:TPI06>
<fme:TPI07>3.2</fme:TPI07>
<fme:TPI08>0</fme:TPI08>
<fme:Aangemaakt_op>07/11/2018</fme:Aangemaakt_op>
</fme:DP03>
<fme:DP03>
<fme:ID>DP03</fme:ID>
<fme:Parameter>26/06/2017</fme:Parameter>
<fme:Temperatuu>21,4</fme:Temperatuu>
<fme:Zuurstof__>-</fme:Zuurstof__>
<fme:Zuurstofpe>87,6</fme:Zuurstofpe>
<fme:pH__6_>7,8</fme:pH__6_>
<fme:Ammonium__>0,29</fme:Ammonium__>
<fme:Nitraat__1>0,62</fme:Nitraat__1>
<fme:Orthofosfa>0,04</fme:Orthofosfa>
<fme:Chloride__>37,2</fme:Chloride__>
<fme:BOD__23_>3,22</fme:BOD__23_>
<fme:COD__24_>28,268</fme:COD__24_>
<fme:TOC__25_>10,8</fme:TOC__25_>
<fme:Totaal_sti>1,8</fme:Totaal_sti>
<fme:Sulfaat__1>67</fme:Sulfaat__1>
<fme:Zware_meta/>
<fme:Lood/>
<fme:Zink/>
<fme:Chroom/>
<fme:Basis_Prat>2,012288873</fme:Basis_Prat>
<fme:Totale_Pra>1,601942097</fme:Totale_Pra>
<fme:csv_line_n>7</fme:csv_line_n>
<fme:Nummer>DP03</fme:Nummer>
<fme:Naam>Maleleie</fme:Naam>
<fme:Ligging_me/>
<fme:Centrum>nee</fme:Centrum>
<fme:TPI04>3.7</fme:TPI04>
<fme:TPI05>3.7</fme:TPI05>
<fme:TPI06>3.4</fme:TPI06>
<fme:TPI07>3.2</fme:TPI07>
<fme:TPI08>0</fme:TPI08>
<fme:Aangemaakt_op>07/11/2018</fme:Aangemaakt_op>
</fme:DP03>
<fme:DP03>
<fme:ID>DP03</fme:ID>
<fme:Parameter>29/08/2017</fme:Parameter>
<fme:Temperatuu>17,8</fme:Temperatuu>
<fme:Zuurstof__>-</fme:Zuurstof__>
<fme:Zuurstofpe>81</fme:Zuurstofpe>
<fme:pH__6_>7,9</fme:pH__6_>
<fme:Ammonium__>0,05</fme:Ammonium__>
<fme:Nitraat__1>0,22</fme:Nitraat__1>
<fme:Orthofosfa>0,11</fme:Orthofosfa>
<fme:Chloride__>38,7</fme:Chloride__>
<fme:BOD__23_>2,725</fme:BOD__23_>
<fme:COD__24_>20,975</fme:COD__24_>
<fme:TOC__25_>7,5</fme:TOC__25_>
<fme:Totaal_sti>0,77</fme:Totaal_sti>
<fme:Sulfaat__1>47,5</fme:Sulfaat__1>
<fme:Zware_meta/>
<fme:Lood/>
<fme:Zink/>
<fme:Chroom/>
<fme:Basis_Prat>1,449189529</fme:Basis_Prat>
<fme:Totale_Pra>1,230604363</fme:Totale_Pra>
<fme:csv_line_n>8</fme:csv_line_n>
<fme:Nummer>DP03</fme:Nummer>
<fme:Naam>Maleleie</fme:Naam>
<fme:Ligging_me/>
<fme:Centrum>nee</fme:Centrum>
<fme:TPI04>3.7</fme:TPI04>
<fme:TPI05>3.7</fme:TPI05>
<fme:TPI06>3.4</fme:TPI06>
<fme:TPI07>3.2</fme:TPI07>
<fme:TPI08>0</fme:TPI08>
<fme:Aangemaakt_op>07/11/2018</fme:Aangemaakt_op>
</fme:DP03>
<fme:DP03>
<fme:ID>DP03</fme:ID>
<fme:Parameter>7/11/2017</fme:Parameter>
<fme:Temperatuu>6,1</fme:Temperatuu>
<fme:Zuurstof__>-</fme:Zuurstof__>
<fme:Zuurstofpe>63,1</fme:Zuurstofpe>
<fme:pH__6_>7,7</fme:pH__6_>
<fme:Ammonium__>0,22</fme:Ammonium__>
<fme:Nitraat__1>1,61</fme:Nitraat__1>
<fme:Orthofosfa>0,11</fme:Orthofosfa>
<fme:Chloride__>35,6</fme:Chloride__>
<fme:BOD__23_>3,67</fme:BOD__23_>
<fme:COD__24_>34,898</fme:COD__24_>
<fme:TOC__25_>13,8</fme:TOC__25_>
<fme:Totaal_sti>3</fme:Totaal_sti>
<fme:Sulfaat__1>33,4</fme:Sulfaat__1>
<fme:Zware_meta/>
<fme:Lood/>
<fme:Zink/>
<fme:Chroom/>
<fme:Basis_Prat>2,768149105</fme:Basis_Prat>
<fme:Totale_Pra>2,113640286</fme:Totale_Pra>
<fme:csv_line_n>9</fme:csv_line_n>
<fme:Nummer>DP03</fme:Nummer>
<fme:Naam>Maleleie</fme:Naam>
<fme:Ligging_me/>
<fme:Centrum>nee</fme:Centrum>
<fme:TPI04>3.7</fme:TPI04>
<fme:TPI05>3.7</fme:TPI05>
<fme:TPI06>3.4</fme:TPI06>
<fme:TPI07>3.2</fme:TPI07>
<fme:TPI08>0</fme:TPI08>
<fme:Aangemaakt_op>07/11/2018</fme:Aangemaakt_op>
</fme:DP03>
<fme:DP03>
<fme:ID>DP03</fme:ID>
<fme:Parameter>4/12/2017</fme:Parameter>
<fme:Temperatuu>7</fme:Temperatuu>
<fme:Zuurstof__>-</fme:Zuurstof__>
<fme:Zuurstofpe>57,5</fme:Zuurstofpe>
<fme:pH__6_>7,3</fme:pH__6_>
<fme:Ammonium__>0,55</fme:Ammonium__>
<fme:Nitraat__1>4,74</fme:Nitraat__1>
<fme:Orthofosfa>0,17</fme:Orthofosfa>
<fme:Chloride__>37,3</fme:Chloride__>
<fme:BOD__23_>3,88</fme:BOD__23_>
<fme:COD__24_>37,992</fme:COD__24_>
<fme:TOC__25_>15,2</fme:TOC__25_>
<fme:Totaal_sti>6,5</fme:Totaal_sti>
<fme:Sulfaat__1>55</fme:Sulfaat__1>
<fme:Zware_meta/>
<fme:Lood/>
<fme:Zink/>
<fme:Chroom/>
<fme:Basis_Prat>3,507816409</fme:Basis_Prat>
<fme:Totale_Pra>2,675228757</fme:Totale_Pra>
<fme:csv_line_n>10</fme:csv_line_n>
<fme:Nummer>DP03</fme:Nummer>
<fme:Naam>Maleleie</fme:Naam>
<fme:Ligging_me/>
<fme:Centrum>nee</fme:Centrum>
<fme:TPI04>3.7</fme:TPI04>
<fme:TPI05>3.7</fme:TPI05>
<fme:TPI06>3.4</fme:TPI06>
<fme:TPI07>3.2</fme:TPI07>
<fme:TPI08>0</fme:TPI08>
<fme:Aangemaakt_op>07/11/2018</fme:Aangemaakt_op>
</fme:DP03>
</fme:DP03-table>
</fme:xml-tables>