<?xml version="1.0" encoding="UTF-8"?>
<fme:xml-tables xmlns:xsi="http://www.w3.org/2001/XMLSchema-instance" xmlns:fme="http://www.safe.com/xml/xmltables" xsi:schemaLocation="http://www.safe.com/xml/xmltables DP04.xsd">
<fme:DP04-table>
<fme:DP04>
<fme:ID>DP04</fme:ID>
<fme:Parameter>23/06/2015</fme:Parameter>
<fme:Temperatuu>13,9</fme:Temperatuu>
<fme:Zuurstof__>-</fme:Zuurstof__>
<fme:Zuurstofpe>40,4</fme:Zuurstofpe>
<fme:pH__6_>7,5</fme:pH__6_>
<fme:Ammonium__>3,42</fme:Ammonium__>
<fme:Nitraat__1>0,0331</fme:Nitraat__1>
<fme:Orthofosfa>0,1</fme:Orthofosfa>
<fme:Chloride__>33,7</fme:Chloride__>
<fme:BOD__23_>6,025</fme:BOD__23_>
<fme:COD__24_>69,595</fme:COD__24_>
<fme:TOC__25_>29,5</fme:TOC__25_>
<fme:Totaal_sti/>
<fme:Sulfaat__1>105</fme:Sulfaat__1>
<fme:Zware_meta/>
<fme:Lood/>
<fme:Zink/>
<fme:Chroom/>
<fme:Basis_Prat>7,490705386</fme:Basis_Prat>
<fme:Totale_Pra>4,477068824</fme:Totale_Pra>
<fme:csv_line_n>4</fme:csv_line_n>
<fme:Nummer>DP04</fme:Nummer>
<fme:Naam>Gemene Weidebeek 1</fme:Naam>
<fme:Ligging_me/>
<fme:Centrum>nee</fme:Centrum>
<fme:TPI04>4.3</fme:TPI04>
<fme:TPI05>4.3</fme:TPI05>
<fme:TPI06>4.3</fme:TPI06>
<fme:TPI07>4.1</fme:TPI07>
<fme:TPI08>4.2</fme:TPI08>
<fme:Aangemaakt_op>07/11/2018</fme:Aangemaakt_op>
</fme:DP04>
</fme:DP04-table>
</fme:xml-tables>