<?xml version="1.0" encoding="UTF-8"?>
<fme:xml-tables xmlns:xsi="http://www.w3.org/2001/XMLSchema-instance" xmlns:fme="http://www.safe.com/xml/xmltables" xsi:schemaLocation="http://www.safe.com/xml/xmltables DP05.xsd">
<fme:DP05-table>
<fme:DP05>
<fme:ID>DP05</fme:ID>
<fme:Parameter>13/09/2016</fme:Parameter>
<fme:Temperatuu>16,9</fme:Temperatuu>
<fme:Zuurstof__>-</fme:Zuurstof__>
<fme:Zuurstofpe>34,2</fme:Zuurstofpe>
<fme:pH__6_>6,7</fme:pH__6_>
<fme:Ammonium__>0,83</fme:Ammonium__>
<fme:Nitraat__1>0,01</fme:Nitraat__1>
<fme:Orthofosfa>0,52</fme:Orthofosfa>
<fme:Chloride__>27,2</fme:Chloride__>
<fme:BOD__23_>5,65</fme:BOD__23_>
<fme:COD__24_>64,07</fme:COD__24_>
<fme:TOC__25_>27</fme:TOC__25_>
<fme:Totaal_sti/>
<fme:Sulfaat__1>2</fme:Sulfaat__1>
<fme:Zware_meta/>
<fme:Lood/>
<fme:Zink/>
<fme:Chroom/>
<fme:Basis_Prat>5,480598881</fme:Basis_Prat>
<fme:Totale_Pra>3,477745672</fme:Totale_Pra>
<fme:csv_line_n>4</fme:csv_line_n>
<fme:Nummer>DP05</fme:Nummer>
<fme:Naam>Gemene Weidebeek 2</fme:Naam>
<fme:Ligging_me/>
<fme:Centrum>nee</fme:Centrum>
<fme:TPI04>3.7</fme:TPI04>
<fme:TPI05>3.7</fme:TPI05>
<fme:TPI06>3.1</fme:TPI06>
<fme:TPI07>3.5</fme:TPI07>
<fme:TPI08>3.3</fme:TPI08>
<fme:Aangemaakt_op>07/11/2018</fme:Aangemaakt_op>
</fme:DP05>
</fme:DP05-table>
</fme:xml-tables>