<?xml version="1.0" encoding="UTF-8"?>
<fme:xml-tables xmlns:xsi="http://www.w3.org/2001/XMLSchema-instance" xmlns:fme="http://www.safe.com/xml/xmltables" xsi:schemaLocation="http://www.safe.com/xml/xmltables DP07.xsd">
<fme:DP07-table>
<fme:DP07>
<fme:ID>DP07</fme:ID>
<fme:Parameter>13/09/2016</fme:Parameter>
<fme:Temperatuu>18</fme:Temperatuu>
<fme:Zuurstof__>-</fme:Zuurstof__>
<fme:Zuurstofpe>25,8</fme:Zuurstofpe>
<fme:pH__6_>7,1</fme:pH__6_>
<fme:Ammonium__>0,84</fme:Ammonium__>
<fme:Nitraat__1>0,01</fme:Nitraat__1>
<fme:Orthofosfa>0,81</fme:Orthofosfa>
<fme:Chloride__>27,3</fme:Chloride__>
<fme:BOD__23_>5,335</fme:BOD__23_>
<fme:COD__24_>59,429</fme:COD__24_>
<fme:TOC__25_>24,9</fme:TOC__25_>
<fme:Totaal_sti>3,05</fme:Totaal_sti>
<fme:Sulfaat__1>19,1</fme:Sulfaat__1>
<fme:Zware_meta/>
<fme:Lood/>
<fme:Zink/>
<fme:Chroom/>
<fme:Basis_Prat>5,750661893</fme:Basis_Prat>
<fme:Totale_Pra>3,479443845</fme:Totale_Pra>
<fme:csv_line_n>4</fme:csv_line_n>
<fme:Nummer>DP07</fme:Nummer>
<fme:Naam>Gemene Weidebeek 4</fme:Naam>
<fme:Ligging_me/>
<fme:Centrum>nee</fme:Centrum>
<fme:TPI04>3.9</fme:TPI04>
<fme:TPI05>3.8</fme:TPI05>
<fme:TPI06>2.8</fme:TPI06>
<fme:TPI07>3.3</fme:TPI07>
<fme:TPI08>3.2</fme:TPI08>
<fme:Aangemaakt_op>07/11/2018</fme:Aangemaakt_op>
</fme:DP07>
</fme:DP07-table>
</fme:xml-tables>