<?xml version="1.0" encoding="UTF-8"?>
<fme:xml-tables xmlns:xsi="http://www.w3.org/2001/XMLSchema-instance" xmlns:fme="http://www.safe.com/xml/xmltables" xsi:schemaLocation="http://www.safe.com/xml/xmltables KG08.xsd">
<fme:KG08-table>
<fme:KG08>
<fme:ID>KG08</fme:ID>
<fme:Parameter>7/02/2017</fme:Parameter>
<fme:Temperatuu>5,4</fme:Temperatuu>
<fme:Zuurstof__>-</fme:Zuurstof__>
<fme:Zuurstofpe>83,7</fme:Zuurstofpe>
<fme:pH__6_>7,8</fme:pH__6_>
<fme:Ammonium__>0,2</fme:Ammonium__>
<fme:Nitraat__1>0,32</fme:Nitraat__1>
<fme:Orthofosfa>0,01</fme:Orthofosfa>
<fme:Chloride__>35,4</fme:Chloride__>
<fme:BOD__23_>2,695</fme:BOD__23_>
<fme:COD__24_>20,533</fme:COD__24_>
<fme:TOC__25_>7,3</fme:TOC__25_>
<fme:Totaal_sti>2</fme:Totaal_sti>
<fme:Sulfaat__1>142</fme:Sulfaat__1>
<fme:Zware_meta/>
<fme:Lood/>
<fme:Zink/>
<fme:Chroom/>
<fme:Basis_Prat>1,70367798</fme:Basis_Prat>
<fme:Totale_Pra>1,344418443</fme:Totale_Pra>
<fme:csv_line_n>4</fme:csv_line_n>
<fme:Nummer>KG08</fme:Nummer>
<fme:Naam>Stil Ende</fme:Naam>
<fme:Ligging_me>Aan de Ezelpoort</fme:Ligging_me>
<fme:Centrum>nee</fme:Centrum>
<fme:TPI04>2.6</fme:TPI04>
<fme:TPI05>2.2</fme:TPI05>
<fme:TPI06>2</fme:TPI06>
<fme:TPI07>2.1</fme:TPI07>
<fme:TPI08>2.1</fme:TPI08>
<fme:Aangemaakt_op>07/11/2018</fme:Aangemaakt_op>
</fme:KG08>
<fme:KG08>
<fme:ID>KG08</fme:ID>
<fme:Parameter>13/03/2017</fme:Parameter>
<fme:Temperatuu>8,9</fme:Temperatuu>
<fme:Zuurstof__>-</fme:Zuurstof__>
<fme:Zuurstofpe>102,8</fme:Zuurstofpe>
<fme:pH__6_>7,7</fme:pH__6_>
<fme:Ammonium__>0,06</fme:Ammonium__>
<fme:Nitraat__1>3,04</fme:Nitraat__1>
<fme:Orthofosfa>0,57</fme:Orthofosfa>
<fme:Chloride__>68</fme:Chloride__>
<fme:BOD__23_>2,665</fme:BOD__23_>
<fme:COD__24_>20,091</fme:COD__24_>
<fme:TOC__25_>7,1</fme:TOC__25_>
<fme:Totaal_sti>3,8</fme:Totaal_sti>
<fme:Sulfaat__1>60</fme:Sulfaat__1>
<fme:Zware_meta/>
<fme:Lood/>
<fme:Zink/>
<fme:Chroom/>
<fme:Basis_Prat>1,017451676</fme:Basis_Prat>
<fme:Totale_Pra>1,245374159</fme:Totale_Pra>
<fme:csv_line_n>5</fme:csv_line_n>
<fme:Nummer>KG08</fme:Nummer>
<fme:Naam>Stil Ende</fme:Naam>
<fme:Ligging_me>Aan de Ezelpoort</fme:Ligging_me>
<fme:Centrum>nee</fme:Centrum>
<fme:TPI04>2.6</fme:TPI04>
<fme:TPI05>2.2</fme:TPI05>
<fme:TPI06>2</fme:TPI06>
<fme:TPI07>2.1</fme:TPI07>
<fme:TPI08>2.1</fme:TPI08>
<fme:Aangemaakt_op>07/11/2018</fme:Aangemaakt_op>
</fme:KG08>
<fme:KG08>
<fme:ID>KG08</fme:ID>
<fme:Parameter>2/05/2017</fme:Parameter>
<fme:Temperatuu>13,1</fme:Temperatuu>
<fme:Zuurstof__>-</fme:Zuurstof__>
<fme:Zuurstofpe>94,3</fme:Zuurstofpe>
<fme:pH__6_>8</fme:pH__6_>
<fme:Ammonium__>0,05</fme:Ammonium__>
<fme:Nitraat__1>2,1</fme:Nitraat__1>
<fme:Orthofosfa>0,4</fme:Orthofosfa>
<fme:Chloride__>84</fme:Chloride__>
<fme:BOD__23_>2,62</fme:BOD__23_>
<fme:COD__24_>19,428</fme:COD__24_>
<fme:TOC__25_>6,8</fme:TOC__25_>
<fme:Totaal_sti>3,2</fme:Totaal_sti>
<fme:Sulfaat__1>83</fme:Sulfaat__1>
<fme:Zware_meta/>
<fme:Lood/>
<fme:Zink/>
<fme:Chroom/>
<fme:Basis_Prat>1,042956195</fme:Basis_Prat>
<fme:Totale_Pra>1,263294968</fme:Totale_Pra>
<fme:csv_line_n>6</fme:csv_line_n>
<fme:Nummer>KG08</fme:Nummer>
<fme:Naam>Stil Ende</fme:Naam>
<fme:Ligging_me>Aan de Ezelpoort</fme:Ligging_me>
<fme:Centrum>nee</fme:Centrum>
<fme:TPI04>2.6</fme:TPI04>
<fme:TPI05>2.2</fme:TPI05>
<fme:TPI06>2</fme:TPI06>
<fme:TPI07>2.1</fme:TPI07>
<fme:TPI08>2.1</fme:TPI08>
<fme:Aangemaakt_op>07/11/2018</fme:Aangemaakt_op>
</fme:KG08>
<fme:KG08>
<fme:ID>KG08</fme:ID>
<fme:Parameter>27/06/2017</fme:Parameter>
<fme:Temperatuu>21,8</fme:Temperatuu>
<fme:Zuurstof__>-</fme:Zuurstof__>
<fme:Zuurstofpe>87,8</fme:Zuurstofpe>
<fme:pH__6_>8,1</fme:pH__6_>
<fme:Ammonium__>0,09</fme:Ammonium__>
<fme:Nitraat__1>0,82</fme:Nitraat__1>
<fme:Orthofosfa>1,05</fme:Orthofosfa>
<fme:Chloride__>109</fme:Chloride__>
<fme:BOD__23_>2,581</fme:BOD__23_>
<fme:COD__24_>18,8534</fme:COD__24_>
<fme:TOC__25_>6,54</fme:TOC__25_>
<fme:Totaal_sti>1,9</fme:Totaal_sti>
<fme:Sulfaat__1>87</fme:Sulfaat__1>
<fme:Zware_meta/>
<fme:Lood/>
<fme:Zink/>
<fme:Chroom/>
<fme:Basis_Prat>1,306651219</fme:Basis_Prat>
<fme:Totale_Pra>1,29851708</fme:Totale_Pra>
<fme:csv_line_n>7</fme:csv_line_n>
<fme:Nummer>KG08</fme:Nummer>
<fme:Naam>Stil Ende</fme:Naam>
<fme:Ligging_me>Aan de Ezelpoort</fme:Ligging_me>
<fme:Centrum>nee</fme:Centrum>
<fme:TPI04>2.6</fme:TPI04>
<fme:TPI05>2.2</fme:TPI05>
<fme:TPI06>2</fme:TPI06>
<fme:TPI07>2.1</fme:TPI07>
<fme:TPI08>2.1</fme:TPI08>
<fme:Aangemaakt_op>07/11/2018</fme:Aangemaakt_op>
</fme:KG08>
<fme:KG08>
<fme:ID>KG08</fme:ID>
<fme:Parameter>29/08/2017</fme:Parameter>
<fme:Temperatuu>23</fme:Temperatuu>
<fme:Zuurstof__>-</fme:Zuurstof__>
<fme:Zuurstofpe>121,4</fme:Zuurstofpe>
<fme:pH__6_>8,6</fme:pH__6_>
<fme:Ammonium__>0,03</fme:Ammonium__>
<fme:Nitraat__1>0,01</fme:Nitraat__1>
<fme:Orthofosfa>1,18</fme:Orthofosfa>
<fme:Chloride__>115</fme:Chloride__>
<fme:BOD__23_>2,3545</fme:BOD__23_>
<fme:COD__24_>15,5163</fme:COD__24_>
<fme:TOC__25_>5,03</fme:TOC__25_>
<fme:Totaal_sti>0,55</fme:Totaal_sti>
<fme:Sulfaat__1>78</fme:Sulfaat__1>
<fme:Zware_meta/>
<fme:Lood/>
<fme:Zink/>
<fme:Chroom/>
<fme:Basis_Prat>1,264073394</fme:Basis_Prat>
<fme:Totale_Pra>1,329982929</fme:Totale_Pra>
<fme:csv_line_n>8</fme:csv_line_n>
<fme:Nummer>KG08</fme:Nummer>
<fme:Naam>Stil Ende</fme:Naam>
<fme:Ligging_me>Aan de Ezelpoort</fme:Ligging_me>
<fme:Centrum>nee</fme:Centrum>
<fme:TPI04>2.6</fme:TPI04>
<fme:TPI05>2.2</fme:TPI05>
<fme:TPI06>2</fme:TPI06>
<fme:TPI07>2.1</fme:TPI07>
<fme:TPI08>2.1</fme:TPI08>
<fme:Aangemaakt_op>07/11/2018</fme:Aangemaakt_op>
</fme:KG08>
<fme:KG08>
<fme:ID>KG08</fme:ID>
<fme:Parameter>7/11/2017</fme:Parameter>
<fme:Temperatuu>9,7</fme:Temperatuu>
<fme:Zuurstof__>-</fme:Zuurstof__>
<fme:Zuurstofpe>67</fme:Zuurstofpe>
<fme:pH__6_>8</fme:pH__6_>
<fme:Ammonium__>0,43</fme:Ammonium__>
<fme:Nitraat__1>0,56</fme:Nitraat__1>
<fme:Orthofosfa>1,26</fme:Orthofosfa>
<fme:Chloride__>101</fme:Chloride__>
<fme:BOD__23_>2,695</fme:BOD__23_>
<fme:COD__24_>20,533</fme:COD__24_>
<fme:TOC__25_>7,3</fme:TOC__25_>
<fme:Totaal_sti>2,1</fme:Totaal_sti>
<fme:Sulfaat__1>63</fme:Sulfaat__1>
<fme:Zware_meta/>
<fme:Lood/>
<fme:Zink/>
<fme:Chroom/>
<fme:Basis_Prat>2,512846868</fme:Basis_Prat>
<fme:Totale_Pra>1,845702234</fme:Totale_Pra>
<fme:csv_line_n>9</fme:csv_line_n>
<fme:Nummer>KG08</fme:Nummer>
<fme:Naam>Stil Ende</fme:Naam>
<fme:Ligging_me>Aan de Ezelpoort</fme:Ligging_me>
<fme:Centrum>nee</fme:Centrum>
<fme:TPI04>2.6</fme:TPI04>
<fme:TPI05>2.2</fme:TPI05>
<fme:TPI06>2</fme:TPI06>
<fme:TPI07>2.1</fme:TPI07>
<fme:TPI08>2.1</fme:TPI08>
<fme:Aangemaakt_op>07/11/2018</fme:Aangemaakt_op>
</fme:KG08>
<fme:KG08>
<fme:ID>KG08</fme:ID>
<fme:Parameter>4/12/2017</fme:Parameter>
<fme:Temperatuu>4,8</fme:Temperatuu>
<fme:Zuurstof__>-</fme:Zuurstof__>
<fme:Zuurstofpe>78,5</fme:Zuurstofpe>
<fme:pH__6_>7,9</fme:pH__6_>
<fme:Ammonium__>0,22</fme:Ammonium__>
<fme:Nitraat__1>0,95</fme:Nitraat__1>
<fme:Orthofosfa>0,97</fme:Orthofosfa>
<fme:Chloride__>94,1</fme:Chloride__>
<fme:BOD__23_>2,602</fme:BOD__23_>
<fme:COD__24_>19,1628</fme:COD__24_>
<fme:TOC__25_>6,68</fme:TOC__25_>
<fme:Totaal_sti>2</fme:Totaal_sti>
<fme:Sulfaat__1>58</fme:Sulfaat__1>
<fme:Zware_meta/>
<fme:Lood/>
<fme:Zink/>
<fme:Chroom/>
<fme:Basis_Prat>1,832975771</fme:Basis_Prat>
<fme:Totale_Pra>1,512627611</fme:Totale_Pra>
<fme:csv_line_n>10</fme:csv_line_n>
<fme:Nummer>KG08</fme:Nummer>
<fme:Naam>Stil Ende</fme:Naam>
<fme:Ligging_me>Aan de Ezelpoort</fme:Ligging_me>
<fme:Centrum>nee</fme:Centrum>
<fme:TPI04>2.6</fme:TPI04>
<fme:TPI05>2.2</fme:TPI05>
<fme:TPI06>2</fme:TPI06>
<fme:TPI07>2.1</fme:TPI07>
<fme:TPI08>2.1</fme:TPI08>
<fme:Aangemaakt_op>07/11/2018</fme:Aangemaakt_op>
</fme:KG08>
</fme:KG08-table>
</fme:xml-tables>