<?xml version="1.0" encoding="UTF-8"?>
<fme:xml-tables xmlns:xsi="http://www.w3.org/2001/XMLSchema-instance" xmlns:fme="http://www.safe.com/xml/xmltables" xsi:schemaLocation="http://www.safe.com/xml/xmltables KGO1.xsd">
<fme:KGO1-table>
<fme:KGO1>
<fme:ID>KGO1</fme:ID>
<fme:Parameter>7/02/2017</fme:Parameter>
<fme:Temperatuu>5,5</fme:Temperatuu>
<fme:Zuurstof__>-</fme:Zuurstof__>
<fme:Zuurstofpe>79,1</fme:Zuurstofpe>
<fme:pH__6_>7,6</fme:pH__6_>
<fme:Ammonium__>0,5</fme:Ammonium__>
<fme:Nitraat__1>9,2</fme:Nitraat__1>
<fme:Orthofosfa>0,04</fme:Orthofosfa>
<fme:Chloride__>42</fme:Chloride__>
<fme:BOD__23_>3,61</fme:BOD__23_>
<fme:COD__24_>34,014</fme:COD__24_>
<fme:TOC__25_>13,4</fme:TOC__25_>
<fme:Totaal_sti>9,4</fme:Totaal_sti>
<fme:Sulfaat__1>61</fme:Sulfaat__1>
<fme:Zware_meta/>
<fme:Lood/>
<fme:Zink/>
<fme:Chroom/>
<fme:Basis_Prat>2,734424182</fme:Basis_Prat>
<fme:Totale_Pra>2,551016452</fme:Totale_Pra>
<fme:csv_line_n>4</fme:csv_line_n>
<fme:Nummer>KGO1</fme:Nummer>
<fme:Naam>Kerkebeek 1</fme:Naam>
<fme:Ligging_me/>
<fme:Centrum>nee</fme:Centrum>
<fme:TPI04>4.6</fme:TPI04>
<fme:TPI05>4.1</fme:TPI05>
<fme:TPI06>4.5</fme:TPI06>
<fme:TPI07>4.1</fme:TPI07>
<fme:TPI08>3.8</fme:TPI08>
<fme:Aangemaakt_op>07/11/2018</fme:Aangemaakt_op>
</fme:KGO1>
<fme:KGO1>
<fme:ID>KGO1</fme:ID>
<fme:Parameter>13/03/2017</fme:Parameter>
<fme:Temperatuu>9,4</fme:Temperatuu>
<fme:Zuurstof__>-</fme:Zuurstof__>
<fme:Zuurstofpe>93,9</fme:Zuurstofpe>
<fme:pH__6_>7,3</fme:pH__6_>
<fme:Ammonium__>0,4</fme:Ammonium__>
<fme:Nitraat__1>6,24</fme:Nitraat__1>
<fme:Orthofosfa>0,02</fme:Orthofosfa>
<fme:Chloride__>43,4</fme:Chloride__>
<fme:BOD__23_>3,505</fme:BOD__23_>
<fme:COD__24_>32,467</fme:COD__24_>
<fme:TOC__25_>12,7</fme:TOC__25_>
<fme:Totaal_sti>7,5</fme:Totaal_sti>
<fme:Sulfaat__1>67</fme:Sulfaat__1>
<fme:Zware_meta/>
<fme:Lood/>
<fme:Zink/>
<fme:Chroom/>
<fme:Basis_Prat>2,150929784</fme:Basis_Prat>
<fme:Totale_Pra>2,045326869</fme:Totale_Pra>
<fme:csv_line_n>5</fme:csv_line_n>
<fme:Nummer>KGO1</fme:Nummer>
<fme:Naam>Kerkebeek 1</fme:Naam>
<fme:Ligging_me/>
<fme:Centrum>nee</fme:Centrum>
<fme:TPI04>4.6</fme:TPI04>
<fme:TPI05>4.1</fme:TPI05>
<fme:TPI06>4.5</fme:TPI06>
<fme:TPI07>4.1</fme:TPI07>
<fme:TPI08>3.8</fme:TPI08>
<fme:Aangemaakt_op>07/11/2018</fme:Aangemaakt_op>
</fme:KGO1>
<fme:KGO1>
<fme:ID>KGO1</fme:ID>
<fme:Parameter>2/05/2017</fme:Parameter>
<fme:Temperatuu>12</fme:Temperatuu>
<fme:Zuurstof__>-</fme:Zuurstof__>
<fme:Zuurstofpe>71,5</fme:Zuurstofpe>
<fme:pH__6_>7,5</fme:pH__6_>
<fme:Ammonium__>1,72</fme:Ammonium__>
<fme:Nitraat__1>2,06</fme:Nitraat__1>
<fme:Orthofosfa>0,01</fme:Orthofosfa>
<fme:Chloride__>58</fme:Chloride__>
<fme:BOD__23_>3,22</fme:BOD__23_>
<fme:COD__24_>28,268</fme:COD__24_>
<fme:TOC__25_>10,8</fme:TOC__25_>
<fme:Totaal_sti>5,4</fme:Totaal_sti>
<fme:Sulfaat__1>78</fme:Sulfaat__1>
<fme:Zware_meta/>
<fme:Lood/>
<fme:Zink/>
<fme:Chroom/>
<fme:Basis_Prat>3,980497829</fme:Basis_Prat>
<fme:Totale_Pra>2,670300193</fme:Totale_Pra>
<fme:csv_line_n>6</fme:csv_line_n>
<fme:Nummer>KGO1</fme:Nummer>
<fme:Naam>Kerkebeek 1</fme:Naam>
<fme:Ligging_me/>
<fme:Centrum>nee</fme:Centrum>
<fme:TPI04>4.6</fme:TPI04>
<fme:TPI05>4.1</fme:TPI05>
<fme:TPI06>4.5</fme:TPI06>
<fme:TPI07>4.1</fme:TPI07>
<fme:TPI08>3.8</fme:TPI08>
<fme:Aangemaakt_op>07/11/2018</fme:Aangemaakt_op>
</fme:KGO1>
<fme:KGO1>
<fme:ID>KGO1</fme:ID>
<fme:Parameter>27/06/2017</fme:Parameter>
<fme:Temperatuu>18,5</fme:Temperatuu>
<fme:Zuurstof__>-</fme:Zuurstof__>
<fme:Zuurstofpe>70,5</fme:Zuurstofpe>
<fme:pH__6_>7,8</fme:pH__6_>
<fme:Ammonium__>0,56</fme:Ammonium__>
<fme:Nitraat__1>0,91</fme:Nitraat__1>
<fme:Orthofosfa>0,02</fme:Orthofosfa>
<fme:Chloride__>80</fme:Chloride__>
<fme:BOD__23_>3,34</fme:BOD__23_>
<fme:COD__24_>30,036</fme:COD__24_>
<fme:TOC__25_>11,6</fme:TOC__25_>
<fme:Totaal_sti>2,6</fme:Totaal_sti>
<fme:Sulfaat__1>72</fme:Sulfaat__1>
<fme:Zware_meta/>
<fme:Lood/>
<fme:Zink/>
<fme:Chroom/>
<fme:Basis_Prat>2,908643668</fme:Basis_Prat>
<fme:Totale_Pra>2,099513116</fme:Totale_Pra>
<fme:csv_line_n>7</fme:csv_line_n>
<fme:Nummer>KGO1</fme:Nummer>
<fme:Naam>Kerkebeek 1</fme:Naam>
<fme:Ligging_me/>
<fme:Centrum>nee</fme:Centrum>
<fme:TPI04>4.6</fme:TPI04>
<fme:TPI05>4.1</fme:TPI05>
<fme:TPI06>4.5</fme:TPI06>
<fme:TPI07>4.1</fme:TPI07>
<fme:TPI08>3.8</fme:TPI08>
<fme:Aangemaakt_op>07/11/2018</fme:Aangemaakt_op>
</fme:KGO1>
<fme:KGO1>
<fme:ID>KGO1</fme:ID>
<fme:Parameter>29/08/2017</fme:Parameter>
<fme:Temperatuu>19,2</fme:Temperatuu>
<fme:Zuurstof__>-</fme:Zuurstof__>
<fme:Zuurstofpe>60,4</fme:Zuurstofpe>
<fme:pH__6_>7,8</fme:pH__6_>
<fme:Ammonium__>1,64</fme:Ammonium__>
<fme:Nitraat__1>0,54</fme:Nitraat__1>
<fme:Orthofosfa>0,02</fme:Orthofosfa>
<fme:Chloride__>79,1</fme:Chloride__>
<fme:BOD__23_>2,674</fme:BOD__23_>
<fme:COD__24_>20,2236</fme:COD__24_>
<fme:TOC__25_>7,16</fme:TOC__25_>
<fme:Totaal_sti>3</fme:Totaal_sti>
<fme:Sulfaat__1>78</fme:Sulfaat__1>
<fme:Zware_meta/>
<fme:Lood/>
<fme:Zink/>
<fme:Chroom/>
<fme:Basis_Prat>3,940778966</fme:Basis_Prat>
<fme:Totale_Pra>2,494535593</fme:Totale_Pra>
<fme:csv_line_n>8</fme:csv_line_n>
<fme:Nummer>KGO1</fme:Nummer>
<fme:Naam>Kerkebeek 1</fme:Naam>
<fme:Ligging_me/>
<fme:Centrum>nee</fme:Centrum>
<fme:TPI04>4.6</fme:TPI04>
<fme:TPI05>4.1</fme:TPI05>
<fme:TPI06>4.5</fme:TPI06>
<fme:TPI07>4.1</fme:TPI07>
<fme:TPI08>3.8</fme:TPI08>
<fme:Aangemaakt_op>07/11/2018</fme:Aangemaakt_op>
</fme:KGO1>
<fme:KGO1>
<fme:ID>KGO1</fme:ID>
<fme:Parameter>7/11/2017</fme:Parameter>
<fme:Temperatuu>7,3</fme:Temperatuu>
<fme:Zuurstof__>-</fme:Zuurstof__>
<fme:Zuurstofpe>58,8</fme:Zuurstofpe>
<fme:pH__6_>7,4</fme:pH__6_>
<fme:Ammonium__>1,49</fme:Ammonium__>
<fme:Nitraat__1>3,02</fme:Nitraat__1>
<fme:Orthofosfa>0,04</fme:Orthofosfa>
<fme:Chloride__>52,9</fme:Chloride__>
<fme:BOD__23_>3,37</fme:BOD__23_>
<fme:COD__24_>30,478</fme:COD__24_>
<fme:TOC__25_>11,8</fme:TOC__25_>
<fme:Totaal_sti>6,2</fme:Totaal_sti>
<fme:Sulfaat__1>71</fme:Sulfaat__1>
<fme:Zware_meta/>
<fme:Lood/>
<fme:Zink/>
<fme:Chroom/>
<fme:Basis_Prat>4,195194135</fme:Basis_Prat>
<fme:Totale_Pra>2,856084379</fme:Totale_Pra>
<fme:csv_line_n>9</fme:csv_line_n>
<fme:Nummer>KGO1</fme:Nummer>
<fme:Naam>Kerkebeek 1</fme:Naam>
<fme:Ligging_me/>
<fme:Centrum>nee</fme:Centrum>
<fme:TPI04>4.6</fme:TPI04>
<fme:TPI05>4.1</fme:TPI05>
<fme:TPI06>4.5</fme:TPI06>
<fme:TPI07>4.1</fme:TPI07>
<fme:TPI08>3.8</fme:TPI08>
<fme:Aangemaakt_op>07/11/2018</fme:Aangemaakt_op>
</fme:KGO1>
<fme:KGO1>
<fme:ID>KGO1</fme:ID>
<fme:Parameter>4/12/2017</fme:Parameter>
<fme:Temperatuu>7</fme:Temperatuu>
<fme:Zuurstof__>-</fme:Zuurstof__>
<fme:Zuurstofpe>73,1</fme:Zuurstofpe>
<fme:pH__6_>7,2</fme:pH__6_>
<fme:Ammonium__>0,48</fme:Ammonium__>
<fme:Nitraat__1>13,3</fme:Nitraat__1>
<fme:Orthofosfa>0,2</fme:Orthofosfa>
<fme:Chloride__>47,9</fme:Chloride__>
<fme:BOD__23_>3,97</fme:BOD__23_>
<fme:COD__24_>39,318</fme:COD__24_>
<fme:TOC__25_>15,8</fme:TOC__25_>
<fme:Totaal_sti>16</fme:Totaal_sti>
<fme:Sulfaat__1>69</fme:Sulfaat__1>
<fme:Zware_meta/>
<fme:Lood/>
<fme:Zink/>
<fme:Chroom/>
<fme:Basis_Prat>3,044645283</fme:Basis_Prat>
<fme:Totale_Pra>2,88240618</fme:Totale_Pra>
<fme:csv_line_n>10</fme:csv_line_n>
<fme:Nummer>KGO1</fme:Nummer>
<fme:Naam>Kerkebeek 1</fme:Naam>
<fme:Ligging_me/>
<fme:Centrum>nee</fme:Centrum>
<fme:TPI04>4.6</fme:TPI04>
<fme:TPI05>4.1</fme:TPI05>
<fme:TPI06>4.5</fme:TPI06>
<fme:TPI07>4.1</fme:TPI07>
<fme:TPI08>3.8</fme:TPI08>
<fme:Aangemaakt_op>07/11/2018</fme:Aangemaakt_op>
</fme:KGO1>
</fme:KGO1-table>
</fme:xml-tables>