<?xml version="1.0" encoding="UTF-8"?>
<fme:xml-tables xmlns:xsi="http://www.w3.org/2001/XMLSchema-instance" xmlns:fme="http://www.safe.com/xml/xmltables" xsi:schemaLocation="http://www.safe.com/xml/xmltables KGO2.xsd">
<fme:KGO2-table>
<fme:KGO2>
<fme:ID>KGO2</fme:ID>
<fme:Parameter>7/02/2017</fme:Parameter>
<fme:Temperatuu>5,6</fme:Temperatuu>
<fme:Zuurstof__>-</fme:Zuurstof__>
<fme:Zuurstofpe>78,9</fme:Zuurstofpe>
<fme:pH__6_>7,5</fme:pH__6_>
<fme:Ammonium__>0,55</fme:Ammonium__>
<fme:Nitraat__1>0,01</fme:Nitraat__1>
<fme:Orthofosfa>1,96</fme:Orthofosfa>
<fme:Chloride__>144</fme:Chloride__>
<fme:BOD__23_>3,73</fme:BOD__23_>
<fme:COD__24_>35,782</fme:COD__24_>
<fme:TOC__25_>14,2</fme:TOC__25_>
<fme:Totaal_sti>9,5</fme:Totaal_sti>
<fme:Sulfaat__1>113</fme:Sulfaat__1>
<fme:Zware_meta/>
<fme:Lood/>
<fme:Zink/>
<fme:Chroom/>
<fme:Basis_Prat>2,863483076</fme:Basis_Prat>
<fme:Totale_Pra>1,897521103</fme:Totale_Pra>
<fme:csv_line_n>4</fme:csv_line_n>
<fme:Nummer>KGO2</fme:Nummer>
<fme:Naam>Kerkebeek 2</fme:Naam>
<fme:Ligging_me/>
<fme:Centrum>nee</fme:Centrum>
<fme:TPI04>4.9</fme:TPI04>
<fme:TPI05>4.3</fme:TPI05>
<fme:TPI06>4.7</fme:TPI06>
<fme:TPI07>4.5</fme:TPI07>
<fme:TPI08>4.6</fme:TPI08>
<fme:Aangemaakt_op>07/11/2018</fme:Aangemaakt_op>
</fme:KGO2>
<fme:KGO2>
<fme:ID>KGO2</fme:ID>
<fme:Parameter>13/03/2017</fme:Parameter>
<fme:Temperatuu>9,4</fme:Temperatuu>
<fme:Zuurstof__>-</fme:Zuurstof__>
<fme:Zuurstofpe>93,9</fme:Zuurstofpe>
<fme:pH__6_>7,3</fme:pH__6_>
<fme:Ammonium__>0,47</fme:Ammonium__>
<fme:Nitraat__1>6,91</fme:Nitraat__1>
<fme:Orthofosfa>0,01</fme:Orthofosfa>
<fme:Chloride__>42,5</fme:Chloride__>
<fme:BOD__23_>3,595</fme:BOD__23_>
<fme:COD__24_>33,793</fme:COD__24_>
<fme:TOC__25_>13,3</fme:TOC__25_>
<fme:Totaal_sti>8,1</fme:Totaal_sti>
<fme:Sulfaat__1>69</fme:Sulfaat__1>
<fme:Zware_meta/>
<fme:Lood/>
<fme:Zink/>
<fme:Chroom/>
<fme:Basis_Prat>2,29236999</fme:Basis_Prat>
<fme:Totale_Pra>2,163702538</fme:Totale_Pra>
<fme:csv_line_n>5</fme:csv_line_n>
<fme:Nummer>KGO2</fme:Nummer>
<fme:Naam>Kerkebeek 2</fme:Naam>
<fme:Ligging_me/>
<fme:Centrum>nee</fme:Centrum>
<fme:TPI04>4.9</fme:TPI04>
<fme:TPI05>4.3</fme:TPI05>
<fme:TPI06>4.7</fme:TPI06>
<fme:TPI07>4.5</fme:TPI07>
<fme:TPI08>4.6</fme:TPI08>
<fme:Aangemaakt_op>07/11/2018</fme:Aangemaakt_op>
</fme:KGO2>
<fme:KGO2>
<fme:ID>KGO2</fme:ID>
<fme:Parameter>2/05/2017</fme:Parameter>
<fme:Temperatuu>11,2</fme:Temperatuu>
<fme:Zuurstof__>-</fme:Zuurstof__>
<fme:Zuurstofpe>90,6</fme:Zuurstofpe>
<fme:pH__6_>7,4</fme:pH__6_>
<fme:Ammonium__>1,92</fme:Ammonium__>
<fme:Nitraat__1>3,38</fme:Nitraat__1>
<fme:Orthofosfa>0,01</fme:Orthofosfa>
<fme:Chloride__>58</fme:Chloride__>
<fme:BOD__23_>3,43</fme:BOD__23_>
<fme:COD__24_>31,362</fme:COD__24_>
<fme:TOC__25_>12,2</fme:TOC__25_>
<fme:Totaal_sti>7</fme:Totaal_sti>
<fme:Sulfaat__1>85</fme:Sulfaat__1>
<fme:Zware_meta/>
<fme:Lood/>
<fme:Zink/>
<fme:Chroom/>
<fme:Basis_Prat>3,738360836</fme:Basis_Prat>
<fme:Totale_Pra>2,660704818</fme:Totale_Pra>
<fme:csv_line_n>6</fme:csv_line_n>
<fme:Nummer>KGO2</fme:Nummer>
<fme:Naam>Kerkebeek 2</fme:Naam>
<fme:Ligging_me/>
<fme:Centrum>nee</fme:Centrum>
<fme:TPI04>4.9</fme:TPI04>
<fme:TPI05>4.3</fme:TPI05>
<fme:TPI06>4.7</fme:TPI06>
<fme:TPI07>4.5</fme:TPI07>
<fme:TPI08>4.6</fme:TPI08>
<fme:Aangemaakt_op>07/11/2018</fme:Aangemaakt_op>
</fme:KGO2>
<fme:KGO2>
<fme:ID>KGO2</fme:ID>
<fme:Parameter>27/06/2017</fme:Parameter>
<fme:Temperatuu>17,2</fme:Temperatuu>
<fme:Zuurstof__>-</fme:Zuurstof__>
<fme:Zuurstofpe>41,2</fme:Zuurstofpe>
<fme:pH__6_>7,3</fme:pH__6_>
<fme:Ammonium__>3,9</fme:Ammonium__>
<fme:Nitraat__1>0,37</fme:Nitraat__1>
<fme:Orthofosfa>0,01</fme:Orthofosfa>
<fme:Chloride__>100</fme:Chloride__>
<fme:BOD__23_>3,115</fme:BOD__23_>
<fme:COD__24_>26,721</fme:COD__24_>
<fme:TOC__25_>10,1</fme:TOC__25_>
<fme:Totaal_sti>5,5</fme:Totaal_sti>
<fme:Sulfaat__1>70</fme:Sulfaat__1>
<fme:Zware_meta/>
<fme:Lood/>
<fme:Zink/>
<fme:Chroom/>
<fme:Basis_Prat>6,336388859</fme:Basis_Prat>
<fme:Totale_Pra>3,624085412</fme:Totale_Pra>
<fme:csv_line_n>7</fme:csv_line_n>
<fme:Nummer>KGO2</fme:Nummer>
<fme:Naam>Kerkebeek 2</fme:Naam>
<fme:Ligging_me/>
<fme:Centrum>nee</fme:Centrum>
<fme:TPI04>4.9</fme:TPI04>
<fme:TPI05>4.3</fme:TPI05>
<fme:TPI06>4.7</fme:TPI06>
<fme:TPI07>4.5</fme:TPI07>
<fme:TPI08>4.6</fme:TPI08>
<fme:Aangemaakt_op>07/11/2018</fme:Aangemaakt_op>
</fme:KGO2>
<fme:KGO2>
<fme:ID>KGO2</fme:ID>
<fme:Parameter>29/08/2017</fme:Parameter>
<fme:Temperatuu>22,2</fme:Temperatuu>
<fme:Zuurstof__>-</fme:Zuurstof__>
<fme:Zuurstofpe>132,1</fme:Zuurstofpe>
<fme:pH__6_>7,7</fme:pH__6_>
<fme:Ammonium__>2,22</fme:Ammonium__>
<fme:Nitraat__1>0,53</fme:Nitraat__1>
<fme:Orthofosfa>0,01</fme:Orthofosfa>
<fme:Chloride__>84,9</fme:Chloride__>
<fme:BOD__23_>2,98</fme:BOD__23_>
<fme:COD__24_>24,732</fme:COD__24_>
<fme:TOC__25_>9,2</fme:TOC__25_>
<fme:Totaal_sti>3,3</fme:Totaal_sti>
<fme:Sulfaat__1>80</fme:Sulfaat__1>
<fme:Zware_meta/>
<fme:Lood/>
<fme:Zink/>
<fme:Chroom/>
<fme:Basis_Prat>4,357452897</fme:Basis_Prat>
<fme:Totale_Pra>2,710458599</fme:Totale_Pra>
<fme:csv_line_n>8</fme:csv_line_n>
<fme:Nummer>KGO2</fme:Nummer>
<fme:Naam>Kerkebeek 2</fme:Naam>
<fme:Ligging_me/>
<fme:Centrum>nee</fme:Centrum>
<fme:TPI04>4.9</fme:TPI04>
<fme:TPI05>4.3</fme:TPI05>
<fme:TPI06>4.7</fme:TPI06>
<fme:TPI07>4.5</fme:TPI07>
<fme:TPI08>4.6</fme:TPI08>
<fme:Aangemaakt_op>07/11/2018</fme:Aangemaakt_op>
</fme:KGO2>
<fme:KGO2>
<fme:ID>KGO2</fme:ID>
<fme:Parameter>7/11/2017</fme:Parameter>
<fme:Temperatuu>7,6</fme:Temperatuu>
<fme:Zuurstof__>-</fme:Zuurstof__>
<fme:Zuurstofpe>56,7</fme:Zuurstofpe>
<fme:pH__6_>7,4</fme:pH__6_>
<fme:Ammonium__>1,82</fme:Ammonium__>
<fme:Nitraat__1>3,47</fme:Nitraat__1>
<fme:Orthofosfa>0,1</fme:Orthofosfa>
<fme:Chloride__>51,2</fme:Chloride__>
<fme:BOD__23_>3,52</fme:BOD__23_>
<fme:COD__24_>32,688</fme:COD__24_>
<fme:TOC__25_>12,8</fme:TOC__25_>
<fme:Totaal_sti>7,3</fme:Totaal_sti>
<fme:Sulfaat__1>72</fme:Sulfaat__1>
<fme:Zware_meta/>
<fme:Lood/>
<fme:Zink/>
<fme:Chroom/>
<fme:Basis_Prat>4,605358761</fme:Basis_Prat>
<fme:Totale_Pra>3,110632033</fme:Totale_Pra>
<fme:csv_line_n>9</fme:csv_line_n>
<fme:Nummer>KGO2</fme:Nummer>
<fme:Naam>Kerkebeek 2</fme:Naam>
<fme:Ligging_me/>
<fme:Centrum>nee</fme:Centrum>
<fme:TPI04>4.9</fme:TPI04>
<fme:TPI05>4.3</fme:TPI05>
<fme:TPI06>4.7</fme:TPI06>
<fme:TPI07>4.5</fme:TPI07>
<fme:TPI08>4.6</fme:TPI08>
<fme:Aangemaakt_op>07/11/2018</fme:Aangemaakt_op>
</fme:KGO2>
<fme:KGO2>
<fme:ID>KGO2</fme:ID>
<fme:Parameter>4/12/2017</fme:Parameter>
<fme:Temperatuu>7,2</fme:Temperatuu>
<fme:Zuurstof__>-</fme:Zuurstof__>
<fme:Zuurstofpe>73,1</fme:Zuurstofpe>
<fme:pH__6_>7,2</fme:pH__6_>
<fme:Ammonium__>0,48</fme:Ammonium__>
<fme:Nitraat__1>13,9</fme:Nitraat__1>
<fme:Orthofosfa>0,21</fme:Orthofosfa>
<fme:Chloride__>45,6</fme:Chloride__>
<fme:BOD__23_>3,955</fme:BOD__23_>
<fme:COD__24_>39,097</fme:COD__24_>
<fme:TOC__25_>15,7</fme:TOC__25_>
<fme:Totaal_sti>16</fme:Totaal_sti>
<fme:Sulfaat__1>69</fme:Sulfaat__1>
<fme:Zware_meta/>
<fme:Lood/>
<fme:Zink/>
<fme:Chroom/>
<fme:Basis_Prat>3,037278616</fme:Basis_Prat>
<fme:Totale_Pra>2,902862346</fme:Totale_Pra>
<fme:csv_line_n>10</fme:csv_line_n>
<fme:Nummer>KGO2</fme:Nummer>
<fme:Naam>Kerkebeek 2</fme:Naam>
<fme:Ligging_me/>
<fme:Centrum>nee</fme:Centrum>
<fme:TPI04>4.9</fme:TPI04>
<fme:TPI05>4.3</fme:TPI05>
<fme:TPI06>4.7</fme:TPI06>
<fme:TPI07>4.5</fme:TPI07>
<fme:TPI08>4.6</fme:TPI08>
<fme:Aangemaakt_op>07/11/2018</fme:Aangemaakt_op>
</fme:KGO2>
</fme:KGO2-table>
</fme:xml-tables>