<?xml version="1.0" encoding="UTF-8"?>
<fme:xml-tables xmlns:xsi="http://www.w3.org/2001/XMLSchema-instance" xmlns:fme="http://www.safe.com/xml/xmltables" xsi:schemaLocation="http://www.safe.com/xml/xmltables KGO4.xsd">
<fme:KGO4-table>
<fme:KGO4>
<fme:ID>KGO4</fme:ID>
<fme:Parameter>7/02/2017</fme:Parameter>
<fme:Temperatuu>7,2</fme:Temperatuu>
<fme:Zuurstof__>-</fme:Zuurstof__>
<fme:Zuurstofpe>14,7</fme:Zuurstofpe>
<fme:pH__6_>7,6</fme:pH__6_>
<fme:Ammonium__>5,5</fme:Ammonium__>
<fme:Nitraat__1>1,54</fme:Nitraat__1>
<fme:Orthofosfa>0,28</fme:Orthofosfa>
<fme:Chloride__>67</fme:Chloride__>
<fme:BOD__23_>4,42</fme:BOD__23_>
<fme:COD__24_>45,948</fme:COD__24_>
<fme:TOC__25_>18,8</fme:TOC__25_>
<fme:Totaal_sti>10,2</fme:Totaal_sti>
<fme:Sulfaat__1>40,7</fme:Sulfaat__1>
<fme:Zware_meta/>
<fme:Lood/>
<fme:Zink/>
<fme:Chroom/>
<fme:Basis_Prat>9,271593206</fme:Basis_Prat>
<fme:Totale_Pra>5,420375338</fme:Totale_Pra>
<fme:csv_line_n>4</fme:csv_line_n>
<fme:Nummer>KGO4</fme:Nummer>
<fme:Naam>Leiselebeek</fme:Naam>
<fme:Ligging_me>Heidelbergstraat tussen nr</fme:Ligging_me>
<fme:Centrum>nee</fme:Centrum>
<fme:TPI04>4.4</fme:TPI04>
<fme:TPI05>3.9</fme:TPI05>
<fme:TPI06>4</fme:TPI06>
<fme:TPI07>3.7</fme:TPI07>
<fme:TPI08>4</fme:TPI08>
<fme:Aangemaakt_op>07/11/2018</fme:Aangemaakt_op>
</fme:KGO4>
<fme:KGO4>
<fme:ID>KGO4</fme:ID>
<fme:Parameter>13/03/2017</fme:Parameter>
<fme:Temperatuu>9,9</fme:Temperatuu>
<fme:Zuurstof__>-</fme:Zuurstof__>
<fme:Zuurstofpe>2,6</fme:Zuurstofpe>
<fme:pH__6_>7,6</fme:pH__6_>
<fme:Ammonium__>4,9</fme:Ammonium__>
<fme:Nitraat__1>3,93</fme:Nitraat__1>
<fme:Orthofosfa>0,34</fme:Orthofosfa>
<fme:Chloride__>48,3</fme:Chloride__>
<fme:BOD__23_>4,48</fme:BOD__23_>
<fme:COD__24_>46,832</fme:COD__24_>
<fme:TOC__25_>19,2</fme:TOC__25_>
<fme:Totaal_sti>12,1</fme:Totaal_sti>
<fme:Sulfaat__1>49</fme:Sulfaat__1>
<fme:Zware_meta/>
<fme:Lood/>
<fme:Zink/>
<fme:Chroom/>
<fme:Basis_Prat>9,851992126</fme:Basis_Prat>
<fme:Totale_Pra>5,905893885</fme:Totale_Pra>
<fme:csv_line_n>5</fme:csv_line_n>
<fme:Nummer>KGO4</fme:Nummer>
<fme:Naam>Leiselebeek</fme:Naam>
<fme:Ligging_me>Heidelbergstraat tussen nr</fme:Ligging_me>
<fme:Centrum>nee</fme:Centrum>
<fme:TPI04>4.4</fme:TPI04>
<fme:TPI05>3.9</fme:TPI05>
<fme:TPI06>4</fme:TPI06>
<fme:TPI07>3.7</fme:TPI07>
<fme:TPI08>4</fme:TPI08>
<fme:Aangemaakt_op>07/11/2018</fme:Aangemaakt_op>
</fme:KGO4>
<fme:KGO4>
<fme:ID>KGO4</fme:ID>
<fme:Parameter>2/05/2017</fme:Parameter>
<fme:Temperatuu>13,4</fme:Temperatuu>
<fme:Zuurstof__>-</fme:Zuurstof__>
<fme:Zuurstofpe>101,2</fme:Zuurstofpe>
<fme:pH__6_>7,8</fme:pH__6_>
<fme:Ammonium__>0,56</fme:Ammonium__>
<fme:Nitraat__1>1,86</fme:Nitraat__1>
<fme:Orthofosfa>0,01</fme:Orthofosfa>
<fme:Chloride__>172</fme:Chloride__>
<fme:BOD__23_>3,49</fme:BOD__23_>
<fme:COD__24_>32,246</fme:COD__24_>
<fme:TOC__25_>12,6</fme:TOC__25_>
<fme:Totaal_sti>3,3</fme:Totaal_sti>
<fme:Sulfaat__1>69</fme:Sulfaat__1>
<fme:Zware_meta/>
<fme:Lood/>
<fme:Zink/>
<fme:Chroom/>
<fme:Basis_Prat>2,227643668</fme:Basis_Prat>
<fme:Totale_Pra>1,871328881</fme:Totale_Pra>
<fme:csv_line_n>6</fme:csv_line_n>
<fme:Nummer>KGO4</fme:Nummer>
<fme:Naam>Leiselebeek</fme:Naam>
<fme:Ligging_me>Heidelbergstraat tussen nr</fme:Ligging_me>
<fme:Centrum>nee</fme:Centrum>
<fme:TPI04>4.4</fme:TPI04>
<fme:TPI05>3.9</fme:TPI05>
<fme:TPI06>4</fme:TPI06>
<fme:TPI07>3.7</fme:TPI07>
<fme:TPI08>4</fme:TPI08>
<fme:Aangemaakt_op>07/11/2018</fme:Aangemaakt_op>
</fme:KGO4>
<fme:KGO4>
<fme:ID>KGO4</fme:ID>
<fme:Parameter>27/06/2017</fme:Parameter>
<fme:Temperatuu>18,9</fme:Temperatuu>
<fme:Zuurstof__>-</fme:Zuurstof__>
<fme:Zuurstofpe>45</fme:Zuurstofpe>
<fme:pH__6_>8,2</fme:pH__6_>
<fme:Ammonium__>4</fme:Ammonium__>
<fme:Nitraat__1>0,04</fme:Nitraat__1>
<fme:Orthofosfa>0,37</fme:Orthofosfa>
<fme:Chloride__>81</fme:Chloride__>
<fme:BOD__23_>3,82</fme:BOD__23_>
<fme:COD__24_>37,108</fme:COD__24_>
<fme:TOC__25_>14,8</fme:TOC__25_>
<fme:Totaal_sti>6,4</fme:Totaal_sti>
<fme:Sulfaat__1>25,7</fme:Sulfaat__1>
<fme:Zware_meta/>
<fme:Lood/>
<fme:Zink/>
<fme:Chroom/>
<fme:Basis_Prat>6,612834714</fme:Basis_Prat>
<fme:Totale_Pra>3,994086873</fme:Totale_Pra>
<fme:csv_line_n>7</fme:csv_line_n>
<fme:Nummer>KGO4</fme:Nummer>
<fme:Naam>Leiselebeek</fme:Naam>
<fme:Ligging_me>Heidelbergstraat tussen nr</fme:Ligging_me>
<fme:Centrum>nee</fme:Centrum>
<fme:TPI04>4.4</fme:TPI04>
<fme:TPI05>3.9</fme:TPI05>
<fme:TPI06>4</fme:TPI06>
<fme:TPI07>3.7</fme:TPI07>
<fme:TPI08>4</fme:TPI08>
<fme:Aangemaakt_op>07/11/2018</fme:Aangemaakt_op>
</fme:KGO4>
<fme:KGO4>
<fme:ID>KGO4</fme:ID>
<fme:Parameter>29/08/2017</fme:Parameter>
<fme:Temperatuu>20,3</fme:Temperatuu>
<fme:Zuurstof__>-</fme:Zuurstof__>
<fme:Zuurstofpe>26,6</fme:Zuurstofpe>
<fme:pH__6_>7,9</fme:pH__6_>
<fme:Ammonium__>1,82</fme:Ammonium__>
<fme:Nitraat__1>0,07</fme:Nitraat__1>
<fme:Orthofosfa>0,18</fme:Orthofosfa>
<fme:Chloride__>18,4</fme:Chloride__>
<fme:BOD__23_>2,1775</fme:BOD__23_>
<fme:COD__24_>12,9085</fme:COD__24_>
<fme:TOC__25_>3,85</fme:TOC__25_>
<fme:Totaal_sti>2,1</fme:Totaal_sti>
<fme:Sulfaat__1>12,5</fme:Sulfaat__1>
<fme:Zware_meta/>
<fme:Lood/>
<fme:Zink/>
<fme:Chroom/>
<fme:Basis_Prat>5,070022361</fme:Basis_Prat>
<fme:Totale_Pra>2,945038003</fme:Totale_Pra>
<fme:csv_line_n>8</fme:csv_line_n>
<fme:Nummer>KGO4</fme:Nummer>
<fme:Naam>Leiselebeek</fme:Naam>
<fme:Ligging_me>Heidelbergstraat tussen nr</fme:Ligging_me>
<fme:Centrum>nee</fme:Centrum>
<fme:TPI04>4.4</fme:TPI04>
<fme:TPI05>3.9</fme:TPI05>
<fme:TPI06>4</fme:TPI06>
<fme:TPI07>3.7</fme:TPI07>
<fme:TPI08>4</fme:TPI08>
<fme:Aangemaakt_op>07/11/2018</fme:Aangemaakt_op>
</fme:KGO4>
<fme:KGO4>
<fme:ID>KGO4</fme:ID>
<fme:Parameter>7/11/2017</fme:Parameter>
<fme:Temperatuu>9,1</fme:Temperatuu>
<fme:Zuurstof__>-</fme:Zuurstof__>
<fme:Zuurstofpe>35,8</fme:Zuurstofpe>
<fme:pH__6_>7,4</fme:pH__6_>
<fme:Ammonium__>1,86</fme:Ammonium__>
<fme:Nitraat__1>0,73</fme:Nitraat__1>
<fme:Orthofosfa>0,07</fme:Orthofosfa>
<fme:Chloride__>32,5</fme:Chloride__>
<fme:BOD__23_>2,476</fme:BOD__23_>
<fme:COD__24_>17,3064</fme:COD__24_>
<fme:TOC__25_>5,84</fme:TOC__25_>
<fme:Totaal_sti>3,7</fme:Totaal_sti>
<fme:Sulfaat__1>24,5</fme:Sulfaat__1>
<fme:Zware_meta/>
<fme:Lood/>
<fme:Zink/>
<fme:Chroom/>
<fme:Basis_Prat>4,808403492</fme:Basis_Prat>
<fme:Totale_Pra>2,851619558</fme:Totale_Pra>
<fme:csv_line_n>9</fme:csv_line_n>
<fme:Nummer>KGO4</fme:Nummer>
<fme:Naam>Leiselebeek</fme:Naam>
<fme:Ligging_me>Heidelbergstraat tussen nr</fme:Ligging_me>
<fme:Centrum>nee</fme:Centrum>
<fme:TPI04>4.4</fme:TPI04>
<fme:TPI05>3.9</fme:TPI05>
<fme:TPI06>4</fme:TPI06>
<fme:TPI07>3.7</fme:TPI07>
<fme:TPI08>4</fme:TPI08>
<fme:Aangemaakt_op>07/11/2018</fme:Aangemaakt_op>
</fme:KGO4>
<fme:KGO4>
<fme:ID>KGO4</fme:ID>
<fme:Parameter>4/12/2017</fme:Parameter>
<fme:Temperatuu>5,1</fme:Temperatuu>
<fme:Zuurstof__>-</fme:Zuurstof__>
<fme:Zuurstofpe>42,9</fme:Zuurstofpe>
<fme:pH__6_>7,2</fme:pH__6_>
<fme:Ammonium__>0,29</fme:Ammonium__>
<fme:Nitraat__1>6,87</fme:Nitraat__1>
<fme:Orthofosfa>0,35</fme:Orthofosfa>
<fme:Chloride__>44,2</fme:Chloride__>
<fme:BOD__23_>3,67</fme:BOD__23_>
<fme:COD__24_>34,898</fme:COD__24_>
<fme:TOC__25_>13,8</fme:TOC__25_>
<fme:Totaal_sti>8,5</fme:Totaal_sti>
<fme:Sulfaat__1>58</fme:Sulfaat__1>
<fme:Zware_meta/>
<fme:Lood/>
<fme:Zink/>
<fme:Chroom/>
<fme:Basis_Prat>3,464938473</fme:Basis_Prat>
<fme:Totale_Pra>2,747777532</fme:Totale_Pra>
<fme:csv_line_n>10</fme:csv_line_n>
<fme:Nummer>KGO4</fme:Nummer>
<fme:Naam>Leiselebeek</fme:Naam>
<fme:Ligging_me>Heidelbergstraat tussen nr</fme:Ligging_me>
<fme:Centrum>nee</fme:Centrum>
<fme:TPI04>4.4</fme:TPI04>
<fme:TPI05>3.9</fme:TPI05>
<fme:TPI06>4</fme:TPI06>
<fme:TPI07>3.7</fme:TPI07>
<fme:TPI08>4</fme:TPI08>
<fme:Aangemaakt_op>07/11/2018</fme:Aangemaakt_op>
</fme:KGO4>
</fme:KGO4-table>
</fme:xml-tables>