<?xml version="1.0" encoding="UTF-8"?>
<fme:xml-tables xmlns:xsi="http://www.w3.org/2001/XMLSchema-instance" xmlns:fme="http://www.safe.com/xml/xmltables" xsi:schemaLocation="http://www.safe.com/xml/xmltables KGO5.xsd">
<fme:KGO5-table>
<fme:KGO5>
<fme:ID>KGO5</fme:ID>
<fme:Parameter>7/02/2017</fme:Parameter>
<fme:Temperatuu>6,1</fme:Temperatuu>
<fme:Zuurstof__>-</fme:Zuurstof__>
<fme:Zuurstofpe>66,9</fme:Zuurstofpe>
<fme:pH__6_>7,5</fme:pH__6_>
<fme:Ammonium__>0,8</fme:Ammonium__>
<fme:Nitraat__1>6,56</fme:Nitraat__1>
<fme:Orthofosfa>0,2</fme:Orthofosfa>
<fme:Chloride__>81</fme:Chloride__>
<fme:BOD__23_>2,755</fme:BOD__23_>
<fme:COD__24_>21,417</fme:COD__24_>
<fme:TOC__25_>7,7</fme:TOC__25_>
<fme:Totaal_sti>7,3</fme:Totaal_sti>
<fme:Sulfaat__1>89</fme:Sulfaat__1>
<fme:Zware_meta/>
<fme:Lood/>
<fme:Zink/>
<fme:Chroom/>
<fme:Basis_Prat>3,000810408</fme:Basis_Prat>
<fme:Totale_Pra>2,431761608</fme:Totale_Pra>
<fme:csv_line_n>4</fme:csv_line_n>
<fme:Nummer>KGO5</fme:Nummer>
<fme:Naam>Gentse Vaart Steenbruggebrug</fme:Naam>
<fme:Ligging_me/>
<fme:Centrum>nee</fme:Centrum>
<fme:TPI04>4.3</fme:TPI04>
<fme:TPI05>3.4</fme:TPI05>
<fme:TPI06>2.7</fme:TPI06>
<fme:TPI07>3.3</fme:TPI07>
<fme:TPI08>3.4</fme:TPI08>
<fme:Aangemaakt_op>07/11/2018</fme:Aangemaakt_op>
</fme:KGO5>
<fme:KGO5>
<fme:ID>KGO5</fme:ID>
<fme:Parameter>13/03/2017</fme:Parameter>
<fme:Temperatuu>8,9</fme:Temperatuu>
<fme:Zuurstof__>-</fme:Zuurstof__>
<fme:Zuurstofpe>62,7</fme:Zuurstofpe>
<fme:pH__6_>7,6</fme:pH__6_>
<fme:Ammonium__>0,37</fme:Ammonium__>
<fme:Nitraat__1>5,96</fme:Nitraat__1>
<fme:Orthofosfa>0,11</fme:Orthofosfa>
<fme:Chloride__>44,7</fme:Chloride__>
<fme:BOD__23_>3,025</fme:BOD__23_>
<fme:COD__24_>25,395</fme:COD__24_>
<fme:TOC__25_>9,5</fme:TOC__25_>
<fme:Totaal_sti>7,4</fme:Totaal_sti>
<fme:Sulfaat__1>70</fme:Sulfaat__1>
<fme:Zware_meta/>
<fme:Lood/>
<fme:Zink/>
<fme:Chroom/>
<fme:Basis_Prat>2,70362581</fme:Basis_Prat>
<fme:Totale_Pra>2,297167606</fme:Totale_Pra>
<fme:csv_line_n>5</fme:csv_line_n>
<fme:Nummer>KGO5</fme:Nummer>
<fme:Naam>Gentse Vaart Steenbruggebrug</fme:Naam>
<fme:Ligging_me/>
<fme:Centrum>nee</fme:Centrum>
<fme:TPI04>4.3</fme:TPI04>
<fme:TPI05>3.4</fme:TPI05>
<fme:TPI06>2.7</fme:TPI06>
<fme:TPI07>3.3</fme:TPI07>
<fme:TPI08>3.4</fme:TPI08>
<fme:Aangemaakt_op>07/11/2018</fme:Aangemaakt_op>
</fme:KGO5>
<fme:KGO5>
<fme:ID>KGO5</fme:ID>
<fme:Parameter>2/05/2017</fme:Parameter>
<fme:Temperatuu>13,1</fme:Temperatuu>
<fme:Zuurstof__>-</fme:Zuurstof__>
<fme:Zuurstofpe>77,6</fme:Zuurstofpe>
<fme:pH__6_>7,7</fme:pH__6_>
<fme:Ammonium__>0,18</fme:Ammonium__>
<fme:Nitraat__1>4,86</fme:Nitraat__1>
<fme:Orthofosfa>0,22</fme:Orthofosfa>
<fme:Chloride__>118</fme:Chloride__>
<fme:BOD__23_>2,44</fme:BOD__23_>
<fme:COD__24_>16,776</fme:COD__24_>
<fme:TOC__25_>5,6</fme:TOC__25_>
<fme:Totaal_sti>6,3</fme:Totaal_sti>
<fme:Sulfaat__1>108</fme:Sulfaat__1>
<fme:Zware_meta/>
<fme:Lood/>
<fme:Zink/>
<fme:Chroom/>
<fme:Basis_Prat>1,703443832</fme:Basis_Prat>
<fme:Totale_Pra>1,687279438</fme:Totale_Pra>
<fme:csv_line_n>6</fme:csv_line_n>
<fme:Nummer>KGO5</fme:Nummer>
<fme:Naam>Gentse Vaart Steenbruggebrug</fme:Naam>
<fme:Ligging_me/>
<fme:Centrum>nee</fme:Centrum>
<fme:TPI04>4.3</fme:TPI04>
<fme:TPI05>3.4</fme:TPI05>
<fme:TPI06>2.7</fme:TPI06>
<fme:TPI07>3.3</fme:TPI07>
<fme:TPI08>3.4</fme:TPI08>
<fme:Aangemaakt_op>07/11/2018</fme:Aangemaakt_op>
</fme:KGO5>
<fme:KGO5>
<fme:ID>KGO5</fme:ID>
<fme:Parameter>26/06/2017</fme:Parameter>
<fme:Temperatuu>23,2</fme:Temperatuu>
<fme:Zuurstof__>-</fme:Zuurstof__>
<fme:Zuurstofpe>79,6</fme:Zuurstofpe>
<fme:pH__6_>8,1</fme:pH__6_>
<fme:Ammonium__>0,12</fme:Ammonium__>
<fme:Nitraat__1>3,05</fme:Nitraat__1>
<fme:Orthofosfa>0,18</fme:Orthofosfa>
<fme:Chloride__>136</fme:Chloride__>
<fme:BOD__23_>2,5375</fme:BOD__23_>
<fme:COD__24_>18,2125</fme:COD__24_>
<fme:TOC__25_>6,25</fme:TOC__25_>
<fme:Totaal_sti>3,8</fme:Totaal_sti>
<fme:Sulfaat__1>119</fme:Sulfaat__1>
<fme:Zware_meta/>
<fme:Lood/>
<fme:Zink/>
<fme:Chroom/>
<fme:Basis_Prat>1,574334226</fme:Basis_Prat>
<fme:Totale_Pra>1,630394582</fme:Totale_Pra>
<fme:csv_line_n>7</fme:csv_line_n>
<fme:Nummer>KGO5</fme:Nummer>
<fme:Naam>Gentse Vaart Steenbruggebrug</fme:Naam>
<fme:Ligging_me/>
<fme:Centrum>nee</fme:Centrum>
<fme:TPI04>4.3</fme:TPI04>
<fme:TPI05>3.4</fme:TPI05>
<fme:TPI06>2.7</fme:TPI06>
<fme:TPI07>3.3</fme:TPI07>
<fme:TPI08>3.4</fme:TPI08>
<fme:Aangemaakt_op>07/11/2018</fme:Aangemaakt_op>
</fme:KGO5>
<fme:KGO5>
<fme:ID>KGO5</fme:ID>
<fme:Parameter>29/08/2017</fme:Parameter>
<fme:Temperatuu>21,7</fme:Temperatuu>
<fme:Zuurstof__>-</fme:Zuurstof__>
<fme:Zuurstofpe>63,3</fme:Zuurstofpe>
<fme:pH__6_>7,8</fme:pH__6_>
<fme:Ammonium__>0,09</fme:Ammonium__>
<fme:Nitraat__1>2,18</fme:Nitraat__1>
<fme:Orthofosfa>0,24</fme:Orthofosfa>
<fme:Chloride__>145</fme:Chloride__>
<fme:BOD__23_>2,1265</fme:BOD__23_>
<fme:COD__24_>12,1571</fme:COD__24_>
<fme:TOC__25_>3,51</fme:TOC__25_>
<fme:Totaal_sti>2</fme:Totaal_sti>
<fme:Sulfaat__1>101</fme:Sulfaat__1>
<fme:Zware_meta/>
<fme:Lood/>
<fme:Zink/>
<fme:Chroom/>
<fme:Basis_Prat>1,736774552</fme:Basis_Prat>
<fme:Totale_Pra>1,502164043</fme:Totale_Pra>
<fme:csv_line_n>8</fme:csv_line_n>
<fme:Nummer>KGO5</fme:Nummer>
<fme:Naam>Gentse Vaart Steenbruggebrug</fme:Naam>
<fme:Ligging_me/>
<fme:Centrum>nee</fme:Centrum>
<fme:TPI04>4.3</fme:TPI04>
<fme:TPI05>3.4</fme:TPI05>
<fme:TPI06>2.7</fme:TPI06>
<fme:TPI07>3.3</fme:TPI07>
<fme:TPI08>3.4</fme:TPI08>
<fme:Aangemaakt_op>07/11/2018</fme:Aangemaakt_op>
</fme:KGO5>
<fme:KGO5>
<fme:ID>KGO5</fme:ID>
<fme:Parameter>7/11/2017</fme:Parameter>
<fme:Temperatuu>10,4</fme:Temperatuu>
<fme:Zuurstof__>-</fme:Zuurstof__>
<fme:Zuurstofpe>48,4</fme:Zuurstofpe>
<fme:pH__6_>7,8</fme:pH__6_>
<fme:Ammonium__>0,35</fme:Ammonium__>
<fme:Nitraat__1>3,41</fme:Nitraat__1>
<fme:Orthofosfa>0,23</fme:Orthofosfa>
<fme:Chloride__>154</fme:Chloride__>
<fme:BOD__23_>2,518</fme:BOD__23_>
<fme:COD__24_>17,9252</fme:COD__24_>
<fme:TOC__25_>6,12</fme:TOC__25_>
<fme:Totaal_sti>4,7</fme:Totaal_sti>
<fme:Sulfaat__1>122</fme:Sulfaat__1>
<fme:Zware_meta/>
<fme:Lood/>
<fme:Zink/>
<fme:Chroom/>
<fme:Basis_Prat>2,817947894</fme:Basis_Prat>
<fme:Totale_Pra>2,181314683</fme:Totale_Pra>
<fme:csv_line_n>9</fme:csv_line_n>
<fme:Nummer>KGO5</fme:Nummer>
<fme:Naam>Gentse Vaart Steenbruggebrug</fme:Naam>
<fme:Ligging_me/>
<fme:Centrum>nee</fme:Centrum>
<fme:TPI04>4.3</fme:TPI04>
<fme:TPI05>3.4</fme:TPI05>
<fme:TPI06>2.7</fme:TPI06>
<fme:TPI07>3.3</fme:TPI07>
<fme:TPI08>3.4</fme:TPI08>
<fme:Aangemaakt_op>07/11/2018</fme:Aangemaakt_op>
</fme:KGO5>
<fme:KGO5>
<fme:ID>KGO5</fme:ID>
<fme:Parameter>4/12/2017</fme:Parameter>
<fme:Temperatuu>5,5</fme:Temperatuu>
<fme:Zuurstof__>-</fme:Zuurstof__>
<fme:Zuurstofpe>53</fme:Zuurstofpe>
<fme:pH__6_>7,5</fme:pH__6_>
<fme:Ammonium__>0,58</fme:Ammonium__>
<fme:Nitraat__1>7,6</fme:Nitraat__1>
<fme:Orthofosfa>0,25</fme:Orthofosfa>
<fme:Chloride__>62,2</fme:Chloride__>
<fme:BOD__23_>3,115</fme:BOD__23_>
<fme:COD__24_>26,721</fme:COD__24_>
<fme:TOC__25_>10,1</fme:TOC__25_>
<fme:Totaal_sti>9,3</fme:Totaal_sti>
<fme:Sulfaat__1>78</fme:Sulfaat__1>
<fme:Zware_meta/>
<fme:Lood/>
<fme:Zink/>
<fme:Chroom/>
<fme:Basis_Prat>3,289950837</fme:Basis_Prat>
<fme:Totale_Pra>2,673226095</fme:Totale_Pra>
<fme:csv_line_n>10</fme:csv_line_n>
<fme:Nummer>KGO5</fme:Nummer>
<fme:Naam>Gentse Vaart Steenbruggebrug</fme:Naam>
<fme:Ligging_me/>
<fme:Centrum>nee</fme:Centrum>
<fme:TPI04>4.3</fme:TPI04>
<fme:TPI05>3.4</fme:TPI05>
<fme:TPI06>2.7</fme:TPI06>
<fme:TPI07>3.3</fme:TPI07>
<fme:TPI08>3.4</fme:TPI08>
<fme:Aangemaakt_op>07/11/2018</fme:Aangemaakt_op>
</fme:KGO5>
</fme:KGO5-table>
</fme:xml-tables>