<?xml version="1.0" encoding="UTF-8"?>
<fme:xml-tables xmlns:xsi="http://www.w3.org/2001/XMLSchema-instance" xmlns:fme="http://www.safe.com/xml/xmltables" xsi:schemaLocation="http://www.safe.com/xml/xmltables KGO6.xsd">
<fme:KGO6-table>
<fme:KGO6>
<fme:ID>KGO6</fme:ID>
<fme:Parameter>7/02/2017</fme:Parameter>
<fme:Temperatuu>5,7</fme:Temperatuu>
<fme:Zuurstof__>-</fme:Zuurstof__>
<fme:Zuurstofpe>43,7</fme:Zuurstofpe>
<fme:pH__6_>7,1</fme:pH__6_>
<fme:Ammonium__>0,31</fme:Ammonium__>
<fme:Nitraat__1>1,44</fme:Nitraat__1>
<fme:Orthofosfa>1,29</fme:Orthofosfa>
<fme:Chloride__>77</fme:Chloride__>
<fme:BOD__23_>3,805</fme:BOD__23_>
<fme:COD__24_>36,887</fme:COD__24_>
<fme:TOC__25_>14,7</fme:TOC__25_>
<fme:Totaal_sti>1,7</fme:Totaal_sti>
<fme:Sulfaat__1>41,9</fme:Sulfaat__1>
<fme:Zware_meta/>
<fme:Lood/>
<fme:Zink/>
<fme:Chroom/>
<fme:Basis_Prat>3,535579451</fme:Basis_Prat>
<fme:Totale_Pra>2,416000073</fme:Totale_Pra>
<fme:csv_line_n>4</fme:csv_line_n>
<fme:Nummer>KGO6</fme:Nummer>
<fme:Naam>Veldbeek</fme:Naam>
<fme:Ligging_me>Thv Diksmuidse Heerweg  nr 626</fme:Ligging_me>
<fme:Centrum>nee</fme:Centrum>
<fme:TPI04>4.9</fme:TPI04>
<fme:TPI05>4.5</fme:TPI05>
<fme:TPI06>4.4</fme:TPI06>
<fme:TPI07>3.9</fme:TPI07>
<fme:TPI08>4.5</fme:TPI08>
<fme:Aangemaakt_op>07/11/2018</fme:Aangemaakt_op>
</fme:KGO6>
<fme:KGO6>
<fme:ID>KGO6</fme:ID>
<fme:Parameter>13/03/2017</fme:Parameter>
<fme:Temperatuu>10,8</fme:Temperatuu>
<fme:Zuurstof__>-</fme:Zuurstof__>
<fme:Zuurstofpe>122,8</fme:Zuurstofpe>
<fme:pH__6_>7,1</fme:pH__6_>
<fme:Ammonium__>0,02</fme:Ammonium__>
<fme:Nitraat__1>0,13</fme:Nitraat__1>
<fme:Orthofosfa>0,01</fme:Orthofosfa>
<fme:Chloride__>35,7</fme:Chloride__>
<fme:BOD__23_>4,27</fme:BOD__23_>
<fme:COD__24_>43,738</fme:COD__24_>
<fme:TOC__25_>17,8</fme:TOC__25_>
<fme:Totaal_sti>1,6</fme:Totaal_sti>
<fme:Sulfaat__1>147</fme:Sulfaat__1>
<fme:Zware_meta/>
<fme:Lood/>
<fme:Zink/>
<fme:Chroom/>
<fme:Basis_Prat>2,202290969</fme:Basis_Prat>
<fme:Totale_Pra>1,626183843</fme:Totale_Pra>
<fme:csv_line_n>5</fme:csv_line_n>
<fme:Nummer>KGO6</fme:Nummer>
<fme:Naam>Veldbeek</fme:Naam>
<fme:Ligging_me>Thv Diksmuidse Heerweg  nr 626</fme:Ligging_me>
<fme:Centrum>nee</fme:Centrum>
<fme:TPI04>4.9</fme:TPI04>
<fme:TPI05>4.5</fme:TPI05>
<fme:TPI06>4.4</fme:TPI06>
<fme:TPI07>3.9</fme:TPI07>
<fme:TPI08>4.5</fme:TPI08>
<fme:Aangemaakt_op>07/11/2018</fme:Aangemaakt_op>
</fme:KGO6>
<fme:KGO6>
<fme:ID>KGO6</fme:ID>
<fme:Parameter>2/05/2017</fme:Parameter>
<fme:Temperatuu>12,1</fme:Temperatuu>
<fme:Zuurstof__>-</fme:Zuurstof__>
<fme:Zuurstofpe>82,8</fme:Zuurstofpe>
<fme:pH__6_>7,2</fme:pH__6_>
<fme:Ammonium__>0,28</fme:Ammonium__>
<fme:Nitraat__1>0,01</fme:Nitraat__1>
<fme:Orthofosfa>0,01</fme:Orthofosfa>
<fme:Chloride__>42,5</fme:Chloride__>
<fme:BOD__23_>5,725</fme:BOD__23_>
<fme:COD__24_>65,175</fme:COD__24_>
<fme:TOC__25_>27,5</fme:TOC__25_>
<fme:Totaal_sti>2,8</fme:Totaal_sti>
<fme:Sulfaat__1>186</fme:Sulfaat__1>
<fme:Zware_meta/>
<fme:Lood/>
<fme:Zink/>
<fme:Chroom/>
<fme:Basis_Prat>3,354301344</fme:Basis_Prat>
<fme:Totale_Pra>2,329596903</fme:Totale_Pra>
<fme:csv_line_n>6</fme:csv_line_n>
<fme:Nummer>KGO6</fme:Nummer>
<fme:Naam>Veldbeek</fme:Naam>
<fme:Ligging_me>Thv Diksmuidse Heerweg  nr 626</fme:Ligging_me>
<fme:Centrum>nee</fme:Centrum>
<fme:TPI04>4.9</fme:TPI04>
<fme:TPI05>4.5</fme:TPI05>
<fme:TPI06>4.4</fme:TPI06>
<fme:TPI07>3.9</fme:TPI07>
<fme:TPI08>4.5</fme:TPI08>
<fme:Aangemaakt_op>07/11/2018</fme:Aangemaakt_op>
</fme:KGO6>
<fme:KGO6>
<fme:ID>KGO6</fme:ID>
<fme:Parameter>7/11/2017</fme:Parameter>
<fme:Temperatuu>6,4</fme:Temperatuu>
<fme:Zuurstof__>-</fme:Zuurstof__>
<fme:Zuurstofpe>47,7</fme:Zuurstofpe>
<fme:pH__6_>3,4</fme:pH__6_>
<fme:Ammonium__>2,84</fme:Ammonium__>
<fme:Nitraat__1>0,04</fme:Nitraat__1>
<fme:Orthofosfa>0,01</fme:Orthofosfa>
<fme:Chloride__>37,5</fme:Chloride__>
<fme:BOD__23_>2,89</fme:BOD__23_>
<fme:COD__24_>23,406</fme:COD__24_>
<fme:TOC__25_>8,6</fme:TOC__25_>
<fme:Totaal_sti>4,1</fme:Totaal_sti>
<fme:Sulfaat__1>430</fme:Sulfaat__1>
<fme:Zware_meta/>
<fme:Lood/>
<fme:Zink/>
<fme:Chroom/>
<fme:Basis_Prat>5,316359319</fme:Basis_Prat>
<fme:Totale_Pra>4,565182509</fme:Totale_Pra>
<fme:csv_line_n>7</fme:csv_line_n>
<fme:Nummer>KGO6</fme:Nummer>
<fme:Naam>Veldbeek</fme:Naam>
<fme:Ligging_me>Thv Diksmuidse Heerweg  nr 626</fme:Ligging_me>
<fme:Centrum>nee</fme:Centrum>
<fme:TPI04>4.9</fme:TPI04>
<fme:TPI05>4.5</fme:TPI05>
<fme:TPI06>4.4</fme:TPI06>
<fme:TPI07>3.9</fme:TPI07>
<fme:TPI08>4.5</fme:TPI08>
<fme:Aangemaakt_op>07/11/2018</fme:Aangemaakt_op>
</fme:KGO6>
<fme:KGO6>
<fme:ID>KGO6</fme:ID>
<fme:Parameter>4/12/2017</fme:Parameter>
<fme:Temperatuu>5,6</fme:Temperatuu>
<fme:Zuurstof__>-</fme:Zuurstof__>
<fme:Zuurstofpe>61,6</fme:Zuurstofpe>
<fme:pH__6_>4,4</fme:pH__6_>
<fme:Ammonium__>3,18</fme:Ammonium__>
<fme:Nitraat__1>0,41</fme:Nitraat__1>
<fme:Orthofosfa>0,18</fme:Orthofosfa>
<fme:Chloride__>31,8</fme:Chloride__>
<fme:BOD__23_>2,71</fme:BOD__23_>
<fme:COD__24_>20,754</fme:COD__24_>
<fme:TOC__25_>7,4</fme:TOC__25_>
<fme:Totaal_sti>4,6</fme:Totaal_sti>
<fme:Sulfaat__1>298</fme:Sulfaat__1>
<fme:Zware_meta/>
<fme:Lood/>
<fme:Zink/>
<fme:Chroom/>
<fme:Basis_Prat>5,075660541</fme:Basis_Prat>
<fme:Totale_Pra>3,982742538</fme:Totale_Pra>
<fme:csv_line_n>8</fme:csv_line_n>
<fme:Nummer>KGO6</fme:Nummer>
<fme:Naam>Veldbeek</fme:Naam>
<fme:Ligging_me>Thv Diksmuidse Heerweg  nr 626</fme:Ligging_me>
<fme:Centrum>nee</fme:Centrum>
<fme:TPI04>4.9</fme:TPI04>
<fme:TPI05>4.5</fme:TPI05>
<fme:TPI06>4.4</fme:TPI06>
<fme:TPI07>3.9</fme:TPI07>
<fme:TPI08>4.5</fme:TPI08>
<fme:Aangemaakt_op>07/11/2018</fme:Aangemaakt_op>
</fme:KGO6>
</fme:KGO6-table>
</fme:xml-tables>