<?xml version="1.0" encoding="UTF-8"?>
<fme:xml-tables xmlns:xsi="http://www.w3.org/2001/XMLSchema-instance" xmlns:fme="http://www.safe.com/xml/xmltables" xsi:schemaLocation="http://www.safe.com/xml/xmltables KGO7.xsd">
<fme:KGO7-table>
<fme:KGO7>
<fme:ID>KGO7</fme:ID>
<fme:Parameter>7/02/2017</fme:Parameter>
<fme:Temperatuu>6,1</fme:Temperatuu>
<fme:Zuurstof__>-</fme:Zuurstof__>
<fme:Zuurstofpe>71,8</fme:Zuurstofpe>
<fme:pH__6_>7,3</fme:pH__6_>
<fme:Ammonium__>0,77</fme:Ammonium__>
<fme:Nitraat__1>6,58</fme:Nitraat__1>
<fme:Orthofosfa>0,21</fme:Orthofosfa>
<fme:Chloride__>118</fme:Chloride__>
<fme:BOD__23_>2,725</fme:BOD__23_>
<fme:COD__24_>20,975</fme:COD__24_>
<fme:TOC__25_>7,5</fme:TOC__25_>
<fme:Totaal_sti>7,2</fme:Totaal_sti>
<fme:Sulfaat__1>94</fme:Sulfaat__1>
<fme:Zware_meta/>
<fme:Lood/>
<fme:Zink/>
<fme:Chroom/>
<fme:Basis_Prat>2,82188764</fme:Basis_Prat>
<fme:Totale_Pra>2,31342434</fme:Totale_Pra>
<fme:csv_line_n>4</fme:csv_line_n>
<fme:Nummer>KGO7</fme:Nummer>
<fme:Naam>Oostendse Vaart</fme:Naam>
<fme:Ligging_me>Thv roeiclub</fme:Ligging_me>
<fme:Centrum>nee</fme:Centrum>
<fme:TPI04>4.7</fme:TPI04>
<fme:TPI05>4.1</fme:TPI05>
<fme:TPI06>3.4</fme:TPI06>
<fme:TPI07>3.4</fme:TPI07>
<fme:TPI08>3.3</fme:TPI08>
<fme:Aangemaakt_op>07/11/2018</fme:Aangemaakt_op>
</fme:KGO7>
<fme:KGO7>
<fme:ID>KGO7</fme:ID>
<fme:Parameter>13/03/2017</fme:Parameter>
<fme:Temperatuu>9,4</fme:Temperatuu>
<fme:Zuurstof__>-</fme:Zuurstof__>
<fme:Zuurstofpe>74,3</fme:Zuurstofpe>
<fme:pH__6_>7,1</fme:pH__6_>
<fme:Ammonium__>0,36</fme:Ammonium__>
<fme:Nitraat__1>6</fme:Nitraat__1>
<fme:Orthofosfa>0,12</fme:Orthofosfa>
<fme:Chloride__>92</fme:Chloride__>
<fme:BOD__23_>3,025</fme:BOD__23_>
<fme:COD__24_>25,395</fme:COD__24_>
<fme:TOC__25_>9,5</fme:TOC__25_>
<fme:Totaal_sti>7,2</fme:Totaal_sti>
<fme:Sulfaat__1>76</fme:Sulfaat__1>
<fme:Zware_meta/>
<fme:Lood/>
<fme:Zink/>
<fme:Chroom/>
<fme:Basis_Prat>2,379482779</fme:Basis_Prat>
<fme:Totale_Pra>2,079090168</fme:Totale_Pra>
<fme:csv_line_n>5</fme:csv_line_n>
<fme:Nummer>KGO7</fme:Nummer>
<fme:Naam>Oostendse Vaart</fme:Naam>
<fme:Ligging_me>Thv roeiclub</fme:Ligging_me>
<fme:Centrum>nee</fme:Centrum>
<fme:TPI04>4.7</fme:TPI04>
<fme:TPI05>4.1</fme:TPI05>
<fme:TPI06>3.4</fme:TPI06>
<fme:TPI07>3.4</fme:TPI07>
<fme:TPI08>3.3</fme:TPI08>
<fme:Aangemaakt_op>07/11/2018</fme:Aangemaakt_op>
</fme:KGO7>
<fme:KGO7>
<fme:ID>KGO7</fme:ID>
<fme:Parameter>2/05/2017</fme:Parameter>
<fme:Temperatuu>13,3</fme:Temperatuu>
<fme:Zuurstof__>-</fme:Zuurstof__>
<fme:Zuurstofpe>87,3</fme:Zuurstofpe>
<fme:pH__6_>7,6</fme:pH__6_>
<fme:Ammonium__>0,17</fme:Ammonium__>
<fme:Nitraat__1>4,87</fme:Nitraat__1>
<fme:Orthofosfa>0,2</fme:Orthofosfa>
<fme:Chloride__>153</fme:Chloride__>
<fme:BOD__23_>2,455</fme:BOD__23_>
<fme:COD__24_>16,997</fme:COD__24_>
<fme:TOC__25_>5,7</fme:TOC__25_>
<fme:Totaal_sti>6,2</fme:Totaal_sti>
<fme:Sulfaat__1>109</fme:Sulfaat__1>
<fme:Zware_meta/>
<fme:Lood/>
<fme:Zink/>
<fme:Chroom/>
<fme:Basis_Prat>1,432734846</fme:Basis_Prat>
<fme:Totale_Pra>1,532552682</fme:Totale_Pra>
<fme:csv_line_n>6</fme:csv_line_n>
<fme:Nummer>KGO7</fme:Nummer>
<fme:Naam>Oostendse Vaart</fme:Naam>
<fme:Ligging_me>Thv roeiclub</fme:Ligging_me>
<fme:Centrum>nee</fme:Centrum>
<fme:TPI04>4.7</fme:TPI04>
<fme:TPI05>4.1</fme:TPI05>
<fme:TPI06>3.4</fme:TPI06>
<fme:TPI07>3.4</fme:TPI07>
<fme:TPI08>3.3</fme:TPI08>
<fme:Aangemaakt_op>07/11/2018</fme:Aangemaakt_op>
</fme:KGO7>
<fme:KGO7>
<fme:ID>KGO7</fme:ID>
<fme:Parameter>27/06/2017</fme:Parameter>
<fme:Temperatuu>22,3</fme:Temperatuu>
<fme:Zuurstof__>-</fme:Zuurstof__>
<fme:Zuurstofpe>66,1</fme:Zuurstofpe>
<fme:pH__6_>7,9</fme:pH__6_>
<fme:Ammonium__>0,19</fme:Ammonium__>
<fme:Nitraat__1>2,65</fme:Nitraat__1>
<fme:Orthofosfa>0,24</fme:Orthofosfa>
<fme:Chloride__>462</fme:Chloride__>
<fme:BOD__23_>2,41</fme:BOD__23_>
<fme:COD__24_>16,334</fme:COD__24_>
<fme:TOC__25_>5,4</fme:TOC__25_>
<fme:Totaal_sti>3,3</fme:Totaal_sti>
<fme:Sulfaat__1>147</fme:Sulfaat__1>
<fme:Zware_meta/>
<fme:Lood/>
<fme:Zink/>
<fme:Chroom/>
<fme:Basis_Prat>2,014393309</fme:Basis_Prat>
<fme:Totale_Pra>1,739010404</fme:Totale_Pra>
<fme:csv_line_n>7</fme:csv_line_n>
<fme:Nummer>KGO7</fme:Nummer>
<fme:Naam>Oostendse Vaart</fme:Naam>
<fme:Ligging_me>Thv roeiclub</fme:Ligging_me>
<fme:Centrum>nee</fme:Centrum>
<fme:TPI04>4.7</fme:TPI04>
<fme:TPI05>4.1</fme:TPI05>
<fme:TPI06>3.4</fme:TPI06>
<fme:TPI07>3.4</fme:TPI07>
<fme:TPI08>3.3</fme:TPI08>
<fme:Aangemaakt_op>07/11/2018</fme:Aangemaakt_op>
</fme:KGO7>
<fme:KGO7>
<fme:ID>KGO7</fme:ID>
<fme:Parameter>29/08/2017</fme:Parameter>
<fme:Temperatuu>22,9</fme:Temperatuu>
<fme:Zuurstof__>-</fme:Zuurstof__>
<fme:Zuurstofpe>76,4</fme:Zuurstofpe>
<fme:pH__6_>7,9</fme:pH__6_>
<fme:Ammonium__>0,08</fme:Ammonium__>
<fme:Nitraat__1>1,96</fme:Nitraat__1>
<fme:Orthofosfa>0,28</fme:Orthofosfa>
<fme:Chloride__>592</fme:Chloride__>
<fme:BOD__23_>2,1445</fme:BOD__23_>
<fme:COD__24_>12,4223</fme:COD__24_>
<fme:TOC__25_>3,63</fme:TOC__25_>
<fme:Totaal_sti>1,7</fme:Totaal_sti>
<fme:Sulfaat__1>158</fme:Sulfaat__1>
<fme:Zware_meta/>
<fme:Lood/>
<fme:Zink/>
<fme:Chroom/>
<fme:Basis_Prat>1,370961435</fme:Basis_Prat>
<fme:Totale_Pra>1,330675567</fme:Totale_Pra>
<fme:csv_line_n>8</fme:csv_line_n>
<fme:Nummer>KGO7</fme:Nummer>
<fme:Naam>Oostendse Vaart</fme:Naam>
<fme:Ligging_me>Thv roeiclub</fme:Ligging_me>
<fme:Centrum>nee</fme:Centrum>
<fme:TPI04>4.7</fme:TPI04>
<fme:TPI05>4.1</fme:TPI05>
<fme:TPI06>3.4</fme:TPI06>
<fme:TPI07>3.4</fme:TPI07>
<fme:TPI08>3.3</fme:TPI08>
<fme:Aangemaakt_op>07/11/2018</fme:Aangemaakt_op>
</fme:KGO7>
<fme:KGO7>
<fme:ID>KGO7</fme:ID>
<fme:Parameter>7/11/2017</fme:Parameter>
<fme:Temperatuu>10,6</fme:Temperatuu>
<fme:Zuurstof__>-</fme:Zuurstof__>
<fme:Zuurstofpe>51,8</fme:Zuurstofpe>
<fme:pH__6_>7,2</fme:pH__6_>
<fme:Ammonium__>0,25</fme:Ammonium__>
<fme:Nitraat__1>3,37</fme:Nitraat__1>
<fme:Orthofosfa>0,16</fme:Orthofosfa>
<fme:Chloride__>339</fme:Chloride__>
<fme:BOD__23_>2,464</fme:BOD__23_>
<fme:COD__24_>17,1296</fme:COD__24_>
<fme:TOC__25_>5,76</fme:TOC__25_>
<fme:Totaal_sti>4,5</fme:Totaal_sti>
<fme:Sulfaat__1>137</fme:Sulfaat__1>
<fme:Zware_meta/>
<fme:Lood/>
<fme:Zink/>
<fme:Chroom/>
<fme:Basis_Prat>2,529459965</fme:Basis_Prat>
<fme:Totale_Pra>1,928202935</fme:Totale_Pra>
<fme:csv_line_n>9</fme:csv_line_n>
<fme:Nummer>KGO7</fme:Nummer>
<fme:Naam>Oostendse Vaart</fme:Naam>
<fme:Ligging_me>Thv roeiclub</fme:Ligging_me>
<fme:Centrum>nee</fme:Centrum>
<fme:TPI04>4.7</fme:TPI04>
<fme:TPI05>4.1</fme:TPI05>
<fme:TPI06>3.4</fme:TPI06>
<fme:TPI07>3.4</fme:TPI07>
<fme:TPI08>3.3</fme:TPI08>
<fme:Aangemaakt_op>07/11/2018</fme:Aangemaakt_op>
</fme:KGO7>
<fme:KGO7>
<fme:ID>KGO7</fme:ID>
<fme:Parameter>4/12/2017</fme:Parameter>
<fme:Temperatuu>5,4</fme:Temperatuu>
<fme:Zuurstof__>-</fme:Zuurstof__>
<fme:Zuurstofpe>55,8</fme:Zuurstofpe>
<fme:pH__6_>7,1</fme:pH__6_>
<fme:Ammonium__>0,6</fme:Ammonium__>
<fme:Nitraat__1>7,5</fme:Nitraat__1>
<fme:Orthofosfa>0,26</fme:Orthofosfa>
<fme:Chloride__>120</fme:Chloride__>
<fme:BOD__23_>3,07</fme:BOD__23_>
<fme:COD__24_>26,058</fme:COD__24_>
<fme:TOC__25_>9,8</fme:TOC__25_>
<fme:Totaal_sti>9,1</fme:Totaal_sti>
<fme:Sulfaat__1>86</fme:Sulfaat__1>
<fme:Zware_meta/>
<fme:Lood/>
<fme:Zink/>
<fme:Chroom/>
<fme:Basis_Prat>3,21800773</fme:Basis_Prat>
<fme:Totale_Pra>2,58691416</fme:Totale_Pra>
<fme:csv_line_n>10</fme:csv_line_n>
<fme:Nummer>KGO7</fme:Nummer>
<fme:Naam>Oostendse Vaart</fme:Naam>
<fme:Ligging_me>Thv roeiclub</fme:Ligging_me>
<fme:Centrum>nee</fme:Centrum>
<fme:TPI04>4.7</fme:TPI04>
<fme:TPI05>4.1</fme:TPI05>
<fme:TPI06>3.4</fme:TPI06>
<fme:TPI07>3.4</fme:TPI07>
<fme:TPI08>3.3</fme:TPI08>
<fme:Aangemaakt_op>07/11/2018</fme:Aangemaakt_op>
</fme:KGO7>
</fme:KGO7-table>
</fme:xml-tables>