<?xml version="1.0" encoding="UTF-8"?>
<fme:xml-tables xmlns:xsi="http://www.w3.org/2001/XMLSchema-instance" xmlns:fme="http://www.safe.com/xml/xmltables" xsi:schemaLocation="http://www.safe.com/xml/xmltables PSTL1.xsd">
<fme:PSTL1-table>
<fme:PSTL1>
<fme:ID>PSTL1</fme:ID>
<fme:Parameter>42773</fme:Parameter>
<fme:Temperatuu>5,8</fme:Temperatuu>
<fme:Zuurstof__>-</fme:Zuurstof__>
<fme:Zuurstofpe>75,1</fme:Zuurstofpe>
<fme:pH__6_>7,5</fme:pH__6_>
<fme:Ammonium__>0,47</fme:Ammonium__>
<fme:Nitraat__1>7,7</fme:Nitraat__1>
<fme:Orthofosfa>0,06</fme:Orthofosfa>
<fme:Chloride__>46,7</fme:Chloride__>
<fme:BOD__23_>3,715</fme:BOD__23_>
<fme:COD__24_>35,561</fme:COD__24_>
<fme:TOC__25_>14,1</fme:TOC__25_>
<fme:Totaal_sti>7,7</fme:Totaal_sti>
<fme:Sulfaat__1>59</fme:Sulfaat__1>
<fme:Zware_meta/>
<fme:Lood/>
<fme:Zink/>
<fme:Chroom/>
<fme:Basis_Prat>2,852636656</fme:Basis_Prat>
<fme:Totale_Pra>2,526550268</fme:Totale_Pra>
<fme:csv_line_n>4</fme:csv_line_n>
<fme:Nummer>PSTL1</fme:Nummer>
<fme:Naam>Zuidervaartje Baron Ruzettel.</fme:Naam>
<fme:Ligging_me/>
<fme:Centrum>nee</fme:Centrum>
<fme:TPI04>4.3</fme:TPI04>
<fme:TPI05>4.4</fme:TPI05>
<fme:TPI06>4.8</fme:TPI06>
<fme:TPI07>4.1</fme:TPI07>
<fme:TPI08>4.1</fme:TPI08>
<fme:Aangemaakt_op>07/11/2018</fme:Aangemaakt_op>
</fme:PSTL1>
<fme:PSTL1>
<fme:ID>PSTL1</fme:ID>
<fme:Parameter>42807</fme:Parameter>
<fme:Temperatuu>8,5</fme:Temperatuu>
<fme:Zuurstof__>-</fme:Zuurstof__>
<fme:Zuurstofpe>70</fme:Zuurstofpe>
<fme:pH__6_>7,6</fme:pH__6_>
<fme:Ammonium__>0,35</fme:Ammonium__>
<fme:Nitraat__1>5,46</fme:Nitraat__1>
<fme:Orthofosfa>0,03</fme:Orthofosfa>
<fme:Chloride__>45</fme:Chloride__>
<fme:BOD__23_>3,505</fme:BOD__23_>
<fme:COD__24_>32,467</fme:COD__24_>
<fme:TOC__25_>12,7</fme:TOC__25_>
<fme:Totaal_sti>6,7</fme:Totaal_sti>
<fme:Sulfaat__1>64</fme:Sulfaat__1>
<fme:Zware_meta/>
<fme:Lood/>
<fme:Zink/>
<fme:Chroom/>
<fme:Basis_Prat>2,714920961</fme:Basis_Prat>
<fme:Totale_Pra>2,326552504</fme:Totale_Pra>
<fme:csv_line_n>5</fme:csv_line_n>
<fme:Nummer>PSTL1</fme:Nummer>
<fme:Naam>Zuidervaartje Baron Ruzettel.</fme:Naam>
<fme:Ligging_me/>
<fme:Centrum>nee</fme:Centrum>
<fme:TPI04>4.3</fme:TPI04>
<fme:TPI05>4.4</fme:TPI05>
<fme:TPI06>4.8</fme:TPI06>
<fme:TPI07>4.1</fme:TPI07>
<fme:TPI08>4.1</fme:TPI08>
<fme:Aangemaakt_op>07/11/2018</fme:Aangemaakt_op>
</fme:PSTL1>
<fme:PSTL1>
<fme:ID>PSTL1</fme:ID>
<fme:Parameter>42857</fme:Parameter>
<fme:Temperatuu>12,2</fme:Temperatuu>
<fme:Zuurstof__>-</fme:Zuurstof__>
<fme:Zuurstofpe>80,6</fme:Zuurstofpe>
<fme:pH__6_>7,8</fme:pH__6_>
<fme:Ammonium__>0,99</fme:Ammonium__>
<fme:Nitraat__1>1,24</fme:Nitraat__1>
<fme:Orthofosfa>0,04</fme:Orthofosfa>
<fme:Chloride__>73</fme:Chloride__>
<fme:BOD__23_>3,25</fme:BOD__23_>
<fme:COD__24_>28,71</fme:COD__24_>
<fme:TOC__25_>11</fme:TOC__25_>
<fme:Totaal_sti>3,5</fme:Totaal_sti>
<fme:Sulfaat__1>71</fme:Sulfaat__1>
<fme:Zware_meta/>
<fme:Lood/>
<fme:Zink/>
<fme:Chroom/>
<fme:Basis_Prat>3,081075355</fme:Basis_Prat>
<fme:Totale_Pra>2,211898092</fme:Totale_Pra>
<fme:csv_line_n>6</fme:csv_line_n>
<fme:Nummer>PSTL1</fme:Nummer>
<fme:Naam>Zuidervaartje Baron Ruzettel.</fme:Naam>
<fme:Ligging_me/>
<fme:Centrum>nee</fme:Centrum>
<fme:TPI04>4.3</fme:TPI04>
<fme:TPI05>4.4</fme:TPI05>
<fme:TPI06>4.8</fme:TPI06>
<fme:TPI07>4.1</fme:TPI07>
<fme:TPI08>4.1</fme:TPI08>
<fme:Aangemaakt_op>07/11/2018</fme:Aangemaakt_op>
</fme:PSTL1>
<fme:PSTL1>
<fme:ID>PSTL1</fme:ID>
<fme:Parameter>42912</fme:Parameter>
<fme:Temperatuu>18,6</fme:Temperatuu>
<fme:Zuurstof__>-</fme:Zuurstof__>
<fme:Zuurstofpe>4,4</fme:Zuurstofpe>
<fme:pH__6_>7,3</fme:pH__6_>
<fme:Ammonium__>2,64</fme:Ammonium__>
<fme:Nitraat__1>0,32</fme:Nitraat__1>
<fme:Orthofosfa>0,17</fme:Orthofosfa>
<fme:Chloride__>141</fme:Chloride__>
<fme:BOD__23_>3,01</fme:BOD__23_>
<fme:COD__24_>25,174</fme:COD__24_>
<fme:TOC__25_>9,4</fme:TOC__25_>
<fme:Totaal_sti>4,1</fme:Totaal_sti>
<fme:Sulfaat__1>68</fme:Sulfaat__1>
<fme:Zware_meta/>
<fme:Lood/>
<fme:Zink/>
<fme:Chroom/>
<fme:Basis_Prat>7,558977353</fme:Basis_Prat>
<fme:Totale_Pra>4,215401463</fme:Totale_Pra>
<fme:csv_line_n>7</fme:csv_line_n>
<fme:Nummer>PSTL1</fme:Nummer>
<fme:Naam>Zuidervaartje Baron Ruzettel.</fme:Naam>
<fme:Ligging_me/>
<fme:Centrum>nee</fme:Centrum>
<fme:TPI04>4.3</fme:TPI04>
<fme:TPI05>4.4</fme:TPI05>
<fme:TPI06>4.8</fme:TPI06>
<fme:TPI07>4.1</fme:TPI07>
<fme:TPI08>4.1</fme:TPI08>
<fme:Aangemaakt_op>07/11/2018</fme:Aangemaakt_op>
</fme:PSTL1>
<fme:PSTL1>
<fme:ID>PSTL1</fme:ID>
<fme:Parameter>42976</fme:Parameter>
<fme:Temperatuu>18,6</fme:Temperatuu>
<fme:Zuurstof__>-</fme:Zuurstof__>
<fme:Zuurstofpe>12,4</fme:Zuurstofpe>
<fme:pH__6_>7,6</fme:pH__6_>
<fme:Ammonium__>2,56</fme:Ammonium__>
<fme:Nitraat__1>0,4</fme:Nitraat__1>
<fme:Orthofosfa>0,22</fme:Orthofosfa>
<fme:Chloride__>121</fme:Chloride__>
<fme:BOD__23_>2,476</fme:BOD__23_>
<fme:COD__24_>17,3064</fme:COD__24_>
<fme:TOC__25_>5,84</fme:TOC__25_>
<fme:Totaal_sti>3,3</fme:Totaal_sti>
<fme:Sulfaat__1>74</fme:Sulfaat__1>
<fme:Zware_meta/>
<fme:Lood/>
<fme:Zink/>
<fme:Chroom/>
<fme:Basis_Prat>6,651511946</fme:Basis_Prat>
<fme:Totale_Pra>3,760435147</fme:Totale_Pra>
<fme:csv_line_n>8</fme:csv_line_n>
<fme:Nummer>PSTL1</fme:Nummer>
<fme:Naam>Zuidervaartje Baron Ruzettel.</fme:Naam>
<fme:Ligging_me/>
<fme:Centrum>nee</fme:Centrum>
<fme:TPI04>4.3</fme:TPI04>
<fme:TPI05>4.4</fme:TPI05>
<fme:TPI06>4.8</fme:TPI06>
<fme:TPI07>4.1</fme:TPI07>
<fme:TPI08>4.1</fme:TPI08>
<fme:Aangemaakt_op>07/11/2018</fme:Aangemaakt_op>
</fme:PSTL1>
<fme:PSTL1>
<fme:ID>PSTL1</fme:ID>
<fme:Parameter>43046</fme:Parameter>
<fme:Temperatuu>8,4</fme:Temperatuu>
<fme:Zuurstof__>-</fme:Zuurstof__>
<fme:Zuurstofpe>38,5</fme:Zuurstofpe>
<fme:pH__6_>7,6</fme:pH__6_>
<fme:Ammonium__>1,48</fme:Ammonium__>
<fme:Nitraat__1>1,68</fme:Nitraat__1>
<fme:Orthofosfa>0,16</fme:Orthofosfa>
<fme:Chloride__>61,2</fme:Chloride__>
<fme:BOD__23_>3,22</fme:BOD__23_>
<fme:COD__24_>28,268</fme:COD__24_>
<fme:TOC__25_>10,8</fme:TOC__25_>
<fme:Totaal_sti>4,6</fme:Totaal_sti>
<fme:Sulfaat__1>59</fme:Sulfaat__1>
<fme:Zware_meta/>
<fme:Lood/>
<fme:Zink/>
<fme:Chroom/>
<fme:Basis_Prat>4,740382526</fme:Basis_Prat>
<fme:Totale_Pra>3,034638392</fme:Totale_Pra>
<fme:csv_line_n>9</fme:csv_line_n>
<fme:Nummer>PSTL1</fme:Nummer>
<fme:Naam>Zuidervaartje Baron Ruzettel.</fme:Naam>
<fme:Ligging_me/>
<fme:Centrum>nee</fme:Centrum>
<fme:TPI04>4.3</fme:TPI04>
<fme:TPI05>4.4</fme:TPI05>
<fme:TPI06>4.8</fme:TPI06>
<fme:TPI07>4.1</fme:TPI07>
<fme:TPI08>4.1</fme:TPI08>
<fme:Aangemaakt_op>07/11/2018</fme:Aangemaakt_op>
</fme:PSTL1>
<fme:PSTL1>
<fme:ID>PSTL1</fme:ID>
<fme:Parameter>43073</fme:Parameter>
<fme:Temperatuu>6,2</fme:Temperatuu>
<fme:Zuurstof__>-</fme:Zuurstof__>
<fme:Zuurstofpe>63,9</fme:Zuurstofpe>
<fme:pH__6_>7,3</fme:pH__6_>
<fme:Ammonium__>0,49</fme:Ammonium__>
<fme:Nitraat__1>10,7</fme:Nitraat__1>
<fme:Orthofosfa>0,23</fme:Orthofosfa>
<fme:Chloride__>48,1</fme:Chloride__>
<fme:BOD__23_>3,865</fme:BOD__23_>
<fme:COD__24_>37,771</fme:COD__24_>
<fme:TOC__25_>15,1</fme:TOC__25_>
<fme:Totaal_sti>13,3</fme:Totaal_sti>
<fme:Sulfaat__1>68</fme:Sulfaat__1>
<fme:Zware_meta/>
<fme:Lood/>
<fme:Zink/>
<fme:Chroom/>
<fme:Basis_Prat>3,251751284</fme:Basis_Prat>
<fme:Totale_Pra>2,865419312</fme:Totale_Pra>
<fme:csv_line_n>10</fme:csv_line_n>
<fme:Nummer>PSTL1</fme:Nummer>
<fme:Naam>Zuidervaartje Baron Ruzettel.</fme:Naam>
<fme:Ligging_me/>
<fme:Centrum>nee</fme:Centrum>
<fme:TPI04>4.3</fme:TPI04>
<fme:TPI05>4.4</fme:TPI05>
<fme:TPI06>4.8</fme:TPI06>
<fme:TPI07>4.1</fme:TPI07>
<fme:TPI08>4.1</fme:TPI08>
<fme:Aangemaakt_op>07/11/2018</fme:Aangemaakt_op>
</fme:PSTL1>
</fme:PSTL1-table>
</fme:xml-tables>