<?xml version="1.0" encoding="UTF-8"?>
<fme:xml-tables xmlns:xsi="http://www.w3.org/2001/XMLSchema-instance" xmlns:fme="http://www.safe.com/xml/xmltables" xsi:schemaLocation="http://www.safe.com/xml/xmltables PSTL2.xsd">
<fme:PSTL2-table>
<fme:PSTL2>
<fme:ID>PSTL2</fme:ID>
<fme:Parameter>7/02/2017</fme:Parameter>
<fme:Temperatuu>5,6</fme:Temperatuu>
<fme:Zuurstof__>-</fme:Zuurstof__>
<fme:Zuurstofpe>75,1</fme:Zuurstofpe>
<fme:pH__6_>7,4</fme:pH__6_>
<fme:Ammonium__>0,27</fme:Ammonium__>
<fme:Nitraat__1>7</fme:Nitraat__1>
<fme:Orthofosfa>0,06</fme:Orthofosfa>
<fme:Chloride__>43,8</fme:Chloride__>
<fme:BOD__23_>3,805</fme:BOD__23_>
<fme:COD__24_>36,887</fme:COD__24_>
<fme:TOC__25_>14,7</fme:TOC__25_>
<fme:Totaal_sti/>
<fme:Sulfaat__1>58</fme:Sulfaat__1>
<fme:Zware_meta/>
<fme:Lood/>
<fme:Zink/>
<fme:Chroom/>
<fme:Basis_Prat>2,600265927</fme:Basis_Prat>
<fme:Totale_Pra>2,357604188</fme:Totale_Pra>
<fme:csv_line_n>4</fme:csv_line_n>
<fme:Nummer>PSTL2</fme:Nummer>
<fme:Naam>Sint Trudoledeke</fme:Naam>
<fme:Ligging_me/>
<fme:Centrum>nee</fme:Centrum>
<fme:TPI04>3.5</fme:TPI04>
<fme:TPI05>3.7</fme:TPI05>
<fme:TPI06>3.1</fme:TPI06>
<fme:TPI07>3.6</fme:TPI07>
<fme:TPI08>3.6</fme:TPI08>
<fme:Aangemaakt_op>07/11/2018</fme:Aangemaakt_op>
</fme:PSTL2>
<fme:PSTL2>
<fme:ID>PSTL2</fme:ID>
<fme:Parameter>13/03/2017</fme:Parameter>
<fme:Temperatuu>8,7</fme:Temperatuu>
<fme:Zuurstof__>-</fme:Zuurstof__>
<fme:Zuurstofpe>89</fme:Zuurstofpe>
<fme:pH__6_>7,5</fme:pH__6_>
<fme:Ammonium__>0,39</fme:Ammonium__>
<fme:Nitraat__1>5,71</fme:Nitraat__1>
<fme:Orthofosfa>0,04</fme:Orthofosfa>
<fme:Chloride__>43,2</fme:Chloride__>
<fme:BOD__23_>3,64</fme:BOD__23_>
<fme:COD__24_>34,456</fme:COD__24_>
<fme:TOC__25_>13,6</fme:TOC__25_>
<fme:Totaal_sti/>
<fme:Sulfaat__1>60</fme:Sulfaat__1>
<fme:Zware_meta/>
<fme:Lood/>
<fme:Zink/>
<fme:Chroom/>
<fme:Basis_Prat>2,333510888</fme:Basis_Prat>
<fme:Totale_Pra>2,147431343</fme:Totale_Pra>
<fme:csv_line_n>5</fme:csv_line_n>
<fme:Nummer>PSTL2</fme:Nummer>
<fme:Naam>Sint Trudoledeke</fme:Naam>
<fme:Ligging_me/>
<fme:Centrum>nee</fme:Centrum>
<fme:TPI04>3.5</fme:TPI04>
<fme:TPI05>3.7</fme:TPI05>
<fme:TPI06>3.1</fme:TPI06>
<fme:TPI07>3.6</fme:TPI07>
<fme:TPI08>3.6</fme:TPI08>
<fme:Aangemaakt_op>07/11/2018</fme:Aangemaakt_op>
</fme:PSTL2>
<fme:PSTL2>
<fme:ID>PSTL2</fme:ID>
<fme:Parameter>2/05/2017</fme:Parameter>
<fme:Temperatuu>11,5</fme:Temperatuu>
<fme:Zuurstof__>-</fme:Zuurstof__>
<fme:Zuurstofpe>75,7</fme:Zuurstofpe>
<fme:pH__6_>7,7</fme:pH__6_>
<fme:Ammonium__>0,35</fme:Ammonium__>
<fme:Nitraat__1>0,47</fme:Nitraat__1>
<fme:Orthofosfa>0,02</fme:Orthofosfa>
<fme:Chloride__>67</fme:Chloride__>
<fme:BOD__23_>3,205</fme:BOD__23_>
<fme:COD__24_>28,047</fme:COD__24_>
<fme:TOC__25_>10,7</fme:TOC__25_>
<fme:Totaal_sti/>
<fme:Sulfaat__1>63</fme:Sulfaat__1>
<fme:Zware_meta/>
<fme:Lood/>
<fme:Zink/>
<fme:Chroom/>
<fme:Basis_Prat>2,415587628</fme:Basis_Prat>
<fme:Totale_Pra>1,755825858</fme:Totale_Pra>
<fme:csv_line_n>6</fme:csv_line_n>
<fme:Nummer>PSTL2</fme:Nummer>
<fme:Naam>Sint Trudoledeke</fme:Naam>
<fme:Ligging_me/>
<fme:Centrum>nee</fme:Centrum>
<fme:TPI04>3.5</fme:TPI04>
<fme:TPI05>3.7</fme:TPI05>
<fme:TPI06>3.1</fme:TPI06>
<fme:TPI07>3.6</fme:TPI07>
<fme:TPI08>3.6</fme:TPI08>
<fme:Aangemaakt_op>07/11/2018</fme:Aangemaakt_op>
</fme:PSTL2>
<fme:PSTL2>
<fme:ID>PSTL2</fme:ID>
<fme:Parameter>26/06/2017</fme:Parameter>
<fme:Temperatuu>16,8</fme:Temperatuu>
<fme:Zuurstof__>-</fme:Zuurstof__>
<fme:Zuurstofpe>31,3</fme:Zuurstofpe>
<fme:pH__6_>7,6</fme:pH__6_>
<fme:Ammonium__>0,64</fme:Ammonium__>
<fme:Nitraat__1>0,38</fme:Nitraat__1>
<fme:Orthofosfa>0,01</fme:Orthofosfa>
<fme:Chloride__>58</fme:Chloride__>
<fme:BOD__23_>2,5285</fme:BOD__23_>
<fme:COD__24_>18,0799</fme:COD__24_>
<fme:TOC__25_>6,19</fme:TOC__25_>
<fme:Totaal_sti/>
<fme:Sulfaat__1>61</fme:Sulfaat__1>
<fme:Zware_meta/>
<fme:Lood/>
<fme:Zink/>
<fme:Chroom/>
<fme:Basis_Prat>3,863723467</fme:Basis_Prat>
<fme:Totale_Pra>2,369197457</fme:Totale_Pra>
<fme:csv_line_n>7</fme:csv_line_n>
<fme:Nummer>PSTL2</fme:Nummer>
<fme:Naam>Sint Trudoledeke</fme:Naam>
<fme:Ligging_me/>
<fme:Centrum>nee</fme:Centrum>
<fme:TPI04>3.5</fme:TPI04>
<fme:TPI05>3.7</fme:TPI05>
<fme:TPI06>3.1</fme:TPI06>
<fme:TPI07>3.6</fme:TPI07>
<fme:TPI08>3.6</fme:TPI08>
<fme:Aangemaakt_op>07/11/2018</fme:Aangemaakt_op>
</fme:PSTL2>
<fme:PSTL2>
<fme:ID>PSTL2</fme:ID>
<fme:Parameter>29/08/2017</fme:Parameter>
<fme:Temperatuu>18,3</fme:Temperatuu>
<fme:Zuurstof__>-</fme:Zuurstof__>
<fme:Zuurstofpe>18</fme:Zuurstofpe>
<fme:pH__6_>7,5</fme:pH__6_>
<fme:Ammonium__>0,52</fme:Ammonium__>
<fme:Nitraat__1>0,49</fme:Nitraat__1>
<fme:Orthofosfa>0,16</fme:Orthofosfa>
<fme:Chloride__>128</fme:Chloride__>
<fme:BOD__23_>2,287</fme:BOD__23_>
<fme:COD__24_>14,5218</fme:COD__24_>
<fme:TOC__25_>4,58</fme:TOC__25_>
<fme:Totaal_sti/>
<fme:Sulfaat__1>82</fme:Sulfaat__1>
<fme:Zware_meta/>
<fme:Lood/>
<fme:Zink/>
<fme:Chroom/>
<fme:Basis_Prat>4,330048089</fme:Basis_Prat>
<fme:Totale_Pra>2,573999216</fme:Totale_Pra>
<fme:csv_line_n>8</fme:csv_line_n>
<fme:Nummer>PSTL2</fme:Nummer>
<fme:Naam>Sint Trudoledeke</fme:Naam>
<fme:Ligging_me/>
<fme:Centrum>nee</fme:Centrum>
<fme:TPI04>3.5</fme:TPI04>
<fme:TPI05>3.7</fme:TPI05>
<fme:TPI06>3.1</fme:TPI06>
<fme:TPI07>3.6</fme:TPI07>
<fme:TPI08>3.6</fme:TPI08>
<fme:Aangemaakt_op>07/11/2018</fme:Aangemaakt_op>
</fme:PSTL2>
<fme:PSTL2>
<fme:ID>PSTL2</fme:ID>
<fme:Parameter>7/11/2017</fme:Parameter>
<fme:Temperatuu>6,4</fme:Temperatuu>
<fme:Zuurstof__>-</fme:Zuurstof__>
<fme:Zuurstofpe>42,6</fme:Zuurstofpe>
<fme:pH__6_>7,7</fme:pH__6_>
<fme:Ammonium__>0,74</fme:Ammonium__>
<fme:Nitraat__1>0,99</fme:Nitraat__1>
<fme:Orthofosfa>0,14</fme:Orthofosfa>
<fme:Chloride__>68,3</fme:Chloride__>
<fme:BOD__23_>3,31</fme:BOD__23_>
<fme:COD__24_>29,594</fme:COD__24_>
<fme:TOC__25_>11,4</fme:TOC__25_>
<fme:Totaal_sti/>
<fme:Sulfaat__1>53</fme:Sulfaat__1>
<fme:Zware_meta/>
<fme:Lood/>
<fme:Zink/>
<fme:Chroom/>
<fme:Basis_Prat>3,895993108</fme:Basis_Prat>
<fme:Totale_Pra>2,57401377</fme:Totale_Pra>
<fme:csv_line_n>9</fme:csv_line_n>
<fme:Nummer>PSTL2</fme:Nummer>
<fme:Naam>Sint Trudoledeke</fme:Naam>
<fme:Ligging_me/>
<fme:Centrum>nee</fme:Centrum>
<fme:TPI04>3.5</fme:TPI04>
<fme:TPI05>3.7</fme:TPI05>
<fme:TPI06>3.1</fme:TPI06>
<fme:TPI07>3.6</fme:TPI07>
<fme:TPI08>3.6</fme:TPI08>
<fme:Aangemaakt_op>07/11/2018</fme:Aangemaakt_op>
</fme:PSTL2>
<fme:PSTL2>
<fme:ID>PSTL2</fme:ID>
<fme:Parameter>4/12/2017</fme:Parameter>
<fme:Temperatuu>6,6</fme:Temperatuu>
<fme:Zuurstof__>-</fme:Zuurstof__>
<fme:Zuurstofpe>56,8</fme:Zuurstofpe>
<fme:pH__6_>7,4</fme:pH__6_>
<fme:Ammonium__>0,66</fme:Ammonium__>
<fme:Nitraat__1>11,6</fme:Nitraat__1>
<fme:Orthofosfa>0,15</fme:Orthofosfa>
<fme:Chloride__>53,2</fme:Chloride__>
<fme:BOD__23_>4,075</fme:BOD__23_>
<fme:COD__24_>40,865</fme:COD__24_>
<fme:TOC__25_>16,5</fme:TOC__25_>
<fme:Totaal_sti/>
<fme:Sulfaat__1>75</fme:Sulfaat__1>
<fme:Zware_meta/>
<fme:Lood/>
<fme:Zink/>
<fme:Chroom/>
<fme:Basis_Prat>3,757615087</fme:Basis_Prat>
<fme:Totale_Pra>3,194998574</fme:Totale_Pra>
<fme:csv_line_n>10</fme:csv_line_n>
<fme:Nummer>PSTL2</fme:Nummer>
<fme:Naam>Sint Trudoledeke</fme:Naam>
<fme:Ligging_me/>
<fme:Centrum>nee</fme:Centrum>
<fme:TPI04>3.5</fme:TPI04>
<fme:TPI05>3.7</fme:TPI05>
<fme:TPI06>3.1</fme:TPI06>
<fme:TPI07>3.6</fme:TPI07>
<fme:TPI08>3.6</fme:TPI08>
<fme:Aangemaakt_op>07/11/2018</fme:Aangemaakt_op>
</fme:PSTL2>
</fme:PSTL2-table>
</fme:xml-tables>