<?xml version="1.0" encoding="UTF-8"?>
<fme:xml-tables xmlns:xsi="http://www.w3.org/2001/XMLSchema-instance" xmlns:fme="http://www.safe.com/xml/xmltables" xsi:schemaLocation="http://www.safe.com/xml/xmltables R1.xsd">
<fme:R1-table>
<fme:R1>
<fme:ID>R1</fme:ID>
<fme:Parameter>6/02/2017</fme:Parameter>
<fme:Temperatuu>5,8</fme:Temperatuu>
<fme:Zuurstof__>-</fme:Zuurstof__>
<fme:Zuurstofpe>60,5</fme:Zuurstofpe>
<fme:pH__6_>7,7</fme:pH__6_>
<fme:Ammonium__>1,6</fme:Ammonium__>
<fme:Nitraat__1>3,91</fme:Nitraat__1>
<fme:Orthofosfa>0,85</fme:Orthofosfa>
<fme:Chloride__>86</fme:Chloride__>
<fme:BOD__23_>2,485</fme:BOD__23_>
<fme:COD__24_>17,439</fme:COD__24_>
<fme:TOC__25_>5,9</fme:TOC__25_>
<fme:Totaal_sti>5,2</fme:Totaal_sti>
<fme:Sulfaat__1>82</fme:Sulfaat__1>
<fme:Zware_meta/>
<fme:Lood/>
<fme:Zink/>
<fme:Chroom/>
<fme:col18>3,811052387</fme:col18>
<fme:Basis_Prat>3,811052387</fme:Basis_Prat>
<fme:Totale_Pra>2,684064733</fme:Totale_Pra>
<fme:csv_line_n>4</fme:csv_line_n>
<fme:Nummer>R1</fme:Nummer>
<fme:Naam>Leeuwenbrug</fme:Naam>
<fme:Ligging_me>Leeuwstraat</fme:Ligging_me>
<fme:Centrum>ja</fme:Centrum>
<fme:TPI04>3.8</fme:TPI04>
<fme:TPI05>3.3</fme:TPI05>
<fme:TPI06>3.1</fme:TPI06>
<fme:TPI07>3.3</fme:TPI07>
<fme:TPI08>3.4</fme:TPI08>
<fme:Aangemaakt_op>07/11/2018</fme:Aangemaakt_op>
</fme:R1>
<fme:R1>
<fme:ID>R1</fme:ID>
<fme:Parameter>13/03/2017</fme:Parameter>
<fme:Temperatuu>8,7</fme:Temperatuu>
<fme:Zuurstof__>-</fme:Zuurstof__>
<fme:Zuurstofpe>98,2</fme:Zuurstofpe>
<fme:pH__6_>7,6</fme:pH__6_>
<fme:Ammonium__>0,08</fme:Ammonium__>
<fme:Nitraat__1>4,6</fme:Nitraat__1>
<fme:Orthofosfa>1,4</fme:Orthofosfa>
<fme:Chloride__>77</fme:Chloride__>
<fme:BOD__23_>2,485</fme:BOD__23_>
<fme:COD__24_>17,439</fme:COD__24_>
<fme:TOC__25_>5,9</fme:TOC__25_>
<fme:Totaal_sti>5,3</fme:Totaal_sti>
<fme:Sulfaat__1>83</fme:Sulfaat__1>
<fme:Zware_meta/>
<fme:Lood/>
<fme:Zink/>
<fme:Chroom/>
<fme:col18>0,956851435</fme:col18>
<fme:Basis_Prat>0,956851435</fme:Basis_Prat>
<fme:Totale_Pra>1,280824546</fme:Totale_Pra>
<fme:csv_line_n>5</fme:csv_line_n>
<fme:Nummer>R1</fme:Nummer>
<fme:Naam>Leeuwenbrug</fme:Naam>
<fme:Ligging_me>Leeuwstraat</fme:Ligging_me>
<fme:Centrum>ja</fme:Centrum>
<fme:TPI04>3.8</fme:TPI04>
<fme:TPI05>3.3</fme:TPI05>
<fme:TPI06>3.1</fme:TPI06>
<fme:TPI07>3.3</fme:TPI07>
<fme:TPI08>3.4</fme:TPI08>
<fme:Aangemaakt_op>07/11/2018</fme:Aangemaakt_op>
</fme:R1>
<fme:R1>
<fme:ID>R1</fme:ID>
<fme:Parameter>2/05/2017</fme:Parameter>
<fme:Temperatuu>11,4</fme:Temperatuu>
<fme:Zuurstof__>-</fme:Zuurstof__>
<fme:Zuurstofpe>94,3</fme:Zuurstofpe>
<fme:pH__6_>8,4</fme:pH__6_>
<fme:Ammonium__>0,09</fme:Ammonium__>
<fme:Nitraat__1>0,97</fme:Nitraat__1>
<fme:Orthofosfa>1,12</fme:Orthofosfa>
<fme:Chloride__>84</fme:Chloride__>
<fme:BOD__23_>2,815</fme:BOD__23_>
<fme:COD__24_>22,301</fme:COD__24_>
<fme:TOC__25_>8,1</fme:TOC__25_>
<fme:Totaal_sti>2,4</fme:Totaal_sti>
<fme:Sulfaat__1>74</fme:Sulfaat__1>
<fme:Zware_meta/>
<fme:Lood/>
<fme:Zink/>
<fme:Chroom/>
<fme:col18>1,248237886</fme:col18>
<fme:Basis_Prat>1,248237886</fme:Basis_Prat>
<fme:Totale_Pra>1,437872697</fme:Totale_Pra>
<fme:csv_line_n>6</fme:csv_line_n>
<fme:Nummer>R1</fme:Nummer>
<fme:Naam>Leeuwenbrug</fme:Naam>
<fme:Ligging_me>Leeuwstraat</fme:Ligging_me>
<fme:Centrum>ja</fme:Centrum>
<fme:TPI04>3.8</fme:TPI04>
<fme:TPI05>3.3</fme:TPI05>
<fme:TPI06>3.1</fme:TPI06>
<fme:TPI07>3.3</fme:TPI07>
<fme:TPI08>3.4</fme:TPI08>
<fme:Aangemaakt_op>07/11/2018</fme:Aangemaakt_op>
</fme:R1>
<fme:R1>
<fme:ID>R1</fme:ID>
<fme:Parameter>26/06/2017</fme:Parameter>
<fme:Temperatuu>19,6</fme:Temperatuu>
<fme:Zuurstof__>-</fme:Zuurstof__>
<fme:Zuurstofpe>10,6</fme:Zuurstofpe>
<fme:pH__6_>7,8</fme:pH__6_>
<fme:Ammonium__>1,07</fme:Ammonium__>
<fme:Nitraat__1>0,25</fme:Nitraat__1>
<fme:Orthofosfa>2,46</fme:Orthofosfa>
<fme:Chloride__>110</fme:Chloride__>
<fme:BOD__23_>2,632</fme:BOD__23_>
<fme:COD__24_>19,6048</fme:COD__24_>
<fme:TOC__25_>6,88</fme:TOC__25_>
<fme:Totaal_sti>2,5</fme:Totaal_sti>
<fme:Sulfaat__1>78</fme:Sulfaat__1>
<fme:Zware_meta/>
<fme:Lood/>
<fme:Zink/>
<fme:Chroom/>
<fme:col18>5,612338613</fme:col18>
<fme:Basis_Prat>5,612338613</fme:Basis_Prat>
<fme:Totale_Pra>3,279255074</fme:Totale_Pra>
<fme:csv_line_n>7</fme:csv_line_n>
<fme:Nummer>R1</fme:Nummer>
<fme:Naam>Leeuwenbrug</fme:Naam>
<fme:Ligging_me>Leeuwstraat</fme:Ligging_me>
<fme:Centrum>ja</fme:Centrum>
<fme:TPI04>3.8</fme:TPI04>
<fme:TPI05>3.3</fme:TPI05>
<fme:TPI06>3.1</fme:TPI06>
<fme:TPI07>3.3</fme:TPI07>
<fme:TPI08>3.4</fme:TPI08>
<fme:Aangemaakt_op>07/11/2018</fme:Aangemaakt_op>
</fme:R1>
<fme:R1>
<fme:ID>R1</fme:ID>
<fme:Parameter>28/08/2017</fme:Parameter>
<fme:Temperatuu>20,2</fme:Temperatuu>
<fme:Zuurstof__>-</fme:Zuurstof__>
<fme:Zuurstofpe>68,9</fme:Zuurstofpe>
<fme:pH__6_>8,2</fme:pH__6_>
<fme:Ammonium__>0,19</fme:Ammonium__>
<fme:Nitraat__1>1,24</fme:Nitraat__1>
<fme:Orthofosfa>0,62</fme:Orthofosfa>
<fme:Chloride__>149</fme:Chloride__>
<fme:BOD__23_>2,143</fme:BOD__23_>
<fme:COD__24_>12,4002</fme:COD__24_>
<fme:TOC__25_>3,62</fme:TOC__25_>
<fme:Totaal_sti>1,6</fme:Totaal_sti>
<fme:Sulfaat__1>99</fme:Sulfaat__1>
<fme:Zware_meta/>
<fme:Lood/>
<fme:Zink/>
<fme:Chroom/>
<fme:col18>1,808599975</fme:col18>
<fme:Basis_Prat>1,808599975</fme:Basis_Prat>
<fme:Totale_Pra>1,585993736</fme:Totale_Pra>
<fme:csv_line_n>8</fme:csv_line_n>
<fme:Nummer>R1</fme:Nummer>
<fme:Naam>Leeuwenbrug</fme:Naam>
<fme:Ligging_me>Leeuwstraat</fme:Ligging_me>
<fme:Centrum>ja</fme:Centrum>
<fme:TPI04>3.8</fme:TPI04>
<fme:TPI05>3.3</fme:TPI05>
<fme:TPI06>3.1</fme:TPI06>
<fme:TPI07>3.3</fme:TPI07>
<fme:TPI08>3.4</fme:TPI08>
<fme:Aangemaakt_op>07/11/2018</fme:Aangemaakt_op>
</fme:R1>
</fme:R1-table>
</fme:xml-tables>