<?xml version="1.0" encoding="UTF-8"?>
<fme:xml-tables xmlns:xsi="http://www.w3.org/2001/XMLSchema-instance" xmlns:fme="http://www.safe.com/xml/xmltables" xsi:schemaLocation="http://www.safe.com/xml/xmltables R2.xsd">
<fme:R2-table>
<fme:R2>
<fme:ID>R2</fme:ID>
<fme:Parameter>6/02/2017</fme:Parameter>
<fme:Temperatuu>6</fme:Temperatuu>
<fme:Zuurstof__>-</fme:Zuurstof__>
<fme:Zuurstofpe>44,9</fme:Zuurstofpe>
<fme:pH__6_>7,6</fme:pH__6_>
<fme:Ammonium__>1,99</fme:Ammonium__>
<fme:Nitraat__1>4,72</fme:Nitraat__1>
<fme:Orthofosfa>0,51</fme:Orthofosfa>
<fme:Chloride__>101</fme:Chloride__>
<fme:BOD__23_>2,425</fme:BOD__23_>
<fme:COD__24_>16,555</fme:COD__24_>
<fme:TOC__25_>5,5</fme:TOC__25_>
<fme:Totaal_sti>6,5</fme:Totaal_sti>
<fme:Sulfaat__1>97</fme:Sulfaat__1>
<fme:Zware_meta/>
<fme:Lood/>
<fme:Zink/>
<fme:Chroom/>
<fme:col18>4,54496418</fme:col18>
<fme:Basis_Prat>4,54496418</fme:Basis_Prat>
<fme:Totale_Pra>3,075867438</fme:Totale_Pra>
<fme:csv_line_n>4</fme:csv_line_n>
<fme:Nummer>R2</fme:Nummer>
<fme:Naam>Speelmansrei</fme:Naam>
<fme:Ligging_me>Thv huisnr 2</fme:Ligging_me>
<fme:Centrum>ja</fme:Centrum>
<fme:TPI04>4.4</fme:TPI04>
<fme:TPI05>3.9</fme:TPI05>
<fme:TPI06>4.1</fme:TPI06>
<fme:TPI07>4.1</fme:TPI07>
<fme:TPI08>4.1</fme:TPI08>
<fme:Aangemaakt_op>07/11/2018</fme:Aangemaakt_op>
</fme:R2>
<fme:R2>
<fme:ID>R2</fme:ID>
<fme:Parameter>13/03/2017</fme:Parameter>
<fme:Temperatuu>8,4</fme:Temperatuu>
<fme:Zuurstof__>-</fme:Zuurstof__>
<fme:Zuurstofpe>80,9</fme:Zuurstofpe>
<fme:pH__6_>7,6</fme:pH__6_>
<fme:Ammonium__>0,13</fme:Ammonium__>
<fme:Nitraat__1>4,39</fme:Nitraat__1>
<fme:Orthofosfa>1,58</fme:Orthofosfa>
<fme:Chloride__>80</fme:Chloride__>
<fme:BOD__23_>2,515</fme:BOD__23_>
<fme:COD__24_>17,881</fme:COD__24_>
<fme:TOC__25_>6,1</fme:TOC__25_>
<fme:Totaal_sti>5,2</fme:Totaal_sti>
<fme:Sulfaat__1>87</fme:Sulfaat__1>
<fme:Zware_meta/>
<fme:Lood/>
<fme:Zink/>
<fme:Chroom/>
<fme:col18>1,550585165</fme:col18>
<fme:Basis_Prat>1,550585165</fme:Basis_Prat>
<fme:Totale_Pra>1,567452455</fme:Totale_Pra>
<fme:csv_line_n>5</fme:csv_line_n>
<fme:Nummer>R2</fme:Nummer>
<fme:Naam>Speelmansrei</fme:Naam>
<fme:Ligging_me>Thv huisnr 2</fme:Ligging_me>
<fme:Centrum>ja</fme:Centrum>
<fme:TPI04>4.4</fme:TPI04>
<fme:TPI05>3.9</fme:TPI05>
<fme:TPI06>4.1</fme:TPI06>
<fme:TPI07>4.1</fme:TPI07>
<fme:TPI08>4.1</fme:TPI08>
<fme:Aangemaakt_op>07/11/2018</fme:Aangemaakt_op>
</fme:R2>
<fme:R2>
<fme:ID>R2</fme:ID>
<fme:Parameter>2/05/2017</fme:Parameter>
<fme:Temperatuu>11,4</fme:Temperatuu>
<fme:Zuurstof__>-</fme:Zuurstof__>
<fme:Zuurstofpe>72,8</fme:Zuurstofpe>
<fme:pH__6_>7,8</fme:pH__6_>
<fme:Ammonium__>0,75</fme:Ammonium__>
<fme:Nitraat__1>1,41</fme:Nitraat__1>
<fme:Orthofosfa>1,99</fme:Orthofosfa>
<fme:Chloride__>82</fme:Chloride__>
<fme:BOD__23_>2,77</fme:BOD__23_>
<fme:COD__24_>21,638</fme:COD__24_>
<fme:TOC__25_>7,8</fme:TOC__25_>
<fme:Totaal_sti>3,4</fme:Totaal_sti>
<fme:Sulfaat__1>78</fme:Sulfaat__1>
<fme:Zware_meta/>
<fme:Lood/>
<fme:Zink/>
<fme:Chroom/>
<fme:col18>2,794705173</fme:col18>
<fme:Basis_Prat>2,794705173</fme:Basis_Prat>
<fme:Totale_Pra>2,032604522</fme:Totale_Pra>
<fme:csv_line_n>6</fme:csv_line_n>
<fme:Nummer>R2</fme:Nummer>
<fme:Naam>Speelmansrei</fme:Naam>
<fme:Ligging_me>Thv huisnr 2</fme:Ligging_me>
<fme:Centrum>ja</fme:Centrum>
<fme:TPI04>4.4</fme:TPI04>
<fme:TPI05>3.9</fme:TPI05>
<fme:TPI06>4.1</fme:TPI06>
<fme:TPI07>4.1</fme:TPI07>
<fme:TPI08>4.1</fme:TPI08>
<fme:Aangemaakt_op>07/11/2018</fme:Aangemaakt_op>
</fme:R2>
<fme:R2>
<fme:ID>R2</fme:ID>
<fme:Parameter>26/06/2017</fme:Parameter>
<fme:Temperatuu>19,3</fme:Temperatuu>
<fme:Zuurstof__>-</fme:Zuurstof__>
<fme:Zuurstofpe>22,5</fme:Zuurstofpe>
<fme:pH__6_>7,7</fme:pH__6_>
<fme:Ammonium__>1,3</fme:Ammonium__>
<fme:Nitraat__1>0,23</fme:Nitraat__1>
<fme:Orthofosfa>2,84</fme:Orthofosfa>
<fme:Chloride__>107</fme:Chloride__>
<fme:BOD__23_>2,725</fme:BOD__23_>
<fme:COD__24_>20,975</fme:COD__24_>
<fme:TOC__25_>7,5</fme:TOC__25_>
<fme:Totaal_sti>2,9</fme:Totaal_sti>
<fme:Sulfaat__1>75</fme:Sulfaat__1>
<fme:Zware_meta/>
<fme:Lood/>
<fme:Zink/>
<fme:Chroom/>
<fme:col18>5,113526817</fme:col18>
<fme:Basis_Prat>5,113526817</fme:Basis_Prat>
<fme:Totale_Pra>3,011384233</fme:Totale_Pra>
<fme:csv_line_n>7</fme:csv_line_n>
<fme:Nummer>R2</fme:Nummer>
<fme:Naam>Speelmansrei</fme:Naam>
<fme:Ligging_me>Thv huisnr 2</fme:Ligging_me>
<fme:Centrum>ja</fme:Centrum>
<fme:TPI04>4.4</fme:TPI04>
<fme:TPI05>3.9</fme:TPI05>
<fme:TPI06>4.1</fme:TPI06>
<fme:TPI07>4.1</fme:TPI07>
<fme:TPI08>4.1</fme:TPI08>
<fme:Aangemaakt_op>07/11/2018</fme:Aangemaakt_op>
</fme:R2>
<fme:R2>
<fme:ID>R2</fme:ID>
<fme:Parameter>28/08/2017</fme:Parameter>
<fme:Temperatuu>20,4</fme:Temperatuu>
<fme:Zuurstof__>-</fme:Zuurstof__>
<fme:Zuurstofpe>63,5</fme:Zuurstofpe>
<fme:pH__6_>7,9</fme:pH__6_>
<fme:Ammonium__>0,31</fme:Ammonium__>
<fme:Nitraat__1>2,03</fme:Nitraat__1>
<fme:Orthofosfa>0,4</fme:Orthofosfa>
<fme:Chloride__>167</fme:Chloride__>
<fme:BOD__23_>2,1145</fme:BOD__23_>
<fme:COD__24_>11,9803</fme:COD__24_>
<fme:TOC__25_>3,43</fme:TOC__25_>
<fme:Totaal_sti>2</fme:Totaal_sti>
<fme:Sulfaat__1>107</fme:Sulfaat__1>
<fme:Zware_meta/>
<fme:Lood/>
<fme:Zink/>
<fme:Chroom/>
<fme:col18>2,143869718</fme:col18>
<fme:Basis_Prat>2,143869718</fme:Basis_Prat>
<fme:Totale_Pra>1,719895833</fme:Totale_Pra>
<fme:csv_line_n>8</fme:csv_line_n>
<fme:Nummer>R2</fme:Nummer>
<fme:Naam>Speelmansrei</fme:Naam>
<fme:Ligging_me>Thv huisnr 2</fme:Ligging_me>
<fme:Centrum>ja</fme:Centrum>
<fme:TPI04>4.4</fme:TPI04>
<fme:TPI05>3.9</fme:TPI05>
<fme:TPI06>4.1</fme:TPI06>
<fme:TPI07>4.1</fme:TPI07>
<fme:TPI08>4.1</fme:TPI08>
<fme:Aangemaakt_op>07/11/2018</fme:Aangemaakt_op>
</fme:R2>
</fme:R2-table>
</fme:xml-tables>