<?xml version="1.0" encoding="UTF-8"?>
<fme:xml-tables xmlns:xsi="http://www.w3.org/2001/XMLSchema-instance" xmlns:fme="http://www.safe.com/xml/xmltables" xsi:schemaLocation="http://www.safe.com/xml/xmltables R3.xsd">
<fme:R3-table>
<fme:R3>
<fme:ID>R3</fme:ID>
<fme:Parameter>6/02/2017</fme:Parameter>
<fme:Temperatuu>6,4</fme:Temperatuu>
<fme:Zuurstof__>-</fme:Zuurstof__>
<fme:Zuurstofpe>37,6</fme:Zuurstofpe>
<fme:pH__6_>7,6</fme:pH__6_>
<fme:Ammonium__>6,7</fme:Ammonium__>
<fme:Nitraat__1>0,01</fme:Nitraat__1>
<fme:Orthofosfa>1,97</fme:Orthofosfa>
<fme:Chloride__>151</fme:Chloride__>
<fme:BOD__23_>3,01</fme:BOD__23_>
<fme:COD__24_>25,174</fme:COD__24_>
<fme:TOC__25_>9,4</fme:TOC__25_>
<fme:Totaal_sti>9,1</fme:Totaal_sti>
<fme:Sulfaat__1>108</fme:Sulfaat__1>
<fme:Zware_meta/>
<fme:Lood/>
<fme:Zink/>
<fme:Chroom/>
<fme:col18>4,39582146</fme:col18>
<fme:Basis_Prat>7,983417123</fme:Basis_Prat>
<fme:Totale_Pra>4,39582146</fme:Totale_Pra>
<fme:csv_line_n>4</fme:csv_line_n>
<fme:Nummer>R3</fme:Nummer>
<fme:Naam>Capucijnerei</fme:Naam>
<fme:Ligging_me>Thv restaurant 't Capucientje</fme:Ligging_me>
<fme:Centrum>ja</fme:Centrum>
<fme:TPI04>4.1</fme:TPI04>
<fme:TPI05>3.9</fme:TPI05>
<fme:TPI06>3.4</fme:TPI06>
<fme:TPI07>3.8</fme:TPI07>
<fme:TPI08>4.1</fme:TPI08>
<fme:Aangemaakt_op>07/11/2018</fme:Aangemaakt_op>
</fme:R3>
<fme:R3>
<fme:ID>R3</fme:ID>
<fme:Parameter>13/03/2017</fme:Parameter>
<fme:Temperatuu>8</fme:Temperatuu>
<fme:Zuurstof__>-</fme:Zuurstof__>
<fme:Zuurstofpe>130,1</fme:Zuurstofpe>
<fme:pH__6_>7,9</fme:pH__6_>
<fme:Ammonium__>0,08</fme:Ammonium__>
<fme:Nitraat__1>1,32</fme:Nitraat__1>
<fme:Orthofosfa>1,17</fme:Orthofosfa>
<fme:Chloride__>102</fme:Chloride__>
<fme:BOD__23_>2,95</fme:BOD__23_>
<fme:COD__24_>24,29</fme:COD__24_>
<fme:TOC__25_>9</fme:TOC__25_>
<fme:Totaal_sti>2,4</fme:Totaal_sti>
<fme:Sulfaat__1>57</fme:Sulfaat__1>
<fme:Zware_meta/>
<fme:Lood/>
<fme:Zink/>
<fme:Chroom/>
<fme:col18>1,644510127</fme:col18>
<fme:Basis_Prat>1,939884768</fme:Basis_Prat>
<fme:Totale_Pra>1,644510127</fme:Totale_Pra>
<fme:csv_line_n>5</fme:csv_line_n>
<fme:Nummer>R3</fme:Nummer>
<fme:Naam>Capucijnerei</fme:Naam>
<fme:Ligging_me>Thv restaurant 't Capucientje</fme:Ligging_me>
<fme:Centrum>ja</fme:Centrum>
<fme:TPI04>4.1</fme:TPI04>
<fme:TPI05>3.9</fme:TPI05>
<fme:TPI06>3.4</fme:TPI06>
<fme:TPI07>3.8</fme:TPI07>
<fme:TPI08>4.1</fme:TPI08>
<fme:Aangemaakt_op>07/11/2018</fme:Aangemaakt_op>
</fme:R3>
<fme:R3>
<fme:ID>R3</fme:ID>
<fme:Parameter>2/05/2017</fme:Parameter>
<fme:Temperatuu>11,8</fme:Temperatuu>
<fme:Zuurstof__>-</fme:Zuurstof__>
<fme:Zuurstofpe>81,8</fme:Zuurstofpe>
<fme:pH__6_>7,8</fme:pH__6_>
<fme:Ammonium__>0,84</fme:Ammonium__>
<fme:Nitraat__1>4</fme:Nitraat__1>
<fme:Orthofosfa>3,11</fme:Orthofosfa>
<fme:Chloride__>152</fme:Chloride__>
<fme:BOD__23_>2,695</fme:BOD__23_>
<fme:COD__24_>20,533</fme:COD__24_>
<fme:TOC__25_>7,3</fme:TOC__25_>
<fme:Totaal_sti>6,4</fme:Totaal_sti>
<fme:Sulfaat__1>147</fme:Sulfaat__1>
<fme:Zware_meta/>
<fme:Lood/>
<fme:Zink/>
<fme:Chroom/>
<fme:col18>2,141967153</fme:col18>
<fme:Basis_Prat>2,617996826</fme:Basis_Prat>
<fme:Totale_Pra>2,141967153</fme:Totale_Pra>
<fme:csv_line_n>6</fme:csv_line_n>
<fme:Nummer>R3</fme:Nummer>
<fme:Naam>Capucijnerei</fme:Naam>
<fme:Ligging_me>Thv restaurant 't Capucientje</fme:Ligging_me>
<fme:Centrum>ja</fme:Centrum>
<fme:TPI04>4.1</fme:TPI04>
<fme:TPI05>3.9</fme:TPI05>
<fme:TPI06>3.4</fme:TPI06>
<fme:TPI07>3.8</fme:TPI07>
<fme:TPI08>4.1</fme:TPI08>
<fme:Aangemaakt_op>07/11/2018</fme:Aangemaakt_op>
</fme:R3>
<fme:R3>
<fme:ID>R3</fme:ID>
<fme:Parameter>26/06/2017</fme:Parameter>
<fme:Temperatuu>20,1</fme:Temperatuu>
<fme:Zuurstof__>-</fme:Zuurstof__>
<fme:Zuurstofpe>46,2</fme:Zuurstofpe>
<fme:pH__6_>7,7</fme:pH__6_>
<fme:Ammonium__>0,81</fme:Ammonium__>
<fme:Nitraat__1>0,68</fme:Nitraat__1>
<fme:Orthofosfa>2,1</fme:Orthofosfa>
<fme:Chloride__>126</fme:Chloride__>
<fme:BOD__23_>2,6695</fme:BOD__23_>
<fme:COD__24_>20,1573</fme:COD__24_>
<fme:TOC__25_>7,13</fme:TOC__25_>
<fme:Totaal_sti>2,6</fme:Totaal_sti>
<fme:Sulfaat__1>104</fme:Sulfaat__1>
<fme:Zware_meta/>
<fme:Lood/>
<fme:Zink/>
<fme:Chroom/>
<fme:col18>2,287898658</fme:col18>
<fme:Basis_Prat>3,540737828</fme:Basis_Prat>
<fme:Totale_Pra>2,287898658</fme:Totale_Pra>
<fme:csv_line_n>7</fme:csv_line_n>
<fme:Nummer>R3</fme:Nummer>
<fme:Naam>Capucijnerei</fme:Naam>
<fme:Ligging_me>Thv restaurant 't Capucientje</fme:Ligging_me>
<fme:Centrum>ja</fme:Centrum>
<fme:TPI04>4.1</fme:TPI04>
<fme:TPI05>3.9</fme:TPI05>
<fme:TPI06>3.4</fme:TPI06>
<fme:TPI07>3.8</fme:TPI07>
<fme:TPI08>4.1</fme:TPI08>
<fme:Aangemaakt_op>07/11/2018</fme:Aangemaakt_op>
</fme:R3>
<fme:R3>
<fme:ID>R3</fme:ID>
<fme:Parameter>28/08/2017</fme:Parameter>
<fme:Temperatuu>21,8</fme:Temperatuu>
<fme:Zuurstof__>-</fme:Zuurstof__>
<fme:Zuurstofpe>96,3</fme:Zuurstofpe>
<fme:pH__6_>8</fme:pH__6_>
<fme:Ammonium__>0,11</fme:Ammonium__>
<fme:Nitraat__1>2,25</fme:Nitraat__1>
<fme:Orthofosfa>0,29</fme:Orthofosfa>
<fme:Chloride__>164</fme:Chloride__>
<fme:BOD__23_>2,179</fme:BOD__23_>
<fme:COD__24_>12,9306</fme:COD__24_>
<fme:TOC__25_>3,86</fme:TOC__25_>
<fme:Totaal_sti>2,2</fme:Totaal_sti>
<fme:Sulfaat__1>103</fme:Sulfaat__1>
<fme:Zware_meta/>
<fme:Lood/>
<fme:Zink/>
<fme:Chroom/>
<fme:col18>1,170621887</fme:col18>
<fme:Basis_Prat>0,930285198</fme:Basis_Prat>
<fme:Totale_Pra>1,170621887</fme:Totale_Pra>
<fme:csv_line_n>8</fme:csv_line_n>
<fme:Nummer>R3</fme:Nummer>
<fme:Naam>Capucijnerei</fme:Naam>
<fme:Ligging_me>Thv restaurant 't Capucientje</fme:Ligging_me>
<fme:Centrum>ja</fme:Centrum>
<fme:TPI04>4.1</fme:TPI04>
<fme:TPI05>3.9</fme:TPI05>
<fme:TPI06>3.4</fme:TPI06>
<fme:TPI07>3.8</fme:TPI07>
<fme:TPI08>4.1</fme:TPI08>
<fme:Aangemaakt_op>07/11/2018</fme:Aangemaakt_op>
</fme:R3>
</fme:R3-table>
</fme:xml-tables>