<?xml version="1.0" encoding="UTF-8"?>
<fme:xml-tables xmlns:xsi="http://www.w3.org/2001/XMLSchema-instance" xmlns:fme="http://www.safe.com/xml/xmltables" xsi:schemaLocation="http://www.safe.com/xml/xmltables R4.xsd">
<fme:R4-table>
<fme:R4>
<fme:ID>R4</fme:ID>
<fme:Parameter>6/02/2017</fme:Parameter>
<fme:Temperatuu>5,7</fme:Temperatuu>
<fme:Zuurstof__>-</fme:Zuurstof__>
<fme:Zuurstofpe>129,6</fme:Zuurstofpe>
<fme:pH__6_>8,5</fme:pH__6_>
<fme:Ammonium__>0,01</fme:Ammonium__>
<fme:Nitraat__1>3,59</fme:Nitraat__1>
<fme:Orthofosfa>0,91</fme:Orthofosfa>
<fme:Chloride__>78</fme:Chloride__>
<fme:BOD__23_>2,71</fme:BOD__23_>
<fme:COD__24_>20,754</fme:COD__24_>
<fme:TOC__25_>7,4</fme:TOC__25_>
<fme:Totaal_sti>3,7</fme:Totaal_sti>
<fme:Sulfaat__1>75</fme:Sulfaat__1>
<fme:Zware_meta/>
<fme:Lood/>
<fme:Zink/>
<fme:Chroom/>
<fme:col18/>
<fme:Basis_Prat>1,569112418</fme:Basis_Prat>
<fme:Totale_Pra>1,859318606</fme:Totale_Pra>
<fme:csv_line_n>4</fme:csv_line_n>
<fme:Nummer>R4</fme:Nummer>
<fme:Naam>Duinenbrug</fme:Naam>
<fme:Ligging_me/>
<fme:Centrum>ja</fme:Centrum>
<fme:TPI04>3.1</fme:TPI04>
<fme:TPI05>3</fme:TPI05>
<fme:TPI06>2.7</fme:TPI06>
<fme:TPI07>3.1</fme:TPI07>
<fme:TPI08>2.6</fme:TPI08>
<fme:Aangemaakt_op>07/11/2018</fme:Aangemaakt_op>
</fme:R4>
<fme:R4>
<fme:ID>R4</fme:ID>
<fme:Parameter>13/03/2017</fme:Parameter>
<fme:Temperatuu>8,4</fme:Temperatuu>
<fme:Zuurstof__>-</fme:Zuurstof__>
<fme:Zuurstofpe>148,4</fme:Zuurstofpe>
<fme:pH__6_>8,8</fme:pH__6_>
<fme:Ammonium__>0,02</fme:Ammonium__>
<fme:Nitraat__1>1,84</fme:Nitraat__1>
<fme:Orthofosfa>0,8</fme:Orthofosfa>
<fme:Chloride__>79</fme:Chloride__>
<fme:BOD__23_>2,605</fme:BOD__23_>
<fme:COD__24_>19,207</fme:COD__24_>
<fme:TOC__25_>6,7</fme:TOC__25_>
<fme:Totaal_sti>2,6</fme:Totaal_sti>
<fme:Sulfaat__1>69</fme:Sulfaat__1>
<fme:Zware_meta/>
<fme:Lood/>
<fme:Zink/>
<fme:Chroom/>
<fme:col18/>
<fme:Basis_Prat>2,067257635</fme:Basis_Prat>
<fme:Totale_Pra>2,124344155</fme:Totale_Pra>
<fme:csv_line_n>5</fme:csv_line_n>
<fme:Nummer>R4</fme:Nummer>
<fme:Naam>Duinenbrug</fme:Naam>
<fme:Ligging_me/>
<fme:Centrum>ja</fme:Centrum>
<fme:TPI04>3.1</fme:TPI04>
<fme:TPI05>3</fme:TPI05>
<fme:TPI06>2.7</fme:TPI06>
<fme:TPI07>3.1</fme:TPI07>
<fme:TPI08>2.6</fme:TPI08>
<fme:Aangemaakt_op>07/11/2018</fme:Aangemaakt_op>
</fme:R4>
<fme:R4>
<fme:ID>R4</fme:ID>
<fme:Parameter>2/05/2017</fme:Parameter>
<fme:Temperatuu>12,7</fme:Temperatuu>
<fme:Zuurstof__>-</fme:Zuurstof__>
<fme:Zuurstofpe>173,4</fme:Zuurstofpe>
<fme:pH__6_>9,1</fme:pH__6_>
<fme:Ammonium__>0,02</fme:Ammonium__>
<fme:Nitraat__1>0,14</fme:Nitraat__1>
<fme:Orthofosfa>0,74</fme:Orthofosfa>
<fme:Chloride__>89</fme:Chloride__>
<fme:BOD__23_>2,83</fme:BOD__23_>
<fme:COD__24_>22,522</fme:COD__24_>
<fme:TOC__25_>8,2</fme:TOC__25_>
<fme:Totaal_sti>1,33</fme:Totaal_sti>
<fme:Sulfaat__1>69</fme:Sulfaat__1>
<fme:Zware_meta/>
<fme:Lood/>
<fme:Zink/>
<fme:Chroom/>
<fme:col18/>
<fme:Basis_Prat>2,844424302</fme:Basis_Prat>
<fme:Totale_Pra>2,520597209</fme:Totale_Pra>
<fme:csv_line_n>6</fme:csv_line_n>
<fme:Nummer>R4</fme:Nummer>
<fme:Naam>Duinenbrug</fme:Naam>
<fme:Ligging_me/>
<fme:Centrum>ja</fme:Centrum>
<fme:TPI04>3.1</fme:TPI04>
<fme:TPI05>3</fme:TPI05>
<fme:TPI06>2.7</fme:TPI06>
<fme:TPI07>3.1</fme:TPI07>
<fme:TPI08>2.6</fme:TPI08>
<fme:Aangemaakt_op>07/11/2018</fme:Aangemaakt_op>
</fme:R4>
<fme:R4>
<fme:ID>R4</fme:ID>
<fme:Parameter>26/06/2017</fme:Parameter>
<fme:Temperatuu>23,5</fme:Temperatuu>
<fme:Zuurstof__>-</fme:Zuurstof__>
<fme:Zuurstofpe>166,6</fme:Zuurstofpe>
<fme:pH__6_>8,7</fme:pH__6_>
<fme:Ammonium__>0,03</fme:Ammonium__>
<fme:Nitraat__1>1,37</fme:Nitraat__1>
<fme:Orthofosfa>1</fme:Orthofosfa>
<fme:Chloride__>113</fme:Chloride__>
<fme:BOD__23_>2,6845</fme:BOD__23_>
<fme:COD__24_>20,3783</fme:COD__24_>
<fme:TOC__25_>7,23</fme:TOC__25_>
<fme:Totaal_sti>2,2</fme:Totaal_sti>
<fme:Sulfaat__1>89</fme:Sulfaat__1>
<fme:Zware_meta/>
<fme:Lood/>
<fme:Zink/>
<fme:Chroom/>
<fme:col18/>
<fme:Basis_Prat>2,631473394</fme:Basis_Prat>
<fme:Totale_Pra>2,312507804</fme:Totale_Pra>
<fme:csv_line_n>7</fme:csv_line_n>
<fme:Nummer>R4</fme:Nummer>
<fme:Naam>Duinenbrug</fme:Naam>
<fme:Ligging_me/>
<fme:Centrum>ja</fme:Centrum>
<fme:TPI04>3.1</fme:TPI04>
<fme:TPI05>3</fme:TPI05>
<fme:TPI06>2.7</fme:TPI06>
<fme:TPI07>3.1</fme:TPI07>
<fme:TPI08>2.6</fme:TPI08>
<fme:Aangemaakt_op>07/11/2018</fme:Aangemaakt_op>
</fme:R4>
<fme:R4>
<fme:ID>R4</fme:ID>
<fme:Parameter>29/08/2017</fme:Parameter>
<fme:Temperatuu>21,1</fme:Temperatuu>
<fme:Zuurstof__>-</fme:Zuurstof__>
<fme:Zuurstofpe>144,8</fme:Zuurstofpe>
<fme:pH__6_>8,9</fme:pH__6_>
<fme:Ammonium__>0,03</fme:Ammonium__>
<fme:Nitraat__1>0,004</fme:Nitraat__1>
<fme:Orthofosfa>0,91</fme:Orthofosfa>
<fme:Chloride__>120</fme:Chloride__>
<fme:BOD__23_>2,467</fme:BOD__23_>
<fme:COD__24_>17,1738</fme:COD__24_>
<fme:TOC__25_>5,78</fme:TOC__25_>
<fme:Totaal_sti>0,85</fme:Totaal_sti>
<fme:Sulfaat__1>87</fme:Sulfaat__1>
<fme:Zware_meta/>
<fme:Lood/>
<fme:Zink/>
<fme:Chroom/>
<fme:col18/>
<fme:Basis_Prat>1,943323394</fme:Basis_Prat>
<fme:Totale_Pra>1,852856914</fme:Totale_Pra>
<fme:csv_line_n>8</fme:csv_line_n>
<fme:Nummer>R4</fme:Nummer>
<fme:Naam>Duinenbrug</fme:Naam>
<fme:Ligging_me/>
<fme:Centrum>ja</fme:Centrum>
<fme:TPI04>3.1</fme:TPI04>
<fme:TPI05>3</fme:TPI05>
<fme:TPI06>2.7</fme:TPI06>
<fme:TPI07>3.1</fme:TPI07>
<fme:TPI08>2.6</fme:TPI08>
<fme:Aangemaakt_op>07/11/2018</fme:Aangemaakt_op>
</fme:R4>
<fme:R4>
<fme:ID>R4</fme:ID>
<fme:Parameter>7/11/2017</fme:Parameter>
<fme:Temperatuu>9,8</fme:Temperatuu>
<fme:Zuurstof__>-</fme:Zuurstof__>
<fme:Zuurstofpe>58,8</fme:Zuurstofpe>
<fme:pH__6_>8</fme:pH__6_>
<fme:Ammonium__>0,55</fme:Ammonium__>
<fme:Nitraat__1>0,87</fme:Nitraat__1>
<fme:Orthofosfa>0,93</fme:Orthofosfa>
<fme:Chloride__>110</fme:Chloride__>
<fme:BOD__23_>2,4715</fme:BOD__23_>
<fme:COD__24_>17,2401</fme:COD__24_>
<fme:TOC__25_>5,81</fme:TOC__25_>
<fme:Totaal_sti>2,2</fme:Totaal_sti>
<fme:Sulfaat__1>86</fme:Sulfaat__1>
<fme:Zware_meta/>
<fme:Lood/>
<fme:Zink/>
<fme:Chroom/>
<fme:col18/>
<fme:Basis_Prat>2,781419742</fme:Basis_Prat>
<fme:Totale_Pra>1,994710788</fme:Totale_Pra>
<fme:csv_line_n>9</fme:csv_line_n>
<fme:Nummer>R4</fme:Nummer>
<fme:Naam>Duinenbrug</fme:Naam>
<fme:Ligging_me/>
<fme:Centrum>ja</fme:Centrum>
<fme:TPI04>3.1</fme:TPI04>
<fme:TPI05>3</fme:TPI05>
<fme:TPI06>2.7</fme:TPI06>
<fme:TPI07>3.1</fme:TPI07>
<fme:TPI08>2.6</fme:TPI08>
<fme:Aangemaakt_op>07/11/2018</fme:Aangemaakt_op>
</fme:R4>
<fme:R4>
<fme:ID>R4</fme:ID>
<fme:Parameter>4/12/2017</fme:Parameter>
<fme:Temperatuu>4,8</fme:Temperatuu>
<fme:Zuurstof__>-</fme:Zuurstof__>
<fme:Zuurstofpe>50,6</fme:Zuurstofpe>
<fme:pH__6_>7,9</fme:pH__6_>
<fme:Ammonium__>0,48</fme:Ammonium__>
<fme:Nitraat__1>2,1</fme:Nitraat__1>
<fme:Orthofosfa>0,76</fme:Orthofosfa>
<fme:Chloride__>111</fme:Chloride__>
<fme:BOD__23_>2,425</fme:BOD__23_>
<fme:COD__24_>16,555</fme:COD__24_>
<fme:TOC__25_>5,5</fme:TOC__25_>
<fme:Totaal_sti>3,3</fme:Totaal_sti>
<fme:Sulfaat__1>87</fme:Sulfaat__1>
<fme:Zware_meta/>
<fme:Lood/>
<fme:Zink/>
<fme:Chroom/>
<fme:col18/>
<fme:Basis_Prat>2,885878616</fme:Basis_Prat>
<fme:Totale_Pra>2,131422845</fme:Totale_Pra>
<fme:csv_line_n>10</fme:csv_line_n>
<fme:Nummer>R4</fme:Nummer>
<fme:Naam>Duinenbrug</fme:Naam>
<fme:Ligging_me/>
<fme:Centrum>ja</fme:Centrum>
<fme:TPI04>3.1</fme:TPI04>
<fme:TPI05>3</fme:TPI05>
<fme:TPI06>2.7</fme:TPI06>
<fme:TPI07>3.1</fme:TPI07>
<fme:TPI08>2.6</fme:TPI08>
<fme:Aangemaakt_op>07/11/2018</fme:Aangemaakt_op>
</fme:R4>
</fme:R4-table>
</fme:xml-tables>