<?xml version="1.0" encoding="UTF-8"?>
<fme:xml-tables xmlns:xsi="http://www.w3.org/2001/XMLSchema-instance" xmlns:fme="http://www.safe.com/xml/xmltables" xsi:schemaLocation="http://www.safe.com/xml/xmltables R5.xsd">
<fme:R5-table>
<fme:R5>
<fme:ID>R5</fme:ID>
<fme:Parameter>42772</fme:Parameter>
<fme:Temperatuu>5,9</fme:Temperatuu>
<fme:Zuurstof__>-</fme:Zuurstof__>
<fme:Zuurstofpe>88,8</fme:Zuurstofpe>
<fme:pH__6_>7,9</fme:pH__6_>
<fme:Ammonium__>0,4</fme:Ammonium__>
<fme:Nitraat__1>4,16</fme:Nitraat__1>
<fme:Orthofosfa>1,11</fme:Orthofosfa>
<fme:Chloride__>80</fme:Chloride__>
<fme:BOD__23_>2,53</fme:BOD__23_>
<fme:COD__24_>18,102</fme:COD__24_>
<fme:TOC__25_>6,2</fme:TOC__25_>
<fme:Totaal_sti>4,5</fme:Totaal_sti>
<fme:Sulfaat__1>71</fme:Sulfaat__1>
<fme:Zware_meta/>
<fme:Lood/>
<fme:Zink/>
<fme:Chroom/>
<fme:col18>1,80809645</fme:col18>
<fme:Basis_Prat>1,80809645</fme:Basis_Prat>
<fme:Totale_Pra>1,757732717</fme:Totale_Pra>
<fme:csv_line_n>4</fme:csv_line_n>
<fme:Nummer>R5</fme:Nummer>
<fme:Naam>Coupure</fme:Naam>
<fme:Ligging_me/>
<fme:Centrum>ja</fme:Centrum>
<fme:TPI04>2.7</fme:TPI04>
<fme:TPI05>2.6</fme:TPI05>
<fme:TPI06>2.3</fme:TPI06>
<fme:TPI07>2.3</fme:TPI07>
<fme:TPI08>2.6</fme:TPI08>
<fme:Aangemaakt_op>07/11/2018</fme:Aangemaakt_op>
</fme:R5>
<fme:R5>
<fme:ID>R5</fme:ID>
<fme:Parameter>42807</fme:Parameter>
<fme:Temperatuu>8,5</fme:Temperatuu>
<fme:Zuurstof__>-</fme:Zuurstof__>
<fme:Zuurstofpe>85,3</fme:Zuurstofpe>
<fme:pH__6_>7,9</fme:pH__6_>
<fme:Ammonium__>0,15</fme:Ammonium__>
<fme:Nitraat__1>3,59</fme:Nitraat__1>
<fme:Orthofosfa>1,08</fme:Orthofosfa>
<fme:Chloride__>83</fme:Chloride__>
<fme:BOD__23_>2,485</fme:BOD__23_>
<fme:COD__24_>17,439</fme:COD__24_>
<fme:TOC__25_>5,9</fme:TOC__25_>
<fme:Totaal_sti>4,4</fme:Totaal_sti>
<fme:Sulfaat__1>66</fme:Sulfaat__1>
<fme:Zware_meta/>
<fme:Lood/>
<fme:Zink/>
<fme:Chroom/>
<fme:col18>1,46067226</fme:col18>
<fme:Basis_Prat>1,46067226</fme:Basis_Prat>
<fme:Totale_Pra>1,540098527</fme:Totale_Pra>
<fme:csv_line_n>5</fme:csv_line_n>
<fme:Nummer>R5</fme:Nummer>
<fme:Naam>Coupure</fme:Naam>
<fme:Ligging_me/>
<fme:Centrum>ja</fme:Centrum>
<fme:TPI04>2.7</fme:TPI04>
<fme:TPI05>2.6</fme:TPI05>
<fme:TPI06>2.3</fme:TPI06>
<fme:TPI07>2.3</fme:TPI07>
<fme:TPI08>2.6</fme:TPI08>
<fme:Aangemaakt_op>07/11/2018</fme:Aangemaakt_op>
</fme:R5>
<fme:R5>
<fme:ID>R5</fme:ID>
<fme:Parameter>42857</fme:Parameter>
<fme:Temperatuu>12,6</fme:Temperatuu>
<fme:Zuurstof__>-</fme:Zuurstof__>
<fme:Zuurstofpe>83,4</fme:Zuurstofpe>
<fme:pH__6_>8</fme:pH__6_>
<fme:Ammonium__>0,11</fme:Ammonium__>
<fme:Nitraat__1>3,39</fme:Nitraat__1>
<fme:Orthofosfa>0,72</fme:Orthofosfa>
<fme:Chloride__>102</fme:Chloride__>
<fme:BOD__23_>2,53</fme:BOD__23_>
<fme:COD__24_>18,102</fme:COD__24_>
<fme:TOC__25_>6,2</fme:TOC__25_>
<fme:Totaal_sti>4,6</fme:Totaal_sti>
<fme:Sulfaat__1>90</fme:Sulfaat__1>
<fme:Zware_meta/>
<fme:Lood/>
<fme:Zink/>
<fme:Chroom/>
<fme:col18>1,446665198</fme:col18>
<fme:Basis_Prat>1,446665198</fme:Basis_Prat>
<fme:Totale_Pra>1,555574333</fme:Totale_Pra>
<fme:csv_line_n>6</fme:csv_line_n>
<fme:Nummer>R5</fme:Nummer>
<fme:Naam>Coupure</fme:Naam>
<fme:Ligging_me/>
<fme:Centrum>ja</fme:Centrum>
<fme:TPI04>2.7</fme:TPI04>
<fme:TPI05>2.6</fme:TPI05>
<fme:TPI06>2.3</fme:TPI06>
<fme:TPI07>2.3</fme:TPI07>
<fme:TPI08>2.6</fme:TPI08>
<fme:Aangemaakt_op>07/11/2018</fme:Aangemaakt_op>
</fme:R5>
<fme:R5>
<fme:ID>R5</fme:ID>
<fme:Parameter>42912</fme:Parameter>
<fme:Temperatuu>22,1</fme:Temperatuu>
<fme:Zuurstof__>-</fme:Zuurstof__>
<fme:Zuurstofpe>53,5</fme:Zuurstofpe>
<fme:pH__6_>7,9</fme:pH__6_>
<fme:Ammonium__>0,31</fme:Ammonium__>
<fme:Nitraat__1>1,96</fme:Nitraat__1>
<fme:Orthofosfa>1,16</fme:Orthofosfa>
<fme:Chloride__>114</fme:Chloride__>
<fme:BOD__23_>2,422</fme:BOD__23_>
<fme:COD__24_>16,5108</fme:COD__24_>
<fme:TOC__25_>5,48</fme:TOC__25_>
<fme:Totaal_sti>2,9</fme:Totaal_sti>
<fme:Sulfaat__1>90</fme:Sulfaat__1>
<fme:Zware_meta/>
<fme:Lood/>
<fme:Zink/>
<fme:Chroom/>
<fme:col18>2,561553051</fme:col18>
<fme:Basis_Prat>2,561553051</fme:Basis_Prat>
<fme:Totale_Pra>1,956804709</fme:Totale_Pra>
<fme:csv_line_n>7</fme:csv_line_n>
<fme:Nummer>R5</fme:Nummer>
<fme:Naam>Coupure</fme:Naam>
<fme:Ligging_me/>
<fme:Centrum>ja</fme:Centrum>
<fme:TPI04>2.7</fme:TPI04>
<fme:TPI05>2.6</fme:TPI05>
<fme:TPI06>2.3</fme:TPI06>
<fme:TPI07>2.3</fme:TPI07>
<fme:TPI08>2.6</fme:TPI08>
<fme:Aangemaakt_op>07/11/2018</fme:Aangemaakt_op>
</fme:R5>
<fme:R5>
<fme:ID>R5</fme:ID>
<fme:Parameter>42976</fme:Parameter>
<fme:Temperatuu>21,3</fme:Temperatuu>
<fme:Zuurstof__>-</fme:Zuurstof__>
<fme:Zuurstofpe>76,1</fme:Zuurstofpe>
<fme:pH__6_>8</fme:pH__6_>
<fme:Ammonium__>0,13</fme:Ammonium__>
<fme:Nitraat__1>1,11</fme:Nitraat__1>
<fme:Orthofosfa>0,92</fme:Orthofosfa>
<fme:Chloride__>118</fme:Chloride__>
<fme:BOD__23_>2,0095</fme:BOD__23_>
<fme:COD__24_>10,4333</fme:COD__24_>
<fme:TOC__25_>2,73</fme:TOC__25_>
<fme:Totaal_sti>1,12</fme:Totaal_sti>
<fme:Sulfaat__1>86</fme:Sulfaat__1>
<fme:Zware_meta/>
<fme:Lood/>
<fme:Zink/>
<fme:Chroom/>
<fme:col18>1,430328498</fme:col18>
<fme:Basis_Prat>1,430328498</fme:Basis_Prat>
<fme:Totale_Pra>1,294925434</fme:Totale_Pra>
<fme:csv_line_n>8</fme:csv_line_n>
<fme:Nummer>R5</fme:Nummer>
<fme:Naam>Coupure</fme:Naam>
<fme:Ligging_me/>
<fme:Centrum>ja</fme:Centrum>
<fme:TPI04>2.7</fme:TPI04>
<fme:TPI05>2.6</fme:TPI05>
<fme:TPI06>2.3</fme:TPI06>
<fme:TPI07>2.3</fme:TPI07>
<fme:TPI08>2.6</fme:TPI08>
<fme:Aangemaakt_op>07/11/2018</fme:Aangemaakt_op>
</fme:R5>
</fme:R5-table>
</fme:xml-tables>