<?xml version="1.0" encoding="UTF-8"?>
<fme:xml-tables xmlns:xsi="http://www.w3.org/2001/XMLSchema-instance" xmlns:fme="http://www.safe.com/xml/xmltables" xsi:schemaLocation="http://www.safe.com/xml/xmltables R6.xsd">
<fme:R6-table>
<fme:R6>
<fme:ID>R6</fme:ID>
<fme:Parameter>6/02/2017</fme:Parameter>
<fme:Temperatuu>5,8</fme:Temperatuu>
<fme:Zuurstof__>-</fme:Zuurstof__>
<fme:Zuurstofpe>77,2</fme:Zuurstofpe>
<fme:pH__6_>60,2</fme:pH__6_>
<fme:Ammonium__>0,52</fme:Ammonium__>
<fme:Nitraat__1>4,15</fme:Nitraat__1>
<fme:Orthofosfa>1,14</fme:Orthofosfa>
<fme:Chloride__>88</fme:Chloride__>
<fme:BOD__23_>2,62</fme:BOD__23_>
<fme:COD__24_>19,428</fme:COD__24_>
<fme:TOC__25_>6,8</fme:TOC__25_>
<fme:Totaal_sti>4,5</fme:Totaal_sti>
<fme:Sulfaat__1>71</fme:Sulfaat__1>
<fme:Zware_meta/>
<fme:Lood/>
<fme:Zink/>
<fme:Chroom/>
<fme:col18>2,325081422</fme:col18>
<fme:Basis_Prat>2,325081422</fme:Basis_Prat>
<fme:Totale_Pra>1,890559962</fme:Totale_Pra>
<fme:csv_line_n>4</fme:csv_line_n>
<fme:Nummer>R6</fme:Nummer>
<fme:Naam>Nepomucemusbrug</fme:Naam>
<fme:Ligging_me/>
<fme:Centrum>ja</fme:Centrum>
<fme:TPI04>2.4</fme:TPI04>
<fme:TPI05>2.3</fme:TPI05>
<fme:TPI06>2.4</fme:TPI06>
<fme:TPI07>2.1</fme:TPI07>
<fme:TPI08>1.9</fme:TPI08>
<fme:Aangemaakt_op>07/11/2018</fme:Aangemaakt_op>
</fme:R6>
<fme:R6>
<fme:ID>R6</fme:ID>
<fme:Parameter>13/03/2017</fme:Parameter>
<fme:Temperatuu>8,7</fme:Temperatuu>
<fme:Zuurstof__>-</fme:Zuurstof__>
<fme:Zuurstofpe>80,1</fme:Zuurstofpe>
<fme:pH__6_>7,9</fme:pH__6_>
<fme:Ammonium__>0,01</fme:Ammonium__>
<fme:Nitraat__1>3,88</fme:Nitraat__1>
<fme:Orthofosfa>1,3</fme:Orthofosfa>
<fme:Chloride__>84</fme:Chloride__>
<fme:BOD__23_>2,47</fme:BOD__23_>
<fme:COD__24_>17,218</fme:COD__24_>
<fme:TOC__25_>5,8</fme:TOC__25_>
<fme:Totaal_sti>4,6</fme:Totaal_sti>
<fme:Sulfaat__1>61</fme:Sulfaat__1>
<fme:Zware_meta/>
<fme:Lood/>
<fme:Zink/>
<fme:Chroom/>
<fme:col18>1,192579085</fme:col18>
<fme:Basis_Prat>1,192579085</fme:Basis_Prat>
<fme:Totale_Pra>1,424451019</fme:Totale_Pra>
<fme:csv_line_n>5</fme:csv_line_n>
<fme:Nummer>R6</fme:Nummer>
<fme:Naam>Nepomucemusbrug</fme:Naam>
<fme:Ligging_me/>
<fme:Centrum>ja</fme:Centrum>
<fme:TPI04>2.4</fme:TPI04>
<fme:TPI05>2.3</fme:TPI05>
<fme:TPI06>2.4</fme:TPI06>
<fme:TPI07>2.1</fme:TPI07>
<fme:TPI08>1.9</fme:TPI08>
<fme:Aangemaakt_op>07/11/2018</fme:Aangemaakt_op>
</fme:R6>
<fme:R6>
<fme:ID>R6</fme:ID>
<fme:Parameter>2/05/2017</fme:Parameter>
<fme:Temperatuu>12,2</fme:Temperatuu>
<fme:Zuurstof__>-</fme:Zuurstof__>
<fme:Zuurstofpe>82,7</fme:Zuurstofpe>
<fme:pH__6_>8</fme:pH__6_>
<fme:Ammonium__>0,05</fme:Ammonium__>
<fme:Nitraat__1>4,64</fme:Nitraat__1>
<fme:Orthofosfa>0,45</fme:Orthofosfa>
<fme:Chloride__>114</fme:Chloride__>
<fme:BOD__23_>2,44</fme:BOD__23_>
<fme:COD__24_>16,776</fme:COD__24_>
<fme:TOC__25_>5,6</fme:TOC__25_>
<fme:Totaal_sti>6</fme:Totaal_sti>
<fme:Sulfaat__1>107</fme:Sulfaat__1>
<fme:Zware_meta/>
<fme:Lood/>
<fme:Zink/>
<fme:Chroom/>
<fme:col18>1,263889529</fme:col18>
<fme:Basis_Prat>1,263889529</fme:Basis_Prat>
<fme:Totale_Pra>1,538569393</fme:Totale_Pra>
<fme:csv_line_n>6</fme:csv_line_n>
<fme:Nummer>R6</fme:Nummer>
<fme:Naam>Nepomucemusbrug</fme:Naam>
<fme:Ligging_me/>
<fme:Centrum>ja</fme:Centrum>
<fme:TPI04>2.4</fme:TPI04>
<fme:TPI05>2.3</fme:TPI05>
<fme:TPI06>2.4</fme:TPI06>
<fme:TPI07>2.1</fme:TPI07>
<fme:TPI08>1.9</fme:TPI08>
<fme:Aangemaakt_op>07/11/2018</fme:Aangemaakt_op>
</fme:R6>
<fme:R6>
<fme:ID>R6</fme:ID>
<fme:Parameter>26/06/2017</fme:Parameter>
<fme:Temperatuu>21</fme:Temperatuu>
<fme:Zuurstof__>-</fme:Zuurstof__>
<fme:Zuurstofpe>62,2</fme:Zuurstofpe>
<fme:pH__6_>7,9</fme:pH__6_>
<fme:Ammonium__>0,1</fme:Ammonium__>
<fme:Nitraat__1>3,01</fme:Nitraat__1>
<fme:Orthofosfa>0,34</fme:Orthofosfa>
<fme:Chloride__>118</fme:Chloride__>
<fme:BOD__23_>2,4385</fme:BOD__23_>
<fme:COD__24_>16,7539</fme:COD__24_>
<fme:TOC__25_>5,59</fme:TOC__25_>
<fme:Totaal_sti>3,8</fme:Totaal_sti>
<fme:Sulfaat__1>101</fme:Sulfaat__1>
<fme:Zware_meta/>
<fme:Lood/>
<fme:Zink/>
<fme:Chroom/>
<fme:col18>1,943637926</fme:col18>
<fme:Basis_Prat>1,943637926</fme:Basis_Prat>
<fme:Totale_Pra>1,734391072</fme:Totale_Pra>
<fme:csv_line_n>7</fme:csv_line_n>
<fme:Nummer>R6</fme:Nummer>
<fme:Naam>Nepomucemusbrug</fme:Naam>
<fme:Ligging_me/>
<fme:Centrum>ja</fme:Centrum>
<fme:TPI04>2.4</fme:TPI04>
<fme:TPI05>2.3</fme:TPI05>
<fme:TPI06>2.4</fme:TPI06>
<fme:TPI07>2.1</fme:TPI07>
<fme:TPI08>1.9</fme:TPI08>
<fme:Aangemaakt_op>07/11/2018</fme:Aangemaakt_op>
</fme:R6>
<fme:R6>
<fme:ID>R6</fme:ID>
<fme:Parameter>29/08/2017</fme:Parameter>
<fme:Temperatuu>20,8</fme:Temperatuu>
<fme:Zuurstof__>-</fme:Zuurstof__>
<fme:Zuurstofpe>77,8</fme:Zuurstofpe>
<fme:pH__6_>8</fme:pH__6_>
<fme:Ammonium__>0,1</fme:Ammonium__>
<fme:Nitraat__1>1,48</fme:Nitraat__1>
<fme:Orthofosfa>0,53</fme:Orthofosfa>
<fme:Chloride__>133</fme:Chloride__>
<fme:BOD__23_>2,0815</fme:BOD__23_>
<fme:COD__24_>11,4941</fme:COD__24_>
<fme:TOC__25_>3,21</fme:TOC__25_>
<fme:Totaal_sti>1,5</fme:Totaal_sti>
<fme:Sulfaat__1>93</fme:Sulfaat__1>
<fme:Zware_meta/>
<fme:Lood/>
<fme:Zink/>
<fme:Chroom/>
<fme:col18>1,352311259</fme:col18>
<fme:Basis_Prat>1,352311259</fme:Basis_Prat>
<fme:Totale_Pra>1,3017755</fme:Totale_Pra>
<fme:csv_line_n>8</fme:csv_line_n>
<fme:Nummer>R6</fme:Nummer>
<fme:Naam>Nepomucemusbrug</fme:Naam>
<fme:Ligging_me/>
<fme:Centrum>ja</fme:Centrum>
<fme:TPI04>2.4</fme:TPI04>
<fme:TPI05>2.3</fme:TPI05>
<fme:TPI06>2.4</fme:TPI06>
<fme:TPI07>2.1</fme:TPI07>
<fme:TPI08>1.9</fme:TPI08>
<fme:Aangemaakt_op>07/11/2018</fme:Aangemaakt_op>
</fme:R6>
</fme:R6-table>
</fme:xml-tables>