<?xml version="1.0" encoding="UTF-8"?>
<fme:xml-tables xmlns:xsi="http://www.w3.org/2001/XMLSchema-instance" xmlns:fme="http://www.safe.com/xml/xmltables" xsi:schemaLocation="http://www.safe.com/xml/xmltables R7.xsd">
<fme:R7-table>
<fme:R7>
<fme:ID>R7</fme:ID>
<fme:Parameter>6/02/2017</fme:Parameter>
<fme:Temperatuu>5,6</fme:Temperatuu>
<fme:Zuurstof__>-</fme:Zuurstof__>
<fme:Zuurstofpe>96,1</fme:Zuurstofpe>
<fme:pH__6_>7,6</fme:pH__6_>
<fme:Ammonium__>0,13</fme:Ammonium__>
<fme:Nitraat__1>2,61</fme:Nitraat__1>
<fme:Orthofosfa>1,33</fme:Orthofosfa>
<fme:Chloride__>57</fme:Chloride__>
<fme:BOD__23_>2,74</fme:BOD__23_>
<fme:COD__24_>21,196</fme:COD__24_>
<fme:TOC__25_>7,6</fme:TOC__25_>
<fme:Totaal_sti>2,8</fme:Totaal_sti>
<fme:Sulfaat__1>58</fme:Sulfaat__1>
<fme:Zware_meta/>
<fme:Lood/>
<fme:Zink/>
<fme:Chroom/>
<fme:col18>1,255751831</fme:col18>
<fme:Basis_Prat>1,255751831</fme:Basis_Prat>
<fme:Totale_Pra>1,318207867</fme:Totale_Pra>
<fme:csv_line_n>4</fme:csv_line_n>
<fme:Nummer>R7</fme:Nummer>
<fme:Naam>Bakkersrei</fme:Naam>
<fme:Ligging_me/>
<fme:Centrum>ja</fme:Centrum>
<fme:TPI04>3.8</fme:TPI04>
<fme:TPI05>3.3</fme:TPI05>
<fme:TPI06>2.3</fme:TPI06>
<fme:TPI07>2.3</fme:TPI07>
<fme:TPI08>2.3</fme:TPI08>
<fme:Aangemaakt_op>07/11/2018</fme:Aangemaakt_op>
</fme:R7>
<fme:R7>
<fme:ID>R7</fme:ID>
<fme:Parameter>13/03/2017</fme:Parameter>
<fme:Temperatuu>8,7</fme:Temperatuu>
<fme:Zuurstof__>-</fme:Zuurstof__>
<fme:Zuurstofpe>200</fme:Zuurstofpe>
<fme:pH__6_>8,2</fme:pH__6_>
<fme:Ammonium__>0,02</fme:Ammonium__>
<fme:Nitraat__1>0,85</fme:Nitraat__1>
<fme:Orthofosfa>1,17</fme:Orthofosfa>
<fme:Chloride__>42,8</fme:Chloride__>
<fme:BOD__23_>3,205</fme:BOD__23_>
<fme:COD__24_>28,047</fme:COD__24_>
<fme:TOC__25_>10,7</fme:TOC__25_>
<fme:Totaal_sti>2,1</fme:Totaal_sti>
<fme:Sulfaat__1>50</fme:Sulfaat__1>
<fme:Zware_meta/>
<fme:Lood/>
<fme:Zink/>
<fme:Chroom/>
<fme:col18>3,737924302</fme:col18>
<fme:Basis_Prat>3,737924302</fme:Basis_Prat>
<fme:Totale_Pra>2,625421525</fme:Totale_Pra>
<fme:csv_line_n>5</fme:csv_line_n>
<fme:Nummer>R7</fme:Nummer>
<fme:Naam>Bakkersrei</fme:Naam>
<fme:Ligging_me/>
<fme:Centrum>ja</fme:Centrum>
<fme:TPI04>3.8</fme:TPI04>
<fme:TPI05>3.3</fme:TPI05>
<fme:TPI06>2.3</fme:TPI06>
<fme:TPI07>2.3</fme:TPI07>
<fme:TPI08>2.3</fme:TPI08>
<fme:Aangemaakt_op>07/11/2018</fme:Aangemaakt_op>
</fme:R7>
<fme:R7>
<fme:ID>R7</fme:ID>
<fme:Parameter>2/05/2017</fme:Parameter>
<fme:Temperatuu>12</fme:Temperatuu>
<fme:Zuurstof__>-</fme:Zuurstof__>
<fme:Zuurstofpe>86,7</fme:Zuurstofpe>
<fme:pH__6_>8</fme:pH__6_>
<fme:Ammonium__>0,12</fme:Ammonium__>
<fme:Nitraat__1>0,44</fme:Nitraat__1>
<fme:Orthofosfa>1,27</fme:Orthofosfa>
<fme:Chloride__>56</fme:Chloride__>
<fme:BOD__23_>2,98</fme:BOD__23_>
<fme:COD__24_>24,732</fme:COD__24_>
<fme:TOC__25_>9,2</fme:TOC__25_>
<fme:Totaal_sti>1,7</fme:Totaal_sti>
<fme:Sulfaat__1>57</fme:Sulfaat__1>
<fme:Zware_meta/>
<fme:Lood/>
<fme:Zink/>
<fme:Chroom/>
<fme:col18>1,60231756</fme:col18>
<fme:Basis_Prat>1,60231756</fme:Basis_Prat>
<fme:Totale_Pra>1,404688166</fme:Totale_Pra>
<fme:csv_line_n>6</fme:csv_line_n>
<fme:Nummer>R7</fme:Nummer>
<fme:Naam>Bakkersrei</fme:Naam>
<fme:Ligging_me/>
<fme:Centrum>ja</fme:Centrum>
<fme:TPI04>3.8</fme:TPI04>
<fme:TPI05>3.3</fme:TPI05>
<fme:TPI06>2.3</fme:TPI06>
<fme:TPI07>2.3</fme:TPI07>
<fme:TPI08>2.3</fme:TPI08>
<fme:Aangemaakt_op>07/11/2018</fme:Aangemaakt_op>
</fme:R7>
<fme:R7>
<fme:ID>R7</fme:ID>
<fme:Parameter>26/06/2017</fme:Parameter>
<fme:Temperatuu>20,6</fme:Temperatuu>
<fme:Zuurstof__>-</fme:Zuurstof__>
<fme:Zuurstofpe>42,6</fme:Zuurstofpe>
<fme:pH__6_>7,9</fme:pH__6_>
<fme:Ammonium__>0,14</fme:Ammonium__>
<fme:Nitraat__1>0,29</fme:Nitraat__1>
<fme:Orthofosfa>1,83</fme:Orthofosfa>
<fme:Chloride__>94</fme:Chloride__>
<fme:BOD__23_>2,83</fme:BOD__23_>
<fme:COD__24_>22,522</fme:COD__24_>
<fme:TOC__25_>8,2</fme:TOC__25_>
<fme:Totaal_sti>1,4</fme:Totaal_sti>
<fme:Sulfaat__1>73</fme:Sulfaat__1>
<fme:Zware_meta/>
<fme:Lood/>
<fme:Zink/>
<fme:Chroom/>
<fme:col18>2,79011813</fme:col18>
<fme:Basis_Prat>2,79011813</fme:Basis_Prat>
<fme:Totale_Pra>1,925754921</fme:Totale_Pra>
<fme:csv_line_n>7</fme:csv_line_n>
<fme:Nummer>R7</fme:Nummer>
<fme:Naam>Bakkersrei</fme:Naam>
<fme:Ligging_me/>
<fme:Centrum>ja</fme:Centrum>
<fme:TPI04>3.8</fme:TPI04>
<fme:TPI05>3.3</fme:TPI05>
<fme:TPI06>2.3</fme:TPI06>
<fme:TPI07>2.3</fme:TPI07>
<fme:TPI08>2.3</fme:TPI08>
<fme:Aangemaakt_op>07/11/2018</fme:Aangemaakt_op>
</fme:R7>
<fme:R7>
<fme:ID>R7</fme:ID>
<fme:Parameter>29/08/2017</fme:Parameter>
<fme:Temperatuu>19,8</fme:Temperatuu>
<fme:Zuurstof__>-</fme:Zuurstof__>
<fme:Zuurstofpe>77,1</fme:Zuurstofpe>
<fme:pH__6_>7,9</fme:pH__6_>
<fme:Ammonium__>0,04</fme:Ammonium__>
<fme:Nitraat__1>0,02</fme:Nitraat__1>
<fme:Orthofosfa>1,34</fme:Orthofosfa>
<fme:Chloride__>101,7</fme:Chloride__>
<fme:BOD__23_>2,341</fme:BOD__23_>
<fme:COD__24_>15,3174</fme:COD__24_>
<fme:TOC__25_>4,94</fme:TOC__25_>
<fme:Totaal_sti>0,67</fme:Totaal_sti>
<fme:Sulfaat__1>67</fme:Sulfaat__1>
<fme:Zware_meta/>
<fme:Lood/>
<fme:Zink/>
<fme:Chroom/>
<fme:col18>1,332585587</fme:col18>
<fme:Basis_Prat>1,332585587</fme:Basis_Prat>
<fme:Totale_Pra>1,076388915</fme:Totale_Pra>
<fme:csv_line_n>8</fme:csv_line_n>
<fme:Nummer>R7</fme:Nummer>
<fme:Naam>Bakkersrei</fme:Naam>
<fme:Ligging_me/>
<fme:Centrum>ja</fme:Centrum>
<fme:TPI04>3.8</fme:TPI04>
<fme:TPI05>3.3</fme:TPI05>
<fme:TPI06>2.3</fme:TPI06>
<fme:TPI07>2.3</fme:TPI07>
<fme:TPI08>2.3</fme:TPI08>
<fme:Aangemaakt_op>07/11/2018</fme:Aangemaakt_op>
</fme:R7>
<fme:R7>
<fme:ID>R7</fme:ID>
<fme:Parameter>7/11/2017</fme:Parameter>
<fme:Temperatuu>8,6</fme:Temperatuu>
<fme:Zuurstof__>-</fme:Zuurstof__>
<fme:Zuurstofpe>27,8</fme:Zuurstofpe>
<fme:pH__6_>7,8</fme:pH__6_>
<fme:Ammonium__>0,21</fme:Ammonium__>
<fme:Nitraat__1>0,19</fme:Nitraat__1>
<fme:Orthofosfa>2,3</fme:Orthofosfa>
<fme:Chloride__>65,6</fme:Chloride__>
<fme:BOD__23_>2,77</fme:BOD__23_>
<fme:COD__24_>21,638</fme:COD__24_>
<fme:TOC__25_>7,8</fme:TOC__25_>
<fme:Totaal_sti>1,27</fme:Totaal_sti>
<fme:Sulfaat__1>47,4</fme:Sulfaat__1>
<fme:Zware_meta/>
<fme:Lood/>
<fme:Zink/>
<fme:Chroom/>
<fme:col18>3,539919654</fme:col18>
<fme:Basis_Prat>3,539919654</fme:Basis_Prat>
<fme:Totale_Pra>2,246596729</fme:Totale_Pra>
<fme:csv_line_n>9</fme:csv_line_n>
<fme:Nummer>R7</fme:Nummer>
<fme:Naam>Bakkersrei</fme:Naam>
<fme:Ligging_me/>
<fme:Centrum>ja</fme:Centrum>
<fme:TPI04>3.8</fme:TPI04>
<fme:TPI05>3.3</fme:TPI05>
<fme:TPI06>2.3</fme:TPI06>
<fme:TPI07>2.3</fme:TPI07>
<fme:TPI08>2.3</fme:TPI08>
<fme:Aangemaakt_op>07/11/2018</fme:Aangemaakt_op>
</fme:R7>
<fme:R7>
<fme:ID>R7</fme:ID>
<fme:Parameter>4/12/2017</fme:Parameter>
<fme:Temperatuu>4,9</fme:Temperatuu>
<fme:Zuurstof__>-</fme:Zuurstof__>
<fme:Zuurstofpe>20,5</fme:Zuurstofpe>
<fme:pH__6_>7,5</fme:pH__6_>
<fme:Ammonium__>0,38</fme:Ammonium__>
<fme:Nitraat__1>0,99</fme:Nitraat__1>
<fme:Orthofosfa>1,52</fme:Orthofosfa>
<fme:Chloride__>47</fme:Chloride__>
<fme:BOD__23_>2,725</fme:BOD__23_>
<fme:COD__24_>20,975</fme:COD__24_>
<fme:TOC__25_>7,5</fme:TOC__25_>
<fme:Totaal_sti>2,2</fme:Totaal_sti>
<fme:Sulfaat__1>40,2</fme:Sulfaat__1>
<fme:Zware_meta/>
<fme:Lood/>
<fme:Zink/>
<fme:Chroom/>
<fme:col18>4,199528986</fme:col18>
<fme:Basis_Prat>4,199528986</fme:Basis_Prat>
<fme:Totale_Pra>2,620781709</fme:Totale_Pra>
<fme:csv_line_n>10</fme:csv_line_n>
<fme:Nummer>R7</fme:Nummer>
<fme:Naam>Bakkersrei</fme:Naam>
<fme:Ligging_me/>
<fme:Centrum>ja</fme:Centrum>
<fme:TPI04>3.8</fme:TPI04>
<fme:TPI05>3.3</fme:TPI05>
<fme:TPI06>2.3</fme:TPI06>
<fme:TPI07>2.3</fme:TPI07>
<fme:TPI08>2.3</fme:TPI08>
<fme:Aangemaakt_op>07/11/2018</fme:Aangemaakt_op>
</fme:R7>
</fme:R7-table>
</fme:xml-tables>