<?xml version="1.0" encoding="UTF-8"?>
<fme:xml-tables xmlns:xsi="http://www.w3.org/2001/XMLSchema-instance" xmlns:fme="http://www.safe.com/xml/xmltables" xsi:schemaLocation="http://www.safe.com/xml/xmltables ZBH1.xsd">
<fme:ZBH1-table>
<fme:ZBH1>
<fme:ID>ZBH1</fme:ID>
<fme:Parameter>viswater</fme:Parameter>
<fme:Temperatuu/>
<fme:Zuurstof__/>
<fme:Zuurstofpe>50%&gt;70%*</fme:Zuurstofpe>
<fme:pH__6_>6,0-9,0</fme:pH__6_>
<fme:Ammonium__>1 (NH4)</fme:Ammonium__>
<fme:Nitraat__1/>
<fme:Orthofosfa>1 (tot. Fosfaat)</fme:Orthofosfa>
<fme:Chloride__/>
<fme:BOD__23_>6</fme:BOD__23_>
<fme:COD__24_/>
<fme:TOC__25_/>
<fme:Totaal_sti/>
<fme:Sulfaat__1/>
<fme:Zware_meta/>
<fme:Lood/>
<fme:Zink/>
<fme:Chroom/>
<fme:Basis_Prat/>
<fme:Totale_Pra/>
<fme:csv_line_n>4</fme:csv_line_n>
<fme:Nummer>ZBH1</fme:Nummer>
<fme:Naam>Boudewijnkanaal oude zeesluis</fme:Naam>
<fme:Ligging_me/>
<fme:Centrum>nee</fme:Centrum>
<fme:TPI04>3.7</fme:TPI04>
<fme:TPI05>2.13</fme:TPI05>
<fme:TPI06>1.9</fme:TPI06>
<fme:TPI07>1.6</fme:TPI07>
<fme:TPI08>1.5</fme:TPI08>
<fme:Aangemaakt_op>07/11/2018</fme:Aangemaakt_op>
</fme:ZBH1>
<fme:ZBH1>
<fme:ID>ZBH1</fme:ID>
<fme:Parameter>7/03/2017</fme:Parameter>
<fme:Temperatuu>6,2</fme:Temperatuu>
<fme:Zuurstof__>-</fme:Zuurstof__>
<fme:Zuurstofpe>112,8</fme:Zuurstofpe>
<fme:pH__6_>7,8</fme:pH__6_>
<fme:Ammonium__/>
<fme:Nitraat__1>0,22</fme:Nitraat__1>
<fme:Orthofosfa>0,06</fme:Orthofosfa>
<fme:Chloride__>16000</fme:Chloride__>
<fme:BOD__23_>2,0545</fme:BOD__23_>
<fme:COD__24_>11,0963</fme:COD__24_>
<fme:TOC__25_>3,03</fme:TOC__25_>
<fme:Totaal_sti>1,5</fme:Totaal_sti>
<fme:Sulfaat__1/>
<fme:Zware_meta/>
<fme:Lood/>
<fme:Zink/>
<fme:Chroom/>
<fme:Basis_Prat>1,066815</fme:Basis_Prat>
<fme:Totale_Pra>0,910537518</fme:Totale_Pra>
<fme:csv_line_n>5</fme:csv_line_n>
<fme:Nummer>ZBH1</fme:Nummer>
<fme:Naam>Boudewijnkanaal oude zeesluis</fme:Naam>
<fme:Ligging_me/>
<fme:Centrum>nee</fme:Centrum>
<fme:TPI04>3.7</fme:TPI04>
<fme:TPI05>2.13</fme:TPI05>
<fme:TPI06>1.9</fme:TPI06>
<fme:TPI07>1.6</fme:TPI07>
<fme:TPI08>1.5</fme:TPI08>
<fme:Aangemaakt_op>07/11/2018</fme:Aangemaakt_op>
</fme:ZBH1>
<fme:ZBH1>
<fme:ID>ZBH1</fme:ID>
<fme:Parameter>25/04/2017</fme:Parameter>
<fme:Temperatuu>11,2</fme:Temperatuu>
<fme:Zuurstof__>-</fme:Zuurstof__>
<fme:Zuurstofpe>94,7</fme:Zuurstofpe>
<fme:pH__6_>8</fme:pH__6_>
<fme:Ammonium__>0,03</fme:Ammonium__>
<fme:Nitraat__1>0,63</fme:Nitraat__1>
<fme:Orthofosfa>0,01</fme:Orthofosfa>
<fme:Chloride__>19400</fme:Chloride__>
<fme:BOD__23_>2,041</fme:BOD__23_>
<fme:COD__24_>10,8974</fme:COD__24_>
<fme:TOC__25_>2,94</fme:TOC__25_>
<fme:Totaal_sti>0,98</fme:Totaal_sti>
<fme:Sulfaat__1/>
<fme:Zware_meta/>
<fme:Lood/>
<fme:Zink/>
<fme:Chroom/>
<fme:Basis_Prat>0,680776728</fme:Basis_Prat>
<fme:Totale_Pra>0,866521382</fme:Totale_Pra>
<fme:csv_line_n>6</fme:csv_line_n>
<fme:Nummer>ZBH1</fme:Nummer>
<fme:Naam>Boudewijnkanaal oude zeesluis</fme:Naam>
<fme:Ligging_me/>
<fme:Centrum>nee</fme:Centrum>
<fme:TPI04>3.7</fme:TPI04>
<fme:TPI05>2.13</fme:TPI05>
<fme:TPI06>1.9</fme:TPI06>
<fme:TPI07>1.6</fme:TPI07>
<fme:TPI08>1.5</fme:TPI08>
<fme:Aangemaakt_op>07/11/2018</fme:Aangemaakt_op>
</fme:ZBH1>
<fme:ZBH1>
<fme:ID>ZBH1</fme:ID>
<fme:Parameter>4/07/2017</fme:Parameter>
<fme:Temperatuu>19,9</fme:Temperatuu>
<fme:Zuurstof__>-</fme:Zuurstof__>
<fme:Zuurstofpe>93,3</fme:Zuurstofpe>
<fme:pH__6_>7,7</fme:pH__6_>
<fme:Ammonium__>0,2</fme:Ammonium__>
<fme:Nitraat__1>0,004</fme:Nitraat__1>
<fme:Orthofosfa>0,11</fme:Orthofosfa>
<fme:Chloride__>16400</fme:Chloride__>
<fme:BOD__23_>2</fme:BOD__23_>
<fme:COD__24_>9,0189</fme:COD__24_>
<fme:TOC__25_>2,09</fme:TOC__25_>
<fme:Totaal_sti>0,49</fme:Totaal_sti>
<fme:Sulfaat__1/>
<fme:Zware_meta/>
<fme:Lood/>
<fme:Zink/>
<fme:Chroom/>
<fme:Basis_Prat>1,063874646</fme:Basis_Prat>
<fme:Totale_Pra>0,841243652</fme:Totale_Pra>
<fme:csv_line_n>7</fme:csv_line_n>
<fme:Nummer>ZBH1</fme:Nummer>
<fme:Naam>Boudewijnkanaal oude zeesluis</fme:Naam>
<fme:Ligging_me/>
<fme:Centrum>nee</fme:Centrum>
<fme:TPI04>3.7</fme:TPI04>
<fme:TPI05>2.13</fme:TPI05>
<fme:TPI06>1.9</fme:TPI06>
<fme:TPI07>1.6</fme:TPI07>
<fme:TPI08>1.5</fme:TPI08>
<fme:Aangemaakt_op>07/11/2018</fme:Aangemaakt_op>
</fme:ZBH1>
<fme:ZBH1>
<fme:ID>ZBH1</fme:ID>
<fme:Parameter>19/09/2017</fme:Parameter>
<fme:Temperatuu>17,7</fme:Temperatuu>
<fme:Zuurstof__>-</fme:Zuurstof__>
<fme:Zuurstofpe>85,5</fme:Zuurstofpe>
<fme:pH__6_>7,5</fme:pH__6_>
<fme:Ammonium__>0,09</fme:Ammonium__>
<fme:Nitraat__1/>
<fme:Orthofosfa>0,1</fme:Orthofosfa>
<fme:Chloride__>19100</fme:Chloride__>
<fme:BOD__23_>2,0845</fme:BOD__23_>
<fme:COD__24_>11,5383</fme:COD__24_>
<fme:TOC__25_>3,23</fme:TOC__25_>
<fme:Totaal_sti>1,04</fme:Totaal_sti>
<fme:Sulfaat__1/>
<fme:Zware_meta/>
<fme:Lood/>
<fme:Zink/>
<fme:Chroom/>
<fme:Basis_Prat>1,124147886</fme:Basis_Prat>
<fme:Totale_Pra>1,002422065</fme:Totale_Pra>
<fme:csv_line_n>8</fme:csv_line_n>
<fme:Nummer>ZBH1</fme:Nummer>
<fme:Naam>Boudewijnkanaal oude zeesluis</fme:Naam>
<fme:Ligging_me/>
<fme:Centrum>nee</fme:Centrum>
<fme:TPI04>3.7</fme:TPI04>
<fme:TPI05>2.13</fme:TPI05>
<fme:TPI06>1.9</fme:TPI06>
<fme:TPI07>1.6</fme:TPI07>
<fme:TPI08>1.5</fme:TPI08>
<fme:Aangemaakt_op>07/11/2018</fme:Aangemaakt_op>
</fme:ZBH1>
<fme:ZBH1>
<fme:ID>ZBH1</fme:ID>
<fme:Parameter>13/11/2017</fme:Parameter>
<fme:Temperatuu>10,4</fme:Temperatuu>
<fme:Zuurstof__>-</fme:Zuurstof__>
<fme:Zuurstofpe>92,6</fme:Zuurstofpe>
<fme:pH__6_>7,8</fme:pH__6_>
<fme:Ammonium__>0,14</fme:Ammonium__>
<fme:Nitraat__1>0,69</fme:Nitraat__1>
<fme:Orthofosfa>0,1</fme:Orthofosfa>
<fme:Chloride__>15200</fme:Chloride__>
<fme:BOD__23_>2</fme:BOD__23_>
<fme:COD__24_>10,146</fme:COD__24_>
<fme:TOC__25_>2,6</fme:TOC__25_>
<fme:Totaal_sti>1,09</fme:Totaal_sti>
<fme:Sulfaat__1/>
<fme:Zware_meta/>
<fme:Lood/>
<fme:Zink/>
<fme:Chroom/>
<fme:Basis_Prat>1,002105863</fme:Basis_Prat>
<fme:Totale_Pra>0,970484867</fme:Totale_Pra>
<fme:csv_line_n>9</fme:csv_line_n>
<fme:Nummer>ZBH1</fme:Nummer>
<fme:Naam>Boudewijnkanaal oude zeesluis</fme:Naam>
<fme:Ligging_me/>
<fme:Centrum>nee</fme:Centrum>
<fme:TPI04>3.7</fme:TPI04>
<fme:TPI05>2.13</fme:TPI05>
<fme:TPI06>1.9</fme:TPI06>
<fme:TPI07>1.6</fme:TPI07>
<fme:TPI08>1.5</fme:TPI08>
<fme:Aangemaakt_op>07/11/2018</fme:Aangemaakt_op>
</fme:ZBH1>
</fme:ZBH1-table>
</fme:xml-tables>