<?xml version="1.0" encoding="UTF-8"?>
<fme:xml-tables xmlns:xsi="http://www.w3.org/2001/XMLSchema-instance" xmlns:fme="http://www.safe.com/xml/xmltables" xsi:schemaLocation="http://www.safe.com/xml/xmltables ZBH2.xsd">
<fme:ZBH2-table>
<fme:ZBH2>
<fme:ID>ZBH2</fme:ID>
<fme:Parameter>viswater</fme:Parameter>
<fme:Temperatuu/>
<fme:Zuurstof__/>
<fme:Zuurstofpe>50%&gt;70%*</fme:Zuurstofpe>
<fme:pH__6_>6,0-9,0</fme:pH__6_>
<fme:Ammonium__>1 (NH4)</fme:Ammonium__>
<fme:Nitraat__1/>
<fme:Orthofosfa>1 (tot. Fosfaat)</fme:Orthofosfa>
<fme:Chloride__/>
<fme:BOD__23_>6</fme:BOD__23_>
<fme:COD__24_/>
<fme:TOC__25_/>
<fme:Totaal_sti/>
<fme:Sulfaat__1/>
<fme:Zware_meta/>
<fme:Lood/>
<fme:Zink/>
<fme:Chroom/>
<fme:Basis_Prat/>
<fme:Totale_Pra/>
<fme:csv_line_n>4</fme:csv_line_n>
<fme:Nummer>ZBH2</fme:Nummer>
<fme:Naam>Boudewijnkanaal Herdersbrug</fme:Naam>
<fme:Ligging_me/>
<fme:Centrum>nee</fme:Centrum>
<fme:TPI04>2</fme:TPI04>
<fme:TPI05>1.6</fme:TPI05>
<fme:TPI06>1.9</fme:TPI06>
<fme:TPI07>1.7</fme:TPI07>
<fme:TPI08>1.7</fme:TPI08>
<fme:Aangemaakt_op>07/11/2018</fme:Aangemaakt_op>
</fme:ZBH2>
<fme:ZBH2>
<fme:ID>ZBH2</fme:ID>
<fme:Parameter>7/03/2017</fme:Parameter>
<fme:Temperatuu>6,9</fme:Temperatuu>
<fme:Zuurstof__>-</fme:Zuurstof__>
<fme:Zuurstofpe>117,5</fme:Zuurstofpe>
<fme:pH__6_>7,4</fme:pH__6_>
<fme:Ammonium__/>
<fme:Nitraat__1>0,26</fme:Nitraat__1>
<fme:Orthofosfa>0,14</fme:Orthofosfa>
<fme:Chloride__>13000</fme:Chloride__>
<fme:BOD__23_>2,275</fme:BOD__23_>
<fme:COD__24_>14,345</fme:COD__24_>
<fme:TOC__25_>4,5</fme:TOC__25_>
<fme:Totaal_sti/>
<fme:Sulfaat__1/>
<fme:Zware_meta/>
<fme:Lood/>
<fme:Zink/>
<fme:Chroom/>
<fme:Basis_Prat>1,41725</fme:Basis_Prat>
<fme:Totale_Pra>0,993231376</fme:Totale_Pra>
<fme:csv_line_n>5</fme:csv_line_n>
<fme:Nummer>ZBH2</fme:Nummer>
<fme:Naam>Boudewijnkanaal Herdersbrug</fme:Naam>
<fme:Ligging_me/>
<fme:Centrum>nee</fme:Centrum>
<fme:TPI04>2</fme:TPI04>
<fme:TPI05>1.6</fme:TPI05>
<fme:TPI06>1.9</fme:TPI06>
<fme:TPI07>1.7</fme:TPI07>
<fme:TPI08>1.7</fme:TPI08>
<fme:Aangemaakt_op>07/11/2018</fme:Aangemaakt_op>
</fme:ZBH2>
<fme:ZBH2>
<fme:ID>ZBH2</fme:ID>
<fme:Parameter>24/04/2017</fme:Parameter>
<fme:Temperatuu>13,8</fme:Temperatuu>
<fme:Zuurstof__>-</fme:Zuurstof__>
<fme:Zuurstofpe>141,9</fme:Zuurstofpe>
<fme:pH__6_>8,5</fme:pH__6_>
<fme:Ammonium__>0,03</fme:Ammonium__>
<fme:Nitraat__1>0,27</fme:Nitraat__1>
<fme:Orthofosfa>0,01</fme:Orthofosfa>
<fme:Chloride__>16000</fme:Chloride__>
<fme:BOD__23_>2,44</fme:BOD__23_>
<fme:COD__24_>16,776</fme:COD__24_>
<fme:TOC__25_>5,6</fme:TOC__25_>
<fme:Totaal_sti/>
<fme:Sulfaat__1/>
<fme:Zware_meta/>
<fme:Lood/>
<fme:Zink/>
<fme:Chroom/>
<fme:Basis_Prat>1,852730061</fme:Basis_Prat>
<fme:Totale_Pra>1,650138794</fme:Totale_Pra>
<fme:csv_line_n>6</fme:csv_line_n>
<fme:Nummer>ZBH2</fme:Nummer>
<fme:Naam>Boudewijnkanaal Herdersbrug</fme:Naam>
<fme:Ligging_me/>
<fme:Centrum>nee</fme:Centrum>
<fme:TPI04>2</fme:TPI04>
<fme:TPI05>1.6</fme:TPI05>
<fme:TPI06>1.9</fme:TPI06>
<fme:TPI07>1.7</fme:TPI07>
<fme:TPI08>1.7</fme:TPI08>
<fme:Aangemaakt_op>07/11/2018</fme:Aangemaakt_op>
</fme:ZBH2>
<fme:ZBH2>
<fme:ID>ZBH2</fme:ID>
<fme:Parameter>4/07/2017</fme:Parameter>
<fme:Temperatuu>20</fme:Temperatuu>
<fme:Zuurstof__>-</fme:Zuurstof__>
<fme:Zuurstofpe>184,6</fme:Zuurstofpe>
<fme:pH__6_>8,3</fme:pH__6_>
<fme:Ammonium__>0,15</fme:Ammonium__>
<fme:Nitraat__1>0,004</fme:Nitraat__1>
<fme:Orthofosfa>0,15</fme:Orthofosfa>
<fme:Chloride__>14400</fme:Chloride__>
<fme:BOD__23_>2,287</fme:BOD__23_>
<fme:COD__24_>14,5218</fme:COD__24_>
<fme:TOC__25_>4,58</fme:TOC__25_>
<fme:Totaal_sti/>
<fme:Sulfaat__1/>
<fme:Zware_meta/>
<fme:Lood/>
<fme:Zink/>
<fme:Chroom/>
<fme:Basis_Prat>3,22743226</fme:Basis_Prat>
<fme:Totale_Pra>2,154911347</fme:Totale_Pra>
<fme:csv_line_n>7</fme:csv_line_n>
<fme:Nummer>ZBH2</fme:Nummer>
<fme:Naam>Boudewijnkanaal Herdersbrug</fme:Naam>
<fme:Ligging_me/>
<fme:Centrum>nee</fme:Centrum>
<fme:TPI04>2</fme:TPI04>
<fme:TPI05>1.6</fme:TPI05>
<fme:TPI06>1.9</fme:TPI06>
<fme:TPI07>1.7</fme:TPI07>
<fme:TPI08>1.7</fme:TPI08>
<fme:Aangemaakt_op>07/11/2018</fme:Aangemaakt_op>
</fme:ZBH2>
<fme:ZBH2>
<fme:ID>ZBH2</fme:ID>
<fme:Parameter>19/09/2017</fme:Parameter>
<fme:Temperatuu>16,4</fme:Temperatuu>
<fme:Zuurstof__>-</fme:Zuurstof__>
<fme:Zuurstofpe>85,9</fme:Zuurstofpe>
<fme:pH__6_>7,3</fme:pH__6_>
<fme:Ammonium__>0,22</fme:Ammonium__>
<fme:Nitraat__1/>
<fme:Orthofosfa>0,33</fme:Orthofosfa>
<fme:Chloride__>9900</fme:Chloride__>
<fme:BOD__23_>2,3065</fme:BOD__23_>
<fme:COD__24_>14,8091</fme:COD__24_>
<fme:TOC__25_>4,71</fme:TOC__25_>
<fme:Totaal_sti/>
<fme:Sulfaat__1/>
<fme:Zware_meta/>
<fme:Lood/>
<fme:Zink/>
<fme:Chroom/>
<fme:Basis_Prat>1,490519105</fme:Basis_Prat>
<fme:Totale_Pra>1,219844796</fme:Totale_Pra>
<fme:csv_line_n>8</fme:csv_line_n>
<fme:Nummer>ZBH2</fme:Nummer>
<fme:Naam>Boudewijnkanaal Herdersbrug</fme:Naam>
<fme:Ligging_me/>
<fme:Centrum>nee</fme:Centrum>
<fme:TPI04>2</fme:TPI04>
<fme:TPI05>1.6</fme:TPI05>
<fme:TPI06>1.9</fme:TPI06>
<fme:TPI07>1.7</fme:TPI07>
<fme:TPI08>1.7</fme:TPI08>
<fme:Aangemaakt_op>07/11/2018</fme:Aangemaakt_op>
</fme:ZBH2>
<fme:ZBH2>
<fme:ID>ZBH2</fme:ID>
<fme:Parameter>13/11/2017</fme:Parameter>
<fme:Temperatuu>11,9</fme:Temperatuu>
<fme:Zuurstof__>-</fme:Zuurstof__>
<fme:Zuurstofpe>86,2</fme:Zuurstofpe>
<fme:pH__6_>7,7</fme:pH__6_>
<fme:Ammonium__>0,05</fme:Ammonium__>
<fme:Nitraat__1>0,85</fme:Nitraat__1>
<fme:Orthofosfa>0,13</fme:Orthofosfa>
<fme:Chloride__>13200</fme:Chloride__>
<fme:BOD__23_>2,047</fme:BOD__23_>
<fme:COD__24_>10,9858</fme:COD__24_>
<fme:TOC__25_>2,98</fme:TOC__25_>
<fme:Totaal_sti/>
<fme:Sulfaat__1/>
<fme:Zware_meta/>
<fme:Lood/>
<fme:Zink/>
<fme:Chroom/>
<fme:Basis_Prat>0,977549529</fme:Basis_Prat>
<fme:Totale_Pra>0,958234139</fme:Totale_Pra>
<fme:csv_line_n>9</fme:csv_line_n>
<fme:Nummer>ZBH2</fme:Nummer>
<fme:Naam>Boudewijnkanaal Herdersbrug</fme:Naam>
<fme:Ligging_me/>
<fme:Centrum>nee</fme:Centrum>
<fme:TPI04>2</fme:TPI04>
<fme:TPI05>1.6</fme:TPI05>
<fme:TPI06>1.9</fme:TPI06>
<fme:TPI07>1.7</fme:TPI07>
<fme:TPI08>1.7</fme:TPI08>
<fme:Aangemaakt_op>07/11/2018</fme:Aangemaakt_op>
</fme:ZBH2>
</fme:ZBH2-table>
</fme:xml-tables>