<?xml version="1.0" encoding="UTF-8"?>
<fme:xml-tables xmlns:xsi="http://www.w3.org/2001/XMLSchema-instance" xmlns:fme="http://www.safe.com/xml/xmltables" xsi:schemaLocation="http://www.safe.com/xml/xmltables ZBH3.xsd">
<fme:ZBH3-table>
<fme:ZBH3>
<fme:ID>ZBH3</fme:ID>
<fme:Parameter>viswater</fme:Parameter>
<fme:Temperatuu/>
<fme:Zuurstof__/>
<fme:Zuurstofpe>50%&gt;70%*</fme:Zuurstofpe>
<fme:pH__6_>6,0-9,0</fme:pH__6_>
<fme:Ammonium__>1 (NH4)</fme:Ammonium__>
<fme:Nitraat__1/>
<fme:Orthofosfa>1 (tot. Fosfaat)</fme:Orthofosfa>
<fme:Chloride__/>
<fme:BOD__23_>6</fme:BOD__23_>
<fme:COD__24_/>
<fme:TOC__25_/>
<fme:Totaal_sti/>
<fme:Sulfaat__1/>
<fme:Zware_meta/>
<fme:Lood/>
<fme:Zink/>
<fme:Chroom/>
<fme:Basis_Prat/>
<fme:Totale_Pra/>
<fme:csv_line_n>4</fme:csv_line_n>
<fme:Nummer>ZBH3</fme:Nummer>
<fme:Naam>Boudewijnkanaal Minne</fme:Naam>
<fme:Ligging_me/>
<fme:Centrum>nee</fme:Centrum>
<fme:TPI04>2.3</fme:TPI04>
<fme:TPI05>2.1</fme:TPI05>
<fme:TPI06>2.5</fme:TPI06>
<fme:TPI07>1.9</fme:TPI07>
<fme:TPI08>1.7</fme:TPI08>
<fme:Aangemaakt_op>07/11/2018</fme:Aangemaakt_op>
</fme:ZBH3>
<fme:ZBH3>
<fme:ID>ZBH3</fme:ID>
<fme:Parameter>7/03/2017</fme:Parameter>
<fme:Temperatuu>6,6</fme:Temperatuu>
<fme:Zuurstof__>-</fme:Zuurstof__>
<fme:Zuurstofpe>115,4</fme:Zuurstofpe>
<fme:pH__6_>7,8</fme:pH__6_>
<fme:Ammonium__/>
<fme:Nitraat__1>0,39</fme:Nitraat__1>
<fme:Orthofosfa>0,15</fme:Orthofosfa>
<fme:Chloride__>13000</fme:Chloride__>
<fme:BOD__23_>2,41</fme:BOD__23_>
<fme:COD__24_>16,334</fme:COD__24_>
<fme:TOC__25_>5,4</fme:TOC__25_>
<fme:Totaal_sti>2,6</fme:Totaal_sti>
<fme:Sulfaat__1/>
<fme:Zware_meta/>
<fme:Lood/>
<fme:Zink/>
<fme:Chroom/>
<fme:Basis_Prat>1,4327</fme:Basis_Prat>
<fme:Totale_Pra>1,211997928</fme:Totale_Pra>
<fme:csv_line_n>5</fme:csv_line_n>
<fme:Nummer>ZBH3</fme:Nummer>
<fme:Naam>Boudewijnkanaal Minne</fme:Naam>
<fme:Ligging_me/>
<fme:Centrum>nee</fme:Centrum>
<fme:TPI04>2.3</fme:TPI04>
<fme:TPI05>2.1</fme:TPI05>
<fme:TPI06>2.5</fme:TPI06>
<fme:TPI07>1.9</fme:TPI07>
<fme:TPI08>1.7</fme:TPI08>
<fme:Aangemaakt_op>07/11/2018</fme:Aangemaakt_op>
</fme:ZBH3>
<fme:ZBH3>
<fme:ID>ZBH3</fme:ID>
<fme:Parameter>25/04/2017</fme:Parameter>
<fme:Temperatuu>11,2</fme:Temperatuu>
<fme:Zuurstof__>-</fme:Zuurstof__>
<fme:Zuurstofpe>130,2</fme:Zuurstofpe>
<fme:pH__6_>8,4</fme:pH__6_>
<fme:Ammonium__>0,03</fme:Ammonium__>
<fme:Nitraat__1>0,92</fme:Nitraat__1>
<fme:Orthofosfa>0,01</fme:Orthofosfa>
<fme:Chloride__>13300</fme:Chloride__>
<fme:BOD__23_>2,425</fme:BOD__23_>
<fme:COD__24_>16,555</fme:COD__24_>
<fme:TOC__25_>5,5</fme:TOC__25_>
<fme:Totaal_sti>1,9</fme:Totaal_sti>
<fme:Sulfaat__1/>
<fme:Zware_meta/>
<fme:Lood/>
<fme:Zink/>
<fme:Chroom/>
<fme:Basis_Prat>1,533363394</fme:Basis_Prat>
<fme:Totale_Pra>1,531366969</fme:Totale_Pra>
<fme:csv_line_n>6</fme:csv_line_n>
<fme:Nummer>ZBH3</fme:Nummer>
<fme:Naam>Boudewijnkanaal Minne</fme:Naam>
<fme:Ligging_me/>
<fme:Centrum>nee</fme:Centrum>
<fme:TPI04>2.3</fme:TPI04>
<fme:TPI05>2.1</fme:TPI05>
<fme:TPI06>2.5</fme:TPI06>
<fme:TPI07>1.9</fme:TPI07>
<fme:TPI08>1.7</fme:TPI08>
<fme:Aangemaakt_op>07/11/2018</fme:Aangemaakt_op>
</fme:ZBH3>
<fme:ZBH3>
<fme:ID>ZBH3</fme:ID>
<fme:Parameter>4/07/2017</fme:Parameter>
<fme:Temperatuu>19,7</fme:Temperatuu>
<fme:Zuurstof__>-</fme:Zuurstof__>
<fme:Zuurstofpe>130,2</fme:Zuurstofpe>
<fme:pH__6_>8</fme:pH__6_>
<fme:Ammonium__>0,23</fme:Ammonium__>
<fme:Nitraat__1>0,004</fme:Nitraat__1>
<fme:Orthofosfa>0,2</fme:Orthofosfa>
<fme:Chloride__>15700</fme:Chloride__>
<fme:BOD__23_>2,29</fme:BOD__23_>
<fme:COD__24_>14,566</fme:COD__24_>
<fme:TOC__25_>4,6</fme:TOC__25_>
<fme:Totaal_sti>0,71</fme:Totaal_sti>
<fme:Sulfaat__1/>
<fme:Zware_meta/>
<fme:Lood/>
<fme:Zink/>
<fme:Chroom/>
<fme:Basis_Prat>1,929443826</fme:Basis_Prat>
<fme:Totale_Pra>1,306250463</fme:Totale_Pra>
<fme:csv_line_n>7</fme:csv_line_n>
<fme:Nummer>ZBH3</fme:Nummer>
<fme:Naam>Boudewijnkanaal Minne</fme:Naam>
<fme:Ligging_me/>
<fme:Centrum>nee</fme:Centrum>
<fme:TPI04>2.3</fme:TPI04>
<fme:TPI05>2.1</fme:TPI05>
<fme:TPI06>2.5</fme:TPI06>
<fme:TPI07>1.9</fme:TPI07>
<fme:TPI08>1.7</fme:TPI08>
<fme:Aangemaakt_op>07/11/2018</fme:Aangemaakt_op>
</fme:ZBH3>
<fme:ZBH3>
<fme:ID>ZBH3</fme:ID>
<fme:Parameter>19/09/2017</fme:Parameter>
<fme:Temperatuu>17,1</fme:Temperatuu>
<fme:Zuurstof__>-</fme:Zuurstof__>
<fme:Zuurstofpe>145,1</fme:Zuurstofpe>
<fme:pH__6_>8</fme:pH__6_>
<fme:Ammonium__>0,21</fme:Ammonium__>
<fme:Nitraat__1>1,14</fme:Nitraat__1>
<fme:Orthofosfa>0,26</fme:Orthofosfa>
<fme:Chloride__>10310</fme:Chloride__>
<fme:BOD__23_>2,413</fme:BOD__23_>
<fme:COD__24_>16,3782</fme:COD__24_>
<fme:TOC__25_>5,42</fme:TOC__25_>
<fme:Totaal_sti>2,3</fme:Totaal_sti>
<fme:Sulfaat__1/>
<fme:Zware_meta/>
<fme:Lood/>
<fme:Zink/>
<fme:Chroom/>
<fme:Basis_Prat>2,35149592</fme:Basis_Prat>
<fme:Totale_Pra>1,803569665</fme:Totale_Pra>
<fme:csv_line_n>8</fme:csv_line_n>
<fme:Nummer>ZBH3</fme:Nummer>
<fme:Naam>Boudewijnkanaal Minne</fme:Naam>
<fme:Ligging_me/>
<fme:Centrum>nee</fme:Centrum>
<fme:TPI04>2.3</fme:TPI04>
<fme:TPI05>2.1</fme:TPI05>
<fme:TPI06>2.5</fme:TPI06>
<fme:TPI07>1.9</fme:TPI07>
<fme:TPI08>1.7</fme:TPI08>
<fme:Aangemaakt_op>07/11/2018</fme:Aangemaakt_op>
</fme:ZBH3>
<fme:ZBH3>
<fme:ID>ZBH3</fme:ID>
<fme:Parameter>14/11/2017</fme:Parameter>
<fme:Temperatuu>9,2</fme:Temperatuu>
<fme:Zuurstof__>-</fme:Zuurstof__>
<fme:Zuurstofpe>99,1</fme:Zuurstofpe>
<fme:pH__6_>7,7</fme:pH__6_>
<fme:Ammonium__>0,13</fme:Ammonium__>
<fme:Nitraat__1>1,25</fme:Nitraat__1>
<fme:Orthofosfa>0,17</fme:Orthofosfa>
<fme:Chloride__>13000</fme:Chloride__>
<fme:BOD__23_>2,122</fme:BOD__23_>
<fme:COD__24_>12,0908</fme:COD__24_>
<fme:TOC__25_>3,48</fme:TOC__25_>
<fme:Totaal_sti>2</fme:Totaal_sti>
<fme:Sulfaat__1/>
<fme:Zware_meta/>
<fme:Lood/>
<fme:Zink/>
<fme:Chroom/>
<fme:Basis_Prat>0,872245165</fme:Basis_Prat>
<fme:Totale_Pra>9,043186012</fme:Totale_Pra>
<fme:csv_line_n>9</fme:csv_line_n>
<fme:Nummer>ZBH3</fme:Nummer>
<fme:Naam>Boudewijnkanaal Minne</fme:Naam>
<fme:Ligging_me/>
<fme:Centrum>nee</fme:Centrum>
<fme:TPI04>2.3</fme:TPI04>
<fme:TPI05>2.1</fme:TPI05>
<fme:TPI06>2.5</fme:TPI06>
<fme:TPI07>1.9</fme:TPI07>
<fme:TPI08>1.7</fme:TPI08>
<fme:Aangemaakt_op>07/11/2018</fme:Aangemaakt_op>
</fme:ZBH3>
</fme:ZBH3-table>
</fme:xml-tables>