<?xml version="1.0" encoding="UTF-8"?>
<fme:xml-tables xmlns:xsi="http://www.w3.org/2001/XMLSchema-instance" xmlns:fme="http://www.safe.com/xml/xmltables" xsi:schemaLocation="http://www.safe.com/xml/xmltables ZBH4.xsd">
<fme:ZBH4-table>
<fme:ZBH4>
<fme:ID>ZBH4</fme:ID>
<fme:Parameter>7/03/2017</fme:Parameter>
<fme:Temperatuu>7,8</fme:Temperatuu>
<fme:Zuurstof__>-</fme:Zuurstof__>
<fme:Zuurstofpe>29,3</fme:Zuurstofpe>
<fme:pH__6_>7,7</fme:pH__6_>
<fme:Ammonium__/>
<fme:Nitraat__1>0,54</fme:Nitraat__1>
<fme:Orthofosfa>0,47</fme:Orthofosfa>
<fme:Chloride__>1410</fme:Chloride__>
<fme:BOD__23_>3,565</fme:BOD__23_>
<fme:COD__24_>33,351</fme:COD__24_>
<fme:TOC__25_>13,1</fme:TOC__25_>
<fme:Totaal_sti>7</fme:Totaal_sti>
<fme:Sulfaat__1>205</fme:Sulfaat__1>
<fme:Zware_meta/>
<fme:Lood/>
<fme:Zink/>
<fme:Chroom/>
<fme:Basis_Prat>4,8766916</fme:Basis_Prat>
<fme:Totale_Pra>2,668451972</fme:Totale_Pra>
<fme:csv_line_n>4</fme:csv_line_n>
<fme:Nummer>ZBH4</fme:Nummer>
<fme:Naam>Isabellavaart</fme:Naam>
<fme:Ligging_me>Thv sportzaal</fme:Ligging_me>
<fme:Centrum>nee</fme:Centrum>
<fme:TPI04>9.9</fme:TPI04>
<fme:TPI05>8.2</fme:TPI05>
<fme:TPI06>7.6</fme:TPI06>
<fme:TPI07>6.6</fme:TPI07>
<fme:TPI08>5.8</fme:TPI08>
<fme:Aangemaakt_op>07/11/2018</fme:Aangemaakt_op>
</fme:ZBH4>
<fme:ZBH4>
<fme:ID>ZBH4</fme:ID>
<fme:Parameter>25/04/2017</fme:Parameter>
<fme:Temperatuu>10,2</fme:Temperatuu>
<fme:Zuurstof__>-</fme:Zuurstof__>
<fme:Zuurstofpe>26</fme:Zuurstofpe>
<fme:pH__6_>7,6</fme:pH__6_>
<fme:Ammonium__>2</fme:Ammonium__>
<fme:Nitraat__1>0,1</fme:Nitraat__1>
<fme:Orthofosfa>1,11</fme:Orthofosfa>
<fme:Chloride__>2740</fme:Chloride__>
<fme:BOD__23_>4,45</fme:BOD__23_>
<fme:COD__24_>46,39</fme:COD__24_>
<fme:TOC__25_>19</fme:TOC__25_>
<fme:Totaal_sti>12</fme:Totaal_sti>
<fme:Sulfaat__1>369</fme:Sulfaat__1>
<fme:Zware_meta/>
<fme:Lood/>
<fme:Zink/>
<fme:Chroom/>
<fme:Basis_Prat>6,363167328</fme:Basis_Prat>
<fme:Totale_Pra>3,777477677</fme:Totale_Pra>
<fme:csv_line_n>5</fme:csv_line_n>
<fme:Nummer>ZBH4</fme:Nummer>
<fme:Naam>Isabellavaart</fme:Naam>
<fme:Ligging_me>Thv sportzaal</fme:Ligging_me>
<fme:Centrum>nee</fme:Centrum>
<fme:TPI04>9.9</fme:TPI04>
<fme:TPI05>8.2</fme:TPI05>
<fme:TPI06>7.6</fme:TPI06>
<fme:TPI07>6.6</fme:TPI07>
<fme:TPI08>5.8</fme:TPI08>
<fme:Aangemaakt_op>07/11/2018</fme:Aangemaakt_op>
</fme:ZBH4>
<fme:ZBH4>
<fme:ID>ZBH4</fme:ID>
<fme:Parameter>4/07/2017</fme:Parameter>
<fme:Temperatuu>16,8</fme:Temperatuu>
<fme:Zuurstof__>-</fme:Zuurstof__>
<fme:Zuurstofpe>16,5</fme:Zuurstofpe>
<fme:pH__6_>7,6</fme:pH__6_>
<fme:Ammonium__>8,5</fme:Ammonium__>
<fme:Nitraat__1>0,004</fme:Nitraat__1>
<fme:Orthofosfa>1,02</fme:Orthofosfa>
<fme:Chloride__>2580</fme:Chloride__>
<fme:BOD__23_>3,235</fme:BOD__23_>
<fme:COD__24_>28,489</fme:COD__24_>
<fme:TOC__25_>10,9</fme:TOC__25_>
<fme:Totaal_sti>9,3</fme:Totaal_sti>
<fme:Sulfaat__1>349</fme:Sulfaat__1>
<fme:Zware_meta/>
<fme:Lood/>
<fme:Zink/>
<fme:Chroom/>
<fme:Basis_Prat>10,07678197</fme:Basis_Prat>
<fme:Totale_Pra>5,463252869</fme:Totale_Pra>
<fme:csv_line_n>6</fme:csv_line_n>
<fme:Nummer>ZBH4</fme:Nummer>
<fme:Naam>Isabellavaart</fme:Naam>
<fme:Ligging_me>Thv sportzaal</fme:Ligging_me>
<fme:Centrum>nee</fme:Centrum>
<fme:TPI04>9.9</fme:TPI04>
<fme:TPI05>8.2</fme:TPI05>
<fme:TPI06>7.6</fme:TPI06>
<fme:TPI07>6.6</fme:TPI07>
<fme:TPI08>5.8</fme:TPI08>
<fme:Aangemaakt_op>07/11/2018</fme:Aangemaakt_op>
</fme:ZBH4>
<fme:ZBH4>
<fme:ID>ZBH4</fme:ID>
<fme:Parameter>19/09/2017</fme:Parameter>
<fme:Temperatuu>14,6</fme:Temperatuu>
<fme:Zuurstof__>-</fme:Zuurstof__>
<fme:Zuurstofpe>28,5</fme:Zuurstofpe>
<fme:pH__6_>7,6</fme:pH__6_>
<fme:Ammonium__>2,4</fme:Ammonium__>
<fme:Nitraat__1>1,18</fme:Nitraat__1>
<fme:Orthofosfa>0,26</fme:Orthofosfa>
<fme:Chloride__>270</fme:Chloride__>
<fme:BOD__23_>2,6065</fme:BOD__23_>
<fme:COD__24_>19,2291</fme:COD__24_>
<fme:TOC__25_>6,71</fme:TOC__25_>
<fme:Totaal_sti>5,1</fme:Totaal_sti>
<fme:Sulfaat__1>60</fme:Sulfaat__1>
<fme:Zware_meta/>
<fme:Lood/>
<fme:Zink/>
<fme:Chroom/>
<fme:Basis_Prat>5,633091806</fme:Basis_Prat>
<fme:Totale_Pra>3,36345568</fme:Totale_Pra>
<fme:csv_line_n>7</fme:csv_line_n>
<fme:Nummer>ZBH4</fme:Nummer>
<fme:Naam>Isabellavaart</fme:Naam>
<fme:Ligging_me>Thv sportzaal</fme:Ligging_me>
<fme:Centrum>nee</fme:Centrum>
<fme:TPI04>9.9</fme:TPI04>
<fme:TPI05>8.2</fme:TPI05>
<fme:TPI06>7.6</fme:TPI06>
<fme:TPI07>6.6</fme:TPI07>
<fme:TPI08>5.8</fme:TPI08>
<fme:Aangemaakt_op>07/11/2018</fme:Aangemaakt_op>
</fme:ZBH4>
<fme:ZBH4>
<fme:ID>ZBH4</fme:ID>
<fme:Parameter>14/11/2017</fme:Parameter>
<fme:Temperatuu>8</fme:Temperatuu>
<fme:Zuurstof__>-</fme:Zuurstof__>
<fme:Zuurstofpe>56</fme:Zuurstofpe>
<fme:pH__6_>7,9</fme:pH__6_>
<fme:Ammonium__>5,6</fme:Ammonium__>
<fme:Nitraat__1>0,36</fme:Nitraat__1>
<fme:Orthofosfa/>
<fme:Chloride__>1480</fme:Chloride__>
<fme:BOD__23_>3,58</fme:BOD__23_>
<fme:COD__24_>33,572</fme:COD__24_>
<fme:TOC__25_>13,2</fme:TOC__25_>
<fme:Totaal_sti>7,7</fme:Totaal_sti>
<fme:Sulfaat__1>208</fme:Sulfaat__1>
<fme:Zware_meta/>
<fme:Lood/>
<fme:Zink/>
<fme:Chroom/>
<fme:Basis_Prat>7,09727619</fme:Basis_Prat>
<fme:Totale_Pra>4,174568233</fme:Totale_Pra>
<fme:csv_line_n>8</fme:csv_line_n>
<fme:Nummer>ZBH4</fme:Nummer>
<fme:Naam>Isabellavaart</fme:Naam>
<fme:Ligging_me>Thv sportzaal</fme:Ligging_me>
<fme:Centrum>nee</fme:Centrum>
<fme:TPI04>9.9</fme:TPI04>
<fme:TPI05>8.2</fme:TPI05>
<fme:TPI06>7.6</fme:TPI06>
<fme:TPI07>6.6</fme:TPI07>
<fme:TPI08>5.8</fme:TPI08>
<fme:Aangemaakt_op>07/11/2018</fme:Aangemaakt_op>
</fme:ZBH4>
</fme:ZBH4-table>
</fme:xml-tables>