<?xml version="1.0" encoding="UTF-8"?>
<fme:xml-tables xmlns:xsi="http://www.w3.org/2001/XMLSchema-instance" xmlns:fme="http://www.safe.com/xml/xmltables" xsi:schemaLocation="http://www.safe.com/xml/xmltables ZBH5.xsd">
<fme:ZBH5-table>
<fme:ZBH5>
<fme:ID>ZBH5</fme:ID>
<fme:Parameter>7/03/2017</fme:Parameter>
<fme:Temperatuu>7,4</fme:Temperatuu>
<fme:Zuurstof__>-</fme:Zuurstof__>
<fme:Zuurstofpe>78,2</fme:Zuurstofpe>
<fme:pH__6_>7,9</fme:pH__6_>
<fme:Ammonium__>0,54</fme:Ammonium__>
<fme:Nitraat__1>6,44</fme:Nitraat__1>
<fme:Orthofosfa>0,25</fme:Orthofosfa>
<fme:Chloride__>154</fme:Chloride__>
<fme:BOD__23_>2,575</fme:BOD__23_>
<fme:COD__24_>18,765</fme:COD__24_>
<fme:TOC__25_>6,5</fme:TOC__25_>
<fme:Totaal_sti>8,2</fme:Totaal_sti>
<fme:Sulfaat__1>93</fme:Sulfaat__1>
<fme:Zware_meta/>
<fme:Lood/>
<fme:Zink/>
<fme:Chroom/>
<fme:Basis_Prat>2,302137297</fme:Basis_Prat>
<fme:Totale_Pra>2,148987012</fme:Totale_Pra>
<fme:csv_line_n>4</fme:csv_line_n>
<fme:Nummer>ZBH5</fme:Nummer>
<fme:Naam>Schipdonkkanaal</fme:Naam>
<fme:Ligging_me/>
<fme:Centrum>nee</fme:Centrum>
<fme:TPI04>3.3</fme:TPI04>
<fme:TPI05>3.5</fme:TPI05>
<fme:TPI06>2.89</fme:TPI06>
<fme:TPI07>2.9</fme:TPI07>
<fme:TPI08>3.3</fme:TPI08>
<fme:Aangemaakt_op>07/11/2018</fme:Aangemaakt_op>
</fme:ZBH5>
<fme:ZBH5>
<fme:ID>ZBH5</fme:ID>
<fme:Parameter>25/04/2017</fme:Parameter>
<fme:Temperatuu>11,7</fme:Temperatuu>
<fme:Zuurstof__>-</fme:Zuurstof__>
<fme:Zuurstofpe>97,8</fme:Zuurstofpe>
<fme:pH__6_>8,1</fme:pH__6_>
<fme:Ammonium__>0,08</fme:Ammonium__>
<fme:Nitraat__1>3,99</fme:Nitraat__1>
<fme:Orthofosfa>0,17</fme:Orthofosfa>
<fme:Chloride__>95</fme:Chloride__>
<fme:BOD__23_>3,355</fme:BOD__23_>
<fme:COD__24_>30,257</fme:COD__24_>
<fme:TOC__25_>11,7</fme:TOC__25_>
<fme:Totaal_sti>5,6</fme:Totaal_sti>
<fme:Sulfaat__1>78</fme:Sulfaat__1>
<fme:Zware_meta/>
<fme:Lood/>
<fme:Zink/>
<fme:Chroom/>
<fme:Basis_Prat>1,394784768</fme:Basis_Prat>
<fme:Totale_Pra>1,698019538</fme:Totale_Pra>
<fme:csv_line_n>5</fme:csv_line_n>
<fme:Nummer>ZBH5</fme:Nummer>
<fme:Naam>Schipdonkkanaal</fme:Naam>
<fme:Ligging_me/>
<fme:Centrum>nee</fme:Centrum>
<fme:TPI04>3.3</fme:TPI04>
<fme:TPI05>3.5</fme:TPI05>
<fme:TPI06>2.89</fme:TPI06>
<fme:TPI07>2.9</fme:TPI07>
<fme:TPI08>3.3</fme:TPI08>
<fme:Aangemaakt_op>07/11/2018</fme:Aangemaakt_op>
</fme:ZBH5>
<fme:ZBH5>
<fme:ID>ZBH5</fme:ID>
<fme:Parameter>4/07/2017</fme:Parameter>
<fme:Temperatuu>19,9</fme:Temperatuu>
<fme:Zuurstof__>-</fme:Zuurstof__>
<fme:Zuurstofpe>98,9</fme:Zuurstofpe>
<fme:pH__6_>8,3</fme:pH__6_>
<fme:Ammonium__>0,1</fme:Ammonium__>
<fme:Nitraat__1>0,13</fme:Nitraat__1>
<fme:Orthofosfa>0,47</fme:Orthofosfa>
<fme:Chloride__>191</fme:Chloride__>
<fme:BOD__23_>2,5645</fme:BOD__23_>
<fme:COD__24_>18,6103</fme:COD__24_>
<fme:TOC__25_>6,43</fme:TOC__25_>
<fme:Totaal_sti>0,9</fme:Totaal_sti>
<fme:Sulfaat__1>96</fme:Sulfaat__1>
<fme:Zware_meta/>
<fme:Lood/>
<fme:Zink/>
<fme:Chroom/>
<fme:Basis_Prat>1,026851259</fme:Basis_Prat>
<fme:Totale_Pra>1,128963988</fme:Totale_Pra>
<fme:csv_line_n>6</fme:csv_line_n>
<fme:Nummer>ZBH5</fme:Nummer>
<fme:Naam>Schipdonkkanaal</fme:Naam>
<fme:Ligging_me/>
<fme:Centrum>nee</fme:Centrum>
<fme:TPI04>3.3</fme:TPI04>
<fme:TPI05>3.5</fme:TPI05>
<fme:TPI06>2.89</fme:TPI06>
<fme:TPI07>2.9</fme:TPI07>
<fme:TPI08>3.3</fme:TPI08>
<fme:Aangemaakt_op>07/11/2018</fme:Aangemaakt_op>
</fme:ZBH5>
<fme:ZBH5>
<fme:ID>ZBH5</fme:ID>
<fme:Parameter>19/09/2017</fme:Parameter>
<fme:Temperatuu>14,8</fme:Temperatuu>
<fme:Zuurstof__>-</fme:Zuurstof__>
<fme:Zuurstofpe>75,5</fme:Zuurstofpe>
<fme:pH__6_>8</fme:pH__6_>
<fme:Ammonium__>0,16</fme:Ammonium__>
<fme:Nitraat__1>1,2</fme:Nitraat__1>
<fme:Orthofosfa>0,6</fme:Orthofosfa>
<fme:Chloride__>139</fme:Chloride__>
<fme:BOD__23_>2,6665</fme:BOD__23_>
<fme:COD__24_>20,1131</fme:COD__24_>
<fme:TOC__25_>7,11</fme:TOC__25_>
<fme:Totaal_sti>2,2</fme:Totaal_sti>
<fme:Sulfaat__1>74</fme:Sulfaat__1>
<fme:Zware_meta/>
<fme:Lood/>
<fme:Zink/>
<fme:Chroom/>
<fme:Basis_Prat>1,831437695</fme:Basis_Prat>
<fme:Totale_Pra>1,5780694</fme:Totale_Pra>
<fme:csv_line_n>7</fme:csv_line_n>
<fme:Nummer>ZBH5</fme:Nummer>
<fme:Naam>Schipdonkkanaal</fme:Naam>
<fme:Ligging_me/>
<fme:Centrum>nee</fme:Centrum>
<fme:TPI04>3.3</fme:TPI04>
<fme:TPI05>3.5</fme:TPI05>
<fme:TPI06>2.89</fme:TPI06>
<fme:TPI07>2.9</fme:TPI07>
<fme:TPI08>3.3</fme:TPI08>
<fme:Aangemaakt_op>07/11/2018</fme:Aangemaakt_op>
</fme:ZBH5>
<fme:ZBH5>
<fme:ID>ZBH5</fme:ID>
<fme:Parameter>14/11/2017</fme:Parameter>
<fme:Temperatuu>7,5</fme:Temperatuu>
<fme:Zuurstof__>-</fme:Zuurstof__>
<fme:Zuurstofpe>98,4</fme:Zuurstofpe>
<fme:pH__6_>8,2</fme:pH__6_>
<fme:Ammonium__>0,75</fme:Ammonium__>
<fme:Nitraat__1>0,89</fme:Nitraat__1>
<fme:Orthofosfa/>
<fme:Chloride__>154</fme:Chloride__>
<fme:BOD__23_>2,965</fme:BOD__23_>
<fme:COD__24_>24,511</fme:COD__24_>
<fme:TOC__25_>9,1</fme:TOC__25_>
<fme:Totaal_sti>3</fme:Totaal_sti>
<fme:Sulfaat__1>70</fme:Sulfaat__1>
<fme:Zware_meta/>
<fme:Lood/>
<fme:Zink/>
<fme:Chroom/>
<fme:Basis_Prat>2,207805173</fme:Basis_Prat>
<fme:Totale_Pra>1,838425046</fme:Totale_Pra>
<fme:csv_line_n>8</fme:csv_line_n>
<fme:Nummer>ZBH5</fme:Nummer>
<fme:Naam>Schipdonkkanaal</fme:Naam>
<fme:Ligging_me/>
<fme:Centrum>nee</fme:Centrum>
<fme:TPI04>3.3</fme:TPI04>
<fme:TPI05>3.5</fme:TPI05>
<fme:TPI06>2.89</fme:TPI06>
<fme:TPI07>2.9</fme:TPI07>
<fme:TPI08>3.3</fme:TPI08>
<fme:Aangemaakt_op>07/11/2018</fme:Aangemaakt_op>
</fme:ZBH5>
</fme:ZBH5-table>
</fme:xml-tables>