<?xml version="1.0" encoding="UTF-8"?>
<fme:xml-tables xmlns:xsi="http://www.w3.org/2001/XMLSchema-instance" xmlns:fme="http://www.safe.com/xml/xmltables" xsi:schemaLocation="http://www.safe.com/xml/xmltables ZBH7.xsd">
<fme:ZBH7-table>
<fme:ZBH7>
<fme:ID>ZBH7</fme:ID>
<fme:Parameter>7/03/2017</fme:Parameter>
<fme:Temperatuu>6,3</fme:Temperatuu>
<fme:Zuurstof__>-</fme:Zuurstof__>
<fme:Zuurstofpe>116,5</fme:Zuurstofpe>
<fme:pH__6_>7,7</fme:pH__6_>
<fme:Ammonium__/>
<fme:Nitraat__1>0,21</fme:Nitraat__1>
<fme:Orthofosfa>0,06</fme:Orthofosfa>
<fme:Chloride__>17200</fme:Chloride__>
<fme:BOD__23_>2</fme:BOD__23_>
<fme:COD__24_>10,1902</fme:COD__24_>
<fme:TOC__25_>2,62</fme:TOC__25_>
<fme:Totaal_sti>1,5</fme:Totaal_sti>
<fme:Sulfaat__1>2350</fme:Sulfaat__1>
<fme:Zware_meta/>
<fme:Lood/>
<fme:Zink/>
<fme:Chroom/>
<fme:Basis_Prat>1,16951</fme:Basis_Prat>
<fme:Totale_Pra>0,91197602</fme:Totale_Pra>
<fme:csv_line_n>4</fme:csv_line_n>
<fme:Nummer>ZBH7</fme:Nummer>
<fme:Naam>Achterhaven</fme:Naam>
<fme:Ligging_me/>
<fme:Centrum>nee</fme:Centrum>
<fme:TPI04>1.5</fme:TPI04>
<fme:TPI05>2.3</fme:TPI05>
<fme:TPI06>1.4</fme:TPI06>
<fme:TPI07>1.5</fme:TPI07>
<fme:TPI08>1.4</fme:TPI08>
<fme:Aangemaakt_op>07/11/2018</fme:Aangemaakt_op>
</fme:ZBH7>
<fme:ZBH7>
<fme:ID>ZBH7</fme:ID>
<fme:Parameter>25/04/2017</fme:Parameter>
<fme:Temperatuu>11,4</fme:Temperatuu>
<fme:Zuurstof__>-</fme:Zuurstof__>
<fme:Zuurstofpe>96,4</fme:Zuurstofpe>
<fme:pH__6_>8</fme:pH__6_>
<fme:Ammonium__>0,03</fme:Ammonium__>
<fme:Nitraat__1>0,56</fme:Nitraat__1>
<fme:Orthofosfa>0,01</fme:Orthofosfa>
<fme:Chloride__>18800</fme:Chloride__>
<fme:BOD__23_>2,056</fme:BOD__23_>
<fme:COD__24_>11,1184</fme:COD__24_>
<fme:TOC__25_>3,04</fme:TOC__25_>
<fme:Totaal_sti>1,06</fme:Totaal_sti>
<fme:Sulfaat__1>2570</fme:Sulfaat__1>
<fme:Zware_meta/>
<fme:Lood/>
<fme:Zink/>
<fme:Chroom/>
<fme:Basis_Prat>0,642810061</fme:Basis_Prat>
<fme:Totale_Pra>0,839683831</fme:Totale_Pra>
<fme:csv_line_n>5</fme:csv_line_n>
<fme:Nummer>ZBH7</fme:Nummer>
<fme:Naam>Achterhaven</fme:Naam>
<fme:Ligging_me/>
<fme:Centrum>nee</fme:Centrum>
<fme:TPI04>1.5</fme:TPI04>
<fme:TPI05>2.3</fme:TPI05>
<fme:TPI06>1.4</fme:TPI06>
<fme:TPI07>1.5</fme:TPI07>
<fme:TPI08>1.4</fme:TPI08>
<fme:Aangemaakt_op>07/11/2018</fme:Aangemaakt_op>
</fme:ZBH7>
<fme:ZBH7>
<fme:ID>ZBH7</fme:ID>
<fme:Parameter>4/07/2017</fme:Parameter>
<fme:Temperatuu>19,8</fme:Temperatuu>
<fme:Zuurstof__>-</fme:Zuurstof__>
<fme:Zuurstofpe>85,7</fme:Zuurstofpe>
<fme:pH__6_>7,9</fme:pH__6_>
<fme:Ammonium__>1,92</fme:Ammonium__>
<fme:Nitraat__1>0,11</fme:Nitraat__1>
<fme:Orthofosfa>0,11</fme:Orthofosfa>
<fme:Chloride__>17200</fme:Chloride__>
<fme:BOD__23_>2,2225</fme:BOD__23_>
<fme:COD__24_>13,5715</fme:COD__24_>
<fme:TOC__25_>4,15</fme:TOC__25_>
<fme:Totaal_sti>2,9</fme:Totaal_sti>
<fme:Sulfaat__1>2340</fme:Sulfaat__1>
<fme:Zware_meta/>
<fme:Lood/>
<fme:Zink/>
<fme:Chroom/>
<fme:Basis_Prat>3,276010836</fme:Basis_Prat>
<fme:Totale_Pra>2,063973602</fme:Totale_Pra>
<fme:csv_line_n>6</fme:csv_line_n>
<fme:Nummer>ZBH7</fme:Nummer>
<fme:Naam>Achterhaven</fme:Naam>
<fme:Ligging_me/>
<fme:Centrum>nee</fme:Centrum>
<fme:TPI04>1.5</fme:TPI04>
<fme:TPI05>2.3</fme:TPI05>
<fme:TPI06>1.4</fme:TPI06>
<fme:TPI07>1.5</fme:TPI07>
<fme:TPI08>1.4</fme:TPI08>
<fme:Aangemaakt_op>07/11/2018</fme:Aangemaakt_op>
</fme:ZBH7>
<fme:ZBH7>
<fme:ID>ZBH7</fme:ID>
<fme:Parameter>19/09/2017</fme:Parameter>
<fme:Temperatuu>17,5</fme:Temperatuu>
<fme:Zuurstof__>-</fme:Zuurstof__>
<fme:Zuurstofpe>71,2</fme:Zuurstofpe>
<fme:pH__6_>7,5</fme:pH__6_>
<fme:Ammonium__>0,16</fme:Ammonium__>
<fme:Nitraat__1/>
<fme:Orthofosfa>0,11</fme:Orthofosfa>
<fme:Chloride__>16700</fme:Chloride__>
<fme:BOD__23_>2,05</fme:BOD__23_>
<fme:COD__24_>11,03</fme:COD__24_>
<fme:TOC__25_>3</fme:TOC__25_>
<fme:Totaal_sti>1,03</fme:Totaal_sti>
<fme:Sulfaat__1>2280</fme:Sulfaat__1>
<fme:Zware_meta/>
<fme:Lood/>
<fme:Zink/>
<fme:Chroom/>
<fme:Basis_Prat>1,643334362</fme:Basis_Prat>
<fme:Totale_Pra>1,30933395</fme:Totale_Pra>
<fme:csv_line_n>7</fme:csv_line_n>
<fme:Nummer>ZBH7</fme:Nummer>
<fme:Naam>Achterhaven</fme:Naam>
<fme:Ligging_me/>
<fme:Centrum>nee</fme:Centrum>
<fme:TPI04>1.5</fme:TPI04>
<fme:TPI05>2.3</fme:TPI05>
<fme:TPI06>1.4</fme:TPI06>
<fme:TPI07>1.5</fme:TPI07>
<fme:TPI08>1.4</fme:TPI08>
<fme:Aangemaakt_op>07/11/2018</fme:Aangemaakt_op>
</fme:ZBH7>
<fme:ZBH7>
<fme:ID>ZBH7</fme:ID>
<fme:Parameter>14/11/2017</fme:Parameter>
<fme:Temperatuu>11</fme:Temperatuu>
<fme:Zuurstof__>-</fme:Zuurstof__>
<fme:Zuurstofpe>101,3</fme:Zuurstofpe>
<fme:pH__6_>7,9</fme:pH__6_>
<fme:Ammonium__>0,11</fme:Ammonium__>
<fme:Nitraat__1>0,61</fme:Nitraat__1>
<fme:Orthofosfa>0,09</fme:Orthofosfa>
<fme:Chloride__>15300</fme:Chloride__>
<fme:BOD__23_>2</fme:BOD__23_>
<fme:COD__24_>9,5051</fme:COD__24_>
<fme:TOC__25_>2,31</fme:TOC__25_>
<fme:Totaal_sti>1,07</fme:Totaal_sti>
<fme:Sulfaat__1>2100</fme:Sulfaat__1>
<fme:Zware_meta/>
<fme:Lood/>
<fme:Zink/>
<fme:Chroom/>
<fme:Basis_Prat>0,752101865</fme:Basis_Prat>
<fme:Totale_Pra>0,863283068</fme:Totale_Pra>
<fme:csv_line_n>8</fme:csv_line_n>
<fme:Nummer>ZBH7</fme:Nummer>
<fme:Naam>Achterhaven</fme:Naam>
<fme:Ligging_me/>
<fme:Centrum>nee</fme:Centrum>
<fme:TPI04>1.5</fme:TPI04>
<fme:TPI05>2.3</fme:TPI05>
<fme:TPI06>1.4</fme:TPI06>
<fme:TPI07>1.5</fme:TPI07>
<fme:TPI08>1.4</fme:TPI08>
<fme:Aangemaakt_op>07/11/2018</fme:Aangemaakt_op>
</fme:ZBH7>
</fme:ZBH7-table>
</fme:xml-tables>