<?xml version="1.0" encoding="UTF-8"?>
<fme:xml-tables xmlns:xsi="http://www.w3.org/2001/XMLSchema-instance" xmlns:fme="http://www.safe.com/xml/xmltables" xsi:schemaLocation="http://www.safe.com/xml/xmltables ZP01.xsd">
<fme:ZP01-table>
<fme:ZP01>
<fme:ID>ZP01</fme:ID>
<fme:Parameter>6/03/2017</fme:Parameter>
<fme:Temperatuu>8,6</fme:Temperatuu>
<fme:Zuurstof__>-</fme:Zuurstof__>
<fme:Zuurstofpe>98</fme:Zuurstofpe>
<fme:pH__6_>7,9</fme:pH__6_>
<fme:Ammonium__/>
<fme:Nitraat__1>3,73</fme:Nitraat__1>
<fme:Orthofosfa>0,41</fme:Orthofosfa>
<fme:Chloride__>1120</fme:Chloride__>
<fme:BOD__23_>3,22</fme:BOD__23_>
<fme:COD__24_>28,268</fme:COD__24_>
<fme:TOC__25_>10,8</fme:TOC__25_>
<fme:Totaal_sti>5,4</fme:Totaal_sti>
<fme:Sulfaat__1>203</fme:Sulfaat__1>
<fme:Zware_meta/>
<fme:Lood/>
<fme:Zink/>
<fme:Chroom/>
<fme:Basis_Prat>1,4934</fme:Basis_Prat>
<fme:Totale_Pra>1,678785108</fme:Totale_Pra>
<fme:csv_line_n>4</fme:csv_line_n>
<fme:Nummer>ZP01</fme:Nummer>
<fme:Naam>Zijdelings Vaartje Oost 1</fme:Naam>
<fme:Ligging_me/>
<fme:Centrum>nee</fme:Centrum>
<fme:TPI04>4</fme:TPI04>
<fme:TPI05>4.3</fme:TPI05>
<fme:TPI06>3.1</fme:TPI06>
<fme:TPI07>3.8</fme:TPI07>
<fme:TPI08>3.7</fme:TPI08>
<fme:Aangemaakt_op>07/11/2018</fme:Aangemaakt_op>
</fme:ZP01>
<fme:ZP01>
<fme:ID>ZP01</fme:ID>
<fme:Parameter>24/04/2017</fme:Parameter>
<fme:Temperatuu>14,1</fme:Temperatuu>
<fme:Zuurstof__>-</fme:Zuurstof__>
<fme:Zuurstofpe>142,5</fme:Zuurstofpe>
<fme:pH__6_>8,6</fme:pH__6_>
<fme:Ammonium__>0,03</fme:Ammonium__>
<fme:Nitraat__1>3,79</fme:Nitraat__1>
<fme:Orthofosfa>0,09</fme:Orthofosfa>
<fme:Chloride__>220</fme:Chloride__>
<fme:BOD__23_>2,53</fme:BOD__23_>
<fme:COD__24_>18,102</fme:COD__24_>
<fme:TOC__25_>6,2</fme:TOC__25_>
<fme:Totaal_sti>5,1</fme:Totaal_sti>
<fme:Sulfaat__1>120</fme:Sulfaat__1>
<fme:Zware_meta/>
<fme:Lood/>
<fme:Zink/>
<fme:Chroom/>
<fme:Basis_Prat>1,912930061</fme:Basis_Prat>
<fme:Totale_Pra>2,076793478</fme:Totale_Pra>
<fme:csv_line_n>5</fme:csv_line_n>
<fme:Nummer>ZP01</fme:Nummer>
<fme:Naam>Zijdelings Vaartje Oost 1</fme:Naam>
<fme:Ligging_me/>
<fme:Centrum>nee</fme:Centrum>
<fme:TPI04>4</fme:TPI04>
<fme:TPI05>4.3</fme:TPI05>
<fme:TPI06>3.1</fme:TPI06>
<fme:TPI07>3.8</fme:TPI07>
<fme:TPI08>3.7</fme:TPI08>
<fme:Aangemaakt_op>07/11/2018</fme:Aangemaakt_op>
</fme:ZP01>
<fme:ZP01>
<fme:ID>ZP01</fme:ID>
<fme:Parameter>3/07/2017</fme:Parameter>
<fme:Temperatuu>21,4</fme:Temperatuu>
<fme:Zuurstof__>-</fme:Zuurstof__>
<fme:Zuurstofpe>72,8</fme:Zuurstofpe>
<fme:pH__6_>8,1</fme:pH__6_>
<fme:Ammonium__>0,46</fme:Ammonium__>
<fme:Nitraat__1>1,12</fme:Nitraat__1>
<fme:Orthofosfa>0,14</fme:Orthofosfa>
<fme:Chloride__>1120</fme:Chloride__>
<fme:BOD__23_>2,1805</fme:BOD__23_>
<fme:COD__24_>12,9527</fme:COD__24_>
<fme:TOC__25_>3,87</fme:TOC__25_>
<fme:Totaal_sti>1,8</fme:Totaal_sti>
<fme:Sulfaat__1>261</fme:Sulfaat__1>
<fme:Zware_meta/>
<fme:Lood/>
<fme:Zink/>
<fme:Chroom/>
<fme:Basis_Prat>2,146812407</fme:Basis_Prat>
<fme:Totale_Pra>1,708246642</fme:Totale_Pra>
<fme:csv_line_n>6</fme:csv_line_n>
<fme:Nummer>ZP01</fme:Nummer>
<fme:Naam>Zijdelings Vaartje Oost 1</fme:Naam>
<fme:Ligging_me/>
<fme:Centrum>nee</fme:Centrum>
<fme:TPI04>4</fme:TPI04>
<fme:TPI05>4.3</fme:TPI05>
<fme:TPI06>3.1</fme:TPI06>
<fme:TPI07>3.8</fme:TPI07>
<fme:TPI08>3.7</fme:TPI08>
<fme:Aangemaakt_op>07/11/2018</fme:Aangemaakt_op>
</fme:ZP01>
<fme:ZP01>
<fme:ID>ZP01</fme:ID>
<fme:Parameter>19/09/2017</fme:Parameter>
<fme:Temperatuu>13,5</fme:Temperatuu>
<fme:Zuurstof__>-</fme:Zuurstof__>
<fme:Zuurstofpe>47,1</fme:Zuurstofpe>
<fme:pH__6_>7,5</fme:pH__6_>
<fme:Ammonium__>0,2</fme:Ammonium__>
<fme:Nitraat__1>1,07</fme:Nitraat__1>
<fme:Orthofosfa>0,53</fme:Orthofosfa>
<fme:Chloride__>351</fme:Chloride__>
<fme:BOD__23_>2,71</fme:BOD__23_>
<fme:COD__24_>20,754</fme:COD__24_>
<fme:TOC__25_>7,4</fme:TOC__25_>
<fme:Totaal_sti>2</fme:Totaal_sti>
<fme:Sulfaat__1>85</fme:Sulfaat__1>
<fme:Zware_meta/>
<fme:Lood/>
<fme:Zink/>
<fme:Chroom/>
<fme:Basis_Prat>2,702334246</fme:Basis_Prat>
<fme:Totale_Pra>1,879408353</fme:Totale_Pra>
<fme:csv_line_n>7</fme:csv_line_n>
<fme:Nummer>ZP01</fme:Nummer>
<fme:Naam>Zijdelings Vaartje Oost 1</fme:Naam>
<fme:Ligging_me/>
<fme:Centrum>nee</fme:Centrum>
<fme:TPI04>4</fme:TPI04>
<fme:TPI05>4.3</fme:TPI05>
<fme:TPI06>3.1</fme:TPI06>
<fme:TPI07>3.8</fme:TPI07>
<fme:TPI08>3.7</fme:TPI08>
<fme:Aangemaakt_op>07/11/2018</fme:Aangemaakt_op>
</fme:ZP01>
<fme:ZP01>
<fme:ID>ZP01</fme:ID>
<fme:Parameter>13/11/2017</fme:Parameter>
<fme:Temperatuu>8,1</fme:Temperatuu>
<fme:Zuurstof__>-</fme:Zuurstof__>
<fme:Zuurstofpe>96,6</fme:Zuurstofpe>
<fme:pH__6_>8,1</fme:pH__6_>
<fme:Ammonium__>0,17</fme:Ammonium__>
<fme:Nitraat__1>1,97</fme:Nitraat__1>
<fme:Orthofosfa/>
<fme:Chloride__>477</fme:Chloride__>
<fme:BOD__23_>2,5195</fme:BOD__23_>
<fme:COD__24_>17,9473</fme:COD__24_>
<fme:TOC__25_>6,13</fme:TOC__25_>
<fme:Totaal_sti>2,9</fme:Totaal_sti>
<fme:Sulfaat__1>146</fme:Sulfaat__1>
<fme:Zware_meta/>
<fme:Lood/>
<fme:Zink/>
<fme:Chroom/>
<fme:Basis_Prat>1,216411512</fme:Basis_Prat>
<fme:Totale_Pra>1,362610138</fme:Totale_Pra>
<fme:csv_line_n>8</fme:csv_line_n>
<fme:Nummer>ZP01</fme:Nummer>
<fme:Naam>Zijdelings Vaartje Oost 1</fme:Naam>
<fme:Ligging_me/>
<fme:Centrum>nee</fme:Centrum>
<fme:TPI04>4</fme:TPI04>
<fme:TPI05>4.3</fme:TPI05>
<fme:TPI06>3.1</fme:TPI06>
<fme:TPI07>3.8</fme:TPI07>
<fme:TPI08>3.7</fme:TPI08>
<fme:Aangemaakt_op>07/11/2018</fme:Aangemaakt_op>
</fme:ZP01>
</fme:ZP01-table>
</fme:xml-tables>