<?xml version="1.0" encoding="UTF-8"?>
<fme:xml-tables xmlns:xsi="http://www.w3.org/2001/XMLSchema-instance" xmlns:fme="http://www.safe.com/xml/xmltables" xsi:schemaLocation="http://www.safe.com/xml/xmltables ZP02.xsd">
<fme:ZP02-table>
<fme:ZP02>
<fme:ID>ZP02</fme:ID>
<fme:Parameter>6/03/2017</fme:Parameter>
<fme:Temperatuu>7,6</fme:Temperatuu>
<fme:Zuurstof__>-</fme:Zuurstof__>
<fme:Zuurstofpe>87</fme:Zuurstofpe>
<fme:pH__6_>7,7</fme:pH__6_>
<fme:Ammonium__/>
<fme:Nitraat__1>0,73</fme:Nitraat__1>
<fme:Orthofosfa>0,33</fme:Orthofosfa>
<fme:Chloride__>2550</fme:Chloride__>
<fme:BOD__23_>3,85</fme:BOD__23_>
<fme:COD__24_>37,55</fme:COD__24_>
<fme:TOC__25_>15</fme:TOC__25_>
<fme:Totaal_sti>2,9</fme:Totaal_sti>
<fme:Sulfaat__1>385</fme:Sulfaat__1>
<fme:Zware_meta/>
<fme:Lood/>
<fme:Zink/>
<fme:Chroom/>
<fme:col18/>
<fme:Basis_Prat>2,3975</fme:Basis_Prat>
<fme:Totale_Pra>1,745101375</fme:Totale_Pra>
<fme:csv_line_n>4</fme:csv_line_n>
<fme:Nummer>ZP02</fme:Nummer>
<fme:Naam>Zijdelings Vaartje Oost 2</fme:Naam>
<fme:Ligging_me/>
<fme:Centrum>nee</fme:Centrum>
<fme:TPI04>2.7</fme:TPI04>
<fme:TPI05>3.4</fme:TPI05>
<fme:TPI06>2.5</fme:TPI06>
<fme:TPI07>3.3</fme:TPI07>
<fme:TPI08>3.1</fme:TPI08>
<fme:Aangemaakt_op>07/11/2018</fme:Aangemaakt_op>
</fme:ZP02>
<fme:ZP02>
<fme:ID>ZP02</fme:ID>
<fme:Parameter>24/04/2017</fme:Parameter>
<fme:Temperatuu>14,3</fme:Temperatuu>
<fme:Zuurstof__>-</fme:Zuurstof__>
<fme:Zuurstofpe>110,5</fme:Zuurstofpe>
<fme:pH__6_>8,2</fme:pH__6_>
<fme:Ammonium__>0,06</fme:Ammonium__>
<fme:Nitraat__1>0,004</fme:Nitraat__1>
<fme:Orthofosfa>0,07</fme:Orthofosfa>
<fme:Chloride__>3560</fme:Chloride__>
<fme:BOD__23_>3,88</fme:BOD__23_>
<fme:COD__24_>37,992</fme:COD__24_>
<fme:TOC__25_>15,2</fme:TOC__25_>
<fme:Totaal_sti>1,5</fme:Totaal_sti>
<fme:Sulfaat__1>520</fme:Sulfaat__1>
<fme:Zware_meta/>
<fme:Lood/>
<fme:Zink/>
<fme:Chroom/>
<fme:col18/>
<fme:Basis_Prat>1,819485009</fme:Basis_Prat>
<fme:Totale_Pra>1,586271055</fme:Totale_Pra>
<fme:csv_line_n>5</fme:csv_line_n>
<fme:Nummer>ZP02</fme:Nummer>
<fme:Naam>Zijdelings Vaartje Oost 2</fme:Naam>
<fme:Ligging_me/>
<fme:Centrum>nee</fme:Centrum>
<fme:TPI04>2.7</fme:TPI04>
<fme:TPI05>3.4</fme:TPI05>
<fme:TPI06>2.5</fme:TPI06>
<fme:TPI07>3.3</fme:TPI07>
<fme:TPI08>3.1</fme:TPI08>
<fme:Aangemaakt_op>07/11/2018</fme:Aangemaakt_op>
</fme:ZP02>
<fme:ZP02>
<fme:ID>ZP02</fme:ID>
<fme:Parameter>3/07/2017</fme:Parameter>
<fme:Temperatuu>19,8</fme:Temperatuu>
<fme:Zuurstof__>-</fme:Zuurstof__>
<fme:Zuurstofpe>109,7</fme:Zuurstofpe>
<fme:pH__6_>8,4</fme:pH__6_>
<fme:Ammonium__>0,22</fme:Ammonium__>
<fme:Nitraat__1>0,004</fme:Nitraat__1>
<fme:Orthofosfa>0,27</fme:Orthofosfa>
<fme:Chloride__>3540</fme:Chloride__>
<fme:BOD__23_>3,625</fme:BOD__23_>
<fme:COD__24_>34,235</fme:COD__24_>
<fme:TOC__25_>13,5</fme:TOC__25_>
<fme:Totaal_sti>0,94</fme:Totaal_sti>
<fme:Sulfaat__1>463</fme:Sulfaat__1>
<fme:Zware_meta/>
<fme:Lood/>
<fme:Zink/>
<fme:Chroom/>
<fme:col18/>
<fme:Basis_Prat>2,020715771</fme:Basis_Prat>
<fme:Totale_Pra>1,74521977</fme:Totale_Pra>
<fme:csv_line_n>6</fme:csv_line_n>
<fme:Nummer>ZP02</fme:Nummer>
<fme:Naam>Zijdelings Vaartje Oost 2</fme:Naam>
<fme:Ligging_me/>
<fme:Centrum>nee</fme:Centrum>
<fme:TPI04>2.7</fme:TPI04>
<fme:TPI05>3.4</fme:TPI05>
<fme:TPI06>2.5</fme:TPI06>
<fme:TPI07>3.3</fme:TPI07>
<fme:TPI08>3.1</fme:TPI08>
<fme:Aangemaakt_op>07/11/2018</fme:Aangemaakt_op>
</fme:ZP02>
<fme:ZP02>
<fme:ID>ZP02</fme:ID>
<fme:Parameter>19/09/2017</fme:Parameter>
<fme:Temperatuu>13</fme:Temperatuu>
<fme:Zuurstof__>-</fme:Zuurstof__>
<fme:Zuurstofpe>35,9</fme:Zuurstofpe>
<fme:pH__6_>7</fme:pH__6_>
<fme:Ammonium__>0,38</fme:Ammonium__>
<fme:Nitraat__1>0,98</fme:Nitraat__1>
<fme:Orthofosfa>0,92</fme:Orthofosfa>
<fme:Chloride__>667</fme:Chloride__>
<fme:BOD__23_>4,09</fme:BOD__23_>
<fme:COD__24_>41,086</fme:COD__24_>
<fme:TOC__25_>16,6</fme:TOC__25_>
<fme:Totaal_sti>2,8</fme:Totaal_sti>
<fme:Sulfaat__1>107</fme:Sulfaat__1>
<fme:Zware_meta/>
<fme:Lood/>
<fme:Zink/>
<fme:Chroom/>
<fme:col18/>
<fme:Basis_Prat>4,080142586</fme:Basis_Prat>
<fme:Totale_Pra>2,669958902</fme:Totale_Pra>
<fme:csv_line_n>7</fme:csv_line_n>
<fme:Nummer>ZP02</fme:Nummer>
<fme:Naam>Zijdelings Vaartje Oost 2</fme:Naam>
<fme:Ligging_me/>
<fme:Centrum>nee</fme:Centrum>
<fme:TPI04>2.7</fme:TPI04>
<fme:TPI05>3.4</fme:TPI05>
<fme:TPI06>2.5</fme:TPI06>
<fme:TPI07>3.3</fme:TPI07>
<fme:TPI08>3.1</fme:TPI08>
<fme:Aangemaakt_op>07/11/2018</fme:Aangemaakt_op>
</fme:ZP02>
<fme:ZP02>
<fme:ID>ZP02</fme:ID>
<fme:Parameter>13/11/2017</fme:Parameter>
<fme:Temperatuu>7,1</fme:Temperatuu>
<fme:Zuurstof__>-</fme:Zuurstof__>
<fme:Zuurstofpe>71,1</fme:Zuurstofpe>
<fme:pH__6_>8</fme:pH__6_>
<fme:Ammonium__>0,65</fme:Ammonium__>
<fme:Nitraat__1>0,8</fme:Nitraat__1>
<fme:Orthofosfa/>
<fme:Chloride__>2260</fme:Chloride__>
<fme:BOD__23_>3,655</fme:BOD__23_>
<fme:COD__24_>34,677</fme:COD__24_>
<fme:TOC__25_>13,7</fme:TOC__25_>
<fme:Totaal_sti>2,7</fme:Totaal_sti>
<fme:Sulfaat__1>343</fme:Sulfaat__1>
<fme:Zware_meta/>
<fme:Lood/>
<fme:Zink/>
<fme:Chroom/>
<fme:col18/>
<fme:Basis_Prat>3,158071636</fme:Basis_Prat>
<fme:Totale_Pra>2,306132837</fme:Totale_Pra>
<fme:csv_line_n>8</fme:csv_line_n>
<fme:Nummer>ZP02</fme:Nummer>
<fme:Naam>Zijdelings Vaartje Oost 2</fme:Naam>
<fme:Ligging_me/>
<fme:Centrum>nee</fme:Centrum>
<fme:TPI04>2.7</fme:TPI04>
<fme:TPI05>3.4</fme:TPI05>
<fme:TPI06>2.5</fme:TPI06>
<fme:TPI07>3.3</fme:TPI07>
<fme:TPI08>3.1</fme:TPI08>
<fme:Aangemaakt_op>07/11/2018</fme:Aangemaakt_op>
</fme:ZP02>
</fme:ZP02-table>
</fme:xml-tables>