<?xml version="1.0" encoding="UTF-8"?>
<fme:xml-tables xmlns:xsi="http://www.w3.org/2001/XMLSchema-instance" xmlns:fme="http://www.safe.com/xml/xmltables" xsi:schemaLocation="http://www.safe.com/xml/xmltables ZP03.xsd">
<fme:ZP03-table>
<fme:ZP03>
<fme:ID>ZP03</fme:ID>
<fme:Parameter>6/03/2017</fme:Parameter>
<fme:Temperatuu>7,7</fme:Temperatuu>
<fme:Zuurstof__>-</fme:Zuurstof__>
<fme:Zuurstofpe>92,5</fme:Zuurstofpe>
<fme:pH__6_>7,8</fme:pH__6_>
<fme:Ammonium__/>
<fme:Nitraat__1>0,65</fme:Nitraat__1>
<fme:Orthofosfa>0,31</fme:Orthofosfa>
<fme:Chloride__>2890</fme:Chloride__>
<fme:BOD__23_>3,82</fme:BOD__23_>
<fme:COD__24_>37,108</fme:COD__24_>
<fme:TOC__25_>14,8</fme:TOC__25_>
<fme:Totaal_sti>2,5</fme:Totaal_sti>
<fme:Sulfaat__1>414</fme:Sulfaat__1>
<fme:Zware_meta/>
<fme:Lood/>
<fme:Zink/>
<fme:Chroom/>
<fme:col18>2,1554</fme:col18>
<fme:Basis_Prat>2,1554</fme:Basis_Prat>
<fme:Totale_Pra>1,661896688</fme:Totale_Pra>
<fme:csv_line_n>4</fme:csv_line_n>
<fme:Nummer>ZP03</fme:Nummer>
<fme:Naam/>
<fme:Ligging_me/>
<fme:Centrum>nee</fme:Centrum>
<fme:TPI04>3.2</fme:TPI04>
<fme:TPI05>3.6</fme:TPI05>
<fme:TPI06>3</fme:TPI06>
<fme:TPI07>3.8</fme:TPI07>
<fme:TPI08>3.8</fme:TPI08>
<fme:Aangemaakt_op>07/11/2018</fme:Aangemaakt_op>
</fme:ZP03>
<fme:ZP03>
<fme:ID>ZP03</fme:ID>
<fme:Parameter>24/04/2017</fme:Parameter>
<fme:Temperatuu>14,7</fme:Temperatuu>
<fme:Zuurstof__>-</fme:Zuurstof__>
<fme:Zuurstofpe>133,1</fme:Zuurstofpe>
<fme:pH__6_>8,3</fme:pH__6_>
<fme:Ammonium__>0,03</fme:Ammonium__>
<fme:Nitraat__1>0,004</fme:Nitraat__1>
<fme:Orthofosfa>0,01</fme:Orthofosfa>
<fme:Chloride__>3740</fme:Chloride__>
<fme:BOD__23_>4,015</fme:BOD__23_>
<fme:COD__24_>39,981</fme:COD__24_>
<fme:TOC__25_>16,1</fme:TOC__25_>
<fme:Totaal_sti>1,6</fme:Totaal_sti>
<fme:Sulfaat__1>530</fme:Sulfaat__1>
<fme:Zware_meta/>
<fme:Lood/>
<fme:Zink/>
<fme:Chroom/>
<fme:col18>2,391563394</fme:col18>
<fme:Basis_Prat>2,391563394</fme:Basis_Prat>
<fme:Totale_Pra>1,928976914</fme:Totale_Pra>
<fme:csv_line_n>5</fme:csv_line_n>
<fme:Nummer>ZP03</fme:Nummer>
<fme:Naam/>
<fme:Ligging_me/>
<fme:Centrum>nee</fme:Centrum>
<fme:TPI04>3.2</fme:TPI04>
<fme:TPI05>3.6</fme:TPI05>
<fme:TPI06>3</fme:TPI06>
<fme:TPI07>3.8</fme:TPI07>
<fme:TPI08>3.8</fme:TPI08>
<fme:Aangemaakt_op>07/11/2018</fme:Aangemaakt_op>
</fme:ZP03>
<fme:ZP03>
<fme:ID>ZP03</fme:ID>
<fme:Parameter>3/07/2017</fme:Parameter>
<fme:Temperatuu>19,4</fme:Temperatuu>
<fme:Zuurstof__>-</fme:Zuurstof__>
<fme:Zuurstofpe>106,8</fme:Zuurstofpe>
<fme:pH__6_>8,3</fme:pH__6_>
<fme:Ammonium__>0,1</fme:Ammonium__>
<fme:Nitraat__1>0,004</fme:Nitraat__1>
<fme:Orthofosfa>1,01</fme:Orthofosfa>
<fme:Chloride__>3060</fme:Chloride__>
<fme:BOD__23_>2,95</fme:BOD__23_>
<fme:COD__24_>24,29</fme:COD__24_>
<fme:TOC__25_>9</fme:TOC__25_>
<fme:Totaal_sti>0,7</fme:Totaal_sti>
<fme:Sulfaat__1>412</fme:Sulfaat__1>
<fme:Zware_meta/>
<fme:Lood/>
<fme:Zink/>
<fme:Chroom/>
<fme:col18>1,368174592</fme:col18>
<fme:Basis_Prat>1,368174592</fme:Basis_Prat>
<fme:Totale_Pra>1,29894918</fme:Totale_Pra>
<fme:csv_line_n>6</fme:csv_line_n>
<fme:Nummer>ZP03</fme:Nummer>
<fme:Naam/>
<fme:Ligging_me/>
<fme:Centrum>nee</fme:Centrum>
<fme:TPI04>3.2</fme:TPI04>
<fme:TPI05>3.6</fme:TPI05>
<fme:TPI06>3</fme:TPI06>
<fme:TPI07>3.8</fme:TPI07>
<fme:TPI08>3.8</fme:TPI08>
<fme:Aangemaakt_op>07/11/2018</fme:Aangemaakt_op>
</fme:ZP03>
<fme:ZP03>
<fme:ID>ZP03</fme:ID>
<fme:Parameter>19/09/2017</fme:Parameter>
<fme:Temperatuu>13,3</fme:Temperatuu>
<fme:Zuurstof__>-</fme:Zuurstof__>
<fme:Zuurstofpe>28,8</fme:Zuurstofpe>
<fme:pH__6_>7,3</fme:pH__6_>
<fme:Ammonium__>0,28</fme:Ammonium__>
<fme:Nitraat__1>0,86</fme:Nitraat__1>
<fme:Orthofosfa>0,86</fme:Orthofosfa>
<fme:Chloride__>823</fme:Chloride__>
<fme:BOD__23_>3,94</fme:BOD__23_>
<fme:COD__24_>38,876</fme:COD__24_>
<fme:TOC__25_>15,6</fme:TOC__25_>
<fme:Totaal_sti>2,5</fme:Totaal_sti>
<fme:Sulfaat__1>125</fme:Sulfaat__1>
<fme:Zware_meta/>
<fme:Lood/>
<fme:Zink/>
<fme:Chroom/>
<fme:col18>4,18359441</fme:col18>
<fme:Basis_Prat>4,18359441</fme:Basis_Prat>
<fme:Totale_Pra>2,706113223</fme:Totale_Pra>
<fme:csv_line_n>7</fme:csv_line_n>
<fme:Nummer>ZP03</fme:Nummer>
<fme:Naam/>
<fme:Ligging_me/>
<fme:Centrum>nee</fme:Centrum>
<fme:TPI04>3.2</fme:TPI04>
<fme:TPI05>3.6</fme:TPI05>
<fme:TPI06>3</fme:TPI06>
<fme:TPI07>3.8</fme:TPI07>
<fme:TPI08>3.8</fme:TPI08>
<fme:Aangemaakt_op>07/11/2018</fme:Aangemaakt_op>
</fme:ZP03>
<fme:ZP03>
<fme:ID>ZP03</fme:ID>
<fme:Parameter>13/11/2017</fme:Parameter>
<fme:Temperatuu>7,9</fme:Temperatuu>
<fme:Zuurstof__>-</fme:Zuurstof__>
<fme:Zuurstofpe>76,6</fme:Zuurstofpe>
<fme:pH__6_>7,9</fme:pH__6_>
<fme:Ammonium__>0,65</fme:Ammonium__>
<fme:Nitraat__1>0,78</fme:Nitraat__1>
<fme:Orthofosfa/>
<fme:Chloride__>2310</fme:Chloride__>
<fme:BOD__23_>3,67</fme:BOD__23_>
<fme:COD__24_>34,898</fme:COD__24_>
<fme:TOC__25_>13,8</fme:TOC__25_>
<fme:Totaal_sti>2,8</fme:Totaal_sti>
<fme:Sulfaat__1>346</fme:Sulfaat__1>
<fme:Zware_meta/>
<fme:Lood/>
<fme:Zink/>
<fme:Chroom/>
<fme:col18>3,018771636</fme:col18>
<fme:Basis_Prat>3,018771636</fme:Basis_Prat>
<fme:Totale_Pra>2,20403262</fme:Totale_Pra>
<fme:csv_line_n>8</fme:csv_line_n>
<fme:Nummer>ZP03</fme:Nummer>
<fme:Naam/>
<fme:Ligging_me/>
<fme:Centrum>nee</fme:Centrum>
<fme:TPI04>3.2</fme:TPI04>
<fme:TPI05>3.6</fme:TPI05>
<fme:TPI06>3</fme:TPI06>
<fme:TPI07>3.8</fme:TPI07>
<fme:TPI08>3.8</fme:TPI08>
<fme:Aangemaakt_op>07/11/2018</fme:Aangemaakt_op>
</fme:ZP03>
</fme:ZP03-table>
</fme:xml-tables>