<?xml version="1.0" encoding="UTF-8"?>
<fme:xml-tables xmlns:xsi="http://www.w3.org/2001/XMLSchema-instance" xmlns:fme="http://www.safe.com/xml/xmltables" xsi:schemaLocation="http://www.safe.com/xml/xmltables ZP04.xsd">
<fme:ZP04-table>
<fme:ZP04>
<fme:ID>ZP04</fme:ID>
<fme:Parameter>6/03/2017</fme:Parameter>
<fme:Temperatuu>8,1</fme:Temperatuu>
<fme:Zuurstof__>-</fme:Zuurstof__>
<fme:Zuurstofpe>92,6</fme:Zuurstofpe>
<fme:pH__6_>7,7</fme:pH__6_>
<fme:Ammonium__>0,26</fme:Ammonium__>
<fme:Nitraat__1>0,65</fme:Nitraat__1>
<fme:Orthofosfa>0,25</fme:Orthofosfa>
<fme:Chloride__>630</fme:Chloride__>
<fme:BOD__23_>3,64</fme:BOD__23_>
<fme:COD__24_>34,456</fme:COD__24_>
<fme:TOC__25_>13,6</fme:TOC__25_>
<fme:Totaal_sti>2,3</fme:Totaal_sti>
<fme:Sulfaat__1>145</fme:Sulfaat__1>
<fme:Zware_meta/>
<fme:Lood/>
<fme:Zink/>
<fme:Chroom/>
<fme:col18>2,035905008</fme:col18>
<fme:Basis_Prat>2,035905008</fme:Basis_Prat>
<fme:Totale_Pra>1,639399744</fme:Totale_Pra>
<fme:csv_line_n>4</fme:csv_line_n>
<fme:Nummer>ZP04</fme:Nummer>
<fme:Naam>Ronsaardbeek</fme:Naam>
<fme:Ligging_me/>
<fme:Centrum>nee</fme:Centrum>
<fme:TPI04>3.6</fme:TPI04>
<fme:TPI05>2.7</fme:TPI05>
<fme:TPI06>3</fme:TPI06>
<fme:TPI07>3.2</fme:TPI07>
<fme:TPI08>3</fme:TPI08>
<fme:Aangemaakt_op>07/11/2018</fme:Aangemaakt_op>
</fme:ZP04>
<fme:ZP04>
<fme:ID>ZP04</fme:ID>
<fme:Parameter>24/04/2017</fme:Parameter>
<fme:Temperatuu>13,4</fme:Temperatuu>
<fme:Zuurstof__>-</fme:Zuurstof__>
<fme:Zuurstofpe>76,6</fme:Zuurstofpe>
<fme:pH__6_>7,8</fme:pH__6_>
<fme:Ammonium__>0,18</fme:Ammonium__>
<fme:Nitraat__1>1,56</fme:Nitraat__1>
<fme:Orthofosfa>0,03</fme:Orthofosfa>
<fme:Chloride__>305</fme:Chloride__>
<fme:BOD__23_>2,725</fme:BOD__23_>
<fme:COD__24_>20,975</fme:COD__24_>
<fme:TOC__25_>7,5</fme:TOC__25_>
<fme:Totaal_sti>5,9</fme:Totaal_sti>
<fme:Sulfaat__1>131</fme:Sulfaat__1>
<fme:Zware_meta/>
<fme:Lood/>
<fme:Zink/>
<fme:Chroom/>
<fme:col18>1,870077165</fme:col18>
<fme:Basis_Prat>1,870077165</fme:Basis_Prat>
<fme:Totale_Pra>1,579862847</fme:Totale_Pra>
<fme:csv_line_n>5</fme:csv_line_n>
<fme:Nummer>ZP04</fme:Nummer>
<fme:Naam>Ronsaardbeek</fme:Naam>
<fme:Ligging_me/>
<fme:Centrum>nee</fme:Centrum>
<fme:TPI04>3.6</fme:TPI04>
<fme:TPI05>2.7</fme:TPI05>
<fme:TPI06>3</fme:TPI06>
<fme:TPI07>3.2</fme:TPI07>
<fme:TPI08>3</fme:TPI08>
<fme:Aangemaakt_op>07/11/2018</fme:Aangemaakt_op>
</fme:ZP04>
<fme:ZP04>
<fme:ID>ZP04</fme:ID>
<fme:Parameter>3/07/2017</fme:Parameter>
<fme:Temperatuu>17,9</fme:Temperatuu>
<fme:Zuurstof__>-</fme:Zuurstof__>
<fme:Zuurstofpe>57,2</fme:Zuurstofpe>
<fme:pH__6_>7,1</fme:pH__6_>
<fme:Ammonium__>0,11</fme:Ammonium__>
<fme:Nitraat__1>0,39</fme:Nitraat__1>
<fme:Orthofosfa>0,17</fme:Orthofosfa>
<fme:Chloride__>680</fme:Chloride__>
<fme:BOD__23_>2,3485</fme:BOD__23_>
<fme:COD__24_>15,4279</fme:COD__24_>
<fme:TOC__25_>4,99</fme:TOC__25_>
<fme:Totaal_sti>0,8</fme:Totaal_sti>
<fme:Sulfaat__1>169</fme:Sulfaat__1>
<fme:Zware_meta/>
<fme:Lood/>
<fme:Zink/>
<fme:Chroom/>
<fme:col18>2,056195198</fme:col18>
<fme:Basis_Prat>2,056195198</fme:Basis_Prat>
<fme:Totale_Pra>1,388695873</fme:Totale_Pra>
<fme:csv_line_n>6</fme:csv_line_n>
<fme:Nummer>ZP04</fme:Nummer>
<fme:Naam>Ronsaardbeek</fme:Naam>
<fme:Ligging_me/>
<fme:Centrum>nee</fme:Centrum>
<fme:TPI04>3.6</fme:TPI04>
<fme:TPI05>2.7</fme:TPI05>
<fme:TPI06>3</fme:TPI06>
<fme:TPI07>3.2</fme:TPI07>
<fme:TPI08>3</fme:TPI08>
<fme:Aangemaakt_op>07/11/2018</fme:Aangemaakt_op>
</fme:ZP04>
<fme:ZP04>
<fme:ID>ZP04</fme:ID>
<fme:Parameter>12/09/2017</fme:Parameter>
<fme:Temperatuu>15,9</fme:Temperatuu>
<fme:Zuurstof__>-</fme:Zuurstof__>
<fme:Zuurstofpe>44,2</fme:Zuurstofpe>
<fme:pH__6_>7,7</fme:pH__6_>
<fme:Ammonium__>0,45</fme:Ammonium__>
<fme:Nitraat__1>0,64</fme:Nitraat__1>
<fme:Orthofosfa>0,49</fme:Orthofosfa>
<fme:Chloride__>308</fme:Chloride__>
<fme:BOD__23_>3,535</fme:BOD__23_>
<fme:COD__24_>32,909</fme:COD__24_>
<fme:TOC__25_>12,9</fme:TOC__25_>
<fme:Totaal_sti>2,4</fme:Totaal_sti>
<fme:Sulfaat__1>87</fme:Sulfaat__1>
<fme:Zware_meta/>
<fme:Lood/>
<fme:Zink/>
<fme:Chroom/>
<fme:col18>3,591031114</fme:col18>
<fme:Basis_Prat>3,591031114</fme:Basis_Prat>
<fme:Totale_Pra>2,403976157</fme:Totale_Pra>
<fme:csv_line_n>7</fme:csv_line_n>
<fme:Nummer>ZP04</fme:Nummer>
<fme:Naam>Ronsaardbeek</fme:Naam>
<fme:Ligging_me/>
<fme:Centrum>nee</fme:Centrum>
<fme:TPI04>3.6</fme:TPI04>
<fme:TPI05>2.7</fme:TPI05>
<fme:TPI06>3</fme:TPI06>
<fme:TPI07>3.2</fme:TPI07>
<fme:TPI08>3</fme:TPI08>
<fme:Aangemaakt_op>07/11/2018</fme:Aangemaakt_op>
</fme:ZP04>
<fme:ZP04>
<fme:ID>ZP04</fme:ID>
<fme:Parameter>13/11/2017</fme:Parameter>
<fme:Temperatuu>7,1</fme:Temperatuu>
<fme:Zuurstof__>-</fme:Zuurstof__>
<fme:Zuurstofpe>90</fme:Zuurstofpe>
<fme:pH__6_>8,1</fme:pH__6_>
<fme:Ammonium__>0,32</fme:Ammonium__>
<fme:Nitraat__1>0,82</fme:Nitraat__1>
<fme:Orthofosfa/>
<fme:Chloride__>675</fme:Chloride__>
<fme:BOD__23_>3,13</fme:BOD__23_>
<fme:COD__24_>26,942</fme:COD__24_>
<fme:TOC__25_>10,2</fme:TOC__25_>
<fme:Totaal_sti>2,2</fme:Totaal_sti>
<fme:Sulfaat__1>163</fme:Sulfaat__1>
<fme:Zware_meta/>
<fme:Lood/>
<fme:Zink/>
<fme:Chroom/>
<fme:col18>1,95156087</fme:col18>
<fme:Basis_Prat>1,95156087</fme:Basis_Prat>
<fme:Totale_Pra>1,681971906</fme:Totale_Pra>
<fme:csv_line_n>8</fme:csv_line_n>
<fme:Nummer>ZP04</fme:Nummer>
<fme:Naam>Ronsaardbeek</fme:Naam>
<fme:Ligging_me/>
<fme:Centrum>nee</fme:Centrum>
<fme:TPI04>3.6</fme:TPI04>
<fme:TPI05>2.7</fme:TPI05>
<fme:TPI06>3</fme:TPI06>
<fme:TPI07>3.2</fme:TPI07>
<fme:TPI08>3</fme:TPI08>
<fme:Aangemaakt_op>07/11/2018</fme:Aangemaakt_op>
</fme:ZP04>
</fme:ZP04-table>
</fme:xml-tables>