<?xml version="1.0" encoding="UTF-8"?>
<fme:xml-tables xmlns:xsi="http://www.w3.org/2001/XMLSchema-instance" xmlns:fme="http://www.safe.com/xml/xmltables" xsi:schemaLocation="http://www.safe.com/xml/xmltables ZP05.xsd">
<fme:ZP05-table>
<fme:ZP05>
<fme:ID>ZP05</fme:ID>
<fme:Parameter>6/03/2017</fme:Parameter>
<fme:Temperatuu>8,6</fme:Temperatuu>
<fme:Zuurstof__>-</fme:Zuurstof__>
<fme:Zuurstofpe>107,6</fme:Zuurstofpe>
<fme:pH__6_>7,6</fme:pH__6_>
<fme:Ammonium__>0,22</fme:Ammonium__>
<fme:Nitraat__1>1,04</fme:Nitraat__1>
<fme:Orthofosfa>0,22</fme:Orthofosfa>
<fme:Chloride__>650</fme:Chloride__>
<fme:BOD__23_>3,55</fme:BOD__23_>
<fme:COD__24_>33,13</fme:COD__24_>
<fme:TOC__25_>13</fme:TOC__25_>
<fme:Totaal_sti>2,5</fme:Totaal_sti>
<fme:Sulfaat__1>159</fme:Sulfaat__1>
<fme:Zware_meta/>
<fme:Lood/>
<fme:Zink/>
<fme:Chroom/>
<fme:col18>1,927882438</fme:col18>
<fme:Basis_Prat>1,927882438</fme:Basis_Prat>
<fme:Totale_Pra>1,600544754</fme:Totale_Pra>
<fme:csv_line_n>4</fme:csv_line_n>
<fme:Nummer>ZP05</fme:Nummer>
<fme:Naam/>
<fme:Ligging_me/>
<fme:Centrum>nee</fme:Centrum>
<fme:TPI04>3.1</fme:TPI04>
<fme:TPI05>3.2</fme:TPI05>
<fme:TPI06>3</fme:TPI06>
<fme:TPI07>3.2</fme:TPI07>
<fme:TPI08>0</fme:TPI08>
<fme:Aangemaakt_op>07/11/2018</fme:Aangemaakt_op>
</fme:ZP05>
<fme:ZP05>
<fme:ID>ZP05</fme:ID>
<fme:Parameter>24/04/2017</fme:Parameter>
<fme:Temperatuu>13,4</fme:Temperatuu>
<fme:Zuurstof__>-</fme:Zuurstof__>
<fme:Zuurstofpe>100,8</fme:Zuurstofpe>
<fme:pH__6_>8,1</fme:pH__6_>
<fme:Ammonium__>0,1</fme:Ammonium__>
<fme:Nitraat__1>2,84</fme:Nitraat__1>
<fme:Orthofosfa>0,04</fme:Orthofosfa>
<fme:Chloride__>149</fme:Chloride__>
<fme:BOD__23_>2,545</fme:BOD__23_>
<fme:COD__24_>18,323</fme:COD__24_>
<fme:TOC__25_>6,3</fme:TOC__25_>
<fme:Totaal_sti>4,2</fme:Totaal_sti>
<fme:Sulfaat__1>113</fme:Sulfaat__1>
<fme:Zware_meta/>
<fme:Lood/>
<fme:Zink/>
<fme:Chroom/>
<fme:col18>1,009274592</fme:col18>
<fme:Basis_Prat>1,009274592</fme:Basis_Prat>
<fme:Totale_Pra>1,332840743</fme:Totale_Pra>
<fme:csv_line_n>5</fme:csv_line_n>
<fme:Nummer>ZP05</fme:Nummer>
<fme:Naam/>
<fme:Ligging_me/>
<fme:Centrum>nee</fme:Centrum>
<fme:TPI04>3.1</fme:TPI04>
<fme:TPI05>3.2</fme:TPI05>
<fme:TPI06>3</fme:TPI06>
<fme:TPI07>3.2</fme:TPI07>
<fme:TPI08>0</fme:TPI08>
<fme:Aangemaakt_op>07/11/2018</fme:Aangemaakt_op>
</fme:ZP05>
<fme:ZP05>
<fme:ID>ZP05</fme:ID>
<fme:Parameter>3/07/2017</fme:Parameter>
<fme:Temperatuu>17,8</fme:Temperatuu>
<fme:Zuurstof__>-</fme:Zuurstof__>
<fme:Zuurstofpe>51,6</fme:Zuurstofpe>
<fme:pH__6_>7,8</fme:pH__6_>
<fme:Ammonium__>0,24</fme:Ammonium__>
<fme:Nitraat__1>1,07</fme:Nitraat__1>
<fme:Orthofosfa>0,03</fme:Orthofosfa>
<fme:Chloride__>2040</fme:Chloride__>
<fme:BOD__23_>2,1325</fme:BOD__23_>
<fme:COD__24_>12,2455</fme:COD__24_>
<fme:TOC__25_>3,55</fme:TOC__25_>
<fme:Totaal_sti>1,33</fme:Totaal_sti>
<fme:Sulfaat__1>369</fme:Sulfaat__1>
<fme:Zware_meta/>
<fme:Lood/>
<fme:Zink/>
<fme:Chroom/>
<fme:col18>2,354841037</fme:col18>
<fme:Basis_Prat>2,354841037</fme:Basis_Prat>
<fme:Totale_Pra>1,706495082</fme:Totale_Pra>
<fme:csv_line_n>6</fme:csv_line_n>
<fme:Nummer>ZP05</fme:Nummer>
<fme:Naam/>
<fme:Ligging_me/>
<fme:Centrum>nee</fme:Centrum>
<fme:TPI04>3.1</fme:TPI04>
<fme:TPI05>3.2</fme:TPI05>
<fme:TPI06>3</fme:TPI06>
<fme:TPI07>3.2</fme:TPI07>
<fme:TPI08>0</fme:TPI08>
<fme:Aangemaakt_op>07/11/2018</fme:Aangemaakt_op>
</fme:ZP05>
<fme:ZP05>
<fme:ID>ZP05</fme:ID>
<fme:Parameter>12/09/2017</fme:Parameter>
<fme:Temperatuu>16,8</fme:Temperatuu>
<fme:Zuurstof__>-</fme:Zuurstof__>
<fme:Zuurstofpe>65,5</fme:Zuurstofpe>
<fme:pH__6_>7,7</fme:pH__6_>
<fme:Ammonium__>0,09</fme:Ammonium__>
<fme:Nitraat__1>1,31</fme:Nitraat__1>
<fme:Orthofosfa>0,29</fme:Orthofosfa>
<fme:Chloride__>208</fme:Chloride__>
<fme:BOD__23_>2,8</fme:BOD__23_>
<fme:COD__24_>22,08</fme:COD__24_>
<fme:TOC__25_>8</fme:TOC__25_>
<fme:Totaal_sti>2,2</fme:Totaal_sti>
<fme:Sulfaat__1>89</fme:Sulfaat__1>
<fme:Zware_meta/>
<fme:Lood/>
<fme:Zink/>
<fme:Chroom/>
<fme:col18>2,008871219</fme:col18>
<fme:Basis_Prat>2,008871219</fme:Basis_Prat>
<fme:Totale_Pra>1,607987648</fme:Totale_Pra>
<fme:csv_line_n>7</fme:csv_line_n>
<fme:Nummer>ZP05</fme:Nummer>
<fme:Naam/>
<fme:Ligging_me/>
<fme:Centrum>nee</fme:Centrum>
<fme:TPI04>3.1</fme:TPI04>
<fme:TPI05>3.2</fme:TPI05>
<fme:TPI06>3</fme:TPI06>
<fme:TPI07>3.2</fme:TPI07>
<fme:TPI08>0</fme:TPI08>
<fme:Aangemaakt_op>07/11/2018</fme:Aangemaakt_op>
</fme:ZP05>
<fme:ZP05>
<fme:ID>ZP05</fme:ID>
<fme:Parameter>13/11/2017</fme:Parameter>
<fme:Temperatuu>7,7</fme:Temperatuu>
<fme:Zuurstof__>-</fme:Zuurstof__>
<fme:Zuurstofpe>91,6</fme:Zuurstofpe>
<fme:pH__6_>8,1</fme:pH__6_>
<fme:Ammonium__>0,41</fme:Ammonium__>
<fme:Nitraat__1>1,02</fme:Nitraat__1>
<fme:Orthofosfa/>
<fme:Chloride__>750</fme:Chloride__>
<fme:BOD__23_>3,805</fme:BOD__23_>
<fme:COD__24_>36,887</fme:COD__24_>
<fme:TOC__25_>14,7</fme:TOC__25_>
<fme:Totaal_sti>2,8</fme:Totaal_sti>
<fme:Sulfaat__1>187</fme:Sulfaat__1>
<fme:Zware_meta/>
<fme:Lood/>
<fme:Zink/>
<fme:Chroom/>
<fme:col18>2,373850314</fme:col18>
<fme:Basis_Prat>2,373850314</fme:Basis_Prat>
<fme:Totale_Pra>1,991306286</fme:Totale_Pra>
<fme:csv_line_n>8</fme:csv_line_n>
<fme:Nummer>ZP05</fme:Nummer>
<fme:Naam/>
<fme:Ligging_me/>
<fme:Centrum>nee</fme:Centrum>
<fme:TPI04>3.1</fme:TPI04>
<fme:TPI05>3.2</fme:TPI05>
<fme:TPI06>3</fme:TPI06>
<fme:TPI07>3.2</fme:TPI07>
<fme:TPI08>0</fme:TPI08>
<fme:Aangemaakt_op>07/11/2018</fme:Aangemaakt_op>
</fme:ZP05>
</fme:ZP05-table>
</fme:xml-tables>