<?xml version="1.0" encoding="UTF-8"?>
<fme:xml-tables xmlns:xsi="http://www.w3.org/2001/XMLSchema-instance" xmlns:fme="http://www.safe.com/xml/xmltables" xsi:schemaLocation="http://www.safe.com/xml/xmltables ZP06.xsd">
<fme:ZP06-table>
<fme:ZP06>
<fme:ID>ZP06</fme:ID>
<fme:Parameter>6/03/2017</fme:Parameter>
<fme:Temperatuu>9,3</fme:Temperatuu>
<fme:Zuurstof__>-</fme:Zuurstof__>
<fme:Zuurstofpe>130,8</fme:Zuurstofpe>
<fme:pH__6_>7,7</fme:pH__6_>
<fme:Ammonium__>0,25</fme:Ammonium__>
<fme:Nitraat__1>0,56</fme:Nitraat__1>
<fme:Orthofosfa>0,29</fme:Orthofosfa>
<fme:Chloride__>770</fme:Chloride__>
<fme:BOD__23_>3,475</fme:BOD__23_>
<fme:COD__24_>32,025</fme:COD__24_>
<fme:TOC__25_>12,5</fme:TOC__25_>
<fme:Totaal_sti>2</fme:Totaal_sti>
<fme:Sulfaat__1>151</fme:Sulfaat__1>
<fme:Zware_meta/>
<fme:Lood/>
<fme:Zink/>
<fme:Chroom/>
<fme:col18>2,561973298</fme:col18>
<fme:Basis_Prat>2,561973298</fme:Basis_Prat>
<fme:Totale_Pra>1,871932116</fme:Totale_Pra>
<fme:csv_line_n>4</fme:csv_line_n>
<fme:Nummer>ZP06</fme:Nummer>
<fme:Naam/>
<fme:Ligging_me/>
<fme:Centrum>nee</fme:Centrum>
<fme:TPI04>3.5</fme:TPI04>
<fme:TPI05>3.1</fme:TPI05>
<fme:TPI06>2.9</fme:TPI06>
<fme:TPI07>3.9</fme:TPI07>
<fme:TPI08>0</fme:TPI08>
<fme:Aangemaakt_op>07/11/2018</fme:Aangemaakt_op>
</fme:ZP06>
<fme:ZP06>
<fme:ID>ZP06</fme:ID>
<fme:Parameter>24/04/2017</fme:Parameter>
<fme:Temperatuu>13,4</fme:Temperatuu>
<fme:Zuurstof__>-</fme:Zuurstof__>
<fme:Zuurstofpe>66,3</fme:Zuurstofpe>
<fme:pH__6_>7,6</fme:pH__6_>
<fme:Ammonium__>0,19</fme:Ammonium__>
<fme:Nitraat__1>1,56</fme:Nitraat__1>
<fme:Orthofosfa>0,02</fme:Orthofosfa>
<fme:Chloride__>310</fme:Chloride__>
<fme:BOD__23_>2,71</fme:BOD__23_>
<fme:COD__24_>20,754</fme:COD__24_>
<fme:TOC__25_>7,4</fme:TOC__25_>
<fme:Totaal_sti>2,9</fme:Totaal_sti>
<fme:Sulfaat__1>126</fme:Sulfaat__1>
<fme:Zware_meta/>
<fme:Lood/>
<fme:Zink/>
<fme:Chroom/>
<fme:col18>2,156393309</fme:col18>
<fme:Basis_Prat>2,156393309</fme:Basis_Prat>
<fme:Totale_Pra>1,674687586</fme:Totale_Pra>
<fme:csv_line_n>5</fme:csv_line_n>
<fme:Nummer>ZP06</fme:Nummer>
<fme:Naam/>
<fme:Ligging_me/>
<fme:Centrum>nee</fme:Centrum>
<fme:TPI04>3.5</fme:TPI04>
<fme:TPI05>3.1</fme:TPI05>
<fme:TPI06>2.9</fme:TPI06>
<fme:TPI07>3.9</fme:TPI07>
<fme:TPI08>0</fme:TPI08>
<fme:Aangemaakt_op>07/11/2018</fme:Aangemaakt_op>
</fme:ZP06>
<fme:ZP06>
<fme:ID>ZP06</fme:ID>
<fme:Parameter>3/07/2017</fme:Parameter>
<fme:Temperatuu>16</fme:Temperatuu>
<fme:Zuurstof__>-</fme:Zuurstof__>
<fme:Zuurstofpe>15,1</fme:Zuurstofpe>
<fme:pH__6_>7,5</fme:pH__6_>
<fme:Ammonium__>0,15</fme:Ammonium__>
<fme:Nitraat__1>0,1</fme:Nitraat__1>
<fme:Orthofosfa>0,25</fme:Orthofosfa>
<fme:Chloride__>550</fme:Chloride__>
<fme:BOD__23_>2,3215</fme:BOD__23_>
<fme:COD__24_>15,0301</fme:COD__24_>
<fme:TOC__25_>4,81</fme:TOC__25_>
<fme:Totaal_sti>0,63</fme:Totaal_sti>
<fme:Sulfaat__1>139</fme:Sulfaat__1>
<fme:Zware_meta/>
<fme:Lood/>
<fme:Zink/>
<fme:Chroom/>
<fme:col18>3,951441193</fme:col18>
<fme:Basis_Prat>3,951441193</fme:Basis_Prat>
<fme:Totale_Pra>2,316781276</fme:Totale_Pra>
<fme:csv_line_n>6</fme:csv_line_n>
<fme:Nummer>ZP06</fme:Nummer>
<fme:Naam/>
<fme:Ligging_me/>
<fme:Centrum>nee</fme:Centrum>
<fme:TPI04>3.5</fme:TPI04>
<fme:TPI05>3.1</fme:TPI05>
<fme:TPI06>2.9</fme:TPI06>
<fme:TPI07>3.9</fme:TPI07>
<fme:TPI08>0</fme:TPI08>
<fme:Aangemaakt_op>07/11/2018</fme:Aangemaakt_op>
</fme:ZP06>
<fme:ZP06>
<fme:ID>ZP06</fme:ID>
<fme:Parameter>12/09/2017</fme:Parameter>
<fme:Temperatuu>15,9</fme:Temperatuu>
<fme:Zuurstof__>-</fme:Zuurstof__>
<fme:Zuurstofpe>34,5</fme:Zuurstofpe>
<fme:pH__6_>7,6</fme:pH__6_>
<fme:Ammonium__>5</fme:Ammonium__>
<fme:Nitraat__1>0,59</fme:Nitraat__1>
<fme:Orthofosfa>0,48</fme:Orthofosfa>
<fme:Chloride__>32,6</fme:Chloride__>
<fme:BOD__23_>2,5675</fme:BOD__23_>
<fme:COD__24_>18,6545</fme:COD__24_>
<fme:TOC__25_>6,45</fme:TOC__25_>
<fme:Totaal_sti>6,6</fme:Totaal_sti>
<fme:Sulfaat__1>19</fme:Sulfaat__1>
<fme:Zware_meta/>
<fme:Lood/>
<fme:Zink/>
<fme:Chroom/>
<fme:col18>6,988809116</fme:col18>
<fme:Basis_Prat>6,988809116</fme:Basis_Prat>
<fme:Totale_Pra>3,966981082</fme:Totale_Pra>
<fme:csv_line_n>7</fme:csv_line_n>
<fme:Nummer>ZP06</fme:Nummer>
<fme:Naam/>
<fme:Ligging_me/>
<fme:Centrum>nee</fme:Centrum>
<fme:TPI04>3.5</fme:TPI04>
<fme:TPI05>3.1</fme:TPI05>
<fme:TPI06>2.9</fme:TPI06>
<fme:TPI07>3.9</fme:TPI07>
<fme:TPI08>0</fme:TPI08>
<fme:Aangemaakt_op>07/11/2018</fme:Aangemaakt_op>
</fme:ZP06>
<fme:ZP06>
<fme:ID>ZP06</fme:ID>
<fme:Parameter>13/11/2017</fme:Parameter>
<fme:Temperatuu>7,4</fme:Temperatuu>
<fme:Zuurstof__>-</fme:Zuurstof__>
<fme:Zuurstofpe>93,1</fme:Zuurstofpe>
<fme:pH__6_>8</fme:pH__6_>
<fme:Ammonium__>0,26</fme:Ammonium__>
<fme:Nitraat__1>0,98</fme:Nitraat__1>
<fme:Orthofosfa/>
<fme:Chloride__>449</fme:Chloride__>
<fme:BOD__23_>2,935</fme:BOD__23_>
<fme:COD__24_>24,069</fme:COD__24_>
<fme:TOC__25_>8,9</fme:TOC__25_>
<fme:Totaal_sti>2,5</fme:Totaal_sti>
<fme:Sulfaat__1>120</fme:Sulfaat__1>
<fme:Zware_meta/>
<fme:Lood/>
<fme:Zink/>
<fme:Chroom/>
<fme:col18>1,676338341</fme:col18>
<fme:Basis_Prat>1,676338341</fme:Basis_Prat>
<fme:Totale_Pra>1,506390113</fme:Totale_Pra>
<fme:csv_line_n>8</fme:csv_line_n>
<fme:Nummer>ZP06</fme:Nummer>
<fme:Naam/>
<fme:Ligging_me/>
<fme:Centrum>nee</fme:Centrum>
<fme:TPI04>3.5</fme:TPI04>
<fme:TPI05>3.1</fme:TPI05>
<fme:TPI06>2.9</fme:TPI06>
<fme:TPI07>3.9</fme:TPI07>
<fme:TPI08>0</fme:TPI08>
<fme:Aangemaakt_op>07/11/2018</fme:Aangemaakt_op>
</fme:ZP06>
</fme:ZP06-table>
</fme:xml-tables>