<?xml version="1.0" encoding="UTF-8"?>
<fme:xml-tables xmlns:xsi="http://www.w3.org/2001/XMLSchema-instance" xmlns:fme="http://www.safe.com/xml/xmltables" xsi:schemaLocation="http://www.safe.com/xml/xmltables ZP07.xsd">
<fme:ZP07-table>
<fme:ZP07>
<fme:ID>ZP07</fme:ID>
<fme:Parameter>6/03/2017</fme:Parameter>
<fme:Temperatuu>9,1</fme:Temperatuu>
<fme:Zuurstof__>-</fme:Zuurstof__>
<fme:Zuurstofpe>12</fme:Zuurstofpe>
<fme:pH__6_>7,6</fme:pH__6_>
<fme:Ammonium__>0,27</fme:Ammonium__>
<fme:Nitraat__1>0,32</fme:Nitraat__1>
<fme:Orthofosfa>0,27</fme:Orthofosfa>
<fme:Chloride__>158</fme:Chloride__>
<fme:BOD__23_>3,445</fme:BOD__23_>
<fme:COD__24_>31,583</fme:COD__24_>
<fme:TOC__25_>12,3</fme:TOC__25_>
<fme:Totaal_sti>1,7</fme:Totaal_sti>
<fme:Sulfaat__1>91</fme:Sulfaat__1>
<fme:Zware_meta/>
<fme:Lood/>
<fme:Zink/>
<fme:Chroom/>
<fme:col18>4,932372594</fme:col18>
<fme:Basis_Prat>4,932372594</fme:Basis_Prat>
<fme:Totale_Pra>2,995432417</fme:Totale_Pra>
<fme:csv_line_n>4</fme:csv_line_n>
<fme:Nummer>ZP07</fme:Nummer>
<fme:Naam>Eivoordebeek</fme:Naam>
<fme:Ligging_me/>
<fme:Centrum>nee</fme:Centrum>
<fme:TPI04>3.5</fme:TPI04>
<fme:TPI05>3.7</fme:TPI05>
<fme:TPI06>4</fme:TPI06>
<fme:TPI07>3.6</fme:TPI07>
<fme:TPI08>3.1</fme:TPI08>
<fme:Aangemaakt_op>07/11/2018</fme:Aangemaakt_op>
</fme:ZP07>
<fme:ZP07>
<fme:ID>ZP07</fme:ID>
<fme:Parameter>24/04/2017</fme:Parameter>
<fme:Temperatuu>14,4</fme:Temperatuu>
<fme:Zuurstof__>-</fme:Zuurstof__>
<fme:Zuurstofpe>146,4</fme:Zuurstofpe>
<fme:pH__6_>8,3</fme:pH__6_>
<fme:Ammonium__>0,04</fme:Ammonium__>
<fme:Nitraat__1>3,53</fme:Nitraat__1>
<fme:Orthofosfa>0,06</fme:Orthofosfa>
<fme:Chloride__>110</fme:Chloride__>
<fme:BOD__23_>2,53</fme:BOD__23_>
<fme:COD__24_>18,102</fme:COD__24_>
<fme:TOC__25_>6,2</fme:TOC__25_>
<fme:Totaal_sti>4,7</fme:Totaal_sti>
<fme:Sulfaat__1>105</fme:Sulfaat__1>
<fme:Zware_meta/>
<fme:Lood/>
<fme:Zink/>
<fme:Chroom/>
<fme:col18>2,052072253</fme:col18>
<fme:Basis_Prat>2,052072253</fme:Basis_Prat>
<fme:Totale_Pra>1,983240235</fme:Totale_Pra>
<fme:csv_line_n>5</fme:csv_line_n>
<fme:Nummer>ZP07</fme:Nummer>
<fme:Naam>Eivoordebeek</fme:Naam>
<fme:Ligging_me/>
<fme:Centrum>nee</fme:Centrum>
<fme:TPI04>3.5</fme:TPI04>
<fme:TPI05>3.7</fme:TPI05>
<fme:TPI06>4</fme:TPI06>
<fme:TPI07>3.6</fme:TPI07>
<fme:TPI08>3.1</fme:TPI08>
<fme:Aangemaakt_op>07/11/2018</fme:Aangemaakt_op>
</fme:ZP07>
<fme:ZP07>
<fme:ID>ZP07</fme:ID>
<fme:Parameter>3/07/2017</fme:Parameter>
<fme:Temperatuu>16,8</fme:Temperatuu>
<fme:Zuurstof__>-</fme:Zuurstof__>
<fme:Zuurstofpe>4,1</fme:Zuurstofpe>
<fme:pH__6_>7,9</fme:pH__6_>
<fme:Ammonium__>0,14</fme:Ammonium__>
<fme:Nitraat__1>0,04</fme:Nitraat__1>
<fme:Orthofosfa>0,13</fme:Orthofosfa>
<fme:Chloride__>560</fme:Chloride__>
<fme:BOD__23_>2,41</fme:BOD__23_>
<fme:COD__24_>16,334</fme:COD__24_>
<fme:TOC__25_>5,4</fme:TOC__25_>
<fme:Totaal_sti>0,67</fme:Totaal_sti>
<fme:Sulfaat__1>136</fme:Sulfaat__1>
<fme:Zware_meta/>
<fme:Lood/>
<fme:Zink/>
<fme:Chroom/>
<fme:col18>4,76736613</fme:col18>
<fme:Basis_Prat>4,76736613</fme:Basis_Prat>
<fme:Totale_Pra>2,809685915</fme:Totale_Pra>
<fme:csv_line_n>6</fme:csv_line_n>
<fme:Nummer>ZP07</fme:Nummer>
<fme:Naam>Eivoordebeek</fme:Naam>
<fme:Ligging_me/>
<fme:Centrum>nee</fme:Centrum>
<fme:TPI04>3.5</fme:TPI04>
<fme:TPI05>3.7</fme:TPI05>
<fme:TPI06>4</fme:TPI06>
<fme:TPI07>3.6</fme:TPI07>
<fme:TPI08>3.1</fme:TPI08>
<fme:Aangemaakt_op>07/11/2018</fme:Aangemaakt_op>
</fme:ZP07>
<fme:ZP07>
<fme:ID>ZP07</fme:ID>
<fme:Parameter>12/09/2017</fme:Parameter>
<fme:Temperatuu>14,7</fme:Temperatuu>
<fme:Zuurstof__>-</fme:Zuurstof__>
<fme:Zuurstofpe>26,6</fme:Zuurstofpe>
<fme:pH__6_>7,4</fme:pH__6_>
<fme:Ammonium__>0,14</fme:Ammonium__>
<fme:Nitraat__1>0,95</fme:Nitraat__1>
<fme:Orthofosfa>0,67</fme:Orthofosfa>
<fme:Chloride__>106</fme:Chloride__>
<fme:BOD__23_>2,86</fme:BOD__23_>
<fme:COD__24_>22,964</fme:COD__24_>
<fme:TOC__25_>8,4</fme:TOC__25_>
<fme:Totaal_sti>1,9</fme:Totaal_sti>
<fme:Sulfaat__1>65</fme:Sulfaat__1>
<fme:Zware_meta/>
<fme:Lood/>
<fme:Zink/>
<fme:Chroom/>
<fme:col18>3,51068613</fme:col18>
<fme:Basis_Prat>3,51068613</fme:Basis_Prat>
<fme:Totale_Pra>2,271816124</fme:Totale_Pra>
<fme:csv_line_n>7</fme:csv_line_n>
<fme:Nummer>ZP07</fme:Nummer>
<fme:Naam>Eivoordebeek</fme:Naam>
<fme:Ligging_me/>
<fme:Centrum>nee</fme:Centrum>
<fme:TPI04>3.5</fme:TPI04>
<fme:TPI05>3.7</fme:TPI05>
<fme:TPI06>4</fme:TPI06>
<fme:TPI07>3.6</fme:TPI07>
<fme:TPI08>3.1</fme:TPI08>
<fme:Aangemaakt_op>07/11/2018</fme:Aangemaakt_op>
</fme:ZP07>
<fme:ZP07>
<fme:ID>ZP07</fme:ID>
<fme:Parameter>13/11/2017</fme:Parameter>
<fme:Temperatuu>8,4</fme:Temperatuu>
<fme:Zuurstof__>-</fme:Zuurstof__>
<fme:Zuurstofpe>72,4</fme:Zuurstofpe>
<fme:pH__6_>7,8</fme:pH__6_>
<fme:Ammonium__>0,23</fme:Ammonium__>
<fme:Nitraat__1>1,81</fme:Nitraat__1>
<fme:Orthofosfa/>
<fme:Chloride__>199</fme:Chloride__>
<fme:BOD__23_>2,755</fme:BOD__23_>
<fme:COD__24_>21,417</fme:COD__24_>
<fme:TOC__25_>7,7</fme:TOC__25_>
<fme:Totaal_sti>3</fme:Totaal_sti>
<fme:Sulfaat__1>107</fme:Sulfaat__1>
<fme:Zware_meta/>
<fme:Lood/>
<fme:Zink/>
<fme:Chroom/>
<fme:col18>2,088477159</fme:col18>
<fme:Basis_Prat>2,088477159</fme:Basis_Prat>
<fme:Totale_Pra>1,715586194</fme:Totale_Pra>
<fme:csv_line_n>8</fme:csv_line_n>
<fme:Nummer>ZP07</fme:Nummer>
<fme:Naam>Eivoordebeek</fme:Naam>
<fme:Ligging_me/>
<fme:Centrum>nee</fme:Centrum>
<fme:TPI04>3.5</fme:TPI04>
<fme:TPI05>3.7</fme:TPI05>
<fme:TPI06>4</fme:TPI06>
<fme:TPI07>3.6</fme:TPI07>
<fme:TPI08>3.1</fme:TPI08>
<fme:Aangemaakt_op>07/11/2018</fme:Aangemaakt_op>
</fme:ZP07>
</fme:ZP07-table>
</fme:xml-tables>