<?xml version="1.0" encoding="UTF-8"?>
<fme:xml-tables xmlns:xsi="http://www.w3.org/2001/XMLSchema-instance" xmlns:fme="http://www.safe.com/xml/xmltables" xsi:schemaLocation="http://www.safe.com/xml/xmltables ZP08.xsd">
<fme:ZP08-table>
<fme:ZP08>
<fme:ID>ZP08</fme:ID>
<fme:Parameter>6/03/2017</fme:Parameter>
<fme:Temperatuu>8,4</fme:Temperatuu>
<fme:Zuurstof__>-</fme:Zuurstof__>
<fme:Zuurstofpe>119,3</fme:Zuurstofpe>
<fme:pH__6_>7,6</fme:pH__6_>
<fme:Ammonium__>0,23</fme:Ammonium__>
<fme:Nitraat__1>0,28</fme:Nitraat__1>
<fme:Orthofosfa>0,37</fme:Orthofosfa>
<fme:Chloride__>128</fme:Chloride__>
<fme:BOD__23_>3,01</fme:BOD__23_>
<fme:COD__24_>25,174</fme:COD__24_>
<fme:TOC__25_>9,4</fme:TOC__25_>
<fme:Totaal_sti>1,37</fme:Totaal_sti>
<fme:Sulfaat__1>70</fme:Sulfaat__1>
<fme:Zware_meta/>
<fme:Lood/>
<fme:Zink/>
<fme:Chroom/>
<fme:col18>1,992377159</fme:col18>
<fme:Basis_Prat>1,992377159</fme:Basis_Prat>
<fme:Totale_Pra>1,470101845</fme:Totale_Pra>
<fme:csv_line_n>4</fme:csv_line_n>
<fme:Nummer>ZP08</fme:Nummer>
<fme:Naam>Fortbeek</fme:Naam>
<fme:Ligging_me/>
<fme:Centrum>nee</fme:Centrum>
<fme:TPI04>3.1</fme:TPI04>
<fme:TPI05>3.4</fme:TPI05>
<fme:TPI06>3.2</fme:TPI06>
<fme:TPI07>3.8</fme:TPI07>
<fme:TPI08>3.5</fme:TPI08>
<fme:Aangemaakt_op>07/11/2018</fme:Aangemaakt_op>
</fme:ZP08>
<fme:ZP08>
<fme:ID>ZP08</fme:ID>
<fme:Parameter>24/04/2017</fme:Parameter>
<fme:Temperatuu>15</fme:Temperatuu>
<fme:Zuurstof__>-</fme:Zuurstof__>
<fme:Zuurstofpe>146,1</fme:Zuurstofpe>
<fme:pH__6_>8,3</fme:pH__6_>
<fme:Ammonium__>0,04</fme:Ammonium__>
<fme:Nitraat__1>4,17</fme:Nitraat__1>
<fme:Orthofosfa>0,15</fme:Orthofosfa>
<fme:Chloride__>198</fme:Chloride__>
<fme:BOD__23_>2,485</fme:BOD__23_>
<fme:COD__24_>17,439</fme:COD__24_>
<fme:TOC__25_>5,9</fme:TOC__25_>
<fme:Totaal_sti>5,3</fme:Totaal_sti>
<fme:Sulfaat__1>115</fme:Sulfaat__1>
<fme:Zware_meta/>
<fme:Lood/>
<fme:Zink/>
<fme:Chroom/>
<fme:col18>2,021972253</fme:col18>
<fme:Basis_Prat>2,021972253</fme:Basis_Prat>
<fme:Totale_Pra>2,007001938</fme:Totale_Pra>
<fme:csv_line_n>5</fme:csv_line_n>
<fme:Nummer>ZP08</fme:Nummer>
<fme:Naam>Fortbeek</fme:Naam>
<fme:Ligging_me/>
<fme:Centrum>nee</fme:Centrum>
<fme:TPI04>3.1</fme:TPI04>
<fme:TPI05>3.4</fme:TPI05>
<fme:TPI06>3.2</fme:TPI06>
<fme:TPI07>3.8</fme:TPI07>
<fme:TPI08>3.5</fme:TPI08>
<fme:Aangemaakt_op>07/11/2018</fme:Aangemaakt_op>
</fme:ZP08>
<fme:ZP08>
<fme:ID>ZP08</fme:ID>
<fme:Parameter>3/07/2017</fme:Parameter>
<fme:Temperatuu>19,1</fme:Temperatuu>
<fme:Zuurstof__>-</fme:Zuurstof__>
<fme:Zuurstofpe>83,1</fme:Zuurstofpe>
<fme:pH__6_>8</fme:pH__6_>
<fme:Ammonium__>0,1</fme:Ammonium__>
<fme:Nitraat__1>2,25</fme:Nitraat__1>
<fme:Orthofosfa>0,28</fme:Orthofosfa>
<fme:Chloride__>423</fme:Chloride__>
<fme:BOD__23_>2,1115</fme:BOD__23_>
<fme:COD__24_>11,9361</fme:COD__24_>
<fme:TOC__25_>3,41</fme:TOC__25_>
<fme:Totaal_sti>2,3</fme:Totaal_sti>
<fme:Sulfaat__1>143</fme:Sulfaat__1>
<fme:Zware_meta/>
<fme:Lood/>
<fme:Zink/>
<fme:Chroom/>
<fme:col18>1,225711259</fme:col18>
<fme:Basis_Prat>1,225711259</fme:Basis_Prat>
<fme:Totale_Pra>1,310834917</fme:Totale_Pra>
<fme:csv_line_n>6</fme:csv_line_n>
<fme:Nummer>ZP08</fme:Nummer>
<fme:Naam>Fortbeek</fme:Naam>
<fme:Ligging_me/>
<fme:Centrum>nee</fme:Centrum>
<fme:TPI04>3.1</fme:TPI04>
<fme:TPI05>3.4</fme:TPI05>
<fme:TPI06>3.2</fme:TPI06>
<fme:TPI07>3.8</fme:TPI07>
<fme:TPI08>3.5</fme:TPI08>
<fme:Aangemaakt_op>07/11/2018</fme:Aangemaakt_op>
</fme:ZP08>
<fme:ZP08>
<fme:ID>ZP08</fme:ID>
<fme:Parameter>12/09/2017</fme:Parameter>
<fme:Temperatuu>16,8</fme:Temperatuu>
<fme:Zuurstof__>-</fme:Zuurstof__>
<fme:Zuurstofpe>79,1</fme:Zuurstofpe>
<fme:pH__6_>8</fme:pH__6_>
<fme:Ammonium__>4</fme:Ammonium__>
<fme:Nitraat__1>0,86</fme:Nitraat__1>
<fme:Orthofosfa>0,49</fme:Orthofosfa>
<fme:Chloride__>65,1</fme:Chloride__>
<fme:BOD__23_>2,5765</fme:BOD__23_>
<fme:COD__24_>18,7871</fme:COD__24_>
<fme:TOC__25_>6,51</fme:TOC__25_>
<fme:Totaal_sti>6</fme:Totaal_sti>
<fme:Sulfaat__1>31,1</fme:Sulfaat__1>
<fme:Zware_meta/>
<fme:Lood/>
<fme:Zink/>
<fme:Chroom/>
<fme:col18>5,067804714</fme:col18>
<fme:Basis_Prat>5,067804714</fme:Basis_Prat>
<fme:Totale_Pra>3,148385042</fme:Totale_Pra>
<fme:csv_line_n>7</fme:csv_line_n>
<fme:Nummer>ZP08</fme:Nummer>
<fme:Naam>Fortbeek</fme:Naam>
<fme:Ligging_me/>
<fme:Centrum>nee</fme:Centrum>
<fme:TPI04>3.1</fme:TPI04>
<fme:TPI05>3.4</fme:TPI05>
<fme:TPI06>3.2</fme:TPI06>
<fme:TPI07>3.8</fme:TPI07>
<fme:TPI08>3.5</fme:TPI08>
<fme:Aangemaakt_op>07/11/2018</fme:Aangemaakt_op>
</fme:ZP08>
<fme:ZP08>
<fme:ID>ZP08</fme:ID>
<fme:Parameter>13/11/2017</fme:Parameter>
<fme:Temperatuu>8,1</fme:Temperatuu>
<fme:Zuurstof__>-</fme:Zuurstof__>
<fme:Zuurstofpe>96,7</fme:Zuurstofpe>
<fme:pH__6_>7,9</fme:pH__6_>
<fme:Ammonium__>0,07</fme:Ammonium__>
<fme:Nitraat__1>1,29</fme:Nitraat__1>
<fme:Orthofosfa/>
<fme:Chloride__>202</fme:Chloride__>
<fme:BOD__23_>2,4355</fme:BOD__23_>
<fme:COD__24_>16,7097</fme:COD__24_>
<fme:TOC__25_>5,57</fme:TOC__25_>
<fme:Totaal_sti>2</fme:Totaal_sti>
<fme:Sulfaat__1>95</fme:Sulfaat__1>
<fme:Zware_meta/>
<fme:Lood/>
<fme:Zink/>
<fme:Chroom/>
<fme:col18>0,946026491</fme:col18>
<fme:Basis_Prat>0,946026491</fme:Basis_Prat>
<fme:Totale_Pra>1,087358611</fme:Totale_Pra>
<fme:csv_line_n>8</fme:csv_line_n>
<fme:Nummer>ZP08</fme:Nummer>
<fme:Naam>Fortbeek</fme:Naam>
<fme:Ligging_me/>
<fme:Centrum>nee</fme:Centrum>
<fme:TPI04>3.1</fme:TPI04>
<fme:TPI05>3.4</fme:TPI05>
<fme:TPI06>3.2</fme:TPI06>
<fme:TPI07>3.8</fme:TPI07>
<fme:TPI08>3.5</fme:TPI08>
<fme:Aangemaakt_op>07/11/2018</fme:Aangemaakt_op>
</fme:ZP08>
</fme:ZP08-table>
</fme:xml-tables>