<?xml version="1.0" encoding="UTF-8"?>
<fme:xml-tables xmlns:xsi="http://www.w3.org/2001/XMLSchema-instance" xmlns:fme="http://www.safe.com/xml/xmltables" xsi:schemaLocation="http://www.safe.com/xml/xmltables ZP09.xsd">
<fme:ZP09-table>
<fme:ZP09>
<fme:ID>ZP09</fme:ID>
<fme:Parameter>6/03/2017</fme:Parameter>
<fme:Temperatuu>9,6</fme:Temperatuu>
<fme:Zuurstof__>-</fme:Zuurstof__>
<fme:Zuurstofpe>145</fme:Zuurstofpe>
<fme:pH__6_>7,9</fme:pH__6_>
<fme:Ammonium__>0,28</fme:Ammonium__>
<fme:Nitraat__1>0,48</fme:Nitraat__1>
<fme:Orthofosfa>0,53</fme:Orthofosfa>
<fme:Chloride__>111</fme:Chloride__>
<fme:BOD__23_>3,16</fme:BOD__23_>
<fme:COD__24_>27,384</fme:COD__24_>
<fme:TOC__25_>10,4</fme:TOC__25_>
<fme:Totaal_sti>1,8</fme:Totaal_sti>
<fme:Sulfaat__1>85</fme:Sulfaat__1>
<fme:Zware_meta/>
<fme:Lood/>
<fme:Zink/>
<fme:Chroom/>
<fme:col18>2,835934677</fme:col18>
<fme:Basis_Prat>2,835934677</fme:Basis_Prat>
<fme:Totale_Pra>2,015809919</fme:Totale_Pra>
<fme:csv_line_n>4</fme:csv_line_n>
<fme:Nummer>ZP09</fme:Nummer>
<fme:Naam/>
<fme:Ligging_me/>
<fme:Centrum>nee</fme:Centrum>
<fme:TPI04>3.2</fme:TPI04>
<fme:TPI05>2.9</fme:TPI05>
<fme:TPI06>2.7</fme:TPI06>
<fme:TPI07>3.3</fme:TPI07>
<fme:TPI08>0</fme:TPI08>
<fme:Aangemaakt_op>07/11/2018</fme:Aangemaakt_op>
</fme:ZP09>
<fme:ZP09>
<fme:ID>ZP09</fme:ID>
<fme:Parameter>24/04/2017</fme:Parameter>
<fme:Temperatuu>13,8</fme:Temperatuu>
<fme:Zuurstof__>-</fme:Zuurstof__>
<fme:Zuurstofpe>59,8</fme:Zuurstofpe>
<fme:pH__6_>8,1</fme:pH__6_>
<fme:Ammonium__>0,08</fme:Ammonium__>
<fme:Nitraat__1>3,26</fme:Nitraat__1>
<fme:Orthofosfa>0,15</fme:Orthofosfa>
<fme:Chloride__>196</fme:Chloride__>
<fme:BOD__23_>2,56</fme:BOD__23_>
<fme:COD__24_>18,544</fme:COD__24_>
<fme:TOC__25_>6,4</fme:TOC__25_>
<fme:Totaal_sti>4,4</fme:Totaal_sti>
<fme:Sulfaat__1>114</fme:Sulfaat__1>
<fme:Zware_meta/>
<fme:Lood/>
<fme:Zink/>
<fme:Chroom/>
<fme:col18>2,017684768</fme:col18>
<fme:Basis_Prat>2,017684768</fme:Basis_Prat>
<fme:Totale_Pra>1,870030272</fme:Totale_Pra>
<fme:csv_line_n>5</fme:csv_line_n>
<fme:Nummer>ZP09</fme:Nummer>
<fme:Naam/>
<fme:Ligging_me/>
<fme:Centrum>nee</fme:Centrum>
<fme:TPI04>3.2</fme:TPI04>
<fme:TPI05>2.9</fme:TPI05>
<fme:TPI06>2.7</fme:TPI06>
<fme:TPI07>3.3</fme:TPI07>
<fme:TPI08>0</fme:TPI08>
<fme:Aangemaakt_op>07/11/2018</fme:Aangemaakt_op>
</fme:ZP09>
<fme:ZP09>
<fme:ID>ZP09</fme:ID>
<fme:Parameter>3/07/2017</fme:Parameter>
<fme:Temperatuu>16,7</fme:Temperatuu>
<fme:Zuurstof__>-</fme:Zuurstof__>
<fme:Zuurstofpe>31,5</fme:Zuurstofpe>
<fme:pH__6_>7,8</fme:pH__6_>
<fme:Ammonium__>0,12</fme:Ammonium__>
<fme:Nitraat__1>0,91</fme:Nitraat__1>
<fme:Orthofosfa>0,22</fme:Orthofosfa>
<fme:Chloride__>397</fme:Chloride__>
<fme:BOD__23_>2,149</fme:BOD__23_>
<fme:COD__24_>12,4886</fme:COD__24_>
<fme:TOC__25_>3,66</fme:TOC__25_>
<fme:Totaal_sti>1,14</fme:Totaal_sti>
<fme:Sulfaat__1>141</fme:Sulfaat__1>
<fme:Zware_meta/>
<fme:Lood/>
<fme:Zink/>
<fme:Chroom/>
<fme:col18>2,871564226</fme:col18>
<fme:Basis_Prat>2,871564226</fme:Basis_Prat>
<fme:Totale_Pra>1,948640062</fme:Totale_Pra>
<fme:csv_line_n>6</fme:csv_line_n>
<fme:Nummer>ZP09</fme:Nummer>
<fme:Naam/>
<fme:Ligging_me/>
<fme:Centrum>nee</fme:Centrum>
<fme:TPI04>3.2</fme:TPI04>
<fme:TPI05>2.9</fme:TPI05>
<fme:TPI06>2.7</fme:TPI06>
<fme:TPI07>3.3</fme:TPI07>
<fme:TPI08>0</fme:TPI08>
<fme:Aangemaakt_op>07/11/2018</fme:Aangemaakt_op>
</fme:ZP09>
<fme:ZP09>
<fme:ID>ZP09</fme:ID>
<fme:Parameter>12/09/2017</fme:Parameter>
<fme:Temperatuu>15,6</fme:Temperatuu>
<fme:Zuurstof__>-</fme:Zuurstof__>
<fme:Zuurstofpe>47,6</fme:Zuurstofpe>
<fme:pH__6_>7,6</fme:pH__6_>
<fme:Ammonium__>0,34</fme:Ammonium__>
<fme:Nitraat__1>1,07</fme:Nitraat__1>
<fme:Orthofosfa>0,22</fme:Orthofosfa>
<fme:Chloride__>181</fme:Chloride__>
<fme:BOD__23_>2,455</fme:BOD__23_>
<fme:COD__24_>16,997</fme:COD__24_>
<fme:TOC__25_>5,7</fme:TOC__25_>
<fme:Totaal_sti>2,1</fme:Totaal_sti>
<fme:Sulfaat__1>73</fme:Sulfaat__1>
<fme:Zware_meta/>
<fme:Lood/>
<fme:Zink/>
<fme:Chroom/>
<fme:col18>2,795173312</fme:col18>
<fme:Basis_Prat>2,795173312</fme:Basis_Prat>
<fme:Totale_Pra>1,915827886</fme:Totale_Pra>
<fme:csv_line_n>7</fme:csv_line_n>
<fme:Nummer>ZP09</fme:Nummer>
<fme:Naam/>
<fme:Ligging_me/>
<fme:Centrum>nee</fme:Centrum>
<fme:TPI04>3.2</fme:TPI04>
<fme:TPI05>2.9</fme:TPI05>
<fme:TPI06>2.7</fme:TPI06>
<fme:TPI07>3.3</fme:TPI07>
<fme:TPI08>0</fme:TPI08>
<fme:Aangemaakt_op>07/11/2018</fme:Aangemaakt_op>
</fme:ZP09>
<fme:ZP09>
<fme:ID>ZP09</fme:ID>
<fme:Parameter>13/11/2017</fme:Parameter>
<fme:Temperatuu>9,2</fme:Temperatuu>
<fme:Zuurstof__>-</fme:Zuurstof__>
<fme:Zuurstofpe>16,9</fme:Zuurstofpe>
<fme:pH__6_>7,7</fme:pH__6_>
<fme:Ammonium__>1,98</fme:Ammonium__>
<fme:Nitraat__1>0,18</fme:Nitraat__1>
<fme:Orthofosfa/>
<fme:Chloride__>172</fme:Chloride__>
<fme:BOD__23_>3,625</fme:BOD__23_>
<fme:COD__24_>34,235</fme:COD__24_>
<fme:TOC__25_>13,5</fme:TOC__25_>
<fme:Totaal_sti>5,1</fme:Totaal_sti>
<fme:Sulfaat__1>72</fme:Sulfaat__1>
<fme:Zware_meta/>
<fme:Lood/>
<fme:Zink/>
<fme:Chroom/>
<fme:col18>6,477596763</fme:col18>
<fme:Basis_Prat>6,477596763</fme:Basis_Prat>
<fme:Totale_Pra>3,783345507</fme:Totale_Pra>
<fme:csv_line_n>8</fme:csv_line_n>
<fme:Nummer>ZP09</fme:Nummer>
<fme:Naam/>
<fme:Ligging_me/>
<fme:Centrum>nee</fme:Centrum>
<fme:TPI04>3.2</fme:TPI04>
<fme:TPI05>2.9</fme:TPI05>
<fme:TPI06>2.7</fme:TPI06>
<fme:TPI07>3.3</fme:TPI07>
<fme:TPI08>0</fme:TPI08>
<fme:Aangemaakt_op>07/11/2018</fme:Aangemaakt_op>
</fme:ZP09>
</fme:ZP09-table>
</fme:xml-tables>