Datum;PM 1;PM 2,5;PM 10;G;H;I;J;K;L;M;N;O;P;Q;R;Longitude;Latitude;latWGS84;loWGS84;Aangemaakt op
20170324;20.43;22.35;27.55;;;;;;;;;;;;;3.221186;51.251561;;;22/10/2018
20170325;11.80;13.34;18.15;;;;;;;;;;;;;3.221186;51.251561;;;22/10/2018
20170326;12.19;13.75;16.62;;;;;;;;;;;;;3.221186;51.251561;;;22/10/2018
20170327;21.56;24.39;33.95;;;;;;;;;;;;;3.221186;51.251561;;;22/10/2018
20170328;22.34;27.19;46.66;;;;;;;;;;;;;3.221186;51.251561;;;22/10/2018
20170329;6.77;10.66;23.41;;;;;;;;;;;;;3.221186;51.251561;;;22/10/2018
20170330;8.95;12.41;27.74;;;;;;;;;;;;;3.221186;51.251561;;;22/10/2018
20170331;8.60;11.62;25.92;;;;;;;;;;;;;3.221186;51.251561;;;22/10/2018
20170401;9.17;12.32;19.77;;;;;;;;;;;;;3.221186;51.251561;;;22/10/2018
20170402;11.36;14.70;18.96;;;;;;;;;;;;;3.221186;51.251561;;;22/10/2018
20170403;23.18;26.38;34.87;;;;;;;;;;;;;3.221186;51.251561;;;22/10/2018
20170404;25.88;29.13;35.28;;;;;;;;;;;;;3.221186;51.251561;;;22/10/2018
20170405;7.31;11.47;20.52;;;;;;;;;;;;;3.221186;51.251561;;;22/10/2018
20170406;5.40;10.99;22.35;;;;;;;;;;;;;3.221186;51.251561;;;22/10/2018
20170407;13.86;17.56;26.89;;;;;;;;;;;;;3.221186;51.251561;;;22/10/2018
20170408;23.99;26.01;31.89;;;;;;;;;;;;;3.221186;51.251561;;;22/10/2018
20170409;40.13;45.99;59.38;;;;;;;;;;;;;3.221186;51.251561;;;22/10/2018
20170410;11.08;14.42;23.25;;;;;;;;;;;;;3.221186;51.251561;;;22/10/2018
20170411;9.59;13.15;22.71;;;;;;;;;;;;;3.221186;51.251561;;;22/10/2018
20170412;10.42;14.30;25.74;;;;;;;;;;;;;3.221186;51.251561;;;22/10/2018
20170413;5.00;8.25;15.55;;;;;;;;;;;;;3.221186;51.251561;;;22/10/2018
20170414;8.75;11.46;20.20;;;;;;;;;;;;;3.221186;51.251561;;;22/10/2018
20170415;6.06;7.71;11.46;;;;;;;;;;;;;3.221186;51.251561;;;22/10/2018
20170416;4.66;7.41;13.14;;;;;;;;;;;;;3.221186;51.251561;;;22/10/2018
20170417;4.40;6.32;10.30;;;;;;;;;;;;;3.221186;51.251561;;;22/10/2018
20170418;2.11;3.58;7.92;;;;;;;;;;;;;3.221186;51.251561;;;22/10/2018
20170419;7.74;8.78;12.82;;;;;;;;;;;;;3.221186;51.251561;;;22/10/2018
20170420;20.64;22.79;31.38;;;;;;;;;;;;;3.221186;51.251561;;;22/10/2018
20170421;21.72;25.51;36.81;;;;;;;;;;;;;3.221186;51.251561;;;22/10/2018
20170422;4.66;7.27;13.06;;;;;;;;;;;;;3.221186;51.251561;;;22/10/2018
20170423;2.70;4.58;9.25;;;;;;;;;;;;;3.221186;51.251561;;;22/10/2018
20170424;9.84;12.94;24.36;;;;;;;;;;;;;3.221186;51.251561;;;22/10/2018
20170425;2.82;4.63;10.10;;;;;;;;;;;;;3.221186;51.251561;;;22/10/2018
20170426;1.88;3.83;8.94;;;;;;;;;;;;;3.221186;51.251561;;;22/10/2018
20170427;4.67;6.18;10.02;;;;;;;;;;;;;3.221186;51.251561;;;22/10/2018
20170428;5.96;7.56;11.75;;;;;;;;;;;;;3.221186;51.251561;;;22/10/2018
20170429;14.63;16.99;23.57;;;;;;;;;;;;;3.221186;51.251561;;;22/10/2018
20170430;10.36;12.10;20.50;;;;;;;;;;;;;3.221186;51.251561;;;22/10/2018
20170501;3.98;5.30;9.90;;;;;;;;;;;;;3.221186;51.251561;;;22/10/2018
20170502;14.68;16.86;22.90;;;;;;;;;;;;;3.221186;51.251561;;;22/10/2018
20170503;19.39;20.29;22.86;;;;;;;;;;;;;3.221186;51.251561;;;22/10/2018
20170504;18.93;20.78;26.36;;;;;;;;;;;;;3.221186;51.251561;;;22/10/2018
20170505;13.38;14.76;18.58;;;;;;;;;;;;;3.221186;51.251561;;;22/10/2018
20170506;27.06;28.98;32.99;;;;;;;;;;;;;3.221186;51.251561;;;22/10/2018
20170507;13.33;16.21;20.72;;;;;;;;;;;;;3.221186;51.251561;;;22/10/2018
20170508;5.00;8.67;16.36;;;;;;;;;;;;;3.221186;51.251561;;;22/10/2018
20170509;3.59;6.92;15.56;;;;;;;;;;;;;3.221186;51.251561;;;22/10/2018
20170510;11.01;14.11;21.97;;;;;;;;;;;;;3.221186;51.251561;;;22/10/2018
20170511;22.58;25.71;36.25;;;;;;;;;;;;;3.221186;51.251561;;;22/10/2018
20170512;8.79;10.67;18.50;;;;;;;;;;;;;3.221186;51.251561;;;22/10/2018
20170513;9.65;12.02;20.39;;;;;;;;;;;;;3.221186;51.251561;;;22/10/2018
20170514;7.79;10.45;17.06;;;;;;;;;;;;;3.221186;51.251561;;;22/10/2018
20170515;4.83;8.15;19.97;;;;;;;;;;;;;3.221186;51.251561;;;22/10/2018
20170516;4.53;7.04;18.43;;;;;;;;;;;;;3.221186;51.251561;;;22/10/2018
20170517;9.16;12.53;28.41;;;;;;;;;;;;;3.221186;51.251561;;;22/10/2018
20170518;10.62;11.75;15.07;;;;;;;;;;;;;3.221186;51.251561;;;22/10/2018
20170519;6.16;8.24;14.68;;;;;;;;;;;;;3.221186;51.251561;;;22/10/2018
20170520;4.52;6.31;12.51;;;;;;;;;;;;;3.221186;51.251561;;;22/10/2018
20170521;6.55;7.94;12.22;;;;;;;;;;;;;3.221186;51.251561;;;22/10/2018
20170522;9.04;10.99;20.51;;;;;;;;;;;;;3.221186;51.251561;;;22/10/2018
20170523;10.42;13.03;19.95;;;;;;;;;;;;;3.221186;51.251561;;;22/10/2018
20170524;11.29;13.49;19.86;;;;;;;;;;;;;3.221186;51.251561;;;22/10/2018
20170525;10.67;12.03;15.44;;;;;;;;;;;;;3.221186;51.251561;;;22/10/2018
20170526;6.35;8.17;16.44;;;;;;;;;;;;;3.221186;51.251561;;;22/10/2018
20170527;6.63;8.93;19.91;;;;;;;;;;;;;3.221186;51.251561;;;22/10/2018
20170528;5.07;6.61;10.62;;;;;;;;;;;;;3.221186;51.251561;;;22/10/2018
20170529;14.78;17.88;27.94;;;;;;;;;;;;;3.221186;51.251561;;;22/10/2018
20170530;8.90;11.42;21.44;;;;;;;;;;;;;3.221186;51.251561;;;22/10/2018
20170531;6.93;9.19;16.63;;;;;;;;;;;;;3.221186;51.251561;;;22/10/2018
20170601;6.12;8.56;17.46;;;;;;;;;;;;;3.221186;51.251561;;;22/10/2018
20170602;6.96;9.57;20.67;;;;;;;;;;;;;3.221186;51.251561;;;22/10/2018
20170603;14.79;16.96;23.09;;;;;;;;;;;;;3.221186;51.251561;;;22/10/2018
20170604;3.32;6.04;12.47;;;;;;;;;;;;;3.221186;51.251561;;;22/10/2018
20170605;3.11;5.24;14.17;;;;;;;;;;;;;3.221186;51.251561;;;22/10/2018
20170606;2.96;6.05;16.30;;;;;;;;;;;;;3.221186;51.251561;;;22/10/2018
20170607;3.86;8.96;25.35;;;;;;;;;;;;;3.221186;51.251561;;;22/10/2018
20170608;4.25;7.51;18.06;;;;;;;;;;;;;3.221186;51.251561;;;22/10/2018
20170609;3.65;6.67;13.80;;;;;;;;;;;;;3.221186;51.251561;;;22/10/2018
20170610;4.01;7.39;14.89;;;;;;;;;;;;;3.221186;51.251561;;;22/10/2018
20170611;4.76;7.61;15.88;;;;;;;;;;;;;3.221186;51.251561;;;22/10/2018
20170612;4.46;9.04;20.34;;;;;;;;;;;;;3.221186;51.251561;;;22/10/2018
20170613;3.97;6.92;13.22;;;;;;;;;;;;;3.221186;51.251561;;;22/10/2018
20170614;11.63;14.16;22.44;;;;;;;;;;;;;3.221186;51.251561;;;22/10/2018
20170615;9.10;12.80;30.29;;;;;;;;;;;;;3.221186;51.251561;;;22/10/2018
20170616;4.11;8.06;16.38;;;;;;;;;;;;;3.221186;51.251561;;;22/10/2018
20170617;6.69;10.12;16.72;;;;;;;;;;;;;3.221186;51.251561;;;22/10/2018
20170618;14.26;17.19;24.80;;;;;;;;;;;;;3.221186;51.251561;;;22/10/2018
20170619;15.56;17.69;26.78;;;;;;;;;;;;;3.221186;51.251561;;;22/10/2018
20170620;18.78;21.66;32.59;;;;;;;;;;;;;3.221186;51.251561;;;22/10/2018
20170621;11.20;14.50;29.50;;;;;;;;;;;;;3.221186;51.251561;;;22/10/2018
20170622;14.16;19.63;46.38;;;;;;;;;;;;;3.221186;51.251561;;;22/10/2018
20170623;6.54;10.91;27.64;;;;;;;;;;;;;3.221186;51.251561;;;22/10/2018
20170624;4.11;6.14;11.52;;;;;;;;;;;;;3.221186;51.251561;;;22/10/2018
20170625;4.14;6.09;11.29;;;;;;;;;;;;;3.221186;51.251561;;;22/10/2018
20170626;2.58;4.95;11.66;;;;;;;;;;;;;3.221186;51.251561;;;22/10/2018
20170627;11.62;15.03;26.85;;;;;;;;;;;;;3.221186;51.251561;;;22/10/2018
20170628;19.29;22.33;31.74;;;;;;;;;;;;;3.221186;51.251561;;;22/10/2018
20170629;4.13;7.73;27.81;;;;;;;;;;;;;3.221186;51.251561;;;22/10/2018
20170630;6.90;8.68;15.03;;;;;;;;;;;;;3.221186;51.251561;;;22/10/2018
20170701;6.25;10.57;18.62;;;;;;;;;;;;;3.221186;51.251561;;;22/10/2018
20170702;4.38;7.20;12.76;;;;;;;;;;;;;3.221186;51.251561;;;22/10/2018
20170703;5.83;8.82;18.96;;;;;;;;;;;;;3.221186;51.251561;;;22/10/2018
20170704;17.34;21.74;31.36;;;;;;;;;;;;;3.221186;51.251561;;;22/10/2018
20170705;6.90;8.87;16.48;;;;;;;;;;;;;3.221186;51.251561;;;22/10/2018
20170706;8.80;10.68;18.08;;;;;;;;;;;;;3.221186;51.251561;;;22/10/2018
20170707;15.44;18.69;29.70;;;;;;;;;;;;;3.221186;51.251561;;;22/10/2018
20170708;6.37;8.73;14.86;;;;;;;;;;;;;3.221186;51.251561;;;22/10/2018
20170709;6.78;8.13;13.21;;;;;;;;;;;;;3.221186;51.251561;;;22/10/2018
20170710;7.47;9.70;19.89;;;;;;;;;;;;;3.221186;51.251561;;;22/10/2018
20170711;5.28;8.16;16.18;;;;;;;;;;;;;3.221186;51.251561;;;22/10/2018
20170712;3.95;6.26;12.64;;;;;;;;;;;;;3.221186;51.251561;;;22/10/2018
20170713;5.03;7.51;14.36;;;;;;;;;;;;;3.221186;51.251561;;;22/10/2018
20170714;6.05;8.29;15.67;;;;;;;;;;;;;3.221186;51.251561;;;22/10/2018
20170715;4.99;7.10;13.86;;;;;;;;;;;;;3.221186;51.251561;;;22/10/2018
20170716;6.56;9.25;14.99;;;;;;;;;;;;;3.221186;51.251561;;;22/10/2018
20170717;4.77;6.31;11.08;;;;;;;;;;;;;3.221186;51.251561;;;22/10/2018
20170718;7.91;10.04;18.41;;;;;;;;;;;;;3.221186;51.251561;;;22/10/2018
20170719;10.25;13.85;30.39;;;;;;;;;;;;;3.221186;51.251561;;;22/10/2018
20170720;5.80;8.33;16.49;;;;;;;;;;;;;3.221186;51.251561;;;22/10/2018
20170721;3.18;6.25;14.79;;;;;;;;;;;;;3.221186;51.251561;;;22/10/2018
20170722;5.15;7.41;14.76;;;;;;;;;;;;;3.221186;51.251561;;;22/10/2018
20170723;3.10;5.00;9.62;;;;;;;;;;;;;3.221186;51.251561;;;22/10/2018
20170724;3.37;4.87;7.82;;;;;;;;;;;;;3.221186;51.251561;;;22/10/2018
20170725;2.40;3.85;7.03;;;;;;;;;;;;;3.221186;51.251561;;;22/10/2018
20170726;7.40;9.16;14.89;;;;;;;;;;;;;3.221186;51.251561;;;22/10/2018
20170727;3.83;7.49;15.09;;;;;;;;;;;;;3.221186;51.251561;;;22/10/2018
20170728;4.12;7.63;14.55;;;;;;;;;;;;;3.221186;51.251561;;;22/10/2018
20170729;3.50;5.00;8.68;;;;;;;;;;;;;3.221186;51.251561;;;22/10/2018
20170730;3.54;5.01;10.01;;;;;;;;;;;;;3.221186;51.251561;;;22/10/2018
20170731;3.29;5.34;10.20;;;;;;;;;;;;;3.221186;51.251561;;;22/10/2018
20170801;3.72;6.18;12.55;;;;;;;;;;;;;3.221186;51.251561;;;22/10/2018
20170802;4.81;6.70;13.45;;;;;;;;;;;;;3.221186;51.251561;;;22/10/2018
20170803;3.57;5.93;12.81;;;;;;;;;;;;;3.221186;51.251561;;;22/10/2018
20170804;1.82;3.90;9.24;;;;;;;;;;;;;3.221186;51.251561;;;22/10/2018
20170805;3.41;5.52;10.23;;;;;;;;;;;;;3.221186;51.251561;;;22/10/2018
20170806;4.14;5.72;10.32;;;;;;;;;;;;;3.221186;51.251561;;;22/10/2018
20170807;4.74;8.25;20.78;;;;;;;;;;;;;3.221186;51.251561;;;22/10/2018
20170808;10.16;12.42;18.63;;;;;;;;;;;;;3.221186;51.251561;;;22/10/2018
20170809;5.99;7.60;13.00;;;;;;;;;;;;;3.221186;51.251561;;;22/10/2018
20170810;12.10;13.83;18.75;;;;;;;;;;;;;3.221186;51.251561;;;22/10/2018
20170811;4.74;6.52;10.79;;;;;;;;;;;;;3.221186;51.251561;;;22/10/2018
20170812;3.34;5.09;8.76;;;;;;;;;;;;;3.221186;51.251561;;;22/10/2018
20170813;4.02;5.58;9.08;;;;;;;;;;;;;3.221186;51.251561;;;22/10/2018
20170814;12.72;14.62;21.00;;;;;;;;;;;;;3.221186;51.251561;;;22/10/2018
20170815;7.41;8.86;13.12;;;;;;;;;;;;;3.221186;51.251561;;;22/10/2018
20170816;6.16;8.91;17.33;;;;;;;;;;;;;3.221186;51.251561;;;22/10/2018
20170817;4.94;6.54;12.14;;;;;;;;;;;;;3.221186;51.251561;;;22/10/2018
20170818;3.88;6.91;14.23;;;;;;;;;;;;;3.221186;51.251561;;;22/10/2018
20170819;3.12;6.11;12.35;;;;;;;;;;;;;3.221186;51.251561;;;22/10/2018
20170820;3.22;5.84;11.56;;;;;;;;;;;;;3.221186;51.251561;;;22/10/2018
20170821;4.78;6.99;13.04;;;;;;;;;;;;;3.221186;51.251561;;;22/10/2018
20170822;9.34;11.79;19.65;;;;;;;;;;;;;3.221186;51.251561;;;22/10/2018
20170823;12.92;15.91;25.96;;;;;;;;;;;;;3.221186;51.251561;;;22/10/2018
20170824;3.70;6.62;13.70;;;;;;;;;;;;;3.221186;51.251561;;;22/10/2018
20170825;10.51;13.61;22.51;;;;;;;;;;;;;3.221186;51.251561;;;22/10/2018
20170826;21.86;24.70;32.11;;;;;;;;;;;;;3.221186;51.251561;;;22/10/2018
20170827;24.02;26.62;32.44;;;;;;;;;;;;;3.221186;51.251561;;;22/10/2018
20170828;25.70;28.68;38.21;;;;;;;;;;;;;3.221186;51.251561;;;22/10/2018
20170829;39.98;44.19;60.19;;;;;;;;;;;;;3.221186;51.251561;;;22/10/2018
20170830;10.93;13.08;17.52;;;;;;;;;;;;;3.221186;51.251561;;;22/10/2018
20170831;4.11;5.87;10.73;;;;;;;;;;;;;3.221186;51.251561;;;22/10/2018
20170901;6.19;8.31;14.77;;;;;;;;;;;;;3.221186;51.251561;;;22/10/2018
20170902;5.52;6.65;9.23;;;;;;;;;;;;;3.221186;51.251561;;;22/10/2018
20170903;8.89;10.14;13.62;;;;;;;;;;;;;3.221186;51.251561;;;22/10/2018
20170904;11.12;12.69;19.23;;;;;;;;;;;;;3.221186;51.251561;;;22/10/2018
20170905;6.27;7.76;14.30;;;;;;;;;;;;;3.221186;51.251561;;;22/10/2018
20170906;4.69;8.65;16.31;;;;;;;;;;;;;3.221186;51.251561;;;22/10/2018
20170907;7.46;13.08;23.01;;;;;;;;;;;;;3.221186;51.251561;;;22/10/2018
20170908;3.68;5.44;9.51;;;;;;;;;;;;;3.221186;51.251561;;;22/10/2018
20170909;2.74;3.84;6.54;;;;;;;;;;;;;3.221186;51.251561;;;22/10/2018
20170910;3.79;5.35;9.34;;;;;;;;;;;;;3.221186;51.251561;;;22/10/2018
20170911;3.40;6.26;11.66;;;;;;;;;;;;;3.221186;51.251561;;;22/10/2018
20170912;2.50;4.77;10.49;;;;;;;;;;;;;3.221186;51.251561;;;22/10/2018
20170913;2.79;5.98;14.45;;;;;;;;;;;;;3.221186;51.251561;;;22/10/2018
20170914;2.78;4.55;8.68;;;;;;;;;;;;;3.221186;51.251561;;;22/10/2018
20170915;3.70;5.36;9.81;;;;;;;;;;;;;3.221186;51.251561;;;22/10/2018
20170916;5.46;6.39;9.09;;;;;;;;;;;;;3.221186;51.251561;;;22/10/2018
20170917;9.62;10.71;13.78;;;;;;;;;;;;;3.221186;51.251561;;;22/10/2018
20170918;2.57;4.02;7.89;;;;;;;;;;;;;3.221186;51.251561;;;22/10/2018
20170919;2.33;3.65;6.87;;;;;;;;;;;;;3.221186;51.251561;;;22/10/2018
20170920;9.35;11.55;19.73;;;;;;;;;;;;;3.221186;51.251561;;;22/10/2018
20170921;10.28;13.06;26.89;;;;;;;;;;;;;3.221186;51.251561;;;22/10/2018
20170922;8.15;9.87;14.92;;;;;;;;;;;;;3.221186;51.251561;;;22/10/2018
20170923;15.72;17.33;21.98;;;;;;;;;;;;;3.221186;51.251561;;;22/10/2018
20170924;25.76;27.55;32.56;;;;;;;;;;;;;3.221186;51.251561;;;22/10/2018
20170925;43.20;46.35;54.51;;;;;;;;;;;;;3.221186;51.251561;;;22/10/2018
20170926;33.17;36.11;42.80;;;;;;;;;;;;;3.221186;51.251561;;;22/10/2018
20170927;29.78;32.34;40.44;;;;;;;;;;;;;3.221186;51.251561;;;22/10/2018
20170928;14.17;16.09;23.59;;;;;;;;;;;;;3.221186;51.251561;;;22/10/2018
20170929;10.72;14.37;28.81;;;;;;;;;;;;;3.221186;51.251561;;;22/10/2018
20170930;4.67;8.37;15.59;;;;;;;;;;;;;3.221186;51.251561;;;22/10/2018
20171001;4.47;6.39;10.90;;;;;;;;;;;;;3.221186;51.251561;;;22/10/2018
20171002;6.27;12.36;23.62;;;;;;;;;;;;;3.221186;51.251561;;;22/10/2018
20171003;3.62;6.84;13.46;;;;;;;;;;;;;3.221186;51.251561;;;22/10/2018
20171004;4.66;8.29;18.10;;;;;;;;;;;;;3.221186;51.251561;;;22/10/2018
20171005;3.10;6.57;14.54;;;;;;;;;;;;;3.221186;51.251561;;;22/10/2018
20171006;3.13;6.17;13.04;;;;;;;;;;;;;3.221186;51.251561;;;22/10/2018
20171007;4.43;6.66;11.31;;;;;;;;;;;;;3.221186;51.251561;;;22/10/2018
20171008;4.71;6.25;10.04;;;;;;;;;;;;;3.221186;51.251561;;;22/10/2018
20171009;11.10;13.40;20.81;;;;;;;;;;;;;3.221186;51.251561;;;22/10/2018
20171010;6.33;8.36;14.81;;;;;;;;;;;;;3.221186;51.251561;;;22/10/2018
20171011;3.77;4.94;10.19;;;;;;;;;;;;;3.221186;51.251561;;;22/10/2018
20171012;4.49;8.67;17.87;;;;;;;;;;;;;3.221186;51.251561;;;22/10/2018
20171013;5.73;8.20;14.16;;;;;;;;;;;;;3.221186;51.251561;;;22/10/2018
20171014;11.29;13.80;20.47;;;;;;;;;;;;;3.221186;51.251561;;;22/10/2018
20171015;14.80;17.40;26.72;;;;;;;;;;;;;3.221186;51.251561;;;22/10/2018
20171016;13.32;17.24;31.77;;;;;;;;;;;;;3.221186;51.251561;;;22/10/2018
20171017;7.26;14.52;31.46;;;;;;;;;;;;;3.221186;51.251561;;;22/10/2018
20171018;19.54;25.01;39.77;;;;;;;;;;;;;3.221186;51.251561;;;22/10/2018
20171019;15.61;18.83;31.95;;;;;;;;;;;;;3.221186;51.251561;;;22/10/2018
20171020;4.14;7.15;14.60;;;;;;;;;;;;;3.221186;51.251561;;;22/10/2018
20171021;3.56;6.49;12.34;;;;;;;;;;;;;3.221186;51.251561;;;22/10/2018
20171022;2.59;5.08;10.08;;;;;;;;;;;;;3.221186;51.251561;;;22/10/2018
20171023;5.21;7.57;14.62;;;;;;;;;;;;;3.221186;51.251561;;;22/10/2018
20171024;5.12;6.61;11.38;;;;;;;;;;;;;3.221186;51.251561;;;22/10/2018
20171025;7.63;10.34;17.74;;;;;;;;;;;;;3.221186;51.251561;;;22/10/2018
20171026;7.01;8.42;12.01;;;;;;;;;;;;;3.221186;51.251561;;;22/10/2018
20171027;4.34;7.17;13.81;;;;;;;;;;;;;3.221186;51.251561;;;22/10/2018
20171028;4.81;7.37;13.10;;;;;;;;;;;;;3.221186;51.251561;;;22/10/2018
20171029;3.95;8.01;16.33;;;;;;;;;;;;;3.221186;51.251561;;;22/10/2018
20171030;4.44;7.03;13.59;;;;;;;;;;;;;3.221186;51.251561;;;22/10/2018
20171031;6.43;9.57;17.70;;;;;;;;;;;;;3.221186;51.251561;;;22/10/2018
20171101;13.33;16.30;22.14;;;;;;;;;;;;;3.221186;51.251561;;;22/10/2018
20171102;16.43;19.36;26.83;;;;;;;;;;;;;3.221186;51.251561;;;22/10/2018
20171103;29.72;33.04;40.33;;;;;;;;;;;;;3.221186;51.251561;;;22/10/2018
20171104;14.69;16.57;20.74;;;;;;;;;;;;;3.221186;51.251561;;;22/10/2018
20171105;3.70;5.32;9.05;;;;;;;;;;;;;3.221186;51.251561;;;22/10/2018
20171106;6.31;9.27;17.09;;;;;;;;;;;;;3.221186;51.251561;;;22/10/2018
20171107;21.00;25.82;40.56;;;;;;;;;;;;;3.221186;51.251561;;;22/10/2018
20171108;32.35;36.48;46.54;;;;;;;;;;;;;3.221186;51.251561;;;22/10/2018
20171109;18.04;20.42;26.57;;;;;;;;;;;;;3.221186;51.251561;;;22/10/2018
20171110;7.80;10.46;16.02;;;;;;;;;;;;;3.221186;51.251561;;;22/10/2018
20171111;5.35;7.35;11.45;;;;;;;;;;;;;3.221186;51.251561;;;22/10/2018
20171112;4.53;6.67;11.41;;;;;;;;;;;;;3.221186;51.251561;;;22/10/2018
20171113;3.44;6.56;13.68;;;;;;;;;;;;;3.221186;51.251561;;;22/10/2018
20171114;9.53;12.54;20.91;;;;;;;;;;;;;3.221186;51.251561;;;22/10/2018
20171115;19.58;23.05;34.07;;;;;;;;;;;;;3.221186;51.251561;;;22/10/2018
20171116;19.43;23.39;34.71;;;;;;;;;;;;;3.221186;51.251561;;;22/10/2018
20171117;7.55;11.74;25.82;;;;;;;;;;;;;3.221186;51.251561;;;22/10/2018
20171118;5.48;7.79;13.80;;;;;;;;;;;;;3.221186;51.251561;;;22/10/2018
20171119;5.70;8.71;16.18;;;;;;;;;;;;;3.221186;51.251561;;;22/10/2018
20171120;7.11;9.39;13.31;;;;;;;;;;;;;3.221186;51.251561;;;22/10/2018
20171121;8.93;12.87;22.97;;;;;;;;;;;;;3.221186;51.251561;;;22/10/2018
20171122;14.28;16.70;25.07;;;;;;;;;;;;;3.221186;51.251561;;;22/10/2018
20171123;5.32;8.35;17.32;;;;;;;;;;;;;3.221186;51.251561;;;22/10/2018
20171124;5.14;7.49;13.30;;;;;;;;;;;;;3.221186;51.251561;;;22/10/2018
20171125;4.22;5.79;10.45;;;;;;;;;;;;;3.221186;51.251561;;;22/10/2018
20171126;4.07;6.73;12.96;;;;;;;;;;;;;3.221186;51.251561;;;22/10/2018
20171127;3.75;5.61;10.04;;;;;;;;;;;;;3.221186;51.251561;;;22/10/2018
20171128;3.89;5.81;11.54;;;;;;;;;;;;;3.221186;51.251561;;;22/10/2018
20171129;4.24;5.24;7.71;;;;;;;;;;;;;3.221186;51.251561;;;22/10/2018
20171130;2.31;3.62;6.33;;;;;;;;;;;;;3.221186;51.251561;;;22/10/2018
20171201;10.35;11.39;13.93;;;;;;;;;;;;;3.221186;51.251561;;;22/10/2018
20171202;32.01;33.96;35.11;;;;;;;;;;;;;3.221186;51.251561;;;22/10/2018
20171203;23.49;25.48;27.62;;;;;;;;;;;;;3.221186;51.251561;;;22/10/2018
20171204;10.98;14.59;20.47;;;;;;;;;;;;;3.221186;51.251561;;;22/10/2018
20171205;10.67;12.65;20.12;;;;;;;;;;;;;3.221186;51.251561;;;22/10/2018
20171206;10.51;12.16;18.58;;;;;;;;;;;;;3.221186;51.251561;;;22/10/2018
20171207;10.90;12.70;16.60;;;;;;;;;;;;;3.221186;51.251561;;;22/10/2018
20171208;2.75;5.38;11.65;;;;;;;;;;;;;3.221186;51.251561;;;22/10/2018
20171209;5.06;7.52;13.71;;;;;;;;;;;;;3.221186;51.251561;;;22/10/2018
20171210;6.65;8.38;11.18;;;;;;;;;;;;;3.221186;51.251561;;;22/10/2018
20171211;5.60;6.37;8.11;;;;;;;;;;;;;3.221186;51.251561;;;22/10/2018
20171212;10.90;12.52;15.91;;;;;;;;;;;;;3.221186;51.251561;;;22/10/2018
20171213;6.56;8.33;11.48;;;;;;;;;;;;;3.221186;51.251561;;;22/10/2018
20171214;3.66;6.29;13.43;;;;;;;;;;;;;3.221186;51.251561;;;22/10/2018
20171215;8.87;10.47;14.32;;;;;;;;;;;;;3.221186;51.251561;;;22/10/2018
20171216;2.80;4.87;9.99;;;;;;;;;;;;;3.221186;51.251561;;;22/10/2018
20171217;8.52;10.44;15.08;;;;;;;;;;;;;3.221186;51.251561;;;22/10/2018
20171218;6.45;12.53;23.82;;;;;;;;;;;;;3.221186;51.251561;;;22/10/2018
20171219;11.00;14.36;19.91;;;;;;;;;;;;;3.221186;51.251561;;;22/10/2018
20171220;9.73;11.01;12.56;;;;;;;;;;;;;3.221186;51.251561;;;22/10/2018
20171221;15.20;16.45;17.97;;;;;;;;;;;;;3.221186;51.251561;;;22/10/2018
20171222;14.23;17.29;21.12;;;;;;;;;;;;;3.221186;51.251561;;;22/10/2018
20171223;10.63;11.85;15.05;;;;;;;;;;;;;3.221186;51.251561;;;22/10/2018
20171224;3.58;4.35;6.42;;;;;;;;;;;;;3.221186;51.251561;;;22/10/2018
20171225;4.89;5.35;6.95;;;;;;;;;;;;;3.221186;51.251561;;;22/10/2018
20171226;4.88;6.62;11.28;;;;;;;;;;;;;3.221186;51.251561;;;22/10/2018
20171227;3.28;5.16;9.79;;;;;;;;;;;;;3.221186;51.251561;;;22/10/2018
20171228;4.23;7.15;15.32;;;;;;;;;;;;;3.221186;51.251561;;;22/10/2018
20171229;7.31;9.26;13.06;;;;;;;;;;;;;3.221186;51.251561;;;22/10/2018
20171230;8.45;15.70;24.74;;;;;;;;;;;;;3.221186;51.251561;;;22/10/2018
20171231;2.91;4.64;6.96;;;;;;;;;;;;;3.221186;51.251561;;;22/10/2018
20180101;3.20;5.80;10.87;;;;;;;;;;;;;3.221186;51.251561;;;22/10/2018
20180102;5.80;9.57;17.64;;;;;;;;;;;;;3.221186;51.251561;;;22/10/2018
20180103;5.85;12.12;22.48;;;;;;;;;;;;;3.221186;51.251561;;;22/10/2018
20180104;6.36;11.99;21.11;;;;;;;;;;;;;3.221186;51.251561;;;22/10/2018
20180105;4.19;7.84;15.05;;;;;;;;;;;;;3.221186;51.251561;;;22/10/2018
20180106;8.38;10.15;13.50;;;;;;;;;;;;;3.221186;51.251561;;;22/10/2018
20180107;6.57;7.04;8.10;;;;;;;;;;;;;3.221186;51.251561;;;22/10/2018
20180108;12.77;13.56;15.96;;;;;;;;;;;;;3.221186;51.251561;;;22/10/2018
20180109;22.92;25.23;30.72;;;;;;;;;;;;;3.221186;51.251561;;;22/10/2018
20180110;15.48;17.98;23.08;;;;;;;;;;;;;3.221186;51.251561;;;22/10/2018
20180111;17.98;19.24;20.81;;;;;;;;;;;;;3.221186;51.251561;;;22/10/2018
20180112;26.82;30.14;34.02;;;;;;;;;;;;;3.221186;51.251561;;;22/10/2018
20180113;30.34;33.15;37.23;;;;;;;;;;;;;3.221186;51.251561;;;22/10/2018
20180114;27.44;29.29;33.01;;;;;;;;;;;;;3.221186;51.251561;;;22/10/2018
20180115;14.69;16.25;19.40;;;;;;;;;;;;;3.221186;51.251561;;;22/10/2018
20180116;3.25;6.32;13.28;;;;;;;;;;;;;3.221186;51.251561;;;22/10/2018
20180117;3.50;7.28;15.72;;;;;;;;;;;;;3.221186;51.251561;;;22/10/2018
20180118;3.09;5.53;11.10;;;;;;;;;;;;;3.221186;51.251561;;;22/10/2018
20180119;4.47;7.12;14.71;;;;;;;;;;;;;3.221186;51.251561;;;22/10/2018
20180120;8.95;10.37;13.30;;;;;;;;;;;;;3.221186;51.251561;;;22/10/2018
20180121;6.72;8.15;10.84;;;;;;;;;;;;;3.221186;51.251561;;;22/10/2018
20180122;5.06;8.06;12.90;;;;;;;;;;;;;3.221186;51.251561;;;22/10/2018
20180123;5.10;7.19;12.13;;;;;;;;;;;;;3.221186;51.251561;;;22/10/2018
20180124;2.15;3.04;7.16;;;;;;;;;;;;;3.221186;51.251561;;;22/10/2018
20180125;6.19;9.59;19.69;;;;;;;;;;;;;3.221186;51.251561;;;22/10/2018
20180126;10.06;13.12;19.85;;;;;;;;;;;;;3.221186;51.251561;;;22/10/2018
20180127;15.07;16.66;20.02;;;;;;;;;;;;;3.221186;51.251561;;;22/10/2018
20180128;5.45;7.52;10.69;;;;;;;;;;;;;3.221186;51.251561;;;22/10/2018
20180129;3.34;5.94;11.12;;;;;;;;;;;;;3.221186;51.251561;;;22/10/2018
20180130;9.04;12.22;21.91;;;;;;;;;;;;;3.221186;51.251561;;;22/10/2018
20180131;2.69;4.14;7.10;;;;;;;;;;;;;3.221186;51.251561;;;22/10/2018
20180201;2.84;5.01;10.09;;;;;;;;;;;;;3.221186;51.251561;;;22/10/2018
20180202;3.42;6.00;11.38;;;;;;;;;;;;;3.221186;51.251561;;;22/10/2018
20180203;8.84;10.18;12.43;;;;;;;;;;;;;3.221186;51.251561;;;22/10/2018
20180204;6.38;7.22;9.21;;;;;;;;;;;;;3.221186;51.251561;;;22/10/2018
20180205;13.90;14.67;16.74;;;;;;;;;;;;;3.221186;51.251561;;;22/10/2018
20180206;20.61;21.77;24.74;;;;;;;;;;;;;3.221186;51.251561;;;22/10/2018
20180207;14.69;16.19;22.26;;;;;;;;;;;;;3.221186;51.251561;;;22/10/2018
20180208;17.52;20.34;31.11;;;;;;;;;;;;;3.221186;51.251561;;;22/10/2018
20180209;21.25;22.75;27.54;;;;;;;;;;;;;3.221186;51.251561;;;22/10/2018
20180210;5.22;8.05;14.41;;;;;;;;;;;;;3.221186;51.251561;;;22/10/2018
20180211;2.76;4.53;8.47;;;;;;;;;;;;;3.221186;51.251561;;;22/10/2018
20180212;3.97;6.75;14.53;;;;;;;;;;;;;3.221186;51.251561;;;22/10/2018
20180213;6.17;8.15;13.82;;;;;;;;;;;;;3.221186;51.251561;;;22/10/2018
20180214;9.49;11.53;18.39;;;;;;;;;;;;;3.221186;51.251561;;;22/10/2018
20180215;7.13;9.85;14.85;;;;;;;;;;;;;3.221186;51.251561;;;22/10/2018
20180216;8.13;12.19;22.40;;;;;;;;;;;;;3.221186;51.251561;;;22/10/2018
20180217;17.22;20.57;28.04;;;;;;;;;;;;;3.221186;51.251561;;;22/10/2018
20180218;31.60;35.06;42.26;;;;;;;;;;;;;3.221186;51.251561;;;22/10/2018
20180219;23.51;25.02;27.84;;;;;;;;;;;;;3.221186;51.251561;;;22/10/2018
20180220;33.58;35.83;41.03;;;;;;;;;;;;;3.221186;51.251561;;;22/10/2018
20180221;50.42;53.08;57.45;;;;;;;;;;;;;3.221186;51.251561;;;22/10/2018
20180222;24.96;26.41;30.30;;;;;;;;;;;;;3.221186;51.251561;;;22/10/2018
20180223;21.11;22.21;25.85;;;;;;;;;;;;;3.221186;51.251561;;;22/10/2018
20180224;15.62;16.97;21.42;;;;;;;;;;;;;3.221186;51.251561;;;22/10/2018
20180225;6.84;7.58;10.09;;;;;;;;;;;;;3.221186;51.251561;;;22/10/2018
20180226;8.44;9.15;11.76;;;;;;;;;;;;;3.221186;51.251561;;;22/10/2018
20180227;6.06;6.71;9.33;;;;;;;;;;;;;3.221186;51.251561;;;22/10/2018
20180228;20.86;22.69;30.52;;;;;;;;;;;;;3.221186;51.251561;;;22/10/2018
20180301;24.78;28.12;44.71;;;;;;;;;;;;;3.221186;51.251561;;;22/10/2018
20180302;39.63;42.94;54.03;;;;;;;;;;;;;3.221186;51.251561;;;22/10/2018
20180303;66.83;70.59;74.68;;;;;;;;;;;;;3.221186;51.251561;;;22/10/2018
20180304;20.47;22.10;24.54;;;;;;;;;;;;;3.221186;51.251561;;;22/10/2018
20180305;12.05;13.95;19.51;;;;;;;;;;;;;3.221186;51.251561;;;22/10/2018
20180306;11.82;14.59;26.18;;;;;;;;;;;;;3.221186;51.251561;;;22/10/2018
20180307;11.56;13.02;16.85;;;;;;;;;;;;;3.221186;51.251561;;;22/10/2018
20180308;4.30;6.92;13.00;;;;;;;;;;;;;3.221186;51.251561;;;22/10/2018
20180309;10.00;12.89;20.80;;;;;;;;;;;;;3.221186;51.251561;;;22/10/2018
20180310;12.51;13.79;17.81;;;;;;;;;;;;;3.221186;51.251561;;;22/10/2018
20180311;9.41;11.03;15.15;;;;;;;;;;;;;3.221186;51.251561;;;22/10/2018
20180312;4.87;6.44;11.67;;;;;;;;;;;;;3.221186;51.251561;;;22/10/2018
20180313;6.37;8.29;12.36;;;;;;;;;;;;;3.221186;51.251561;;;22/10/2018
20180314;12.20;13.95;18.69;;;;;;;;;;;;;3.221186;51.251561;;;22/10/2018
20180315;12.28;13.51;17.25;;;;;;;;;;;;;3.221186;51.251561;;;22/10/2018
20180316;12.25;15.33;22.79;;;;;;;;;;;;;3.221186;51.251561;;;22/10/2018
20180317;15.09;15.87;18.21;;;;;;;;;;;;;3.221186;51.251561;;;22/10/2018
20180318;13.79;15.19;21.91;;;;;;;;;;;;;3.221186;51.251561;;;22/10/2018
20180319;9.53;10.96;17.60;;;;;;;;;;;;;3.221186;51.251561;;;22/10/2018
20180320;4.96;9.16;18.95;;;;;;;;;;;;;3.221186;51.251561;;;22/10/2018
20180321;7.63;10.86;17.39;;;;;;;;;;;;;3.221186;51.251561;;;22/10/2018
20180322;10.51;13.49;18.21;;;;;;;;;;;;;3.221186;51.251561;;;22/10/2018
20180323;12.17;14.43;21.56;;;;;;;;;;;;;3.221186;51.251561;;;22/10/2018
20180324;16.29;17.47;21.00;;;;;;;;;;;;;3.221186;51.251561;;;22/10/2018
20180405;6.26;8.65;15.62;;;;;;;;;;;;;3.221186;51.251561;;;22/10/2018
20180406;7.50;9.67;15.39;;;;;;;;;;;;;3.221186;51.251561;;;22/10/2018
20180407;7.68;10.42;18.43;;;;;;;;;;;;;3.221186;51.251561;;;22/10/2018
20180408;19.04;21.75;25.10;;;;;;;;;;;;;3.221186;51.251561;;;22/10/2018
20180409;20.59;23.65;29.57;;;;;;;;;;;;;3.221186;51.251561;;;22/10/2018
20180410;15.40;17.40;22.26;;;;;;;;;;;;;3.221186;51.251561;;;22/10/2018
20180411;16.56;18.13;22.60;;;;;;;;;;;;;3.221186;51.251561;;;22/10/2018
20180412;38.98;41.59;46.60;;;;;;;;;;;;;3.221186;51.251561;;;22/10/2018
20180413;23.80;26.03;30.47;;;;;;;;;;;;;3.221186;51.251561;;;22/10/2018
20180414;27.88;29.79;33.07;;;;;;;;;;;;;3.221186;51.251561;;;22/10/2018
20180415;15.44;16.68;19.76;;;;;;;;;;;;;3.221186;51.251561;;;22/10/2018
20180416;4.30;7.70;14.12;;;;;;;;;;;;;3.221186;51.251561;;;22/10/2018
20180417;7.31;11.29;21.66;;;;;;;;;;;;;3.221186;51.251561;;;22/10/2018
20180418;11.08;15.11;27.39;;;;;;;;;;;;;3.221186;51.251561;;;22/10/2018
20180419;15.10;18.79;34.79;;;;;;;;;;;;;3.221186;51.251561;;;22/10/2018
20180420;31.57;35.38;48.25;;;;;;;;;;;;;3.221186;51.251561;;;22/10/2018
20180421;34.44;37.93;45.94;;;;;;;;;;;;;3.221186;51.251561;;;22/10/2018
20180422;19.71;24.24;37.46;;;;;;;;;;;;;3.221186;51.251561;;;22/10/2018
20180423;6.12;8.44;15.20;;;;;;;;;;;;;3.221186;51.251561;;;22/10/2018
