<?xml version="1.0" encoding="UTF-8"?>
<fme:xml-tables xmlns:xsi="http://www.w3.org/2001/XMLSchema-instance" xmlns:fme="http://www.safe.com/xml/xmltables" xsi:schemaLocation="http://www.safe.com/xml/xmltables Glasbollen.xsd">
<fme:Glasbollen-table>
<fme:Glasbollen>
<fme:DEELGEMEENTE>Assebroek</fme:DEELGEMEENTE>
<fme:LIGGING>1008</fme:LIGGING>
<fme:OPMERKINGEN>aan ingang winkelcomplex/ bovengronds</fme:OPMERKINGEN>
<fme:NR>3</fme:NR>
<fme:AANTAL>1</fme:AANTAL>
<fme:Aangemaakt_op>30/10/2017</fme:Aangemaakt_op>
</fme:Glasbollen>
<fme:Glasbollen>
<fme:DEELGEMEENTE>Assebroek</fme:DEELGEMEENTE>
<fme:LIGGING>1029</fme:LIGGING>
<fme:OPMERKINGEN>op parking Daverlopark / bovengronds</fme:OPMERKINGEN>
<fme:NR>6</fme:NR>
<fme:AANTAL>2</fme:AANTAL>
<fme:Aangemaakt_op>30/10/2017</fme:Aangemaakt_op>
</fme:Glasbollen>
<fme:Glasbollen>
<fme:DEELGEMEENTE>Brugge</fme:DEELGEMEENTE>
<fme:LIGGING>367</fme:LIGGING>
<fme:OPMERKINGEN>aan AC Walwein / bovengronds</fme:OPMERKINGEN>
<fme:NR>17</fme:NR>
<fme:AANTAL>3</fme:AANTAL>
<fme:Aangemaakt_op>30/10/2017</fme:Aangemaakt_op>
</fme:Glasbollen>
<fme:Glasbollen>
<fme:DEELGEMEENTE>Dudzele</fme:DEELGEMEENTE>
<fme:LIGGING>2004</fme:LIGGING>
<fme:OPMERKINGEN>t.h.v. gemeentelijke basisschool / bovengronds</fme:OPMERKINGEN>
<fme:NR>21</fme:NR>
<fme:AANTAL>1</fme:AANTAL>
<fme:Aangemaakt_op>30/10/2017</fme:Aangemaakt_op>
</fme:Glasbollen>
<fme:Glasbollen>
<fme:DEELGEMEENTE>Koolkerke</fme:DEELGEMEENTE>
<fme:LIGGING>3008</fme:LIGGING>
<fme:OPMERKINGEN>op parking aan voetbalterrein</fme:OPMERKINGEN>
<fme:NR>24</fme:NR>
<fme:AANTAL>1</fme:AANTAL>
<fme:Aangemaakt_op>30/10/2017</fme:Aangemaakt_op>
</fme:Glasbollen>
<fme:Glasbollen>
<fme:DEELGEMEENTE>Christus-Koning</fme:DEELGEMEENTE>
<fme:LIGGING>934</fme:LIGGING>
<fme:OPMERKINGEN>bovengronds</fme:OPMERKINGEN>
<fme:NR>25</fme:NR>
<fme:AANTAL>1</fme:AANTAL>
<fme:Aangemaakt_op>30/10/2017</fme:Aangemaakt_op>
</fme:Glasbollen>
<fme:Glasbollen>
<fme:DEELGEMEENTE>Lissewege</fme:DEELGEMEENTE>
<fme:LIGGING>4003</fme:LIGGING>
<fme:OPMERKINGEN>op hoek met Zeebruggelaan / bovengronds</fme:OPMERKINGEN>
<fme:NR>27</fme:NR>
<fme:AANTAL>1</fme:AANTAL>
<fme:Aangemaakt_op>30/10/2017</fme:Aangemaakt_op>
</fme:Glasbollen>
<fme:Glasbollen>
<fme:DEELGEMEENTE>Sint-Andries</fme:DEELGEMEENTE>
<fme:LIGGING>5068</fme:LIGGING>
<fme:OPMERKINGEN>nabij Expressweg / bovengronds</fme:OPMERKINGEN>
<fme:NR>38</fme:NR>
<fme:AANTAL>1</fme:AANTAL>
<fme:Aangemaakt_op>30/10/2017</fme:Aangemaakt_op>
</fme:Glasbollen>
<fme:Glasbollen>
<fme:DEELGEMEENTE>Sint-Andries</fme:DEELGEMEENTE>
<fme:LIGGING>5130</fme:LIGGING>
<fme:OPMERKINGEN>op pleintje t.h.v. Gentiaanstraat</fme:OPMERKINGEN>
<fme:NR>40</fme:NR>
<fme:AANTAL>1</fme:AANTAL>
<fme:Aangemaakt_op>30/10/2017</fme:Aangemaakt_op>
</fme:Glasbollen>
<fme:Glasbollen>
<fme:DEELGEMEENTE>Sint-Kruis</fme:DEELGEMEENTE>
<fme:LIGGING>6003</fme:LIGGING>
<fme:OPMERKINGEN>in berm langs weide / bovengronds</fme:OPMERKINGEN>
<fme:NR>47</fme:NR>
<fme:AANTAL>1</fme:AANTAL>
<fme:Aangemaakt_op>30/10/2017</fme:Aangemaakt_op>
</fme:Glasbollen>
<fme:Glasbollen>
<fme:DEELGEMEENTE>Sint-Michiels</fme:DEELGEMEENTE>
<fme:LIGGING>7060</fme:LIGGING>
<fme:OPMERKINGEN>expresspark op parking Delhaize / bovengronds</fme:OPMERKINGEN>
<fme:NR>57</fme:NR>
<fme:AANTAL>2</fme:AANTAL>
<fme:Aangemaakt_op>30/10/2017</fme:Aangemaakt_op>
</fme:Glasbollen>
<fme:Glasbollen>
<fme:DEELGEMEENTE>Sint-Michiels</fme:DEELGEMEENTE>
<fme:LIGGING>7038</fme:LIGGING>
<fme:OPMERKINGEN>bovengronds</fme:OPMERKINGEN>
<fme:NR>60</fme:NR>
<fme:AANTAL>1</fme:AANTAL>
<fme:Aangemaakt_op>30/10/2017</fme:Aangemaakt_op>
</fme:Glasbollen>
<fme:Glasbollen>
<fme:DEELGEMEENTE>Sint-Michiels</fme:DEELGEMEENTE>
<fme:LIGGING>7091</fme:LIGGING>
<fme:OPMERKINGEN>aan brughoofd Kerkebeek / bovengronds</fme:OPMERKINGEN>
<fme:NR>63</fme:NR>
<fme:AANTAL>2</fme:AANTAL>
<fme:Aangemaakt_op>30/10/2017</fme:Aangemaakt_op>
</fme:Glasbollen>
<fme:Glasbollen>
<fme:DEELGEMEENTE>Sint-Pieters</fme:DEELGEMEENTE>
<fme:LIGGING>585</fme:LIGGING>
<fme:OPMERKINGEN>op containerpark / bovengronds</fme:OPMERKINGEN>
<fme:NR>70</fme:NR>
<fme:AANTAL>4</fme:AANTAL>
<fme:Aangemaakt_op>30/10/2017</fme:Aangemaakt_op>
</fme:Glasbollen>
<fme:Glasbollen>
<fme:DEELGEMEENTE>Zwankendamme</fme:DEELGEMEENTE>
<fme:LIGGING>3605</fme:LIGGING>
<fme:OPMERKINGEN>aan spoorwegovergang</fme:OPMERKINGEN>
<fme:NR>84</fme:NR>
<fme:AANTAL>1</fme:AANTAL>
<fme:Aangemaakt_op>30/10/2017</fme:Aangemaakt_op>
</fme:Glasbollen>
<fme:Glasbollen>
<fme:DEELGEMEENTE>Brugge</fme:DEELGEMEENTE>
<fme:LIGGING>260</fme:LIGGING>
<fme:OPMERKINGEN>naast toegang ondergrondse parking / ondergronds</fme:OPMERKINGEN>
<fme:NR>87</fme:NR>
<fme:AANTAL>3</fme:AANTAL>
<fme:Aangemaakt_op>30/10/2017</fme:Aangemaakt_op>
</fme:Glasbollen>
<fme:Glasbollen>
<fme:DEELGEMEENTE>Dudzele</fme:DEELGEMEENTE>
<fme:LIGGING>2032</fme:LIGGING>
<fme:OPMERKINGEN>tegenaan Herdersbruggestraat / bovengronds</fme:OPMERKINGEN>
<fme:NR>22</fme:NR>
<fme:AANTAL>1</fme:AANTAL>
<fme:Aangemaakt_op>30/10/2017</fme:Aangemaakt_op>
</fme:Glasbollen>
<fme:Glasbollen>
<fme:DEELGEMEENTE>Koolkerke</fme:DEELGEMEENTE>
<fme:LIGGING>3001</fme:LIGGING>
<fme:OPMERKINGEN>op gemeenteplein / bovengronds</fme:OPMERKINGEN>
<fme:NR>23</fme:NR>
<fme:AANTAL>1</fme:AANTAL>
<fme:Aangemaakt_op>30/10/2017</fme:Aangemaakt_op>
</fme:Glasbollen>
<fme:Glasbollen>
<fme:DEELGEMEENTE>Brugge</fme:DEELGEMEENTE>
<fme:LIGGING>316</fme:LIGGING>
<fme:OPMERKINGEN>op parkeerplaats / bovengronds</fme:OPMERKINGEN>
<fme:NR>16</fme:NR>
<fme:AANTAL>2</fme:AANTAL>
<fme:Aangemaakt_op>30/10/2017</fme:Aangemaakt_op>
</fme:Glasbollen>
<fme:Glasbollen>
<fme:DEELGEMEENTE>Christus-Koning</fme:DEELGEMEENTE>
<fme:LIGGING>940</fme:LIGGING>
<fme:OPMERKINGEN>langs spoorwegberm / bovengronds</fme:OPMERKINGEN>
<fme:NR>19</fme:NR>
<fme:AANTAL>1</fme:AANTAL>
<fme:Aangemaakt_op>30/10/2017</fme:Aangemaakt_op>
</fme:Glasbollen>
<fme:Glasbollen>
<fme:DEELGEMEENTE>Kruisabele</fme:DEELGEMEENTE>
<fme:LIGGING>2017</fme:LIGGING>
<fme:OPMERKINGEN>op einde straat / bovengronds</fme:OPMERKINGEN>
<fme:NR>26</fme:NR>
<fme:AANTAL>1</fme:AANTAL>
<fme:Aangemaakt_op>30/10/2017</fme:Aangemaakt_op>
</fme:Glasbollen>
<fme:Glasbollen>
<fme:DEELGEMEENTE>Sint-Andries</fme:DEELGEMEENTE>
<fme:LIGGING>5020</fme:LIGGING>
<fme:OPMERKINGEN>aan rondpunt / bovengronds</fme:OPMERKINGEN>
<fme:NR>31</fme:NR>
<fme:AANTAL>1</fme:AANTAL>
<fme:Aangemaakt_op>30/10/2017</fme:Aangemaakt_op>
</fme:Glasbollen>
<fme:Glasbollen>
<fme:DEELGEMEENTE>Sint-Andries</fme:DEELGEMEENTE>
<fme:LIGGING>5055</fme:LIGGING>
<fme:OPMERKINGEN>aan pleintje t.h.v. nr. 58 / bovengronds</fme:OPMERKINGEN>
<fme:NR>36</fme:NR>
<fme:AANTAL>1</fme:AANTAL>
<fme:Aangemaakt_op>30/10/2017</fme:Aangemaakt_op>
</fme:Glasbollen>
<fme:Glasbollen>
<fme:DEELGEMEENTE>Sint-Andries</fme:DEELGEMEENTE>
<fme:LIGGING>5093</fme:LIGGING>
<fme:OPMERKINGEN>aan ingang naar Koude Keuken / bovengronds</fme:OPMERKINGEN>
<fme:NR>42</fme:NR>
<fme:AANTAL>1</fme:AANTAL>
<fme:Aangemaakt_op>30/10/2017</fme:Aangemaakt_op>
</fme:Glasbollen>
<fme:Glasbollen>
<fme:DEELGEMEENTE>Sint-Andries</fme:DEELGEMEENTE>
<fme:LIGGING>5094</fme:LIGGING>
<fme:OPMERKINGEN>aan bejaardenlokaal en speelplein r.o. Nr. 2 / bovengronds</fme:OPMERKINGEN>
<fme:NR>43</fme:NR>
<fme:AANTAL>1</fme:AANTAL>
<fme:Aangemaakt_op>30/10/2017</fme:Aangemaakt_op>
</fme:Glasbollen>
<fme:Glasbollen>
<fme:DEELGEMEENTE>Sint-Kruis</fme:DEELGEMEENTE>
<fme:LIGGING>6020</fme:LIGGING>
<fme:OPMERKINGEN>op parking Gulden Kamer / bovengronds</fme:OPMERKINGEN>
<fme:NR>48</fme:NR>
<fme:AANTAL>1</fme:AANTAL>
<fme:Aangemaakt_op>30/10/2017</fme:Aangemaakt_op>
</fme:Glasbollen>
<fme:Glasbollen>
<fme:DEELGEMEENTE>Sint-Kruis</fme:DEELGEMEENTE>
<fme:LIGGING>6025</fme:LIGGING>
<fme:OPMERKINGEN>t.h.v. Marinekazerne / bovengronds</fme:OPMERKINGEN>
<fme:NR>50</fme:NR>
<fme:AANTAL>1</fme:AANTAL>
<fme:Aangemaakt_op>30/10/2017</fme:Aangemaakt_op>
</fme:Glasbollen>
<fme:Glasbollen>
<fme:DEELGEMEENTE>Sint-Kruis</fme:DEELGEMEENTE>
<fme:LIGGING>6076</fme:LIGGING>
<fme:OPMERKINGEN>t.h.v. Puyenbroeklaan / bovengronds</fme:OPMERKINGEN>
<fme:NR>52</fme:NR>
<fme:AANTAL>1</fme:AANTAL>
<fme:Aangemaakt_op>30/10/2017</fme:Aangemaakt_op>
</fme:Glasbollen>
<fme:Glasbollen>
<fme:DEELGEMEENTE>Sint-Kruis</fme:DEELGEMEENTE>
<fme:LIGGING>6096</fme:LIGGING>
<fme:OPMERKINGEN>tegenaan Moerkerkse Steenweg / bovengronds</fme:OPMERKINGEN>
<fme:NR>54</fme:NR>
<fme:AANTAL>1</fme:AANTAL>
<fme:Aangemaakt_op>30/10/2017</fme:Aangemaakt_op>
</fme:Glasbollen>
<fme:Glasbollen>
<fme:DEELGEMEENTE>Sint-Michiels</fme:DEELGEMEENTE>
<fme:LIGGING>7097</fme:LIGGING>
<fme:OPMERKINGEN>tegenaan expressweg / bovengronds</fme:OPMERKINGEN>
<fme:NR>58</fme:NR>
<fme:AANTAL>1</fme:AANTAL>
<fme:Aangemaakt_op>30/10/2017</fme:Aangemaakt_op>
</fme:Glasbollen>
<fme:Glasbollen>
<fme:DEELGEMEENTE>Sint-Michiels</fme:DEELGEMEENTE>
<fme:LIGGING>7109</fme:LIGGING>
<fme:OPMERKINGEN>op containerpark / bovengronds</fme:OPMERKINGEN>
<fme:NR>59</fme:NR>
<fme:AANTAL>4</fme:AANTAL>
<fme:Aangemaakt_op>30/10/2017</fme:Aangemaakt_op>
</fme:Glasbollen>
<fme:Glasbollen>
<fme:DEELGEMEENTE>Sint-Michiels</fme:DEELGEMEENTE>
<fme:LIGGING>7121</fme:LIGGING>
<fme:OPMERKINGEN>bovengronds</fme:OPMERKINGEN>
<fme:NR>61</fme:NR>
<fme:AANTAL>2</fme:AANTAL>
<fme:Aangemaakt_op>30/10/2017</fme:Aangemaakt_op>
</fme:Glasbollen>
<fme:Glasbollen>
<fme:DEELGEMEENTE>Sint-Michiels</fme:DEELGEMEENTE>
<fme:LIGGING>7118</fme:LIGGING>
<fme:OPMERKINGEN>parking Torhoutse Steenweg / bovengronds</fme:OPMERKINGEN>
<fme:NR>66</fme:NR>
<fme:AANTAL>1</fme:AANTAL>
<fme:Aangemaakt_op>30/10/2017</fme:Aangemaakt_op>
</fme:Glasbollen>
<fme:Glasbollen>
<fme:DEELGEMEENTE>Sint-Pieters</fme:DEELGEMEENTE>
<fme:LIGGING>502</fme:LIGGING>
<fme:OPMERKINGEN>op hoek met Goudenregenstraat / bovengronds</fme:OPMERKINGEN>
<fme:NR>68</fme:NR>
<fme:AANTAL>1</fme:AANTAL>
<fme:Aangemaakt_op>30/10/2017</fme:Aangemaakt_op>
</fme:Glasbollen>
<fme:Glasbollen>
<fme:DEELGEMEENTE>Sint-Pieters</fme:DEELGEMEENTE>
<fme:LIGGING>575</fme:LIGGING>
<fme:OPMERKINGEN>aan ingang wijk / bovengronds</fme:OPMERKINGEN>
<fme:NR>69</fme:NR>
<fme:AANTAL>1</fme:AANTAL>
<fme:Aangemaakt_op>30/10/2017</fme:Aangemaakt_op>
</fme:Glasbollen>
<fme:Glasbollen>
<fme:DEELGEMEENTE>Sint-Pieters</fme:DEELGEMEENTE>
<fme:LIGGING>551</fme:LIGGING>
<fme:OPMERKINGEN>tegenaan rondpunt / bovengronds</fme:OPMERKINGEN>
<fme:NR>72</fme:NR>
<fme:AANTAL>2</fme:AANTAL>
<fme:Aangemaakt_op>30/10/2017</fme:Aangemaakt_op>
</fme:Glasbollen>
<fme:Glasbollen>
<fme:DEELGEMEENTE>Zeebrugge</fme:DEELGEMEENTE>
<fme:LIGGING>732</fme:LIGGING>
<fme:OPMERKINGEN>tegenaan Kustlaan / bovengronds</fme:OPMERKINGEN>
<fme:NR>76</fme:NR>
<fme:AANTAL>1</fme:AANTAL>
<fme:Aangemaakt_op>30/10/2017</fme:Aangemaakt_op>
</fme:Glasbollen>
<fme:Glasbollen>
<fme:DEELGEMEENTE>Zeebrugge</fme:DEELGEMEENTE>
<fme:LIGGING>735</fme:LIGGING>
<fme:OPMERKINGEN>v??r gemeenschapshuis / bovengronds</fme:OPMERKINGEN>
<fme:NR>80</fme:NR>
<fme:AANTAL>1</fme:AANTAL>
<fme:Aangemaakt_op>30/10/2017</fme:Aangemaakt_op>
</fme:Glasbollen>
<fme:Glasbollen>
<fme:DEELGEMEENTE>Zeebrugge</fme:DEELGEMEENTE>
<fme:LIGGING>749</fme:LIGGING>
<fme:OPMERKINGEN>in begin kaai / ondergronds</fme:OPMERKINGEN>
<fme:NR>85</fme:NR>
<fme:AANTAL>1</fme:AANTAL>
<fme:Aangemaakt_op>30/10/2017</fme:Aangemaakt_op>
</fme:Glasbollen>
<fme:Glasbollen>
<fme:DEELGEMEENTE>Assebroek</fme:DEELGEMEENTE>
<fme:LIGGING>1076</fme:LIGGING>
<fme:OPMERKINGEN>op hoek met Daverlostraat / bovengronds</fme:OPMERKINGEN>
<fme:NR>9</fme:NR>
<fme:AANTAL>2</fme:AANTAL>
<fme:Aangemaakt_op>30/10/2017</fme:Aangemaakt_op>
</fme:Glasbollen>
<fme:Glasbollen>
<fme:DEELGEMEENTE>Assebroek</fme:DEELGEMEENTE>
<fme:LIGGING>1179</fme:LIGGING>
<fme:OPMERKINGEN>tegenaan Baron Ruzettelaan / bovengronds</fme:OPMERKINGEN>
<fme:NR>10</fme:NR>
<fme:AANTAL>1</fme:AANTAL>
<fme:Aangemaakt_op>30/10/2017</fme:Aangemaakt_op>
</fme:Glasbollen>
<fme:Glasbollen>
<fme:DEELGEMEENTE>Assebroek</fme:DEELGEMEENTE>
<fme:LIGGING>1121</fme:LIGGING>
<fme:OPMERKINGEN>op driehoekig graspleintje / bovengronds</fme:OPMERKINGEN>
<fme:NR>4</fme:NR>
<fme:AANTAL>1</fme:AANTAL>
<fme:Aangemaakt_op>30/10/2017</fme:Aangemaakt_op>
</fme:Glasbollen>
<fme:Glasbollen>
<fme:DEELGEMEENTE>Assebroek</fme:DEELGEMEENTE>
<fme:LIGGING>1008</fme:LIGGING>
<fme:OPMERKINGEN>op hoek Tragelweg (aan randparking) / bovengronds</fme:OPMERKINGEN>
<fme:NR>5</fme:NR>
<fme:AANTAL>1</fme:AANTAL>
<fme:Aangemaakt_op>30/10/2017</fme:Aangemaakt_op>
</fme:Glasbollen>
<fme:Glasbollen>
<fme:DEELGEMEENTE>Assebroek</fme:DEELGEMEENTE>
<fme:LIGGING>1141</fme:LIGGING>
<fme:OPMERKINGEN>op parking Daverlopark</fme:OPMERKINGEN>
<fme:NR>12</fme:NR>
<fme:AANTAL>2</fme:AANTAL>
<fme:Aangemaakt_op>30/10/2017</fme:Aangemaakt_op>
</fme:Glasbollen>
<fme:Glasbollen>
<fme:DEELGEMEENTE>Brugge</fme:DEELGEMEENTE>
<fme:LIGGING>88</fme:LIGGING>
<fme:OPMERKINGEN>bovengronds</fme:OPMERKINGEN>
<fme:NR>15</fme:NR>
<fme:AANTAL>2</fme:AANTAL>
<fme:Aangemaakt_op>30/10/2017</fme:Aangemaakt_op>
</fme:Glasbollen>
<fme:Glasbollen>
<fme:DEELGEMEENTE>Christus-Koning</fme:DEELGEMEENTE>
<fme:LIGGING>930</fme:LIGGING>
<fme:OPMERKINGEN>op parking GB / bovengronds</fme:OPMERKINGEN>
<fme:NR>18</fme:NR>
<fme:AANTAL>2</fme:AANTAL>
<fme:Aangemaakt_op>30/10/2017</fme:Aangemaakt_op>
</fme:Glasbollen>
<fme:Glasbollen>
<fme:DEELGEMEENTE>Sint-Andries</fme:DEELGEMEENTE>
<fme:LIGGING>5020</fme:LIGGING>
<fme:OPMERKINGEN>aan Mari?nhovedreef / bovengronds</fme:OPMERKINGEN>
<fme:NR>32</fme:NR>
<fme:AANTAL>1</fme:AANTAL>
<fme:Aangemaakt_op>30/10/2017</fme:Aangemaakt_op>
</fme:Glasbollen>
<fme:Glasbollen>
<fme:DEELGEMEENTE>Sint-Andries</fme:DEELGEMEENTE>
<fme:LIGGING>5108</fme:LIGGING>
<fme:OPMERKINGEN>op inrit naar parking Koude Keuken / bovengronds</fme:OPMERKINGEN>
<fme:NR>44</fme:NR>
<fme:AANTAL>2</fme:AANTAL>
<fme:Aangemaakt_op>30/10/2017</fme:Aangemaakt_op>
</fme:Glasbollen>
<fme:Glasbollen>
<fme:DEELGEMEENTE>Sint-Michiels</fme:DEELGEMEENTE>
<fme:LIGGING>179</fme:LIGGING>
<fme:OPMERKINGEN>op hoek Witte Molenstraat / bovengronds</fme:OPMERKINGEN>
<fme:NR>62</fme:NR>
<fme:AANTAL>1</fme:AANTAL>
<fme:Aangemaakt_op>30/10/2017</fme:Aangemaakt_op>
</fme:Glasbollen>
<fme:Glasbollen>
<fme:DEELGEMEENTE>Sint-Michiels</fme:DEELGEMEENTE>
<fme:LIGGING>7138</fme:LIGGING>
<fme:OPMERKINGEN>tegenaan Torhoutse Steenweg / bovengronds</fme:OPMERKINGEN>
<fme:NR>67</fme:NR>
<fme:AANTAL>1</fme:AANTAL>
<fme:Aangemaakt_op>30/10/2017</fme:Aangemaakt_op>
</fme:Glasbollen>
<fme:Glasbollen>
<fme:DEELGEMEENTE>Sint-Pieters</fme:DEELGEMEENTE>
<fme:LIGGING>525</fme:LIGGING>
<fme:OPMERKINGEN>tegenaan Sint-Pieterskerklaan / bovengronds</fme:OPMERKINGEN>
<fme:NR>71</fme:NR>
<fme:AANTAL>1</fme:AANTAL>
<fme:Aangemaakt_op>30/10/2017</fme:Aangemaakt_op>
</fme:Glasbollen>
<fme:Glasbollen>
<fme:DEELGEMEENTE>Sint-Pieters</fme:DEELGEMEENTE>
<fme:LIGGING>556</fme:LIGGING>
<fme:OPMERKINGEN>t.h.v. Rustenburgstraat / bovengronds</fme:OPMERKINGEN>
<fme:NR>73</fme:NR>
<fme:AANTAL>1</fme:AANTAL>
<fme:Aangemaakt_op>30/10/2017</fme:Aangemaakt_op>
</fme:Glasbollen>
<fme:Glasbollen>
<fme:DEELGEMEENTE>Sint-Pieters</fme:DEELGEMEENTE>
<fme:LIGGING>557</fme:LIGGING>
<fme:OPMERKINGEN>op parking aan sporthal / bovengronds</fme:OPMERKINGEN>
<fme:NR>74</fme:NR>
<fme:AANTAL>1</fme:AANTAL>
<fme:Aangemaakt_op>30/10/2017</fme:Aangemaakt_op>
</fme:Glasbollen>
<fme:Glasbollen>
<fme:DEELGEMEENTE>Zeebrugge</fme:DEELGEMEENTE>
<fme:LIGGING>702</fme:LIGGING>
<fme:OPMERKINGEN>op hoek met Brusselstraat / bovengronds</fme:OPMERKINGEN>
<fme:NR>75</fme:NR>
<fme:AANTAL>2</fme:AANTAL>
<fme:Aangemaakt_op>30/10/2017</fme:Aangemaakt_op>
</fme:Glasbollen>
<fme:Glasbollen>
<fme:DEELGEMEENTE>Zeebrugge</fme:DEELGEMEENTE>
<fme:LIGGING>716</fme:LIGGING>
<fme:OPMERKINGEN>op parking aan sporthal / bovengronds</fme:OPMERKINGEN>
<fme:NR>79</fme:NR>
<fme:AANTAL>1</fme:AANTAL>
<fme:Aangemaakt_op>30/10/2017</fme:Aangemaakt_op>
</fme:Glasbollen>
<fme:Glasbollen>
<fme:DEELGEMEENTE>Christus-Koning</fme:DEELGEMEENTE>
<fme:LIGGING>914</fme:LIGGING>
<fme:OPMERKINGEN>aan spoorwegbrug / bovengronds</fme:OPMERKINGEN>
<fme:NR>20</fme:NR>
<fme:AANTAL>2</fme:AANTAL>
<fme:Aangemaakt_op>30/10/2017</fme:Aangemaakt_op>
</fme:Glasbollen>
<fme:Glasbollen>
<fme:DEELGEMEENTE>Lissewege</fme:DEELGEMEENTE>
<fme:LIGGING>4018</fme:LIGGING>
<fme:OPMERKINGEN>op parking achterzijde station</fme:OPMERKINGEN>
<fme:NR>28</fme:NR>
<fme:AANTAL>2</fme:AANTAL>
<fme:Aangemaakt_op>30/10/2017</fme:Aangemaakt_op>
</fme:Glasbollen>
<fme:Glasbollen>
<fme:DEELGEMEENTE>Sint-Andries</fme:DEELGEMEENTE>
<fme:LIGGING>5004</fme:LIGGING>
<fme:OPMERKINGEN>op parking achter gemeentehuis / bovengronds</fme:OPMERKINGEN>
<fme:NR>29</fme:NR>
<fme:AANTAL>3</fme:AANTAL>
<fme:Aangemaakt_op>30/10/2017</fme:Aangemaakt_op>
</fme:Glasbollen>
<fme:Glasbollen>
<fme:DEELGEMEENTE>Sint-Pieters</fme:DEELGEMEENTE>
<fme:LIGGING>578</fme:LIGGING>
<fme:OPMERKINGEN>aan overkant van speelplein / bovengronds</fme:OPMERKINGEN>
<fme:NR>1</fme:NR>
<fme:AANTAL>1</fme:AANTAL>
<fme:Aangemaakt_op>30/10/2017</fme:Aangemaakt_op>
</fme:Glasbollen>
<fme:Glasbollen>
<fme:DEELGEMEENTE>Brugge</fme:DEELGEMEENTE>
<fme:LIGGING>397</fme:LIGGING>
<fme:OPMERKINGEN>aan mobilhomeparking / bovengronds</fme:OPMERKINGEN>
<fme:NR>14</fme:NR>
<fme:AANTAL>1</fme:AANTAL>
<fme:Aangemaakt_op>30/10/2017</fme:Aangemaakt_op>
</fme:Glasbollen>
<fme:Glasbollen>
<fme:DEELGEMEENTE>Sint-Andries</fme:DEELGEMEENTE>
<fme:LIGGING>5018</fme:LIGGING>
<fme:OPMERKINGEN>nabij expressweg / bovengronds</fme:OPMERKINGEN>
<fme:NR>30</fme:NR>
<fme:AANTAL>1</fme:AANTAL>
<fme:Aangemaakt_op>30/10/2017</fme:Aangemaakt_op>
</fme:Glasbollen>
<fme:Glasbollen>
<fme:DEELGEMEENTE>Sint-Andries</fme:DEELGEMEENTE>
<fme:LIGGING>5030</fme:LIGGING>
<fme:OPMERKINGEN>t.h.v. Bosdreef / bovengronds</fme:OPMERKINGEN>
<fme:NR>34</fme:NR>
<fme:AANTAL>1</fme:AANTAL>
<fme:Aangemaakt_op>30/10/2017</fme:Aangemaakt_op>
</fme:Glasbollen>
<fme:Glasbollen>
<fme:DEELGEMEENTE>Sint-Andries</fme:DEELGEMEENTE>
<fme:LIGGING>5030</fme:LIGGING>
<fme:OPMERKINGEN>op parking GB (nr. 344) / bovengronds</fme:OPMERKINGEN>
<fme:NR>35</fme:NR>
<fme:AANTAL>2</fme:AANTAL>
<fme:Aangemaakt_op>30/10/2017</fme:Aangemaakt_op>
</fme:Glasbollen>
<fme:Glasbollen>
<fme:DEELGEMEENTE>Sint-Andries</fme:DEELGEMEENTE>
<fme:LIGGING>HOGE LANE</fme:LIGGING>
<fme:OPMERKINGEN>aan garagecomplex op hoek met Legeweg / bovengronds</fme:OPMERKINGEN>
<fme:NR>37</fme:NR>
<fme:AANTAL>1</fme:AANTAL>
<fme:Aangemaakt_op>30/10/2017</fme:Aangemaakt_op>
</fme:Glasbollen>
<fme:Glasbollen>
<fme:DEELGEMEENTE>Sint-Andries</fme:DEELGEMEENTE>
<fme:LIGGING>571</fme:LIGGING>
<fme:OPMERKINGEN>verbindingsweg naar Steenkaai / bovengronds</fme:OPMERKINGEN>
<fme:NR>41</fme:NR>
<fme:AANTAL>2</fme:AANTAL>
<fme:Aangemaakt_op>30/10/2017</fme:Aangemaakt_op>
</fme:Glasbollen>
<fme:Glasbollen>
<fme:DEELGEMEENTE>Sint-Jozef</fme:DEELGEMEENTE>
<fme:LIGGING>3337</fme:LIGGING>
<fme:OPMERKINGEN>aan pompstation r.o. Ter Looigemweg / bovengronds</fme:OPMERKINGEN>
<fme:NR>46</fme:NR>
<fme:AANTAL>2</fme:AANTAL>
<fme:Aangemaakt_op>30/10/2017</fme:Aangemaakt_op>
</fme:Glasbollen>
<fme:Glasbollen>
<fme:DEELGEMEENTE>Sint-Kruis</fme:DEELGEMEENTE>
<fme:LIGGING>6025</fme:LIGGING>
<fme:OPMERKINGEN>op parking supermarkt Ronse nr. 225 / bovengronds</fme:OPMERKINGEN>
<fme:NR>49</fme:NR>
<fme:AANTAL>2</fme:AANTAL>
<fme:Aangemaakt_op>30/10/2017</fme:Aangemaakt_op>
</fme:Glasbollen>
<fme:Glasbollen>
<fme:DEELGEMEENTE>Sint-Kruis</fme:DEELGEMEENTE>
<fme:LIGGING>6099</fme:LIGGING>
<fme:OPMERKINGEN>tegenaan Moerkerkse Steenweg / bovengronds</fme:OPMERKINGEN>
<fme:NR>55</fme:NR>
<fme:AANTAL>2</fme:AANTAL>
<fme:Aangemaakt_op>30/10/2017</fme:Aangemaakt_op>
</fme:Glasbollen>
<fme:Glasbollen>
<fme:DEELGEMEENTE>Sint-Kruis</fme:DEELGEMEENTE>
<fme:LIGGING>6122</fme:LIGGING>
<fme:OPMERKINGEN>aan inrit naar zwembad / bovengronds</fme:OPMERKINGEN>
<fme:NR>56</fme:NR>
<fme:AANTAL>1</fme:AANTAL>
<fme:Aangemaakt_op>30/10/2017</fme:Aangemaakt_op>
</fme:Glasbollen>
<fme:Glasbollen>
<fme:DEELGEMEENTE>Sint-Michiels</fme:DEELGEMEENTE>
<fme:LIGGING>7109</fme:LIGGING>
<fme:OPMERKINGEN>t.h.v. uitgang containerpark / bovengronds</fme:OPMERKINGEN>
<fme:NR>64</fme:NR>
<fme:AANTAL>1</fme:AANTAL>
<fme:Aangemaakt_op>30/10/2017</fme:Aangemaakt_op>
</fme:Glasbollen>
<fme:Glasbollen>
<fme:DEELGEMEENTE>Zeebrugge</fme:DEELGEMEENTE>
<fme:LIGGING>760</fme:LIGGING>
<fme:OPMERKINGEN>aan grasplein in begin straat / bovengronds</fme:OPMERKINGEN>
<fme:NR>77</fme:NR>
<fme:AANTAL>1</fme:AANTAL>
<fme:Aangemaakt_op>30/10/2017</fme:Aangemaakt_op>
</fme:Glasbollen>
<fme:Glasbollen>
<fme:DEELGEMEENTE>Zeebrugge</fme:DEELGEMEENTE>
<fme:LIGGING>779</fme:LIGGING>
<fme:OPMERKINGEN>Jozef Verschaveweg op containerpark / bovengronds</fme:OPMERKINGEN>
<fme:NR>78</fme:NR>
<fme:AANTAL>4</fme:AANTAL>
<fme:Aangemaakt_op>30/10/2017</fme:Aangemaakt_op>
</fme:Glasbollen>
<fme:Glasbollen>
<fme:DEELGEMEENTE>Zeebrugge</fme:DEELGEMEENTE>
<fme:LIGGING>791</fme:LIGGING>
<fme:OPMERKINGEN>transportzone op 2e parking / bovengronds</fme:OPMERKINGEN>
<fme:NR>82</fme:NR>
<fme:AANTAL>1</fme:AANTAL>
<fme:Aangemaakt_op>30/10/2017</fme:Aangemaakt_op>
</fme:Glasbollen>
<fme:Glasbollen>
<fme:DEELGEMEENTE>Zeebrugge</fme:DEELGEMEENTE>
<fme:LIGGING>729</fme:LIGGING>
<fme:OPMERKINGEN>zijarm op hoek met Kielbankstraat / bovengronds</fme:OPMERKINGEN>
<fme:NR>83</fme:NR>
<fme:AANTAL>1</fme:AANTAL>
<fme:Aangemaakt_op>30/10/2017</fme:Aangemaakt_op>
</fme:Glasbollen>
<fme:Glasbollen>
<fme:DEELGEMEENTE>Brugge</fme:DEELGEMEENTE>
<fme:LIGGING>130</fme:LIGGING>
<fme:OPMERKINGEN>tegenaan Kruisvest / ondergronds</fme:OPMERKINGEN>
<fme:NR>86</fme:NR>
<fme:AANTAL>1</fme:AANTAL>
<fme:Aangemaakt_op>30/10/2017</fme:Aangemaakt_op>
</fme:Glasbollen>
<fme:Glasbollen>
<fme:DEELGEMEENTE>Brugge</fme:DEELGEMEENTE>
<fme:LIGGING>23</fme:LIGGING>
<fme:OPMERKINGEN>aan speelplein / ondergronds</fme:OPMERKINGEN>
<fme:NR>88</fme:NR>
<fme:AANTAL>1</fme:AANTAL>
<fme:Aangemaakt_op>30/10/2017</fme:Aangemaakt_op>
</fme:Glasbollen>
<fme:Glasbollen>
<fme:DEELGEMEENTE>Brugge</fme:DEELGEMEENTE>
<fme:LIGGING>4</fme:LIGGING>
<fme:OPMERKINGEN>aan speelplein / ondergronds</fme:OPMERKINGEN>
<fme:NR>89</fme:NR>
<fme:AANTAL>1</fme:AANTAL>
<fme:Aangemaakt_op>30/10/2017</fme:Aangemaakt_op>
</fme:Glasbollen>
<fme:Glasbollen>
<fme:DEELGEMEENTE>Assebroek</fme:DEELGEMEENTE>
<fme:LIGGING>1060</fme:LIGGING>
<fme:OPMERKINGEN>tegenaan hoek met Pannenhuisstraat / bovengronds</fme:OPMERKINGEN>
<fme:NR>8</fme:NR>
<fme:AANTAL>1</fme:AANTAL>
<fme:Aangemaakt_op>30/10/2017</fme:Aangemaakt_op>
</fme:Glasbollen>
<fme:Glasbollen>
<fme:DEELGEMEENTE>Assebroek</fme:DEELGEMEENTE>
<fme:LIGGING>1093</fme:LIGGING>
<fme:OPMERKINGEN>r.o. nr. 62 / bovengronds</fme:OPMERKINGEN>
<fme:NR>11</fme:NR>
<fme:AANTAL>1</fme:AANTAL>
<fme:Aangemaakt_op>30/10/2017</fme:Aangemaakt_op>
</fme:Glasbollen>
<fme:Glasbollen>
<fme:DEELGEMEENTE>Assebroek</fme:DEELGEMEENTE>
<fme:LIGGING>1042</fme:LIGGING>
<fme:OPMERKINGEN>aan begin Sint-Kristoffelstraat / bovengronds</fme:OPMERKINGEN>
<fme:NR>7</fme:NR>
<fme:AANTAL>2</fme:AANTAL>
<fme:Aangemaakt_op>30/10/2017</fme:Aangemaakt_op>
</fme:Glasbollen>
<fme:Glasbollen>
<fme:DEELGEMEENTE>Sint-Andries</fme:DEELGEMEENTE>
<fme:LIGGING>5070</fme:LIGGING>
<fme:OPMERKINGEN>op parking Edgar De Smedtplantsoen / bovengronds</fme:OPMERKINGEN>
<fme:NR>33</fme:NR>
<fme:AANTAL>2</fme:AANTAL>
<fme:Aangemaakt_op>30/10/2017</fme:Aangemaakt_op>
</fme:Glasbollen>
<fme:Glasbollen>
<fme:DEELGEMEENTE>Sint-Andries</fme:DEELGEMEENTE>
<fme:LIGGING>5075</fme:LIGGING>
<fme:OPMERKINGEN>op parking/pleintje / bovengronds</fme:OPMERKINGEN>
<fme:NR>39</fme:NR>
<fme:AANTAL>1</fme:AANTAL>
<fme:Aangemaakt_op>30/10/2017</fme:Aangemaakt_op>
</fme:Glasbollen>
<fme:Glasbollen>
<fme:DEELGEMEENTE>Sint-Jozef</fme:DEELGEMEENTE>
<fme:LIGGING>3331</fme:LIGGING>
<fme:OPMERKINGEN>op einde straat aan Gandhiplein / bovengronds</fme:OPMERKINGEN>
<fme:NR>45</fme:NR>
<fme:AANTAL>1</fme:AANTAL>
<fme:Aangemaakt_op>30/10/2017</fme:Aangemaakt_op>
</fme:Glasbollen>
<fme:Glasbollen>
<fme:DEELGEMEENTE>Sint-Kruis</fme:DEELGEMEENTE>
<fme:LIGGING>6049</fme:LIGGING>
<fme:OPMERKINGEN>op 1e parking op einde straat / bovengronds</fme:OPMERKINGEN>
<fme:NR>51</fme:NR>
<fme:AANTAL>2</fme:AANTAL>
<fme:Aangemaakt_op>30/10/2017</fme:Aangemaakt_op>
</fme:Glasbollen>
<fme:Glasbollen>
<fme:DEELGEMEENTE>Sint-Kruis</fme:DEELGEMEENTE>
<fme:LIGGING>6077</fme:LIGGING>
<fme:OPMERKINGEN>t.h.v. speelterrein</fme:OPMERKINGEN>
<fme:NR>53</fme:NR>
<fme:AANTAL>2</fme:AANTAL>
<fme:Aangemaakt_op>30/10/2017</fme:Aangemaakt_op>
</fme:Glasbollen>
<fme:Glasbollen>
<fme:DEELGEMEENTE>Sint-Michiels</fme:DEELGEMEENTE>
<fme:LIGGING>7113</fme:LIGGING>
<fme:OPMERKINGEN>bovengronds</fme:OPMERKINGEN>
<fme:NR>65</fme:NR>
<fme:AANTAL>2</fme:AANTAL>
<fme:Aangemaakt_op>30/10/2017</fme:Aangemaakt_op>
</fme:Glasbollen>
<fme:Glasbollen>
<fme:DEELGEMEENTE>Zeebrugge</fme:DEELGEMEENTE>
<fme:LIGGING>753</fme:LIGGING>
<fme:OPMERKINGEN>tegenaan nieuwe zeesluizen / bovengronds</fme:OPMERKINGEN>
<fme:NR>81</fme:NR>
<fme:AANTAL>1</fme:AANTAL>
<fme:Aangemaakt_op>30/10/2017</fme:Aangemaakt_op>
</fme:Glasbollen>
</fme:Glasbollen-table>
</fme:xml-tables>