<?xml version="1.0" encoding="UTF-8"?>
<fme:xml-tables xmlns:xsi="http://www.w3.org/2001/XMLSchema-instance" xmlns:fme="http://www.safe.com/xml/xmltables" xsi:schemaLocation="http://www.safe.com/xml/xmltables spoorwegenOK.xsd">
<fme:spoorwegenOK-table>
<fme:spoorwegenOK>
<fme:Link_id>60853834</fme:Link_id>
<fme:Bridge>N</fme:Bridge>
<fme:Tunnel>N</fme:Tunnel>
<fme:Aangemaakt_op>22/06/2016</fme:Aangemaakt_op>
</fme:spoorwegenOK>
<fme:spoorwegenOK>
<fme:Link_id>53685186</fme:Link_id>
<fme:Bridge>N</fme:Bridge>
<fme:Tunnel>N</fme:Tunnel>
<fme:Aangemaakt_op>22/06/2016</fme:Aangemaakt_op>
</fme:spoorwegenOK>
<fme:spoorwegenOK>
<fme:Link_id>60863308</fme:Link_id>
<fme:Bridge>N</fme:Bridge>
<fme:Tunnel>N</fme:Tunnel>
<fme:Aangemaakt_op>22/06/2016</fme:Aangemaakt_op>
</fme:spoorwegenOK>
<fme:spoorwegenOK>
<fme:Link_id>60853433</fme:Link_id>
<fme:Bridge>N</fme:Bridge>
<fme:Tunnel>N</fme:Tunnel>
<fme:Aangemaakt_op>22/06/2016</fme:Aangemaakt_op>
</fme:spoorwegenOK>
<fme:spoorwegenOK>
<fme:Link_id>60853833</fme:Link_id>
<fme:Bridge>N</fme:Bridge>
<fme:Tunnel>N</fme:Tunnel>
<fme:Aangemaakt_op>22/06/2016</fme:Aangemaakt_op>
</fme:spoorwegenOK>
<fme:spoorwegenOK>
<fme:Link_id>53677999</fme:Link_id>
<fme:Bridge>N</fme:Bridge>
<fme:Tunnel>N</fme:Tunnel>
<fme:Aangemaakt_op>22/06/2016</fme:Aangemaakt_op>
</fme:spoorwegenOK>
<fme:spoorwegenOK>
<fme:Link_id>79533590</fme:Link_id>
<fme:Bridge>N</fme:Bridge>
<fme:Tunnel>N</fme:Tunnel>
<fme:Aangemaakt_op>22/06/2016</fme:Aangemaakt_op>
</fme:spoorwegenOK>
<fme:spoorwegenOK>
<fme:Link_id>79516738</fme:Link_id>
<fme:Bridge>N</fme:Bridge>
<fme:Tunnel>N</fme:Tunnel>
<fme:Aangemaakt_op>22/06/2016</fme:Aangemaakt_op>
</fme:spoorwegenOK>
<fme:spoorwegenOK>
<fme:Link_id>60849793</fme:Link_id>
<fme:Bridge>N</fme:Bridge>
<fme:Tunnel>N</fme:Tunnel>
<fme:Aangemaakt_op>22/06/2016</fme:Aangemaakt_op>
</fme:spoorwegenOK>
<fme:spoorwegenOK>
<fme:Link_id>53961345</fme:Link_id>
<fme:Bridge>N</fme:Bridge>
<fme:Tunnel>N</fme:Tunnel>
<fme:Aangemaakt_op>22/06/2016</fme:Aangemaakt_op>
</fme:spoorwegenOK>
<fme:spoorwegenOK>
<fme:Link_id>60867783</fme:Link_id>
<fme:Bridge>N</fme:Bridge>
<fme:Tunnel>N</fme:Tunnel>
<fme:Aangemaakt_op>22/06/2016</fme:Aangemaakt_op>
</fme:spoorwegenOK>
<fme:spoorwegenOK>
<fme:Link_id>53975483</fme:Link_id>
<fme:Bridge>N</fme:Bridge>
<fme:Tunnel>N</fme:Tunnel>
<fme:Aangemaakt_op>22/06/2016</fme:Aangemaakt_op>
</fme:spoorwegenOK>
<fme:spoorwegenOK>
<fme:Link_id>53975477</fme:Link_id>
<fme:Bridge>N</fme:Bridge>
<fme:Tunnel>N</fme:Tunnel>
<fme:Aangemaakt_op>22/06/2016</fme:Aangemaakt_op>
</fme:spoorwegenOK>
<fme:spoorwegenOK>
<fme:Link_id>580423679</fme:Link_id>
<fme:Bridge>N</fme:Bridge>
<fme:Tunnel>N</fme:Tunnel>
<fme:Aangemaakt_op>22/06/2016</fme:Aangemaakt_op>
</fme:spoorwegenOK>
<fme:spoorwegenOK>
<fme:Link_id>60827309</fme:Link_id>
<fme:Bridge>N</fme:Bridge>
<fme:Tunnel>N</fme:Tunnel>
<fme:Aangemaakt_op>22/06/2016</fme:Aangemaakt_op>
</fme:spoorwegenOK>
<fme:spoorwegenOK>
<fme:Link_id>53974774</fme:Link_id>
<fme:Bridge>N</fme:Bridge>
<fme:Tunnel>N</fme:Tunnel>
<fme:Aangemaakt_op>22/06/2016</fme:Aangemaakt_op>
</fme:spoorwegenOK>
<fme:spoorwegenOK>
<fme:Link_id>53683704</fme:Link_id>
<fme:Bridge>N</fme:Bridge>
<fme:Tunnel>N</fme:Tunnel>
<fme:Aangemaakt_op>22/06/2016</fme:Aangemaakt_op>
</fme:spoorwegenOK>
<fme:spoorwegenOK>
<fme:Link_id>60863920</fme:Link_id>
<fme:Bridge>N</fme:Bridge>
<fme:Tunnel>N</fme:Tunnel>
<fme:Aangemaakt_op>22/06/2016</fme:Aangemaakt_op>
</fme:spoorwegenOK>
<fme:spoorwegenOK>
<fme:Link_id>79533575</fme:Link_id>
<fme:Bridge>N</fme:Bridge>
<fme:Tunnel>N</fme:Tunnel>
<fme:Aangemaakt_op>22/06/2016</fme:Aangemaakt_op>
</fme:spoorwegenOK>
<fme:spoorwegenOK>
<fme:Link_id>68160079</fme:Link_id>
<fme:Bridge>N</fme:Bridge>
<fme:Tunnel>N</fme:Tunnel>
<fme:Aangemaakt_op>22/06/2016</fme:Aangemaakt_op>
</fme:spoorwegenOK>
<fme:spoorwegenOK>
<fme:Link_id>60864835</fme:Link_id>
<fme:Bridge>N</fme:Bridge>
<fme:Tunnel>N</fme:Tunnel>
<fme:Aangemaakt_op>22/06/2016</fme:Aangemaakt_op>
</fme:spoorwegenOK>
<fme:spoorwegenOK>
<fme:Link_id>53964686</fme:Link_id>
<fme:Bridge>N</fme:Bridge>
<fme:Tunnel>N</fme:Tunnel>
<fme:Aangemaakt_op>22/06/2016</fme:Aangemaakt_op>
</fme:spoorwegenOK>
<fme:spoorwegenOK>
<fme:Link_id>53676061</fme:Link_id>
<fme:Bridge>N</fme:Bridge>
<fme:Tunnel>N</fme:Tunnel>
<fme:Aangemaakt_op>22/06/2016</fme:Aangemaakt_op>
</fme:spoorwegenOK>
<fme:spoorwegenOK>
<fme:Link_id>53683306</fme:Link_id>
<fme:Bridge>N</fme:Bridge>
<fme:Tunnel>N</fme:Tunnel>
<fme:Aangemaakt_op>22/06/2016</fme:Aangemaakt_op>
</fme:spoorwegenOK>
<fme:spoorwegenOK>
<fme:Link_id>53676114</fme:Link_id>
<fme:Bridge>N</fme:Bridge>
<fme:Tunnel>N</fme:Tunnel>
<fme:Aangemaakt_op>22/06/2016</fme:Aangemaakt_op>
</fme:spoorwegenOK>
<fme:spoorwegenOK>
<fme:Link_id>60853430</fme:Link_id>
<fme:Bridge>N</fme:Bridge>
<fme:Tunnel>N</fme:Tunnel>
<fme:Aangemaakt_op>22/06/2016</fme:Aangemaakt_op>
</fme:spoorwegenOK>
<fme:spoorwegenOK>
<fme:Link_id>53970016</fme:Link_id>
<fme:Bridge>N</fme:Bridge>
<fme:Tunnel>N</fme:Tunnel>
<fme:Aangemaakt_op>22/06/2016</fme:Aangemaakt_op>
</fme:spoorwegenOK>
<fme:spoorwegenOK>
<fme:Link_id>567225635</fme:Link_id>
<fme:Bridge>N</fme:Bridge>
<fme:Tunnel>N</fme:Tunnel>
<fme:Aangemaakt_op>22/06/2016</fme:Aangemaakt_op>
</fme:spoorwegenOK>
<fme:spoorwegenOK>
<fme:Link_id>60827308</fme:Link_id>
<fme:Bridge>N</fme:Bridge>
<fme:Tunnel>N</fme:Tunnel>
<fme:Aangemaakt_op>22/06/2016</fme:Aangemaakt_op>
</fme:spoorwegenOK>
<fme:spoorwegenOK>
<fme:Link_id>60853820</fme:Link_id>
<fme:Bridge>N</fme:Bridge>
<fme:Tunnel>N</fme:Tunnel>
<fme:Aangemaakt_op>22/06/2016</fme:Aangemaakt_op>
</fme:spoorwegenOK>
<fme:spoorwegenOK>
<fme:Link_id>53964688</fme:Link_id>
<fme:Bridge>N</fme:Bridge>
<fme:Tunnel>N</fme:Tunnel>
<fme:Aangemaakt_op>22/06/2016</fme:Aangemaakt_op>
</fme:spoorwegenOK>
<fme:spoorwegenOK>
<fme:Link_id>60853896</fme:Link_id>
<fme:Bridge>N</fme:Bridge>
<fme:Tunnel>N</fme:Tunnel>
<fme:Aangemaakt_op>22/06/2016</fme:Aangemaakt_op>
</fme:spoorwegenOK>
<fme:spoorwegenOK>
<fme:Link_id>53683773</fme:Link_id>
<fme:Bridge>N</fme:Bridge>
<fme:Tunnel>N</fme:Tunnel>
<fme:Aangemaakt_op>22/06/2016</fme:Aangemaakt_op>
</fme:spoorwegenOK>
<fme:spoorwegenOK>
<fme:Link_id>53683799</fme:Link_id>
<fme:Bridge>N</fme:Bridge>
<fme:Tunnel>N</fme:Tunnel>
<fme:Aangemaakt_op>22/06/2016</fme:Aangemaakt_op>
</fme:spoorwegenOK>
<fme:spoorwegenOK>
<fme:Link_id>60853850</fme:Link_id>
<fme:Bridge>N</fme:Bridge>
<fme:Tunnel>N</fme:Tunnel>
<fme:Aangemaakt_op>22/06/2016</fme:Aangemaakt_op>
</fme:spoorwegenOK>
<fme:spoorwegenOK>
<fme:Link_id>53681371</fme:Link_id>
<fme:Bridge>N</fme:Bridge>
<fme:Tunnel>N</fme:Tunnel>
<fme:Aangemaakt_op>22/06/2016</fme:Aangemaakt_op>
</fme:spoorwegenOK>
<fme:spoorwegenOK>
<fme:Link_id>60853431</fme:Link_id>
<fme:Bridge>N</fme:Bridge>
<fme:Tunnel>N</fme:Tunnel>
<fme:Aangemaakt_op>22/06/2016</fme:Aangemaakt_op>
</fme:spoorwegenOK>
<fme:spoorwegenOK>
<fme:Link_id>60853434</fme:Link_id>
<fme:Bridge>N</fme:Bridge>
<fme:Tunnel>N</fme:Tunnel>
<fme:Aangemaakt_op>22/06/2016</fme:Aangemaakt_op>
</fme:spoorwegenOK>
<fme:spoorwegenOK>
<fme:Link_id>567215523</fme:Link_id>
<fme:Bridge>N</fme:Bridge>
<fme:Tunnel>N</fme:Tunnel>
<fme:Aangemaakt_op>22/06/2016</fme:Aangemaakt_op>
</fme:spoorwegenOK>
<fme:spoorwegenOK>
<fme:Link_id>53681344</fme:Link_id>
<fme:Bridge>N</fme:Bridge>
<fme:Tunnel>N</fme:Tunnel>
<fme:Aangemaakt_op>22/06/2016</fme:Aangemaakt_op>
</fme:spoorwegenOK>
<fme:spoorwegenOK>
<fme:Link_id>53683794</fme:Link_id>
<fme:Bridge>N</fme:Bridge>
<fme:Tunnel>N</fme:Tunnel>
<fme:Aangemaakt_op>22/06/2016</fme:Aangemaakt_op>
</fme:spoorwegenOK>
<fme:spoorwegenOK>
<fme:Link_id>79532534</fme:Link_id>
<fme:Bridge>N</fme:Bridge>
<fme:Tunnel>N</fme:Tunnel>
<fme:Aangemaakt_op>22/06/2016</fme:Aangemaakt_op>
</fme:spoorwegenOK>
<fme:spoorwegenOK>
<fme:Link_id>53682396</fme:Link_id>
<fme:Bridge>N</fme:Bridge>
<fme:Tunnel>N</fme:Tunnel>
<fme:Aangemaakt_op>22/06/2016</fme:Aangemaakt_op>
</fme:spoorwegenOK>
<fme:spoorwegenOK>
<fme:Link_id>53686015</fme:Link_id>
<fme:Bridge>N</fme:Bridge>
<fme:Tunnel>N</fme:Tunnel>
<fme:Aangemaakt_op>22/06/2016</fme:Aangemaakt_op>
</fme:spoorwegenOK>
<fme:spoorwegenOK>
<fme:Link_id>567225634</fme:Link_id>
<fme:Bridge>N</fme:Bridge>
<fme:Tunnel>N</fme:Tunnel>
<fme:Aangemaakt_op>22/06/2016</fme:Aangemaakt_op>
</fme:spoorwegenOK>
<fme:spoorwegenOK>
<fme:Link_id>60864836</fme:Link_id>
<fme:Bridge>N</fme:Bridge>
<fme:Tunnel>N</fme:Tunnel>
<fme:Aangemaakt_op>22/06/2016</fme:Aangemaakt_op>
</fme:spoorwegenOK>
<fme:spoorwegenOK>
<fme:Link_id>60853691</fme:Link_id>
<fme:Bridge>N</fme:Bridge>
<fme:Tunnel>N</fme:Tunnel>
<fme:Aangemaakt_op>22/06/2016</fme:Aangemaakt_op>
</fme:spoorwegenOK>
<fme:spoorwegenOK>
<fme:Link_id>79516763</fme:Link_id>
<fme:Bridge>N</fme:Bridge>
<fme:Tunnel>N</fme:Tunnel>
<fme:Aangemaakt_op>22/06/2016</fme:Aangemaakt_op>
</fme:spoorwegenOK>
<fme:spoorwegenOK>
<fme:Link_id>53975478</fme:Link_id>
<fme:Bridge>N</fme:Bridge>
<fme:Tunnel>N</fme:Tunnel>
<fme:Aangemaakt_op>22/06/2016</fme:Aangemaakt_op>
</fme:spoorwegenOK>
<fme:spoorwegenOK>
<fme:Link_id>53685966</fme:Link_id>
<fme:Bridge>N</fme:Bridge>
<fme:Tunnel>N</fme:Tunnel>
<fme:Aangemaakt_op>22/06/2016</fme:Aangemaakt_op>
</fme:spoorwegenOK>
<fme:spoorwegenOK>
<fme:Link_id>60853429</fme:Link_id>
<fme:Bridge>N</fme:Bridge>
<fme:Tunnel>N</fme:Tunnel>
<fme:Aangemaakt_op>22/06/2016</fme:Aangemaakt_op>
</fme:spoorwegenOK>
<fme:spoorwegenOK>
<fme:Link_id>53680683</fme:Link_id>
<fme:Bridge>N</fme:Bridge>
<fme:Tunnel>N</fme:Tunnel>
<fme:Aangemaakt_op>22/06/2016</fme:Aangemaakt_op>
</fme:spoorwegenOK>
<fme:spoorwegenOK>
<fme:Link_id>53680624</fme:Link_id>
<fme:Bridge>N</fme:Bridge>
<fme:Tunnel>N</fme:Tunnel>
<fme:Aangemaakt_op>22/06/2016</fme:Aangemaakt_op>
</fme:spoorwegenOK>
<fme:spoorwegenOK>
<fme:Link_id>60853819</fme:Link_id>
<fme:Bridge>N</fme:Bridge>
<fme:Tunnel>N</fme:Tunnel>
<fme:Aangemaakt_op>22/06/2016</fme:Aangemaakt_op>
</fme:spoorwegenOK>
<fme:spoorwegenOK>
<fme:Link_id>53682454</fme:Link_id>
<fme:Bridge>N</fme:Bridge>
<fme:Tunnel>N</fme:Tunnel>
<fme:Aangemaakt_op>22/06/2016</fme:Aangemaakt_op>
</fme:spoorwegenOK>
<fme:spoorwegenOK>
<fme:Link_id>53962914</fme:Link_id>
<fme:Bridge>N</fme:Bridge>
<fme:Tunnel>N</fme:Tunnel>
<fme:Aangemaakt_op>22/06/2016</fme:Aangemaakt_op>
</fme:spoorwegenOK>
<fme:spoorwegenOK>
<fme:Link_id>53678326</fme:Link_id>
<fme:Bridge>N</fme:Bridge>
<fme:Tunnel>N</fme:Tunnel>
<fme:Aangemaakt_op>22/06/2016</fme:Aangemaakt_op>
</fme:spoorwegenOK>
<fme:spoorwegenOK>
<fme:Link_id>53678120</fme:Link_id>
<fme:Bridge>N</fme:Bridge>
<fme:Tunnel>N</fme:Tunnel>
<fme:Aangemaakt_op>22/06/2016</fme:Aangemaakt_op>
</fme:spoorwegenOK>
<fme:spoorwegenOK>
<fme:Link_id>53974094</fme:Link_id>
<fme:Bridge>N</fme:Bridge>
<fme:Tunnel>N</fme:Tunnel>
<fme:Aangemaakt_op>22/06/2016</fme:Aangemaakt_op>
</fme:spoorwegenOK>
<fme:spoorwegenOK>
<fme:Link_id>53683872</fme:Link_id>
<fme:Bridge>N</fme:Bridge>
<fme:Tunnel>N</fme:Tunnel>
<fme:Aangemaakt_op>22/06/2016</fme:Aangemaakt_op>
</fme:spoorwegenOK>
<fme:spoorwegenOK>
<fme:Link_id>53681301</fme:Link_id>
<fme:Bridge>N</fme:Bridge>
<fme:Tunnel>N</fme:Tunnel>
<fme:Aangemaakt_op>22/06/2016</fme:Aangemaakt_op>
</fme:spoorwegenOK>
<fme:spoorwegenOK>
<fme:Link_id>60853828</fme:Link_id>
<fme:Bridge>N</fme:Bridge>
<fme:Tunnel>N</fme:Tunnel>
<fme:Aangemaakt_op>22/06/2016</fme:Aangemaakt_op>
</fme:spoorwegenOK>
<fme:spoorwegenOK>
<fme:Link_id>53974093</fme:Link_id>
<fme:Bridge>N</fme:Bridge>
<fme:Tunnel>N</fme:Tunnel>
<fme:Aangemaakt_op>22/06/2016</fme:Aangemaakt_op>
</fme:spoorwegenOK>
<fme:spoorwegenOK>
<fme:Link_id>580423678</fme:Link_id>
<fme:Bridge>N</fme:Bridge>
<fme:Tunnel>N</fme:Tunnel>
<fme:Aangemaakt_op>22/06/2016</fme:Aangemaakt_op>
</fme:spoorwegenOK>
<fme:spoorwegenOK>
<fme:Link_id>53964685</fme:Link_id>
<fme:Bridge>N</fme:Bridge>
<fme:Tunnel>N</fme:Tunnel>
<fme:Aangemaakt_op>22/06/2016</fme:Aangemaakt_op>
</fme:spoorwegenOK>
<fme:spoorwegenOK>
<fme:Link_id>53962906</fme:Link_id>
<fme:Bridge>N</fme:Bridge>
<fme:Tunnel>N</fme:Tunnel>
<fme:Aangemaakt_op>22/06/2016</fme:Aangemaakt_op>
</fme:spoorwegenOK>
<fme:spoorwegenOK>
<fme:Link_id>53964970</fme:Link_id>
<fme:Bridge>N</fme:Bridge>
<fme:Tunnel>N</fme:Tunnel>
<fme:Aangemaakt_op>22/06/2016</fme:Aangemaakt_op>
</fme:spoorwegenOK>
<fme:spoorwegenOK>
<fme:Link_id>53680656</fme:Link_id>
<fme:Bridge>N</fme:Bridge>
<fme:Tunnel>N</fme:Tunnel>
<fme:Aangemaakt_op>22/06/2016</fme:Aangemaakt_op>
</fme:spoorwegenOK>
<fme:spoorwegenOK>
<fme:Link_id>53683350</fme:Link_id>
<fme:Bridge>N</fme:Bridge>
<fme:Tunnel>N</fme:Tunnel>
<fme:Aangemaakt_op>22/06/2016</fme:Aangemaakt_op>
</fme:spoorwegenOK>
<fme:spoorwegenOK>
<fme:Link_id>79533596</fme:Link_id>
<fme:Bridge>N</fme:Bridge>
<fme:Tunnel>N</fme:Tunnel>
<fme:Aangemaakt_op>22/06/2016</fme:Aangemaakt_op>
</fme:spoorwegenOK>
<fme:spoorwegenOK>
<fme:Link_id>68160083</fme:Link_id>
<fme:Bridge>N</fme:Bridge>
<fme:Tunnel>N</fme:Tunnel>
<fme:Aangemaakt_op>22/06/2016</fme:Aangemaakt_op>
</fme:spoorwegenOK>
<fme:spoorwegenOK>
<fme:Link_id>53676056</fme:Link_id>
<fme:Bridge>N</fme:Bridge>
<fme:Tunnel>N</fme:Tunnel>
<fme:Aangemaakt_op>22/06/2016</fme:Aangemaakt_op>
</fme:spoorwegenOK>
<fme:spoorwegenOK>
<fme:Link_id>721182283</fme:Link_id>
<fme:Bridge>N</fme:Bridge>
<fme:Tunnel>N</fme:Tunnel>
<fme:Aangemaakt_op>22/06/2016</fme:Aangemaakt_op>
</fme:spoorwegenOK>
<fme:spoorwegenOK>
<fme:Link_id>53974847</fme:Link_id>
<fme:Bridge>N</fme:Bridge>
<fme:Tunnel>N</fme:Tunnel>
<fme:Aangemaakt_op>22/06/2016</fme:Aangemaakt_op>
</fme:spoorwegenOK>
<fme:spoorwegenOK>
<fme:Link_id>53681905</fme:Link_id>
<fme:Bridge>N</fme:Bridge>
<fme:Tunnel>N</fme:Tunnel>
<fme:Aangemaakt_op>22/06/2016</fme:Aangemaakt_op>
</fme:spoorwegenOK>
<fme:spoorwegenOK>
<fme:Link_id>53683823</fme:Link_id>
<fme:Bridge>N</fme:Bridge>
<fme:Tunnel>N</fme:Tunnel>
<fme:Aangemaakt_op>22/06/2016</fme:Aangemaakt_op>
</fme:spoorwegenOK>
<fme:spoorwegenOK>
<fme:Link_id>60853690</fme:Link_id>
<fme:Bridge>N</fme:Bridge>
<fme:Tunnel>N</fme:Tunnel>
<fme:Aangemaakt_op>22/06/2016</fme:Aangemaakt_op>
</fme:spoorwegenOK>
<fme:spoorwegenOK>
<fme:Link_id>53975535</fme:Link_id>
<fme:Bridge>N</fme:Bridge>
<fme:Tunnel>N</fme:Tunnel>
<fme:Aangemaakt_op>22/06/2016</fme:Aangemaakt_op>
</fme:spoorwegenOK>
<fme:spoorwegenOK>
<fme:Link_id>53677980</fme:Link_id>
<fme:Bridge>N</fme:Bridge>
<fme:Tunnel>N</fme:Tunnel>
<fme:Aangemaakt_op>22/06/2016</fme:Aangemaakt_op>
</fme:spoorwegenOK>
<fme:spoorwegenOK>
<fme:Link_id>79516739</fme:Link_id>
<fme:Bridge>N</fme:Bridge>
<fme:Tunnel>N</fme:Tunnel>
<fme:Aangemaakt_op>22/06/2016</fme:Aangemaakt_op>
</fme:spoorwegenOK>
<fme:spoorwegenOK>
<fme:Link_id>53975536</fme:Link_id>
<fme:Bridge>N</fme:Bridge>
<fme:Tunnel>N</fme:Tunnel>
<fme:Aangemaakt_op>22/06/2016</fme:Aangemaakt_op>
</fme:spoorwegenOK>
<fme:spoorwegenOK>
<fme:Link_id>53962915</fme:Link_id>
<fme:Bridge>N</fme:Bridge>
<fme:Tunnel>N</fme:Tunnel>
<fme:Aangemaakt_op>22/06/2016</fme:Aangemaakt_op>
</fme:spoorwegenOK>
<fme:spoorwegenOK>
<fme:Link_id>53683833</fme:Link_id>
<fme:Bridge>N</fme:Bridge>
<fme:Tunnel>N</fme:Tunnel>
<fme:Aangemaakt_op>22/06/2016</fme:Aangemaakt_op>
</fme:spoorwegenOK>
<fme:spoorwegenOK>
<fme:Link_id>53676096</fme:Link_id>
<fme:Bridge>N</fme:Bridge>
<fme:Tunnel>N</fme:Tunnel>
<fme:Aangemaakt_op>22/06/2016</fme:Aangemaakt_op>
</fme:spoorwegenOK>
</fme:spoorwegenOK-table>
</fme:xml-tables>