<?xml version="1.0" encoding="UTF-8"?>
<fme:xml-tables xmlns:xsi="http://www.w3.org/2001/XMLSchema-instance" xmlns:fme="http://www.safe.com/xml/xmltables" xsi:schemaLocation="http://www.safe.com/xml/xmltables Overdekte_jeugdruimte.xsd">
<fme:Overdekte_jeugdruimte-table>
<fme:Overdekte_jeugdruimte>
<fme:Locatie>Antonis De Rooverestraat</fme:Locatie>
<fme:Plaats>Assebroek</fme:Plaats>
<fme:Aangemaakt_op>16/03/2017</fme:Aangemaakt_op>
</fme:Overdekte_jeugdruimte>
<fme:Overdekte_jeugdruimte>
<fme:Locatie>Daverlostraat 140</fme:Locatie>
<fme:Plaats>Assebroek</fme:Plaats>
<fme:Aangemaakt_op>16/03/2017</fme:Aangemaakt_op>
</fme:Overdekte_jeugdruimte>
<fme:Overdekte_jeugdruimte>
<fme:Locatie>P.M. Christinalaan 11</fme:Locatie>
<fme:Plaats>Assebroek</fme:Plaats>
<fme:Aangemaakt_op>16/03/2017</fme:Aangemaakt_op>
</fme:Overdekte_jeugdruimte>
<fme:Overdekte_jeugdruimte>
<fme:Locatie>Weidestraat 85</fme:Locatie>
<fme:Plaats>Assebroek</fme:Plaats>
<fme:Aangemaakt_op>16/03/2017</fme:Aangemaakt_op>
</fme:Overdekte_jeugdruimte>
<fme:Overdekte_jeugdruimte>
<fme:Locatie>Zandberg 8</fme:Locatie>
<fme:Plaats>Assebroek</fme:Plaats>
<fme:SPwerking>ja</fme:SPwerking>
<fme:Aangemaakt_op>16/03/2017</fme:Aangemaakt_op>
</fme:Overdekte_jeugdruimte>
<fme:Overdekte_jeugdruimte>
<fme:Locatie>St.-Trudostraat 1</fme:Locatie>
<fme:Plaats>Assebroek (Steenbrugge)</fme:Plaats>
<fme:Aangemaakt_op>16/03/2017</fme:Aangemaakt_op>
</fme:Overdekte_jeugdruimte>
<fme:Overdekte_jeugdruimte>
<fme:Locatie>Kerklaan 37</fme:Locatie>
<fme:Plaats>Assebroek (ver-A)</fme:Plaats>
<fme:Opm>achter een parochiaal centrum</fme:Opm>
<fme:Aangemaakt_op>16/03/2017</fme:Aangemaakt_op>
</fme:Overdekte_jeugdruimte>
<fme:Overdekte_jeugdruimte>
<fme:Locatie>Jakobinessestraat 45</fme:Locatie>
<fme:Plaats>Centrum</fme:Plaats>
<fme:Aangemaakt_op>16/03/2017</fme:Aangemaakt_op>
</fme:Overdekte_jeugdruimte>
<fme:Overdekte_jeugdruimte>
<fme:Locatie>Mortierstraat 31</fme:Locatie>
<fme:Plaats>Centrum</fme:Plaats>
<fme:Aangemaakt_op>16/03/2017</fme:Aangemaakt_op>
</fme:Overdekte_jeugdruimte>
<fme:Overdekte_jeugdruimte>
<fme:Locatie>PC H. Magdalena, Violierstraat 7</fme:Locatie>
<fme:Plaats>Centrum</fme:Plaats>
<fme:Opm>onderdeel van een paroch centrum</fme:Opm>
<fme:Aangemaakt_op>16/03/2017</fme:Aangemaakt_op>
</fme:Overdekte_jeugdruimte>
<fme:Overdekte_jeugdruimte>
<fme:Locatie>Peterseliestraat 100</fme:Locatie>
<fme:Plaats>Centrum</fme:Plaats>
<fme:Aangemaakt_op>16/03/2017</fme:Aangemaakt_op>
</fme:Overdekte_jeugdruimte>
<fme:Overdekte_jeugdruimte>
<fme:Locatie>Ter Pannestraat 6</fme:Locatie>
<fme:Plaats>Centrum</fme:Plaats>
<fme:Aangemaakt_op>16/03/2017</fme:Aangemaakt_op>
</fme:Overdekte_jeugdruimte>
<fme:Overdekte_jeugdruimte>
<fme:Locatie>Venkelstraat</fme:Locatie>
<fme:Plaats>Centrum</fme:Plaats>
<fme:Aangemaakt_op>16/03/2017</fme:Aangemaakt_op>
</fme:Overdekte_jeugdruimte>
<fme:Overdekte_jeugdruimte>
<fme:Locatie>Amaat Vynckestraat</fme:Locatie>
<fme:Plaats>Dudzele</fme:Plaats>
<fme:Opm>officieel adres 'Westkapelse stwg 58',
onderdeel van een sportpark</fme:Opm>
<fme:Aangemaakt_op>16/03/2017</fme:Aangemaakt_op>
</fme:Overdekte_jeugdruimte>
<fme:Overdekte_jeugdruimte>
<fme:Locatie>Vaartbekeweg / Over de Vaartbeek</fme:Locatie>
<fme:Plaats>Koolkerke</fme:Plaats>
<fme:Opm>onderdeel van een sportpark</fme:Opm>
<fme:Aangemaakt_op>16/03/2017</fme:Aangemaakt_op>
</fme:Overdekte_jeugdruimte>
<fme:Overdekte_jeugdruimte>
<fme:Locatie>Scharphoutstraat</fme:Locatie>
<fme:Plaats>Lissewege</fme:Plaats>
<fme:SPwerking>ja</fme:SPwerking>
<fme:Aangemaakt_op>16/03/2017</fme:Aangemaakt_op>
</fme:Overdekte_jeugdruimte>
<fme:Overdekte_jeugdruimte>
<fme:Locatie>Stationsstraat</fme:Locatie>
<fme:Plaats>Lissewege</fme:Plaats>
<fme:Aangemaakt_op>16/03/2017</fme:Aangemaakt_op>
</fme:Overdekte_jeugdruimte>
<fme:Overdekte_jeugdruimte>
<fme:Locatie>Beisbroek, sterrenwacht</fme:Locatie>
<fme:Plaats>St.-Andries</fme:Plaats>
<fme:Aangemaakt_op>16/03/2017</fme:Aangemaakt_op>
</fme:Overdekte_jeugdruimte>
<fme:Overdekte_jeugdruimte>
<fme:Locatie>K.K. Theodoorstraat 2</fme:Locatie>
<fme:Plaats>St.-Andries</fme:Plaats>
<fme:Opm>achter een parochiaal centrum</fme:Opm>
<fme:Aangemaakt_op>16/03/2017</fme:Aangemaakt_op>
</fme:Overdekte_jeugdruimte>
<fme:Overdekte_jeugdruimte>
<fme:Locatie>Legeweg 269 (Prangeweide)</fme:Locatie>
<fme:Plaats>St.-Andries</fme:Plaats>
<fme:Aangemaakt_op>16/03/2017</fme:Aangemaakt_op>
</fme:Overdekte_jeugdruimte>
<fme:Overdekte_jeugdruimte>
<fme:Locatie>Legeweg 83</fme:Locatie>
<fme:Plaats>St.-Andries</fme:Plaats>
<fme:Opm>zolderverdiep van een paroch centrum</fme:Opm>
<fme:Aangemaakt_op>16/03/2017</fme:Aangemaakt_op>
</fme:Overdekte_jeugdruimte>
<fme:Overdekte_jeugdruimte>
<fme:Locatie>Paul Gilsonstraat</fme:Locatie>
<fme:Plaats>St.-Andries</fme:Plaats>
<fme:SPwerking>ja</fme:SPwerking>
<fme:Aangemaakt_op>16/03/2017</fme:Aangemaakt_op>
</fme:Overdekte_jeugdruimte>
<fme:Overdekte_jeugdruimte>
<fme:Locatie>St.-Jansdreef</fme:Locatie>
<fme:Plaats>St.-Andries</fme:Plaats>
<fme:Opm>hoek met P. Benoitlaan</fme:Opm>
<fme:Aangemaakt_op>16/03/2017</fme:Aangemaakt_op>
</fme:Overdekte_jeugdruimte>
<fme:Overdekte_jeugdruimte>
<fme:Locatie>Zandstraat 268 (Fazantenlaan)</fme:Locatie>
<fme:Plaats>St.-Andries</fme:Plaats>
<fme:SPwerking>ja</fme:SPwerking>
<fme:Aangemaakt_op>16/03/2017</fme:Aangemaakt_op>
</fme:Overdekte_jeugdruimte>
<fme:Overdekte_jeugdruimte>
<fme:Locatie>Binnenweg 4</fme:Locatie>
<fme:Plaats>St.-Jozef</fme:Plaats>
<fme:SPwerking>ja</fme:SPwerking>
<fme:Aangemaakt_op>16/03/2017</fme:Aangemaakt_op>
</fme:Overdekte_jeugdruimte>
<fme:Overdekte_jeugdruimte>
<fme:Locatie>L. Coiseaukaai 11</fme:Locatie>
<fme:Plaats>St.-Jozef</fme:Plaats>
<fme:Aangemaakt_op>16/03/2017</fme:Aangemaakt_op>
</fme:Overdekte_jeugdruimte>
<fme:Overdekte_jeugdruimte>
<fme:Locatie>L. Coiseaukaai 11d</fme:Locatie>
<fme:Plaats>St.-Jozef</fme:Plaats>
<fme:Aangemaakt_op>16/03/2017</fme:Aangemaakt_op>
</fme:Overdekte_jeugdruimte>
<fme:Overdekte_jeugdruimte>
<fme:Locatie>Landjuwelenstraat 43</fme:Locatie>
<fme:Plaats>St.-Jozef</fme:Plaats>
<fme:Aangemaakt_op>16/03/2017</fme:Aangemaakt_op>
</fme:Overdekte_jeugdruimte>
<fme:Overdekte_jeugdruimte>
<fme:Locatie>Blauwkasteelweg</fme:Locatie>
<fme:Plaats>St.-Kruis</fme:Plaats>
<fme:Aangemaakt_op>16/03/2017</fme:Aangemaakt_op>
</fme:Overdekte_jeugdruimte>
<fme:Overdekte_jeugdruimte>
<fme:Locatie>Engelendalelaan 18</fme:Locatie>
<fme:Plaats>St.-Kruis</fme:Plaats>
<fme:Aangemaakt_op>16/03/2017</fme:Aangemaakt_op>
</fme:Overdekte_jeugdruimte>
<fme:Overdekte_jeugdruimte>
<fme:Locatie>Gulden Kamer</fme:Locatie>
<fme:Plaats>St.-Kruis</fme:Plaats>
<fme:Aangemaakt_op>16/03/2017</fme:Aangemaakt_op>
</fme:Overdekte_jeugdruimte>
<fme:Overdekte_jeugdruimte>
<fme:Locatie>Paalbos</fme:Locatie>
<fme:Plaats>St.-Kruis</fme:Plaats>
<fme:Opm>grens Assebroek/St.-Kruis</fme:Opm>
<fme:SPwerking>ja</fme:SPwerking>
<fme:Aangemaakt_op>16/03/2017</fme:Aangemaakt_op>
</fme:Overdekte_jeugdruimte>
<fme:Overdekte_jeugdruimte>
<fme:Locatie>Brieversweg 373 (Maleveld)</fme:Locatie>
<fme:Plaats>St.-Kruis (Male)</fme:Plaats>
<fme:Aangemaakt_op>16/03/2017</fme:Aangemaakt_op>
</fme:Overdekte_jeugdruimte>
<fme:Overdekte_jeugdruimte>
<fme:Locatie>Dekenstraat</fme:Locatie>
<fme:Plaats>St.-Kruis (Male)</fme:Plaats>
<fme:SPwerking>ja</fme:SPwerking>
<fme:Aangemaakt_op>16/03/2017</fme:Aangemaakt_op>
</fme:Overdekte_jeugdruimte>
<fme:Overdekte_jeugdruimte>
<fme:Locatie>Kanunnik Decoeneplein 2</fme:Locatie>
<fme:Plaats>St.-Kruis (Male)</fme:Plaats>
<fme:Opm>onderdeel van een paroch centrum</fme:Opm>
<fme:Aangemaakt_op>16/03/2017</fme:Aangemaakt_op>
</fme:Overdekte_jeugdruimte>
<fme:Overdekte_jeugdruimte>
<fme:Locatie>St.-Arnolduslaan 26</fme:Locatie>
<fme:Plaats>St.-Michiels</fme:Plaats>
<fme:Aangemaakt_op>16/03/2017</fme:Aangemaakt_op>
</fme:Overdekte_jeugdruimte>
<fme:Overdekte_jeugdruimte>
<fme:Locatie>St.-Arnolduslaan 28</fme:Locatie>
<fme:Plaats>St.-Michiels</fme:Plaats>
<fme:Aangemaakt_op>16/03/2017</fme:Aangemaakt_op>
</fme:Overdekte_jeugdruimte>
<fme:Overdekte_jeugdruimte>
<fme:Locatie>St.-Michielslaan 69</fme:Locatie>
<fme:Plaats>St.-Michiels</fme:Plaats>
<fme:Aangemaakt_op>16/03/2017</fme:Aangemaakt_op>
</fme:Overdekte_jeugdruimte>
<fme:Overdekte_jeugdruimte>
<fme:Locatie>St.-Michielslaan 75 a+b</fme:Locatie>
<fme:Plaats>St.-Michiels</fme:Plaats>
<fme:Aangemaakt_op>16/03/2017</fme:Aangemaakt_op>
</fme:Overdekte_jeugdruimte>
<fme:Overdekte_jeugdruimte>
<fme:Locatie>Tempelhof</fme:Locatie>
<fme:Plaats>St.-Pieters</fme:Plaats>
<fme:Aangemaakt_op>16/03/2017</fme:Aangemaakt_op>
</fme:Overdekte_jeugdruimte>
<fme:Overdekte_jeugdruimte>
<fme:Locatie>Ploegstraat 26</fme:Locatie>
<fme:Plaats>Zeebrugge</fme:Plaats>
<fme:Aangemaakt_op>16/03/2017</fme:Aangemaakt_op>
</fme:Overdekte_jeugdruimte>
<fme:Overdekte_jeugdruimte>
<fme:Locatie>Lisseweegse steenweg</fme:Locatie>
<fme:Plaats>Zwankendamme</fme:Plaats>
<fme:Aangemaakt_op>16/03/2017</fme:Aangemaakt_op>
</fme:Overdekte_jeugdruimte>
<fme:Overdekte_jeugdruimte>
<fme:Locatie>Steenkaai 34R</fme:Locatie>
<fme:Plaats>Christus-koning</fme:Plaats>
<fme:Aangemaakt_op>16/03/2017</fme:Aangemaakt_op>
</fme:Overdekte_jeugdruimte>
</fme:Overdekte_jeugdruimte-table>
</fme:xml-tables>