<?xml version="1.0" encoding="UTF-8"?>
<fme:xml-tables xmlns:xsi="http://www.w3.org/2001/XMLSchema-instance" xmlns:fme="http://www.safe.com/xml/xmltables" xsi:schemaLocation="http://www.safe.com/xml/xmltables Scholen.xsd">
<fme:Scholen-table>
<fme:Scholen>
<fme:School>Steinerschool</fme:School>
<fme:Vestiging_aangepast>Astridl 86</fme:Vestiging_aangepast>
<fme:Vestiging>Astridlaan 86</fme:Vestiging>
<fme:Aantal>276</fme:Aantal>
<fme:Blokcode>31005WC00037</fme:Blokcode>
<fme:Aangemaakt_op>22/06/2016</fme:Aangemaakt_op>
</fme:Scholen>
<fme:Scholen>
<fme:School>BLO Ganzeveer</fme:School>
<fme:Vestiging_aangepast>Ganzenstr 13/15</fme:Vestiging_aangepast>
<fme:Vestiging>Ganzenstraat 15</fme:Vestiging>
<fme:Aantal>191</fme:Aantal>
<fme:Blokcode>31005WH00207</fme:Blokcode>
<fme:Aangemaakt_op>22/06/2016</fme:Aangemaakt_op>
</fme:Scholen>
<fme:Scholen>
<fme:School>SASK</fme:School>
<fme:Vestiging_aangepast>Katelijnestr 86/88</fme:Vestiging_aangepast>
<fme:Vestiging>Katelijnestraat 86</fme:Vestiging>
<fme:Aantal>1742</fme:Aantal>
<fme:Blokcode>31005WH00007</fme:Blokcode>
<fme:Aangemaakt_op>22/06/2016</fme:Aangemaakt_op>
</fme:Scholen>
<fme:Scholen>
<fme:School>cvo SNTL</fme:School>
<fme:Vestiging_aangepast>Arsenaalstr 4</fme:Vestiging_aangepast>
<fme:Vestiging>Arsenaalstraat 4</fme:Vestiging>
<fme:Aantal>6510</fme:Aantal>
<fme:Blokcode>31005WH00007</fme:Blokcode>
<fme:Aangemaakt_op>22/06/2016</fme:Aangemaakt_op>
</fme:Scholen>
<fme:Scholen>
<fme:School>Conservatorium</fme:School>
<fme:Vestiging_aangepast>St-Jakobsstr 23/27</fme:Vestiging_aangepast>
<fme:Vestiging>Sint-Jakobsstraat 23-27</fme:Vestiging>
<fme:Aantal>1510</fme:Aantal>
<fme:Blokcode>31005WH00195</fme:Blokcode>
<fme:Aangemaakt_op>22/06/2016</fme:Aangemaakt_op>
</fme:Scholen>
<fme:Scholen>
<fme:School>Europacollege</fme:School>
<fme:Vestiging_aangepast>Dijver 10/11</fme:Vestiging_aangepast>
<fme:Vestiging>Dijver 11</fme:Vestiging>
<fme:Aantal>315</fme:Aantal>
<fme:Blokcode>31005WH00289</fme:Blokcode>
<fme:Aangemaakt_op>22/06/2016</fme:Aangemaakt_op>
</fme:Scholen>
<fme:Scholen>
<fme:School>KHBO</fme:School>
<fme:Vestiging_aangepast>Xaverianenstr 14</fme:Vestiging_aangepast>
<fme:Vestiging>Xaverianenstraat 10</fme:Vestiging>
<fme:Aantal>3391</fme:Aantal>
<fme:Blokcode>31005WM00031</fme:Blokcode>
<fme:Aangemaakt_op>22/06/2016</fme:Aangemaakt_op>
</fme:Scholen>
<fme:Scholen>
<fme:School>Howest</fme:School>
<fme:Vestiging_aangepast>St-Jorisstr 71</fme:Vestiging_aangepast>
<fme:Vestiging>Sint-Jorisstraat 71</fme:Vestiging>
<fme:Aantal>1120</fme:Aantal>
<fme:Blokcode>31005WH00132</fme:Blokcode>
<fme:Aangemaakt_op>22/06/2016</fme:Aangemaakt_op>
</fme:Scholen>
<fme:Scholen>
<fme:School>Howest</fme:School>
<fme:Vestiging_aangepast>Rijselstr 5</fme:Vestiging_aangepast>
<fme:Vestiging>Rijselstraat 5</fme:Vestiging>
<fme:Aantal>1648</fme:Aantal>
<fme:Blokcode>31005WM00071</fme:Blokcode>
<fme:Aangemaakt_op>22/06/2016</fme:Aangemaakt_op>
</fme:Scholen>
<fme:Scholen>
<fme:School>Conservatorium Blijdhove</fme:School>
<fme:Vestiging_aangepast>Generaal Lemanl 145</fme:Vestiging_aangepast>
<fme:Vestiging>Generaal Lemanlaan 145</fme:Vestiging>
<fme:Aantal>98</fme:Aantal>
<fme:Blokcode>31005WC00014</fme:Blokcode>
<fme:Aangemaakt_op>22/06/2016</fme:Aangemaakt_op>
</fme:Scholen>
<fme:Scholen>
<fme:School>Basisschool van het Gemeenschapsonderwijs</fme:School>
<fme:Vestiging_aangepast>Spiegelrei 15</fme:Vestiging_aangepast>
<fme:Vestiging>Spiegelrei 15</fme:Vestiging>
<fme:Aantal>228</fme:Aantal>
<fme:Blokcode>31005WH00166</fme:Blokcode>
<fme:Aangemaakt_op>22/06/2016</fme:Aangemaakt_op>
</fme:Scholen>
<fme:Scholen>
<fme:School>Basisschool van het Gemeenschapsonderwijs - Brugge De Springplank - De Pannebeke - De Regenboog</fme:School>
<fme:Vestiging_aangepast>Hugo Losschaertstr 5</fme:Vestiging_aangepast>
<fme:Vestiging>Hugo Losschaertstraat 5</fme:Vestiging>
<fme:Aantal>440</fme:Aantal>
<fme:Blokcode>31005WH00132</fme:Blokcode>
<fme:Aangemaakt_op>22/06/2016</fme:Aangemaakt_op>
</fme:Scholen>
<fme:Scholen>
<fme:School>Basisschool van het Gemeenschapsonderwijs - MANITOBA</fme:School>
<fme:Vestiging_aangepast>Manitobal 46</fme:Vestiging_aangepast>
<fme:Vestiging>Manitobalaan 48</fme:Vestiging>
<fme:Aantal>242</fme:Aantal>
<fme:Blokcode>31005WD00164</fme:Blokcode>
<fme:Aangemaakt_op>22/06/2016</fme:Aangemaakt_op>
</fme:Scholen>
<fme:Scholen>
<fme:School>Basisschool van het Gemeenschapsonderwijs</fme:School>
<fme:Vestiging_aangepast>Brieversweg 183</fme:Vestiging_aangepast>
<fme:Vestiging>Brieversweg 185</fme:Vestiging>
<fme:Aantal>101</fme:Aantal>
<fme:Blokcode>31005WF00104</fme:Blokcode>
<fme:Aangemaakt_op>22/06/2016</fme:Aangemaakt_op>
</fme:Scholen>
<fme:Scholen>
<fme:School>Basisschool van het Gemeenschapsonderwijs</fme:School>
<fme:Vestiging_aangepast>Daverlostr 132</fme:Vestiging_aangepast>
<fme:Vestiging>Daverlostraat 132</fme:Vestiging>
<fme:Aantal>431</fme:Aantal>
<fme:Blokcode>31005WC00133</fme:Blokcode>
<fme:Aangemaakt_op>22/06/2016</fme:Aangemaakt_op>
</fme:Scholen>
<fme:Scholen>
<fme:School>Medisch Pedagogisch Instituut van het Gemeenschapsonderwijs - De Kaproenen</fme:School>
<fme:Vestiging_aangepast>Kaproenenhof 32</fme:Vestiging_aangepast>
<fme:Vestiging>Kaproenenhof 32</fme:Vestiging>
<fme:Aantal>173</fme:Aantal>
<fme:Blokcode>31005WM00164</fme:Blokcode>
<fme:Aangemaakt_op>22/06/2016</fme:Aangemaakt_op>
</fme:Scholen>
<fme:Scholen>
<fme:School>Vrije Basisschool</fme:School>
<fme:Vestiging_aangepast>Gerard Davidstr 6</fme:Vestiging_aangepast>
<fme:Vestiging>Gerard Davidstraat 6</fme:Vestiging>
<fme:Aantal>493</fme:Aantal>
<fme:Blokcode>31005WB00027</fme:Blokcode>
<fme:Aangemaakt_op>22/06/2016</fme:Aangemaakt_op>
</fme:Scholen>
<fme:Scholen>
<fme:School>Vrije Basisschool</fme:School>
<fme:Vestiging_aangepast>St-Lenardsstr 58A</fme:Vestiging_aangepast>
<fme:Vestiging>Sint-Lenardsstraat 58</fme:Vestiging>
<fme:Aantal>233</fme:Aantal>
<fme:Blokcode>31005WE00019</fme:Blokcode>
<fme:Aangemaakt_op>22/06/2016</fme:Aangemaakt_op>
</fme:Scholen>
<fme:Scholen>
<fme:School>Vrije Basisschool - DE KOMME</fme:School>
<fme:Vestiging_aangepast>St-Jozefsstr 6</fme:Vestiging_aangepast>
<fme:Vestiging>Sint-Jozefsstraat 2</fme:Vestiging>
<fme:Aantal>145</fme:Aantal>
<fme:Blokcode>31005WL00068</fme:Blokcode>
<fme:Aangemaakt_op>22/06/2016</fme:Aangemaakt_op>
</fme:Scholen>
<fme:Scholen>
<fme:School>Vrije Basisschool</fme:School>
<fme:Vestiging_aangepast>St-Maartensplein 5</fme:Vestiging_aangepast>
<fme:Vestiging>Sint-Maartensplein 5</fme:Vestiging>
<fme:Aantal>242</fme:Aantal>
<fme:Blokcode>31005WH00171</fme:Blokcode>
<fme:Aangemaakt_op>22/06/2016</fme:Aangemaakt_op>
</fme:Scholen>
<fme:Scholen>
<fme:School>Vrije Basisschool -Sint-Jozefsinstituut</fme:School>
<fme:Vestiging_aangepast>Zilverstr 18</fme:Vestiging_aangepast>
<fme:Vestiging>Zilverstraat 26</fme:Vestiging>
<fme:Aantal>173</fme:Aantal>
<fme:Blokcode>31005WH00237</fme:Blokcode>
<fme:Aangemaakt_op>22/06/2016</fme:Aangemaakt_op>
</fme:Scholen>
<fme:Scholen>
<fme:School>Vrije Basisschool</fme:School>
<fme:Vestiging_aangepast>Blankenbergse stwg 219</fme:Vestiging_aangepast>
<fme:Vestiging>Blankenbergse Steenweg 219</fme:Vestiging>
<fme:Aantal>224</fme:Aantal>
<fme:Blokcode>31005WK00010</fme:Blokcode>
<fme:Aangemaakt_op>22/06/2016</fme:Aangemaakt_op>
</fme:Scholen>
<fme:Scholen>
<fme:School>Vrije Basisschool</fme:School>
<fme:Vestiging_aangepast>Potentestr 28</fme:Vestiging_aangepast>
<fme:Vestiging>Potentestraat 28</fme:Vestiging>
<fme:Aantal>198</fme:Aantal>
<fme:Blokcode>31005WK00129</fme:Blokcode>
<fme:Aangemaakt_op>22/06/2016</fme:Aangemaakt_op>
</fme:Scholen>
<fme:Scholen>
<fme:School>Vrije Lagere School</fme:School>
<fme:Vestiging_aangepast>Potterierei 11</fme:Vestiging_aangepast>
<fme:Vestiging>Potterierei 11</fme:Vestiging>
<fme:Aantal>183</fme:Aantal>
<fme:Blokcode>31005WH00135</fme:Blokcode>
<fme:Aangemaakt_op>22/06/2016</fme:Aangemaakt_op>
</fme:Scholen>
<fme:Scholen>
<fme:School>Vrije Basisschool -Oefenschool - Sint-Andreas</fme:School>
<fme:Vestiging_aangepast>Garenmarkt 8</fme:Vestiging_aangepast>
<fme:Vestiging>Garenmarkt 8</fme:Vestiging>
<fme:Aantal>711</fme:Aantal>
<fme:Blokcode>31005WH00289</fme:Blokcode>
<fme:Aangemaakt_op>22/06/2016</fme:Aangemaakt_op>
</fme:Scholen>
<fme:Scholen>
<fme:School>Vrije Basisschool</fme:School>
<fme:Vestiging_aangepast>Gistelse stwg 440</fme:Vestiging_aangepast>
<fme:Vestiging>Gistelse Steenweg 440</fme:Vestiging>
<fme:Aantal>462</fme:Aantal>
<fme:Blokcode>31005WD00157</fme:Blokcode>
<fme:Aangemaakt_op>22/06/2016</fme:Aangemaakt_op>
</fme:Scholen>
<fme:Scholen>
<fme:School>Vrije Basisschool -Sint Lodewijkscollege</fme:School>
<fme:Vestiging_aangepast>Doornstr 3</fme:Vestiging_aangepast>
<fme:Vestiging>Doornstraat 3</fme:Vestiging>
<fme:Aantal>327</fme:Aantal>
<fme:Blokcode>31005WD00181</fme:Blokcode>
<fme:Aangemaakt_op>22/06/2016</fme:Aangemaakt_op>
</fme:Scholen>
<fme:Scholen>
<fme:School>Vrije Basisschool - Sint-Lodewijkscollege - afd. Zandstraat</fme:School>
<fme:Vestiging_aangepast>Zandstr 69</fme:Vestiging_aangepast>
<fme:Vestiging>Zandstraat 69</fme:Vestiging>
<fme:Aantal>315</fme:Aantal>
<fme:Blokcode>31005WD00145</fme:Blokcode>
<fme:Aangemaakt_op>22/06/2016</fme:Aangemaakt_op>
</fme:Scholen>
<fme:Scholen>
<fme:School>Vrije Basisschool - Sint-Lodewijkscollege Afd. Immaculata</fme:School>
<fme:Vestiging_aangepast>Koningin Astridl 4</fme:Vestiging_aangepast>
<fme:Vestiging>Koningin Astridlaan 4</fme:Vestiging>
<fme:Aantal>475</fme:Aantal>
<fme:Blokcode>31005WM00064</fme:Blokcode>
<fme:Aangemaakt_op>22/06/2016</fme:Aangemaakt_op>
</fme:Scholen>
<fme:Scholen>
<fme:School>Vrije Basisschool - Sint-Lodewijkscollege</fme:School>
<fme:Vestiging_aangepast>Spoorwegstr 250</fme:Vestiging_aangepast>
<fme:Vestiging>Spoorwegstraat 250</fme:Vestiging>
<fme:Aantal>185</fme:Aantal>
<fme:Blokcode>31005WM00108</fme:Blokcode>
<fme:Aangemaakt_op>22/06/2016</fme:Aangemaakt_op>
</fme:Scholen>
<fme:Scholen>
<fme:School>Gemeentelijke Basisschool - De Triangel</fme:School>
<fme:Vestiging_aangepast>Diksmuidse Heerweg 159</fme:Vestiging_aangepast>
<fme:Vestiging>Diksmuidse Heerweg 159</fme:Vestiging>
<fme:Aantal>328</fme:Aantal>
<fme:Blokcode>31005WD00173</fme:Blokcode>
<fme:Aangemaakt_op>22/06/2016</fme:Aangemaakt_op>
</fme:Scholen>
<fme:Scholen>
<fme:School>Vrije Lagere School</fme:School>
<fme:Vestiging_aangepast>De Linde 96</fme:Vestiging_aangepast>
<fme:Vestiging>De Linde 94</fme:Vestiging>
<fme:Aantal>140</fme:Aantal>
<fme:Blokcode>31005WF00108</fme:Blokcode>
<fme:Aangemaakt_op>22/06/2016</fme:Aangemaakt_op>
</fme:Scholen>
<fme:Scholen>
<fme:School>Vrije Lagere School</fme:School>
<fme:Vestiging_aangepast>Fortuinstr 29</fme:Vestiging_aangepast>
<fme:Vestiging>Fortuinstraat 29</fme:Vestiging>
<fme:Aantal>384</fme:Aantal>
<fme:Blokcode>31005WF00135</fme:Blokcode>
<fme:Aangemaakt_op>22/06/2016</fme:Aangemaakt_op>
</fme:Scholen>
<fme:Scholen>
<fme:School>Vrije Basisschool</fme:School>
<fme:Vestiging_aangepast>Collegestr 24</fme:Vestiging_aangepast>
<fme:Vestiging>Collegestraat 24_bi</fme:Vestiging>
<fme:Aantal>207</fme:Aantal>
<fme:Blokcode>31005WC00073</fme:Blokcode>
<fme:Aangemaakt_op>22/06/2016</fme:Aangemaakt_op>
</fme:Scholen>
<fme:Scholen>
<fme:School>Vrije Basisschool - OLVA De Meersen</fme:School>
<fme:Vestiging_aangepast>Astridl 400</fme:Vestiging_aangepast>
<fme:Vestiging>Astridlaan 400</fme:Vestiging>
<fme:Aantal>201</fme:Aantal>
<fme:Blokcode>31005WC00136</fme:Blokcode>
<fme:Aangemaakt_op>22/06/2016</fme:Aangemaakt_op>
</fme:Scholen>
<fme:Scholen>
<fme:School>Vrije Basisschool</fme:School>
<fme:Vestiging_aangepast>St-Katarinastr 132</fme:Vestiging_aangepast>
<fme:Vestiging>Sint-Katarinastraat 132</fme:Vestiging>
<fme:Aantal>372</fme:Aantal>
<fme:Blokcode>31005WC00126</fme:Blokcode>
<fme:Aangemaakt_op>22/06/2016</fme:Aangemaakt_op>
</fme:Scholen>
<fme:Scholen>
<fme:School>Vrije Basisschool</fme:School>
<fme:Vestiging_aangepast>Baron Ruzettel 439</fme:Vestiging_aangepast>
<fme:Vestiging>Baron Ruzettelaan 439</fme:Vestiging>
<fme:Aantal>260</fme:Aantal>
<fme:Blokcode>31005WC00169</fme:Blokcode>
<fme:Aangemaakt_op>22/06/2016</fme:Aangemaakt_op>
</fme:Scholen>
<fme:Scholen>
<fme:School>Gemeentelijke Basisschool-Ter Poorten</fme:School>
<fme:Vestiging_aangepast>Stationsstr 25</fme:Vestiging_aangepast>
<fme:Vestiging>Stationsstraat 25</fme:Vestiging>
<fme:Aantal>137</fme:Aantal>
<fme:Blokcode>31005WA00020</fme:Blokcode>
<fme:Aangemaakt_op>22/06/2016</fme:Aangemaakt_op>
</fme:Scholen>
<fme:Scholen>
<fme:School>Vrije Basisschool-De Lisblomme</fme:School>
<fme:Vestiging_aangepast>Zeebruggel 43</fme:Vestiging_aangepast>
<fme:Vestiging>Zeebruggelaan 41</fme:Vestiging>
<fme:Aantal>236</fme:Aantal>
<fme:Blokcode>31005WA00023</fme:Blokcode>
<fme:Aangemaakt_op>22/06/2016</fme:Aangemaakt_op>
</fme:Scholen>
<fme:Scholen>
<fme:School>Vrije Basisschool</fme:School>
<fme:Vestiging_aangepast>Zustersstr 9</fme:Vestiging_aangepast>
<fme:Vestiging>Zustersstraat 9</fme:Vestiging>
<fme:Aantal>219</fme:Aantal>
<fme:Blokcode>31005WJ00033</fme:Blokcode>
<fme:Aangemaakt_op>22/06/2016</fme:Aangemaakt_op>
</fme:Scholen>
<fme:Scholen>
<fme:School>Vrije Basisschool voor Buitengewoon Onderwijs -Koninklijk Instituut Spermalie</fme:School>
<fme:Vestiging_aangepast>Snaggaardstr 9</fme:Vestiging_aangepast>
<fme:Vestiging>Snaggaardstraat 9</fme:Vestiging>
<fme:Aantal>120</fme:Aantal>
<fme:Blokcode>31005WH00108</fme:Blokcode>
<fme:Aangemaakt_op>22/06/2016</fme:Aangemaakt_op>
</fme:Scholen>
<fme:Scholen>
<fme:School>Gemeentelijke Lagere School voor Buitengewoon Onderwijs -De Ganzenveer</fme:School>
<fme:Vestiging_aangepast>Ganzenstr 13/15</fme:Vestiging_aangepast>
<fme:Vestiging>Ganzenstraat 15</fme:Vestiging>
<fme:Aantal>165</fme:Aantal>
<fme:Blokcode>31005WH00207</fme:Blokcode>
<fme:Aangemaakt_op>22/06/2016</fme:Aangemaakt_op>
</fme:Scholen>
<fme:Scholen>
<fme:School>Vrije Basisschool voor Buitengewoon Onderwijs -Het Noordveld</fme:School>
<fme:Vestiging_aangepast>Noordveldstr 31</fme:Vestiging_aangepast>
<fme:Vestiging>Noordveldstraat 31</fme:Vestiging>
<fme:Aantal>112</fme:Aantal>
<fme:Blokcode>31005WD00136</fme:Blokcode>
<fme:Aangemaakt_op>22/06/2016</fme:Aangemaakt_op>
</fme:Scholen>
<fme:Scholen>
<fme:School>Vrije Basisschool voor Buitengewoon Onderwijs - Het Anker</fme:School>
<fme:Vestiging_aangepast>Beisbroekdr 27</fme:Vestiging_aangepast>
<fme:Vestiging>Beisbroekdreef 12</fme:Vestiging>
<fme:Aantal>99</fme:Aantal>
<fme:Blokcode>31005WD00231</fme:Blokcode>
<fme:Aangemaakt_op>22/06/2016</fme:Aangemaakt_op>
</fme:Scholen>
<fme:Scholen>
<fme:School>Vrije Basisschool voor Buitengewoon Onderwijs - De Berkjes</fme:School>
<fme:Vestiging_aangepast>Torhoutse stwg 511</fme:Vestiging_aangepast>
<fme:Vestiging>Torhoutse Steenweg 511</fme:Vestiging>
<fme:Aantal>44</fme:Aantal>
<fme:Blokcode>31005WM00186</fme:Blokcode>
<fme:Aangemaakt_op>22/06/2016</fme:Aangemaakt_op>
</fme:Scholen>
<fme:Scholen>
<fme:School>Vrije Basisschool voor Buitengewoon Onderwijs -Ter Dreve Type 2</fme:School>
<fme:Vestiging_aangepast>Koning Albert I-l 188A</fme:Vestiging_aangepast>
<fme:Vestiging>Koning Albert I-laan 188</fme:Vestiging>
<fme:Aantal>59</fme:Aantal>
<fme:Blokcode>31005WM00117</fme:Blokcode>
<fme:Aangemaakt_op>22/06/2016</fme:Aangemaakt_op>
</fme:Scholen>
<fme:Scholen>
<fme:School>Vrije Lagere School voor Buitengewoon Onderwijs - De Spycker</fme:School>
<fme:Vestiging_aangepast>Polderstr 76</fme:Vestiging_aangepast>
<fme:Vestiging>Polderstraat 78</fme:Vestiging>
<fme:Aantal>200</fme:Aantal>
<fme:Blokcode>31005WF00067</fme:Blokcode>
<fme:Aangemaakt_op>22/06/2016</fme:Aangemaakt_op>
</fme:Scholen>
<fme:Scholen>
<fme:School>Vrije Lagere School voor Buitengewoon Onderwijs - De Boomgaard</fme:School>
<fme:Vestiging_aangepast>St-Kristoffelstr 125B</fme:Vestiging_aangepast>
<fme:Vestiging>Sint-Kristoffelstraat 125_B</fme:Vestiging>
<fme:Aantal>93</fme:Aantal>
<fme:Blokcode>31005WC00073</fme:Blokcode>
<fme:Aangemaakt_op>22/06/2016</fme:Aangemaakt_op>
</fme:Scholen>
<fme:Scholen>
<fme:School>Vrije Basisschool - De Zonnetuin</fme:School>
<fme:Vestiging_aangepast>Beeweg 32</fme:Vestiging_aangepast>
<fme:Vestiging>Beeweg 32</fme:Vestiging>
<fme:Aantal>476</fme:Aantal>
<fme:Blokcode>31005WF00004</fme:Blokcode>
<fme:Aangemaakt_op>22/06/2016</fme:Aangemaakt_op>
</fme:Scholen>
<fme:Scholen>
<fme:School>Vrije Basisschool - Guido Gezelleschool</fme:School>
<fme:Vestiging_aangepast>Astridl 86</fme:Vestiging_aangepast>
<fme:Vestiging>Astridlaan 86</fme:Vestiging>
<fme:Aantal>171</fme:Aantal>
<fme:Blokcode>31005WC00037</fme:Blokcode>
<fme:Aangemaakt_op>22/06/2016</fme:Aangemaakt_op>
</fme:Scholen>
<fme:Scholen>
<fme:School>Gemeentelijke Basisschool_-St. Michiels</fme:School>
<fme:Vestiging_aangepast>Rijselstr 71</fme:Vestiging_aangepast>
<fme:Vestiging>Rijselstraat 71</fme:Vestiging>
<fme:Aantal>456</fme:Aantal>
<fme:Blokcode>31005WM00028</fme:Blokcode>
<fme:Aangemaakt_op>22/06/2016</fme:Aangemaakt_op>
</fme:Scholen>
<fme:Scholen>
<fme:School>Vrije Basisschool - Het Palet</fme:School>
<fme:Vestiging_aangepast>Mariastr 7</fme:Vestiging_aangepast>
<fme:Vestiging>Mariastraat 7</fme:Vestiging>
<fme:Aantal>330</fme:Aantal>
<fme:Blokcode>31005WH00259</fme:Blokcode>
<fme:Aangemaakt_op>22/06/2016</fme:Aangemaakt_op>
</fme:Scholen>
<fme:Scholen>
<fme:School>Basisschool van het Gemeenschapsonderwijs -Freinetschool De Tandem</fme:School>
<fme:Vestiging_aangepast>Leopold Debruynestr 56</fme:Vestiging_aangepast>
<fme:Vestiging>Leopold Debruynestraat 56</fme:Vestiging>
<fme:Aantal>172</fme:Aantal>
<fme:Blokcode>31005WF00007</fme:Blokcode>
<fme:Aangemaakt_op>22/06/2016</fme:Aangemaakt_op>
</fme:Scholen>
<fme:Scholen>
<fme:School>Vrije Basisschool - Mozaiek</fme:School>
<fme:Vestiging_aangepast>Pastorieweg 4</fme:Vestiging_aangepast>
<fme:Vestiging>Pastorieweg 4</fme:Vestiging>
<fme:Aantal>366</fme:Aantal>
<fme:Blokcode>31005WF00067</fme:Blokcode>
<fme:Aangemaakt_op>22/06/2016</fme:Aangemaakt_op>
</fme:Scholen>
<fme:Scholen>
<fme:School>Vrije Basisschool</fme:School>
<fme:Vestiging_aangepast>Smallestr 2</fme:Vestiging_aangepast>
<fme:Vestiging>Smallestraat 2</fme:Vestiging>
<fme:Aantal>334</fme:Aantal>
<fme:Blokcode>31005WG00017</fme:Blokcode>
<fme:Aangemaakt_op>22/06/2016</fme:Aangemaakt_op>
</fme:Scholen>
<fme:Scholen>
<fme:School>Basisschool van het Gemeenschapsonderwijs - Freinetschool "De Boomhut"</fme:School>
<fme:Vestiging_aangepast>Koning Leopold III-l 100</fme:Vestiging_aangepast>
<fme:Vestiging>Koning Leopold III-laan 102</fme:Vestiging>
<fme:Aantal>207</fme:Aantal>
<fme:Blokcode>31005WD00192</fme:Blokcode>
<fme:Aangemaakt_op>22/06/2016</fme:Aangemaakt_op>
</fme:Scholen>
<fme:Scholen>
<fme:School>Vrije Kleuterschool</fme:School>
<fme:Vestiging_aangepast>Fortuinstr 29</fme:Vestiging_aangepast>
<fme:Vestiging>Fortuinstraat 29</fme:Vestiging>
<fme:Aantal>180</fme:Aantal>
<fme:Blokcode>31005WF00135</fme:Blokcode>
<fme:Aangemaakt_op>22/06/2016</fme:Aangemaakt_op>
</fme:Scholen>
<fme:Scholen>
<fme:School>Sint-Jozefsinstituut</fme:School>
<fme:Vestiging_aangepast>Zilverstr 18</fme:Vestiging_aangepast>
<fme:Vestiging>Zilverstraat 26</fme:Vestiging>
<fme:Aantal>704</fme:Aantal>
<fme:Blokcode>31005WH00237</fme:Blokcode>
<fme:Aangemaakt_op>22/06/2016</fme:Aangemaakt_op>
</fme:Scholen>
<fme:Scholen>
<fme:School>Vrij Technisch Instituut Brugge</fme:School>
<fme:Vestiging_aangepast>Boeveriestr 73</fme:Vestiging_aangepast>
<fme:Vestiging>Boeveriestraat 73</fme:Vestiging>
<fme:Aantal>1210</fme:Aantal>
<fme:Blokcode>31005WH00013</fme:Blokcode>
<fme:Aangemaakt_op>22/06/2016</fme:Aangemaakt_op>
</fme:Scholen>
<fme:Scholen>
<fme:School>Technisch Instituut Heilige Familie</fme:School>
<fme:Vestiging_aangepast>Oude Zak 44</fme:Vestiging_aangepast>
<fme:Vestiging>Oude Zak 38</fme:Vestiging>
<fme:Aantal>1479</fme:Aantal>
<fme:Blokcode>31005WH00030</fme:Blokcode>
<fme:Aangemaakt_op>22/06/2016</fme:Aangemaakt_op>
</fme:Scholen>
<fme:Scholen>
<fme:School>Hotel- en Toerismeschool Spermalie</fme:School>
<fme:Vestiging_aangepast>Snaggaardstr 15</fme:Vestiging_aangepast>
<fme:Vestiging>Snaggaardstraat 15</fme:Vestiging>
<fme:Aantal>738</fme:Aantal>
<fme:Blokcode>31005WH00108</fme:Blokcode>
<fme:Aangemaakt_op>22/06/2016</fme:Aangemaakt_op>
</fme:Scholen>
<fme:Scholen>
<fme:School>Sint-Leocollege</fme:School>
<fme:Vestiging_aangepast>Potterierei 11</fme:Vestiging_aangepast>
<fme:Vestiging>Potterierei 11</fme:Vestiging>
<fme:Aantal>680</fme:Aantal>
<fme:Blokcode>31005WH00135</fme:Blokcode>
<fme:Aangemaakt_op>22/06/2016</fme:Aangemaakt_op>
</fme:Scholen>
<fme:Scholen>
<fme:School>Sint-Franciscus-Xaveriusinstituut</fme:School>
<fme:Vestiging_aangepast>Mariastr 7</fme:Vestiging_aangepast>
<fme:Vestiging>Mariastraat 7</fme:Vestiging>
<fme:Aantal>928</fme:Aantal>
<fme:Blokcode>31005WH00259</fme:Blokcode>
<fme:Aangemaakt_op>22/06/2016</fme:Aangemaakt_op>
</fme:Scholen>
<fme:Scholen>
<fme:School>Lyceum Hemelsdaele</fme:School>
<fme:Vestiging_aangepast>Wapenmakersstr 14</fme:Vestiging_aangepast>
<fme:Vestiging>Wapenmakersstraat 14</fme:Vestiging>
<fme:Aantal>362</fme:Aantal>
<fme:Blokcode>31005WH00029</fme:Blokcode>
<fme:Aangemaakt_op>22/06/2016</fme:Aangemaakt_op>
</fme:Scholen>
<fme:Scholen>
<fme:School>Sint-Andreasinstituut</fme:School>
<fme:Vestiging_aangepast>Garenmarkt 8</fme:Vestiging_aangepast>
<fme:Vestiging>Garenmarkt 8</fme:Vestiging>
<fme:Aantal>426</fme:Aantal>
<fme:Blokcode>31005WH00289</fme:Blokcode>
<fme:Aangemaakt_op>22/06/2016</fme:Aangemaakt_op>
</fme:Scholen>
<fme:Scholen>
<fme:School>Sint-Jozefsinstituut - ASO</fme:School>
<fme:Vestiging_aangepast>Noordzandstr 76</fme:Vestiging_aangepast>
<fme:Vestiging>Noordzandstraat 76</fme:Vestiging>
<fme:Aantal>639</fme:Aantal>
<fme:Blokcode>31005WH00044</fme:Blokcode>
<fme:Aangemaakt_op>22/06/2016</fme:Aangemaakt_op>
</fme:Scholen>
<fme:Scholen>
<fme:School>Onze-Lieve-Vrouwecollege</fme:School>
<fme:Vestiging_aangepast>Collegestr 24</fme:Vestiging_aangepast>
<fme:Vestiging>Collegestraat 24</fme:Vestiging>
<fme:Aantal>666</fme:Aantal>
<fme:Blokcode>31005WC00073</fme:Blokcode>
<fme:Aangemaakt_op>22/06/2016</fme:Aangemaakt_op>
</fme:Scholen>
<fme:Scholen>
<fme:School>Abdijschool van Zevenkerken</fme:School>
<fme:Vestiging_aangepast>Zevenkerken 4</fme:Vestiging_aangepast>
<fme:Vestiging>Zevenkerken 4</fme:Vestiging>
<fme:Aantal>298</fme:Aantal>
<fme:Blokcode>31005WD00232</fme:Blokcode>
<fme:Aangemaakt_op>22/06/2016</fme:Aangemaakt_op>
</fme:Scholen>
<fme:Scholen>
<fme:School>Onze-Lieve-Vrouw-Hemelvaart Instituut</fme:School>
<fme:Vestiging_aangepast>Doornstr 3</fme:Vestiging_aangepast>
<fme:Vestiging>Doornstraat 3</fme:Vestiging>
<fme:Aantal>576</fme:Aantal>
<fme:Blokcode>31005WD00181</fme:Blokcode>
<fme:Aangemaakt_op>22/06/2016</fme:Aangemaakt_op>
</fme:Scholen>
<fme:Scholen>
<fme:School>Sint-Andreaslyceum</fme:School>
<fme:Vestiging_aangepast>Fortuinstr 29</fme:Vestiging_aangepast>
<fme:Vestiging>Fortuinstraat 29</fme:Vestiging>
<fme:Aantal>686</fme:Aantal>
<fme:Blokcode>31005WF00135</fme:Blokcode>
<fme:Aangemaakt_op>22/06/2016</fme:Aangemaakt_op>
</fme:Scholen>
<fme:Scholen>
<fme:School>Immaculata-Instituut</fme:School>
<fme:Vestiging_aangepast>Koningin Astridl 4</fme:Vestiging_aangepast>
<fme:Vestiging>Koningin Astridlaan 4</fme:Vestiging>
<fme:Aantal>452</fme:Aantal>
<fme:Blokcode>31005WM00064</fme:Blokcode>
<fme:Aangemaakt_op>22/06/2016</fme:Aangemaakt_op>
</fme:Scholen>
<fme:Scholen>
<fme:School>Hotelschool Ter Groene Poorte</fme:School>
<fme:Vestiging_aangepast>Spoorwegstr 14</fme:Vestiging_aangepast>
<fme:Vestiging>Spoorwegstraat 14</fme:Vestiging>
<fme:Aantal>734</fme:Aantal>
<fme:Blokcode>31005WM00009</fme:Blokcode>
<fme:Aangemaakt_op>22/06/2016</fme:Aangemaakt_op>
</fme:Scholen>
<fme:Scholen>
<fme:School>Vrij Handels- en Sportinst. St.-Michiels</fme:School>
<fme:Vestiging_aangepast>Spoorwegstr 14</fme:Vestiging_aangepast>
<fme:Vestiging>Spoorwegstraat 14</fme:Vestiging>
<fme:Aantal>629</fme:Aantal>
<fme:Blokcode>31005WM00009</fme:Blokcode>
<fme:Aangemaakt_op>22/06/2016</fme:Aangemaakt_op>
</fme:Scholen>
<fme:Scholen>
<fme:School>M.S.G.O. V Assebroek - Sint-Kruis</fme:School>
<fme:Vestiging_aangepast>Daverlostr 132</fme:Vestiging_aangepast>
<fme:Vestiging>Daverlostraat 132</fme:Vestiging>
<fme:Aantal>146</fme:Aantal>
<fme:Blokcode>31005WC00133</fme:Blokcode>
<fme:Aangemaakt_op>22/06/2016</fme:Aangemaakt_op>
</fme:Scholen>
<fme:Scholen>
<fme:School>K.A. I</fme:School>
<fme:Vestiging_aangepast>St-Clarastr 46</fme:Vestiging_aangepast>
<fme:Vestiging>Sint-Clarastraat 46</fme:Vestiging>
<fme:Aantal>347</fme:Aantal>
<fme:Blokcode>31005WH00106</fme:Blokcode>
<fme:Aangemaakt_op>22/06/2016</fme:Aangemaakt_op>
</fme:Scholen>
<fme:Scholen>
<fme:School>K.A. III</fme:School>
<fme:Vestiging_aangepast>Daverlostr 132</fme:Vestiging_aangepast>
<fme:Vestiging>Daverlostraat 132</fme:Vestiging>
<fme:Aantal>208</fme:Aantal>
<fme:Blokcode>31005WC00133</fme:Blokcode>
<fme:Aangemaakt_op>22/06/2016</fme:Aangemaakt_op>
</fme:Scholen>
<fme:Scholen>
<fme:School>K.A. II</fme:School>
<fme:Vestiging_aangepast>Vijverhofl 13</fme:Vestiging_aangepast>
<fme:Vestiging>Vijverhoflaan 13</fme:Vestiging>
<fme:Aantal>226</fme:Aantal>
<fme:Blokcode>31005WM00086</fme:Blokcode>
<fme:Aangemaakt_op>22/06/2016</fme:Aangemaakt_op>
</fme:Scholen>
<fme:Scholen>
<fme:School>K.T.A.</fme:School>
<fme:Vestiging_aangepast>Rijselstr 5</fme:Vestiging_aangepast>
<fme:Vestiging>Rijselstraat 7</fme:Vestiging>
<fme:Aantal>1197</fme:Aantal>
<fme:Blokcode>31005WM00071</fme:Blokcode>
<fme:Aangemaakt_op>22/06/2016</fme:Aangemaakt_op>
</fme:Scholen>
<fme:Scholen>
<fme:School>M.S.G.O. Brugge Centrum</fme:School>
<fme:Vestiging_aangepast>Hugo Losschaertstr 5</fme:Vestiging_aangepast>
<fme:Vestiging>Hugo Losschaertstraat 5_A</fme:Vestiging>
<fme:Aantal>162</fme:Aantal>
<fme:Blokcode>31005WH00132</fme:Blokcode>
<fme:Aangemaakt_op>22/06/2016</fme:Aangemaakt_op>
</fme:Scholen>
<fme:Scholen>
<fme:School>Ter Groene Poorte (brood- &amp; banketbakk.)</fme:School>
<fme:Vestiging_aangepast>Groene-Poortdr 17</fme:Vestiging_aangepast>
<fme:Vestiging>Groene-Poortdreef 17</fme:Vestiging>
<fme:Aantal>572</fme:Aantal>
<fme:Blokcode>31005WM00009</fme:Blokcode>
<fme:Aangemaakt_op>22/06/2016</fme:Aangemaakt_op>
</fme:Scholen>
<fme:Scholen>
<fme:School>Stedelijke Academie voor Schone Kunsten</fme:School>
<fme:Vestiging_aangepast>Katelijnestr 86/88</fme:Vestiging_aangepast>
<fme:Vestiging>Katelijnestraat 86</fme:Vestiging>
<fme:Aantal>384</fme:Aantal>
<fme:Blokcode>31005WH00007</fme:Blokcode>
<fme:Aangemaakt_op>22/06/2016</fme:Aangemaakt_op>
</fme:Scholen>
<fme:Scholen>
<fme:School>Hogere Beroepsopl. Verpl St.Jan-St.Jozef</fme:School>
<fme:Vestiging_aangepast>Koning Albert I-l 8</fme:Vestiging_aangepast>
<fme:Vestiging>Koning Albert I-laan 6</fme:Vestiging>
<fme:Aantal>491</fme:Aantal>
<fme:Blokcode>31005WM00048</fme:Blokcode>
<fme:Aangemaakt_op>22/06/2016</fme:Aangemaakt_op>
</fme:Scholen>
<fme:Scholen>
<fme:School>Instituut Mariawende-Blydhove</fme:School>
<fme:Vestiging_aangepast>Boogschuttersl 25</fme:Vestiging_aangepast>
<fme:Vestiging>Boogschutterslaan 25</fme:Vestiging>
<fme:Aantal>672</fme:Aantal>
<fme:Blokcode>31005WF00067</fme:Blokcode>
<fme:Aangemaakt_op>22/06/2016</fme:Aangemaakt_op>
</fme:Scholen>
<fme:Scholen>
<fme:School>Vrij Technisch Instituut-Brugge MS</fme:School>
<fme:Vestiging_aangepast>Boeveriestr 73</fme:Vestiging_aangepast>
<fme:Vestiging>Boeveriestraat 73</fme:Vestiging>
<fme:Aantal>262</fme:Aantal>
<fme:Blokcode>31005WH00013</fme:Blokcode>
<fme:Aangemaakt_op>22/06/2016</fme:Aangemaakt_op>
</fme:Scholen>
<fme:Scholen>
<fme:School>Sint-Lodewijkscollege</fme:School>
<fme:Vestiging_aangepast>Magdalenastr 30</fme:Vestiging_aangepast>
<fme:Vestiging>Magdalenastraat 30</fme:Vestiging>
<fme:Aantal>1218</fme:Aantal>
<fme:Blokcode>31005WD00037</fme:Blokcode>
<fme:Aangemaakt_op>22/06/2016</fme:Aangemaakt_op>
</fme:Scholen>
<fme:Scholen>
<fme:School>Sint-Lodewijkscollege Eerste Graad</fme:School>
<fme:Vestiging_aangepast>Magdalenastr 30</fme:Vestiging_aangepast>
<fme:Vestiging>Magdalenastraat 30</fme:Vestiging>
<fme:Aantal>138</fme:Aantal>
<fme:Blokcode>31005WD00037</fme:Blokcode>
<fme:Aangemaakt_op>22/06/2016</fme:Aangemaakt_op>
</fme:Scholen>
<fme:Scholen>
<fme:School>Vrij Technisch Instituut Brugge</fme:School>
<fme:Vestiging_aangepast>Boeveriestr 73</fme:Vestiging_aangepast>
<fme:Vestiging>Boeveriestraat 73</fme:Vestiging>
<fme:Aantal>174</fme:Aantal>
<fme:Blokcode>31005WH00013</fme:Blokcode>
<fme:Aangemaakt_op>22/06/2016</fme:Aangemaakt_op>
</fme:Scholen>
<fme:Scholen>
<fme:School>K.T.A.</fme:School>
<fme:Vestiging_aangepast>Rijselstr 5</fme:Vestiging_aangepast>
<fme:Vestiging>Rijselstraat 7</fme:Vestiging>
<fme:Aantal>141</fme:Aantal>
<fme:Blokcode>31005WM00071</fme:Blokcode>
<fme:Aangemaakt_op>22/06/2016</fme:Aangemaakt_op>
</fme:Scholen>
<fme:Scholen>
<fme:School>S.S.B.O.G.O. De Varens</fme:School>
<fme:Vestiging_aangepast>Nieuwe St-Annadr 25/27</fme:Vestiging_aangepast>
<fme:Vestiging>Nieuwe St.-Annadreef 27</fme:Vestiging>
<fme:Aantal>353</fme:Aantal>
<fme:Blokcode>31005WD00194</fme:Blokcode>
<fme:Aangemaakt_op>22/06/2016</fme:Aangemaakt_op>
</fme:Scholen>
<fme:Scholen>
<fme:School>Bu.S.O. Ravelijn</fme:School>
<fme:Vestiging_aangepast>Barrierestr 4</fme:Vestiging_aangepast>
<fme:Vestiging>Barrièrestraat 4_a</fme:Vestiging>
<fme:Aantal>142</fme:Aantal>
<fme:Blokcode>31005WM00048</fme:Blokcode>
<fme:Aangemaakt_op>22/06/2016</fme:Aangemaakt_op>
</fme:Scholen>
<fme:Scholen>
<fme:School>Bu.S.O. Haverlo</fme:School>
<fme:Vestiging_aangepast>Weidestr 156</fme:Vestiging_aangepast>
<fme:Vestiging>Weidestraat 156</fme:Vestiging>
<fme:Aantal>359</fme:Aantal>
<fme:Blokcode>31005WC00130</fme:Blokcode>
<fme:Aangemaakt_op>22/06/2016</fme:Aangemaakt_op>
</fme:Scholen>
<fme:Scholen>
<fme:School>BuSO Secundaire School Spermalie</fme:School>
<fme:Vestiging_aangepast>Potterierei 45</fme:Vestiging_aangepast>
<fme:Vestiging>Potterierei 46</fme:Vestiging>
<fme:Aantal>191</fme:Aantal>
<fme:Blokcode>31005WH00108</fme:Blokcode>
<fme:Aangemaakt_op>22/06/2016</fme:Aangemaakt_op>
</fme:Scholen>
</fme:Scholen-table>
</fme:xml-tables>