<?xml version="1.0" encoding="UTF-8"?>
<fme:xml-tables xmlns:xsi="http://www.w3.org/2001/XMLSchema-instance" xmlns:fme="http://www.safe.com/xml/xmltables" xsi:schemaLocation="http://www.safe.com/xml/xmltables Lagere_scholen_Brugge.xsd">
<fme:Lagere_scholen_Brugge-table>
<fme:Lagere_scholen_Brugge>
<fme:Nummer_sch>1958</fme:Nummer_sch>
<fme:Naam_schoo>GO! basisschool Brugge Centrum</fme:Naam_schoo>
<fme:Niveau>2</fme:Niveau>
<fme:Vpl_adres>Vrijdagmarkt 12</fme:Vpl_adres>
<fme:Vpl_postnu>8000</fme:Vpl_postnu>
<fme:Vpl_fusieg>Brugge</fme:Vpl_fusieg>
<fme:Xco>69458.68</fme:Xco>
<fme:Yco>211201.39</fme:Yco>
<fme:Aangemaakt_op>30/10/2017</fme:Aangemaakt_op>
</fme:Lagere_scholen_Brugge>
<fme:Lagere_scholen_Brugge>
<fme:Nummer_sch>1958</fme:Nummer_sch>
<fme:Naam_schoo>GO! basisschool Brugge Centrum</fme:Naam_schoo>
<fme:Niveau>2</fme:Niveau>
<fme:Vpl_adres>Spiegelrei 15</fme:Vpl_adres>
<fme:Vpl_postnu>8000</fme:Vpl_postnu>
<fme:Vpl_fusieg>Brugge</fme:Vpl_fusieg>
<fme:Xco>70293.94</fme:Xco>
<fme:Yco>212004.23</fme:Yco>
<fme:Aangemaakt_op>30/10/2017</fme:Aangemaakt_op>
</fme:Lagere_scholen_Brugge>
<fme:Lagere_scholen_Brugge>
<fme:Nummer_sch>1974</fme:Nummer_sch>
<fme:Naam_schoo>GO! basisschool De Springplank Brugge</fme:Naam_schoo>
<fme:Niveau>2</fme:Niveau>
<fme:Vpl_adres>Hugo Losschaertstraat 5_B</fme:Vpl_adres>
<fme:Vpl_postnu>8000</fme:Vpl_postnu>
<fme:Vpl_fusieg>Brugge</fme:Vpl_fusieg>
<fme:Xco>69734.25</fme:Xco>
<fme:Yco>212221.25</fme:Yco>
<fme:Aangemaakt_op>30/10/2017</fme:Aangemaakt_op>
</fme:Lagere_scholen_Brugge>
<fme:Lagere_scholen_Brugge>
<fme:Nummer_sch>1974</fme:Nummer_sch>
<fme:Naam_schoo>GO! basisschool De Springplank Brugge</fme:Naam_schoo>
<fme:Niveau>2</fme:Niveau>
<fme:Vpl_adres>Pannebekestraat 34</fme:Vpl_adres>
<fme:Vpl_postnu>8000</fme:Vpl_postnu>
<fme:Vpl_fusieg>Brugge</fme:Vpl_fusieg>
<fme:Xco>70476.02</fme:Xco>
<fme:Yco>213555.24</fme:Yco>
<fme:Aangemaakt_op>30/10/2017</fme:Aangemaakt_op>
</fme:Lagere_scholen_Brugge>
<fme:Lagere_scholen_Brugge>
<fme:Nummer_sch>1974</fme:Nummer_sch>
<fme:Naam_schoo>GO! basisschool De Springplank Brugge</fme:Naam_schoo>
<fme:Niveau>2</fme:Niveau>
<fme:Vpl_adres>Karel Ledeganckstraat 3</fme:Vpl_adres>
<fme:Vpl_postnu>8000</fme:Vpl_postnu>
<fme:Vpl_fusieg>Brugge</fme:Vpl_fusieg>
<fme:Xco>68904.6</fme:Xco>
<fme:Yco>213593.14</fme:Yco>
<fme:Aangemaakt_op>30/10/2017</fme:Aangemaakt_op>
</fme:Lagere_scholen_Brugge>
<fme:Lagere_scholen_Brugge>
<fme:Nummer_sch>2071</fme:Nummer_sch>
<fme:Naam_schoo>GO! basisschool Manitoba Sint-Andries</fme:Naam_schoo>
<fme:Niveau>2</fme:Niveau>
<fme:Vpl_adres>Manitobalaan 48</fme:Vpl_adres>
<fme:Vpl_postnu>8200</fme:Vpl_postnu>
<fme:Vpl_fusieg>Brugge</fme:Vpl_fusieg>
<fme:Xco>68112.53</fme:Xco>
<fme:Yco>210275.01</fme:Yco>
<fme:Aangemaakt_op>30/10/2017</fme:Aangemaakt_op>
</fme:Lagere_scholen_Brugge>
<fme:Lagere_scholen_Brugge>
<fme:Nummer_sch>2154</fme:Nummer_sch>
<fme:Naam_schoo>GO! basisschool De Linde Sint-Kruis</fme:Naam_schoo>
<fme:Niveau>2</fme:Niveau>
<fme:Vpl_adres>Brieversweg 185</fme:Vpl_adres>
<fme:Vpl_postnu>8310</fme:Vpl_postnu>
<fme:Vpl_fusieg>Brugge</fme:Vpl_fusieg>
<fme:Xco>73578.93</fme:Xco>
<fme:Yco>211898.11</fme:Yco>
<fme:Aangemaakt_op>30/10/2017</fme:Aangemaakt_op>
</fme:Lagere_scholen_Brugge>
<fme:Lagere_scholen_Brugge>
<fme:Nummer_sch>2162</fme:Nummer_sch>
<fme:Naam_schoo>GO! basisschool Jan Fevijn</fme:Naam_schoo>
<fme:Niveau>2</fme:Niveau>
<fme:Vpl_adres>Gemeneweideweg-Zuid 121</fme:Vpl_adres>
<fme:Vpl_postnu>8310</fme:Vpl_postnu>
<fme:Vpl_fusieg>Brugge</fme:Vpl_fusieg>
<fme:Xco>72970.83</fme:Xco>
<fme:Yco>210730.65</fme:Yco>
<fme:Aangemaakt_op>30/10/2017</fme:Aangemaakt_op>
</fme:Lagere_scholen_Brugge>
<fme:Lagere_scholen_Brugge>
<fme:Nummer_sch>2162</fme:Nummer_sch>
<fme:Naam_schoo>GO! basisschool Jan Fevijn</fme:Naam_schoo>
<fme:Niveau>2</fme:Niveau>
<fme:Vpl_adres>Daverlostraat 132</fme:Vpl_adres>
<fme:Vpl_postnu>8310</fme:Vpl_postnu>
<fme:Vpl_fusieg>Brugge</fme:Vpl_fusieg>
<fme:Xco>71372.75</fme:Xco>
<fme:Yco>210070.43</fme:Yco>
<fme:Aangemaakt_op>30/10/2017</fme:Aangemaakt_op>
</fme:Lagere_scholen_Brugge>
<fme:Lagere_scholen_Brugge>
<fme:Nummer_sch>16865</fme:Nummer_sch>
<fme:Naam_schoo>Vrije Basisschool</fme:Naam_schoo>
<fme:Niveau>2</fme:Niveau>
<fme:Vpl_adres>Gerard Davidstraat 57</fme:Vpl_adres>
<fme:Vpl_postnu>8000</fme:Vpl_postnu>
<fme:Vpl_fusieg>Brugge</fme:Vpl_fusieg>
<fme:Xco>68746.24</fme:Xco>
<fme:Yco>212463.62</fme:Yco>
<fme:Aangemaakt_op>30/10/2017</fme:Aangemaakt_op>
</fme:Lagere_scholen_Brugge>
<fme:Lagere_scholen_Brugge>
<fme:Nummer_sch>16865</fme:Nummer_sch>
<fme:Naam_schoo>Vrije Basisschool</fme:Naam_schoo>
<fme:Niveau>2</fme:Niveau>
<fme:Vpl_adres>Kardinaal Mercierstraat 56</fme:Vpl_adres>
<fme:Vpl_postnu>8000</fme:Vpl_postnu>
<fme:Vpl_fusieg>Brugge</fme:Vpl_fusieg>
<fme:Xco>69472.74</fme:Xco>
<fme:Yco>212581.64</fme:Yco>
<fme:Aangemaakt_op>30/10/2017</fme:Aangemaakt_op>
</fme:Lagere_scholen_Brugge>
<fme:Lagere_scholen_Brugge>
<fme:Nummer_sch>16865</fme:Nummer_sch>
<fme:Naam_schoo>Vrije Basisschool</fme:Naam_schoo>
<fme:Niveau>2</fme:Niveau>
<fme:Vpl_adres>Gerard Davidstraat 6</fme:Vpl_adres>
<fme:Vpl_postnu>8000</fme:Vpl_postnu>
<fme:Vpl_fusieg>Brugge</fme:Vpl_fusieg>
<fme:Xco>68897.45</fme:Xco>
<fme:Yco>212304.86</fme:Yco>
<fme:Aangemaakt_op>30/10/2017</fme:Aangemaakt_op>
</fme:Lagere_scholen_Brugge>
<fme:Lagere_scholen_Brugge>
<fme:Nummer_sch>16873</fme:Nummer_sch>
<fme:Naam_schoo>Vrije Basisschool</fme:Naam_schoo>
<fme:Niveau>2</fme:Niveau>
<fme:Vpl_adres>Sint-Lenardsstraat 58</fme:Vpl_adres>
<fme:Vpl_postnu>8380</fme:Vpl_postnu>
<fme:Vpl_fusieg>Brugge</fme:Vpl_fusieg>
<fme:Xco>70440.26</fme:Xco>
<fme:Yco>218845.95</fme:Yco>
<fme:Aangemaakt_op>30/10/2017</fme:Aangemaakt_op>
</fme:Lagere_scholen_Brugge>
<fme:Lagere_scholen_Brugge>
<fme:Nummer_sch>16881</fme:Nummer_sch>
<fme:Naam_schoo>Vrije Basisschool - DE KOMME</fme:Naam_schoo>
<fme:Niveau>2</fme:Niveau>
<fme:Vpl_adres>Ronsaardbekestraat 57</fme:Vpl_adres>
<fme:Vpl_postnu>8000</fme:Vpl_postnu>
<fme:Vpl_fusieg>Brugge</fme:Vpl_fusieg>
<fme:Xco>70685.39</fme:Xco>
<fme:Yco>213470.08</fme:Yco>
<fme:Aangemaakt_op>30/10/2017</fme:Aangemaakt_op>
</fme:Lagere_scholen_Brugge>
<fme:Lagere_scholen_Brugge>
<fme:Nummer_sch>16899</fme:Nummer_sch>
<fme:Naam_schoo>Vrije Basisschool</fme:Naam_schoo>
<fme:Niveau>2</fme:Niveau>
<fme:Vpl_adres>Sint-Maartensplein 5</fme:Vpl_adres>
<fme:Vpl_postnu>8000</fme:Vpl_postnu>
<fme:Vpl_fusieg>Brugge</fme:Vpl_fusieg>
<fme:Xco>70367.57</fme:Xco>
<fme:Yco>211851.34</fme:Yco>
<fme:Aangemaakt_op>30/10/2017</fme:Aangemaakt_op>
</fme:Lagere_scholen_Brugge>
<fme:Lagere_scholen_Brugge>
<fme:Nummer_sch>16931</fme:Nummer_sch>
<fme:Naam_schoo>Vrije Basisschool -           Sint-Jozefsinstituut</fme:Naam_schoo>
<fme:Niveau>2</fme:Niveau>
<fme:Vpl_adres>Groenestraat 27</fme:Vpl_adres>
<fme:Vpl_postnu>8000</fme:Vpl_postnu>
<fme:Vpl_fusieg>Brugge</fme:Vpl_fusieg>
<fme:Xco>69518.42</fme:Xco>
<fme:Yco>211819.31</fme:Yco>
<fme:Aangemaakt_op>30/10/2017</fme:Aangemaakt_op>
</fme:Lagere_scholen_Brugge>
<fme:Lagere_scholen_Brugge>
<fme:Nummer_sch>16931</fme:Nummer_sch>
<fme:Naam_schoo>Vrije Basisschool -           Sint-Jozefsinstituut</fme:Naam_schoo>
<fme:Niveau>2</fme:Niveau>
<fme:Vpl_adres>Zilverstraat 26</fme:Vpl_adres>
<fme:Vpl_postnu>8000</fme:Vpl_postnu>
<fme:Vpl_fusieg>Brugge</fme:Vpl_fusieg>
<fme:Xco>69781.92</fme:Xco>
<fme:Yco>211411.03</fme:Yco>
<fme:Aangemaakt_op>30/10/2017</fme:Aangemaakt_op>
</fme:Lagere_scholen_Brugge>
<fme:Lagere_scholen_Brugge>
<fme:Nummer_sch>16949</fme:Nummer_sch>
<fme:Naam_schoo>Vrije Basisschool</fme:Naam_schoo>
<fme:Niveau>2</fme:Niveau>
<fme:Vpl_adres>Oostendse Steenweg 82</fme:Vpl_adres>
<fme:Vpl_postnu>8000</fme:Vpl_postnu>
<fme:Vpl_fusieg>Brugge</fme:Vpl_fusieg>
<fme:Xco>68718.35</fme:Xco>
<fme:Yco>213191.85</fme:Yco>
<fme:Aangemaakt_op>30/10/2017</fme:Aangemaakt_op>
</fme:Lagere_scholen_Brugge>
<fme:Lagere_scholen_Brugge>
<fme:Nummer_sch>16949</fme:Nummer_sch>
<fme:Naam_schoo>Vrije Basisschool</fme:Naam_schoo>
<fme:Niveau>2</fme:Niveau>
<fme:Vpl_adres>Blankenbergse Steenweg 219</fme:Vpl_adres>
<fme:Vpl_postnu>8000</fme:Vpl_postnu>
<fme:Vpl_fusieg>Brugge</fme:Vpl_fusieg>
<fme:Xco>68761.91</fme:Xco>
<fme:Yco>213843.67</fme:Yco>
<fme:Aangemaakt_op>30/10/2017</fme:Aangemaakt_op>
</fme:Lagere_scholen_Brugge>
<fme:Lagere_scholen_Brugge>
<fme:Nummer_sch>16956</fme:Nummer_sch>
<fme:Naam_schoo>Vrije Basisschool</fme:Naam_schoo>
<fme:Niveau>2</fme:Niveau>
<fme:Vpl_adres>Palingstraat 34</fme:Vpl_adres>
<fme:Vpl_postnu>8000</fme:Vpl_postnu>
<fme:Vpl_fusieg>Brugge</fme:Vpl_fusieg>
<fme:Xco>68860.78</fme:Xco>
<fme:Yco>214094.46</fme:Yco>
<fme:Aangemaakt_op>30/10/2017</fme:Aangemaakt_op>
</fme:Lagere_scholen_Brugge>
<fme:Lagere_scholen_Brugge>
<fme:Nummer_sch>16956</fme:Nummer_sch>
<fme:Naam_schoo>Vrije Basisschool</fme:Naam_schoo>
<fme:Niveau>2</fme:Niveau>
<fme:Vpl_adres>Potentestraat 28</fme:Vpl_adres>
<fme:Vpl_postnu>8000</fme:Vpl_postnu>
<fme:Vpl_fusieg>Brugge</fme:Vpl_fusieg>
<fme:Xco>68774.24</fme:Xco>
<fme:Yco>213197.9</fme:Yco>
<fme:Aangemaakt_op>30/10/2017</fme:Aangemaakt_op>
</fme:Lagere_scholen_Brugge>
<fme:Lagere_scholen_Brugge>
<fme:Nummer_sch>16964</fme:Nummer_sch>
<fme:Naam_schoo>Vrije Lagere School - Sint-Leocollege</fme:Naam_schoo>
<fme:Niveau>2</fme:Niveau>
<fme:Vpl_adres>Potterierei 11</fme:Vpl_adres>
<fme:Vpl_postnu>8000</fme:Vpl_postnu>
<fme:Vpl_fusieg>Brugge</fme:Vpl_fusieg>
<fme:Xco>70386.87</fme:Xco>
<fme:Yco>212202.85</fme:Yco>
<fme:Aangemaakt_op>30/10/2017</fme:Aangemaakt_op>
</fme:Lagere_scholen_Brugge>
<fme:Lagere_scholen_Brugge>
<fme:Nummer_sch>16981</fme:Nummer_sch>
<fme:Naam_schoo>Vrije Basisschool -           Sint-Andreas</fme:Naam_schoo>
<fme:Niveau>2</fme:Niveau>
<fme:Vpl_adres>Garenmarkt 8</fme:Vpl_adres>
<fme:Vpl_postnu>8000</fme:Vpl_postnu>
<fme:Vpl_fusieg>Brugge</fme:Vpl_fusieg>
<fme:Xco>70355.17</fme:Xco>
<fme:Yco>211209.67</fme:Yco>
<fme:Aangemaakt_op>30/10/2017</fme:Aangemaakt_op>
</fme:Lagere_scholen_Brugge>
<fme:Lagere_scholen_Brugge>
<fme:Nummer_sch>17541</fme:Nummer_sch>
<fme:Naam_schoo>Vrije Basisschool</fme:Naam_schoo>
<fme:Niveau>2</fme:Niveau>
<fme:Vpl_adres>Koude-Keukenstraat 10</fme:Vpl_adres>
<fme:Vpl_postnu>8200</fme:Vpl_postnu>
<fme:Vpl_fusieg>Brugge</fme:Vpl_fusieg>
<fme:Xco>67140.09</fme:Xco>
<fme:Yco>210510.86</fme:Yco>
<fme:Aangemaakt_op>30/10/2017</fme:Aangemaakt_op>
</fme:Lagere_scholen_Brugge>
<fme:Lagere_scholen_Brugge>
<fme:Nummer_sch>17541</fme:Nummer_sch>
<fme:Naam_schoo>Vrije Basisschool</fme:Naam_schoo>
<fme:Niveau>2</fme:Niveau>
<fme:Vpl_adres>Gistelse Steenweg 440</fme:Vpl_adres>
<fme:Vpl_postnu>8200</fme:Vpl_postnu>
<fme:Vpl_fusieg>Brugge</fme:Vpl_fusieg>
<fme:Xco>67330.22</fme:Xco>
<fme:Yco>210485.07</fme:Yco>
<fme:Aangemaakt_op>30/10/2017</fme:Aangemaakt_op>
</fme:Lagere_scholen_Brugge>
<fme:Lagere_scholen_Brugge>
<fme:Nummer_sch>17558</fme:Nummer_sch>
<fme:Naam_schoo>Vrije Basisschool -           Sint-Lodewijkscollege</fme:Naam_schoo>
<fme:Niveau>2</fme:Niveau>
<fme:Vpl_adres>Doornstraat 3</fme:Vpl_adres>
<fme:Vpl_postnu>8200</fme:Vpl_postnu>
<fme:Vpl_fusieg>Brugge</fme:Vpl_fusieg>
<fme:Xco>67953.45</fme:Xco>
<fme:Yco>209890.65</fme:Yco>
<fme:Aangemaakt_op>30/10/2017</fme:Aangemaakt_op>
</fme:Lagere_scholen_Brugge>
<fme:Lagere_scholen_Brugge>
<fme:Nummer_sch>17566</fme:Nummer_sch>
<fme:Naam_schoo>Vrije Basisschool - Sint-Lode-wijkscollege - afd. Zandstraat</fme:Naam_schoo>
<fme:Niveau>2</fme:Niveau>
<fme:Vpl_adres>Zandstraat 69</fme:Vpl_adres>
<fme:Vpl_postnu>8200</fme:Vpl_postnu>
<fme:Vpl_fusieg>Brugge</fme:Vpl_fusieg>
<fme:Xco>68435.63</fme:Xco>
<fme:Yco>210922.03</fme:Yco>
<fme:Aangemaakt_op>30/10/2017</fme:Aangemaakt_op>
</fme:Lagere_scholen_Brugge>
<fme:Lagere_scholen_Brugge>
<fme:Nummer_sch>17574</fme:Nummer_sch>
<fme:Naam_schoo>Vrije Basisschool - Sint-Lode-wijkscollege Afd. Immaculata</fme:Naam_schoo>
<fme:Niveau>2</fme:Niveau>
<fme:Vpl_adres>Koningin Astridlaan 4</fme:Vpl_adres>
<fme:Vpl_postnu>8200</fme:Vpl_postnu>
<fme:Vpl_fusieg>Brugge</fme:Vpl_fusieg>
<fme:Xco>68925.96</fme:Xco>
<fme:Yco>209421.45</fme:Yco>
<fme:Aangemaakt_op>30/10/2017</fme:Aangemaakt_op>
</fme:Lagere_scholen_Brugge>
<fme:Lagere_scholen_Brugge>
<fme:Nummer_sch>17582</fme:Nummer_sch>
<fme:Naam_schoo>Vrije Basisschool - Sint-     Lodewijkscollege</fme:Naam_schoo>
<fme:Niveau>2</fme:Niveau>
<fme:Vpl_adres>Spoorwegstraat 250</fme:Vpl_adres>
<fme:Vpl_postnu>8200</fme:Vpl_postnu>
<fme:Vpl_fusieg>Brugge</fme:Vpl_fusieg>
<fme:Xco>69865.26</fme:Xco>
<fme:Yco>208657.49</fme:Yco>
<fme:Aangemaakt_op>30/10/2017</fme:Aangemaakt_op>
</fme:Lagere_scholen_Brugge>
<fme:Lagere_scholen_Brugge>
<fme:Nummer_sch>17591</fme:Nummer_sch>
<fme:Naam_schoo>Gemeentelijke Basisschool - DeTriangel</fme:Naam_schoo>
<fme:Niveau>2</fme:Niveau>
<fme:Vpl_adres>Diksmuidse Heerweg 159</fme:Vpl_adres>
<fme:Vpl_postnu>8200</fme:Vpl_postnu>
<fme:Vpl_fusieg>Brugge</fme:Vpl_fusieg>
<fme:Xco>67981.25</fme:Xco>
<fme:Yco>210172.56</fme:Yco>
<fme:Aangemaakt_op>30/10/2017</fme:Aangemaakt_op>
</fme:Lagere_scholen_Brugge>
<fme:Lagere_scholen_Brugge>
<fme:Nummer_sch>17889</fme:Nummer_sch>
<fme:Naam_schoo>Vrije Basisschool - Kantelberg</fme:Naam_schoo>
<fme:Niveau>2</fme:Niveau>
<fme:Vpl_adres>De Linde 94</fme:Vpl_adres>
<fme:Vpl_postnu>8310</fme:Vpl_postnu>
<fme:Vpl_fusieg>Brugge</fme:Vpl_fusieg>
<fme:Xco>74030.92</fme:Xco>
<fme:Yco>211787.5</fme:Yco>
<fme:Aangemaakt_op>30/10/2017</fme:Aangemaakt_op>
</fme:Lagere_scholen_Brugge>
<fme:Lagere_scholen_Brugge>
<fme:Nummer_sch>17905</fme:Nummer_sch>
<fme:Naam_schoo>Vrije Lagere School</fme:Naam_schoo>
<fme:Niveau>2</fme:Niveau>
<fme:Vpl_adres>Fortuinstraat 29</fme:Vpl_adres>
<fme:Vpl_postnu>8310</fme:Vpl_postnu>
<fme:Vpl_fusieg>Brugge</fme:Vpl_fusieg>
<fme:Xco>72161.03</fme:Xco>
<fme:Yco>211485.99</fme:Yco>
<fme:Aangemaakt_op>30/10/2017</fme:Aangemaakt_op>
</fme:Lagere_scholen_Brugge>
<fme:Lagere_scholen_Brugge>
<fme:Nummer_sch>17921</fme:Nummer_sch>
<fme:Naam_schoo>Vrije Basisschool</fme:Naam_schoo>
<fme:Niveau>2</fme:Niveau>
<fme:Vpl_adres>Collegestraat 24_BI</fme:Vpl_adres>
<fme:Vpl_postnu>8310</fme:Vpl_postnu>
<fme:Vpl_fusieg>Brugge</fme:Vpl_fusieg>
<fme:Xco>71994.32</fme:Xco>
<fme:Yco>211061.98</fme:Yco>
<fme:Aangemaakt_op>30/10/2017</fme:Aangemaakt_op>
</fme:Lagere_scholen_Brugge>
<fme:Lagere_scholen_Brugge>
<fme:Nummer_sch>17939</fme:Nummer_sch>
<fme:Naam_schoo>Vrije Basisschool - OLVA De   Meersen</fme:Naam_schoo>
<fme:Niveau>2</fme:Niveau>
<fme:Vpl_adres>Astridlaan 400</fme:Vpl_adres>
<fme:Vpl_postnu>8310</fme:Vpl_postnu>
<fme:Vpl_fusieg>Brugge</fme:Vpl_fusieg>
<fme:Xco>73071.53</fme:Xco>
<fme:Yco>209750.79</fme:Yco>
<fme:Aangemaakt_op>30/10/2017</fme:Aangemaakt_op>
</fme:Lagere_scholen_Brugge>
<fme:Lagere_scholen_Brugge>
<fme:Nummer_sch>17947</fme:Nummer_sch>
<fme:Naam_schoo>Vrije Basisschool</fme:Naam_schoo>
<fme:Niveau>2</fme:Niveau>
<fme:Vpl_adres>Sint-Katarinastraat 132</fme:Vpl_adres>
<fme:Vpl_postnu>8310</fme:Vpl_postnu>
<fme:Vpl_fusieg>Brugge</fme:Vpl_fusieg>
<fme:Xco>70882.85</fme:Xco>
<fme:Yco>210278.47</fme:Yco>
<fme:Aangemaakt_op>30/10/2017</fme:Aangemaakt_op>
</fme:Lagere_scholen_Brugge>
<fme:Lagere_scholen_Brugge>
<fme:Nummer_sch>17954</fme:Nummer_sch>
<fme:Naam_schoo>Vrije Basisschool</fme:Naam_schoo>
<fme:Niveau>2</fme:Niveau>
<fme:Vpl_adres>Baron Ruzettelaan 439</fme:Vpl_adres>
<fme:Vpl_postnu>8310</fme:Vpl_postnu>
<fme:Vpl_fusieg>Brugge</fme:Vpl_fusieg>
<fme:Xco>70792.38</fme:Xco>
<fme:Yco>208593.02</fme:Yco>
<fme:Aangemaakt_op>30/10/2017</fme:Aangemaakt_op>
</fme:Lagere_scholen_Brugge>
<fme:Lagere_scholen_Brugge>
<fme:Nummer_sch>18036</fme:Nummer_sch>
<fme:Naam_schoo>Gemeentelijke Basisschool -   Brugge-Noord</fme:Naam_schoo>
<fme:Niveau>2</fme:Niveau>
<fme:Vpl_adres>Stationsstraat 25</fme:Vpl_adres>
<fme:Vpl_postnu>8380</fme:Vpl_postnu>
<fme:Vpl_fusieg>Brugge</fme:Vpl_fusieg>
<fme:Xco>68149.98</fme:Xco>
<fme:Yco>221107.24</fme:Yco>
<fme:Aangemaakt_op>30/10/2017</fme:Aangemaakt_op>
</fme:Lagere_scholen_Brugge>
<fme:Lagere_scholen_Brugge>
<fme:Nummer_sch>18036</fme:Nummer_sch>
<fme:Naam_schoo>Gemeentelijke Basisschool -   Brugge-Noord</fme:Naam_schoo>
<fme:Niveau>2</fme:Niveau>
<fme:Vpl_adres>Damse Steenweg 30</fme:Vpl_adres>
<fme:Vpl_postnu>8380</fme:Vpl_postnu>
<fme:Vpl_fusieg>Brugge</fme:Vpl_fusieg>
<fme:Xco>70696.35</fme:Xco>
<fme:Yco>218975.31</fme:Yco>
<fme:Aangemaakt_op>30/10/2017</fme:Aangemaakt_op>
</fme:Lagere_scholen_Brugge>
<fme:Lagere_scholen_Brugge>
<fme:Nummer_sch>18044</fme:Nummer_sch>
<fme:Naam_schoo>Vrije Basisschool-De Lisblomme</fme:Naam_schoo>
<fme:Niveau>2</fme:Niveau>
<fme:Vpl_adres>Zeebruggelaan 41</fme:Vpl_adres>
<fme:Vpl_postnu>8380</fme:Vpl_postnu>
<fme:Vpl_fusieg>Brugge</fme:Vpl_fusieg>
<fme:Xco>67863.86</fme:Xco>
<fme:Yco>221095.14</fme:Yco>
<fme:Aangemaakt_op>30/10/2017</fme:Aangemaakt_op>
</fme:Lagere_scholen_Brugge>
<fme:Lagere_scholen_Brugge>
<fme:Nummer_sch>18051</fme:Nummer_sch>
<fme:Naam_schoo>Vrije Basisschool Roezemoes</fme:Naam_schoo>
<fme:Niveau>2</fme:Niveau>
<fme:Vpl_adres>Zustersstraat 9</fme:Vpl_adres>
<fme:Vpl_postnu>8380</fme:Vpl_postnu>
<fme:Vpl_fusieg>Brugge</fme:Vpl_fusieg>
<fme:Xco>69129.12</fme:Xco>
<fme:Yco>225168.15</fme:Yco>
<fme:Aangemaakt_op>30/10/2017</fme:Aangemaakt_op>
</fme:Lagere_scholen_Brugge>
<fme:Lagere_scholen_Brugge>
<fme:Nummer_sch>45898</fme:Nummer_sch>
<fme:Naam_schoo>Vrije Basisschool - De        Zonnetuin</fme:Naam_schoo>
<fme:Niveau>2</fme:Niveau>
<fme:Vpl_adres>Beeweg 32</fme:Vpl_adres>
<fme:Vpl_postnu>8310</fme:Vpl_postnu>
<fme:Vpl_fusieg>Brugge</fme:Vpl_fusieg>
<fme:Xco>73281.29</fme:Xco>
<fme:Yco>210858.51</fme:Yco>
<fme:Aangemaakt_op>30/10/2017</fme:Aangemaakt_op>
</fme:Lagere_scholen_Brugge>
<fme:Lagere_scholen_Brugge>
<fme:Nummer_sch>46185</fme:Nummer_sch>
<fme:Naam_schoo>Vrije Basisschool - Guido     Gezelleschool</fme:Naam_schoo>
<fme:Niveau>2</fme:Niveau>
<fme:Vpl_adres>Astridlaan 86</fme:Vpl_adres>
<fme:Vpl_postnu>8310</fme:Vpl_postnu>
<fme:Vpl_fusieg>Brugge</fme:Vpl_fusieg>
<fme:Xco>71769.65</fme:Xco>
<fme:Yco>210432.62</fme:Yco>
<fme:Aangemaakt_op>30/10/2017</fme:Aangemaakt_op>
</fme:Lagere_scholen_Brugge>
<fme:Lagere_scholen_Brugge>
<fme:Nummer_sch>46201</fme:Nummer_sch>
<fme:Naam_schoo>Gemeentelijke Basisschool -   Sint-Michiels</fme:Naam_schoo>
<fme:Niveau>2</fme:Niveau>
<fme:Vpl_adres>Sint-Michielslaan 33</fme:Vpl_adres>
<fme:Vpl_postnu>8200</fme:Vpl_postnu>
<fme:Vpl_fusieg>Brugge</fme:Vpl_fusieg>
<fme:Xco>69701</fme:Xco>
<fme:Yco>208376.5</fme:Yco>
<fme:Aangemaakt_op>30/10/2017</fme:Aangemaakt_op>
</fme:Lagere_scholen_Brugge>
<fme:Lagere_scholen_Brugge>
<fme:Nummer_sch>46201</fme:Nummer_sch>
<fme:Naam_schoo>Gemeentelijke Basisschool -   Sint-Michiels</fme:Naam_schoo>
<fme:Niveau>2</fme:Niveau>
<fme:Vpl_adres>Rijselstraat 71</fme:Vpl_adres>
<fme:Vpl_postnu>8200</fme:Vpl_postnu>
<fme:Vpl_fusieg>Brugge</fme:Vpl_fusieg>
<fme:Xco>69090.45</fme:Xco>
<fme:Yco>209271.75</fme:Yco>
<fme:Aangemaakt_op>30/10/2017</fme:Aangemaakt_op>
</fme:Lagere_scholen_Brugge>
<fme:Lagere_scholen_Brugge>
<fme:Nummer_sch>105825</fme:Nummer_sch>
<fme:Naam_schoo>Vrije Basisschool - Het Palet</fme:Naam_schoo>
<fme:Niveau>2</fme:Niveau>
<fme:Vpl_adres>Mariastraat 7</fme:Vpl_adres>
<fme:Vpl_postnu>8000</fme:Vpl_postnu>
<fme:Vpl_fusieg>Brugge</fme:Vpl_fusieg>
<fme:Xco>69985.64</fme:Xco>
<fme:Yco>211266.04</fme:Yco>
<fme:Aangemaakt_op>30/10/2017</fme:Aangemaakt_op>
</fme:Lagere_scholen_Brugge>
<fme:Lagere_scholen_Brugge>
<fme:Nummer_sch>109851</fme:Nummer_sch>
<fme:Naam_schoo>GO! freinetschool De Tandem Sint-Kruis</fme:Naam_schoo>
<fme:Niveau>2</fme:Niveau>
<fme:Vpl_adres>Leopold Debruynestraat 56</fme:Vpl_adres>
<fme:Vpl_postnu>8310</fme:Vpl_postnu>
<fme:Vpl_fusieg>Brugge</fme:Vpl_fusieg>
<fme:Xco>71885.24</fme:Xco>
<fme:Yco>211887.1</fme:Yco>
<fme:Aangemaakt_op>30/10/2017</fme:Aangemaakt_op>
</fme:Lagere_scholen_Brugge>
<fme:Lagere_scholen_Brugge>
<fme:Nummer_sch>110271</fme:Nummer_sch>
<fme:Naam_schoo>Vrije Basisschool - Mozaiek</fme:Naam_schoo>
<fme:Niveau>2</fme:Niveau>
<fme:Vpl_adres>Pastorieweg 4</fme:Vpl_adres>
<fme:Vpl_postnu>8310</fme:Vpl_postnu>
<fme:Vpl_fusieg>Brugge</fme:Vpl_fusieg>
<fme:Xco>71812.4</fme:Xco>
<fme:Yco>212296.65</fme:Yco>
<fme:Aangemaakt_op>30/10/2017</fme:Aangemaakt_op>
</fme:Lagere_scholen_Brugge>
<fme:Lagere_scholen_Brugge>
<fme:Nummer_sch>110429</fme:Nummer_sch>
<fme:Naam_schoo>Vrije Basisschool</fme:Naam_schoo>
<fme:Niveau>2</fme:Niveau>
<fme:Vpl_adres>Smallestraat 2</fme:Vpl_adres>
<fme:Vpl_postnu>8000</fme:Vpl_postnu>
<fme:Vpl_fusieg>Brugge</fme:Vpl_fusieg>
<fme:Xco>71858.62</fme:Xco>
<fme:Yco>215298.86</fme:Yco>
<fme:Aangemaakt_op>30/10/2017</fme:Aangemaakt_op>
</fme:Lagere_scholen_Brugge>
<fme:Lagere_scholen_Brugge>
<fme:Nummer_sch>113621</fme:Nummer_sch>
<fme:Naam_schoo>GO! freinetschool De Boomhut Sint-Andries</fme:Naam_schoo>
<fme:Niveau>2</fme:Niveau>
<fme:Vpl_adres>Koning Leopold III-laan 102</fme:Vpl_adres>
<fme:Vpl_postnu>8200</fme:Vpl_postnu>
<fme:Vpl_fusieg>Brugge</fme:Vpl_fusieg>
<fme:Xco>67353.14</fme:Xco>
<fme:Yco>209579.93</fme:Yco>
<fme:Aangemaakt_op>30/10/2017</fme:Aangemaakt_op>
</fme:Lagere_scholen_Brugge>
</fme:Lagere_scholen_Brugge-table>
</fme:xml-tables>