<?xml version="1.0" encoding="UTF-8"?>
<fme:xml-tables xmlns:xsi="http://www.w3.org/2001/XMLSchema-instance" xmlns:fme="http://www.safe.com/xml/xmltables" xsi:schemaLocation="http://www.safe.com/xml/xmltables WZC.xsd">
<fme:WZC-table>
<fme:WZC>
<fme:Nummer>1</fme:Nummer>
<fme:Woonzorgcentra>WZC Ter Potterie</fme:Woonzorgcentra>
<fme:Straat>Peterseliestraat</fme:Straat>
<fme:Nr>21</fme:Nr>
<fme:Postcode>8000</fme:Postcode>
<fme:Gemeente>Brugge</fme:Gemeente>
<fme:RVT>0</fme:RVT>
<fme:ROB>0</fme:ROB>
<fme:Totaal>6</fme:Totaal>
<fme:Aangemaakt_op>20/11/2017</fme:Aangemaakt_op>
</fme:WZC>
<fme:WZC>
<fme:Nummer>2</fme:Nummer>
<fme:Woonzorgcentra>WZC Hallenhuis</fme:Woonzorgcentra>
<fme:Straat>Pastoriestraat</fme:Straat>
<fme:Nr>1</fme:Nr>
<fme:Postcode>8200</fme:Postcode>
<fme:Gemeente>Sint-Andries</fme:Gemeente>
<fme:RVT>0</fme:RVT>
<fme:ROB>0</fme:ROB>
<fme:Totaal>108</fme:Totaal>
<fme:Aangemaakt_op>20/11/2017</fme:Aangemaakt_op>
</fme:WZC>
<fme:WZC>
<fme:Nummer>4</fme:Nummer>
<fme:Woonzorgcentra>WZC Zeven Torentjes</fme:Woonzorgcentra>
<fme:Straat>Sint-Lucaslaan</fme:Straat>
<fme:Nr>50</fme:Nr>
<fme:Postcode>8310</fme:Postcode>
<fme:Gemeente>Assebroek</fme:Gemeente>
<fme:RVT>0</fme:RVT>
<fme:ROB>0</fme:ROB>
<fme:Totaal>126</fme:Totaal>
<fme:Aangemaakt_op>20/11/2017</fme:Aangemaakt_op>
</fme:WZC>
<fme:WZC>
<fme:Nummer>5</fme:Nummer>
<fme:Woonzorgcentra>WZC Ten Boomgaarde</fme:Woonzorgcentra>
<fme:Straat>Ter Beke</fme:Straat>
<fme:Nr>7</fme:Nr>
<fme:Postcode>8200</fme:Postcode>
<fme:Gemeente>Sint-Michiels</fme:Gemeente>
<fme:RVT>0</fme:RVT>
<fme:ROB>0</fme:ROB>
<fme:Totaal>104</fme:Totaal>
<fme:Aangemaakt_op>20/11/2017</fme:Aangemaakt_op>
</fme:WZC>
<fme:WZC>
<fme:Nummer>6</fme:Nummer>
<fme:Woonzorgcentra>WZC Minnewater</fme:Woonzorgcentra>
<fme:Straat>Prof. Dr. J. Sebrechtstraat</fme:Straat>
<fme:Nr>1</fme:Nr>
<fme:Postcode>8000</fme:Postcode>
<fme:Gemeente>Brugge</fme:Gemeente>
<fme:RVT>0</fme:RVT>
<fme:ROB>0</fme:ROB>
<fme:Totaal>145</fme:Totaal>
<fme:Aangemaakt_op>20/11/2017</fme:Aangemaakt_op>
</fme:WZC>
<fme:WZC>
<fme:Nummer>7</fme:Nummer>
<fme:Woonzorgcentra>WZC Van Zuylen</fme:Woonzorgcentra>
<fme:Straat>Geralaan</fme:Straat>
<fme:Nr>50</fme:Nr>
<fme:Postcode>8310</fme:Postcode>
<fme:Gemeente>Sint-Kruis</fme:Gemeente>
<fme:RVT>0</fme:RVT>
<fme:ROB>0</fme:ROB>
<fme:Totaal>173</fme:Totaal>
<fme:Aangemaakt_op>20/11/2017</fme:Aangemaakt_op>
</fme:WZC>
<fme:WZC>
<fme:Nummer>8</fme:Nummer>
<fme:Woonzorgcentra>WZC Herdershove</fme:Woonzorgcentra>
<fme:Straat>Oude Oostendse Steenweg</fme:Straat>
<fme:Nr>95</fme:Nr>
<fme:Postcode>8000</fme:Postcode>
<fme:Gemeente>Brugge</fme:Gemeente>
<fme:RVT>0</fme:RVT>
<fme:ROB>0</fme:ROB>
<fme:Totaal>90</fme:Totaal>
<fme:Aangemaakt_op>20/11/2017</fme:Aangemaakt_op>
</fme:WZC>
<fme:WZC>
<fme:Nummer>9</fme:Nummer>
<fme:Woonzorgcentra>WZC Regina Coeli</fme:Woonzorgcentra>
<fme:Straat>Koning Leopold III-laan</fme:Straat>
<fme:Nr>4</fme:Nr>
<fme:Postcode>8200</fme:Postcode>
<fme:Gemeente>Sint-Michiels</fme:Gemeente>
<fme:RVT>0</fme:RVT>
<fme:ROB>0</fme:ROB>
<fme:Totaal>82</fme:Totaal>
<fme:Aangemaakt_op>20/11/2017</fme:Aangemaakt_op>
</fme:WZC>
<fme:WZC>
<fme:Nummer>10</fme:Nummer>
<fme:Woonzorgcentra>WZC Jeruzalem</fme:Woonzorgcentra>
<fme:Straat>Stijn Streuvelsstraat</fme:Straat>
<fme:Nr>1</fme:Nr>
<fme:Postcode>8000</fme:Postcode>
<fme:Gemeente>Brugge</fme:Gemeente>
<fme:RVT>0</fme:RVT>
<fme:ROB>0</fme:ROB>
<fme:Totaal>70</fme:Totaal>
<fme:Aangemaakt_op>20/11/2017</fme:Aangemaakt_op>
</fme:WZC>
<fme:WZC>
<fme:Nummer>11</fme:Nummer>
<fme:Woonzorgcentra>WZC Sint Jozef</fme:Woonzorgcentra>
<fme:Straat>Spoorwegstraat</fme:Straat>
<fme:Nr>250</fme:Nr>
<fme:Postcode>8200</fme:Postcode>
<fme:Gemeente>Sint-Michiels</fme:Gemeente>
<fme:RVT>0</fme:RVT>
<fme:ROB>0</fme:ROB>
<fme:Totaal>91</fme:Totaal>
<fme:Aangemaakt_op>20/11/2017</fme:Aangemaakt_op>
</fme:WZC>
<fme:WZC>
<fme:Nummer>12</fme:Nummer>
<fme:Woonzorgcentra>WZC Westerrivier</fme:Woonzorgcentra>
<fme:Straat>Speelpleinlaan</fme:Straat>
<fme:Nr>44</fme:Nr>
<fme:Postcode>8310</fme:Postcode>
<fme:Gemeente>Assebroek</fme:Gemeente>
<fme:RVT>0</fme:RVT>
<fme:ROB>0</fme:ROB>
<fme:Totaal>40</fme:Totaal>
<fme:Aangemaakt_op>20/11/2017</fme:Aangemaakt_op>
</fme:WZC>
<fme:WZC>
<fme:Nummer>13</fme:Nummer>
<fme:Woonzorgcentra>WZC De Vliedberg</fme:Woonzorgcentra>
<fme:Straat>Ruddershove</fme:Straat>
<fme:Nr>1</fme:Nr>
<fme:Postcode>8000</fme:Postcode>
<fme:Gemeente>Brugge</fme:Gemeente>
<fme:RVT>0</fme:RVT>
<fme:ROB>0</fme:ROB>
<fme:Totaal>96</fme:Totaal>
<fme:Aangemaakt_op>20/11/2017</fme:Aangemaakt_op>
</fme:WZC>
<fme:WZC>
<fme:Nummer>14</fme:Nummer>
<fme:Woonzorgcentra>WZC Engelendale vzw</fme:Woonzorgcentra>
<fme:Straat>Vlamingdam</fme:Straat>
<fme:Nr>34</fme:Nr>
<fme:Postcode>8000</fme:Postcode>
<fme:Gemeente>Brugge</fme:Gemeente>
<fme:RVT>0</fme:RVT>
<fme:ROB>0</fme:ROB>
<fme:Totaal>96</fme:Totaal>
<fme:Aangemaakt_op>20/11/2017</fme:Aangemaakt_op>
</fme:WZC>
<fme:WZC>
<fme:Nummer>16</fme:Nummer>
<fme:Woonzorgcentra>WZC Prinsenhof</fme:Woonzorgcentra>
<fme:Straat>Gebroeders Marreytstraat</fme:Straat>
<fme:Nr>50</fme:Nr>
<fme:Postcode>8000</fme:Postcode>
<fme:Gemeente>Sint-Pieters</fme:Gemeente>
<fme:RVT>0</fme:RVT>
<fme:ROB>0</fme:ROB>
<fme:Totaal>117</fme:Totaal>
<fme:Aangemaakt_op>20/11/2017</fme:Aangemaakt_op>
</fme:WZC>
<fme:WZC>
<fme:Nummer>17</fme:Nummer>
<fme:Woonzorgcentra>Militza</fme:Woonzorgcentra>
<fme:Straat>Noorweegse Kaai</fme:Straat>
<fme:Nr>24</fme:Nr>
<fme:Postcode>8000</fme:Postcode>
<fme:Gemeente>Brugge</fme:Gemeente>
<fme:RVT>0</fme:RVT>
<fme:ROB>0</fme:ROB>
<fme:Totaal>131</fme:Totaal>
<fme:Aangemaakt_op>20/11/2017</fme:Aangemaakt_op>
</fme:WZC>
</fme:WZC-table>
</fme:xml-tables>