<?xml version="1.0" encoding="UTF-8"?>
<fme:xml-tables xmlns:xsi="http://www.w3.org/2001/XMLSchema-instance" xmlns:fme="http://www.safe.com/xml/xmltables" xsi:schemaLocation="http://www.safe.com/xml/xmltables afkomstpersector.xsd">
<fme:afkomstpersector-table>
<fme:afkomstpersector>
<fme:Sector>ABDIJ ZEVENKERKE</fme:Sector>
<fme:Belg>44</fme:Belg>
<fme:Niet-Belg>11</fme:Niet-Belg>
<fme:Aangemaakt_op>22/11/2017</fme:Aangemaakt_op>
</fme:afkomstpersector>
<fme:afkomstpersector>
<fme:Sector>ACHTERHAVEN</fme:Sector>
<fme:Belg>13</fme:Belg>
<fme:Aangemaakt_op>22/11/2017</fme:Aangemaakt_op>
</fme:afkomstpersector>
<fme:afkomstpersector>
<fme:Sector>ASSEBROEKSE MEERSEN</fme:Sector>
<fme:Belg>88</fme:Belg>
<fme:Niet-Belg>1</fme:Niet-Belg>
<fme:Aangemaakt_op>22/11/2017</fme:Aangemaakt_op>
</fme:afkomstpersector>
<fme:afkomstpersector>
<fme:Sector>ASSUMPTA</fme:Sector>
<fme:Belg>1047</fme:Belg>
<fme:Niet-Belg>48</fme:Niet-Belg>
<fme:Aangemaakt_op>22/11/2017</fme:Aangemaakt_op>
</fme:afkomstpersector>
<fme:afkomstpersector>
<fme:Sector>ASTRIDPARK</fme:Sector>
<fme:Belg>1517</fme:Belg>
<fme:Niet-Belg>789</fme:Niet-Belg>
<fme:Aangemaakt_op>22/11/2017</fme:Aangemaakt_op>
</fme:afkomstpersector>
<fme:afkomstpersector>
<fme:Sector>AZ SINT-JAN</fme:Sector>
<fme:Belg>5</fme:Belg>
<fme:Aangemaakt_op>22/11/2017</fme:Aangemaakt_op>
</fme:afkomstpersector>
<fme:afkomstpersector>
<fme:Sector>BEGIJNHOFBUURT</fme:Sector>
<fme:Belg>658</fme:Belg>
<fme:Niet-Belg>47</fme:Niet-Belg>
<fme:Aangemaakt_op>22/11/2017</fme:Aangemaakt_op>
</fme:afkomstpersector>
<fme:afkomstpersector>
<fme:Sector>BLAUW HUIS</fme:Sector>
<fme:Belg>1516</fme:Belg>
<fme:Niet-Belg>78</fme:Niet-Belg>
<fme:Aangemaakt_op>22/11/2017</fme:Aangemaakt_op>
</fme:afkomstpersector>
<fme:afkomstpersector>
<fme:Sector>BLAUWE TOREN</fme:Sector>
<fme:Belg>182</fme:Belg>
<fme:Niet-Belg>9</fme:Niet-Belg>
<fme:Aangemaakt_op>22/11/2017</fme:Aangemaakt_op>
</fme:afkomstpersector>
<fme:afkomstpersector>
<fme:Sector>BLOEDPUT</fme:Sector>
<fme:Belg>1172</fme:Belg>
<fme:Niet-Belg>169</fme:Niet-Belg>
<fme:Aangemaakt_op>22/11/2017</fme:Aangemaakt_op>
</fme:afkomstpersector>
<fme:afkomstpersector>
<fme:Sector>BOMMELBEEK</fme:Sector>
<fme:Belg>922</fme:Belg>
<fme:Niet-Belg>9</fme:Niet-Belg>
<fme:Aangemaakt_op>22/11/2017</fme:Aangemaakt_op>
</fme:afkomstpersector>
<fme:afkomstpersector>
<fme:Sector>BOUDEWIJNPARK</fme:Sector>
<fme:Belg>502</fme:Belg>
<fme:Niet-Belg>19</fme:Niet-Belg>
<fme:Aangemaakt_op>22/11/2017</fme:Aangemaakt_op>
</fme:afkomstpersector>
<fme:afkomstpersector>
<fme:Sector>BRAAMBEIERHOEK</fme:Sector>
<fme:Belg>1</fme:Belg>
<fme:Niet-Belg>4</fme:Niet-Belg>
<fme:Aangemaakt_op>22/11/2017</fme:Aangemaakt_op>
</fme:afkomstpersector>
<fme:afkomstpersector>
<fme:Sector>BRUGEOISE</fme:Sector>
<fme:Belg>133</fme:Belg>
<fme:Niet-Belg>6</fme:Niet-Belg>
<fme:Aangemaakt_op>22/11/2017</fme:Aangemaakt_op>
</fme:afkomstpersector>
<fme:afkomstpersector>
<fme:Sector>BRUGGE-CENTRUM - BELFORT</fme:Sector>
<fme:Belg>819</fme:Belg>
<fme:Niet-Belg>257</fme:Niet-Belg>
<fme:Aangemaakt_op>22/11/2017</fme:Aangemaakt_op>
</fme:afkomstpersector>
<fme:afkomstpersector>
<fme:Sector>BRUGSE KERKHOF</fme:Sector>
<fme:Belg>689</fme:Belg>
<fme:Niet-Belg>10</fme:Niet-Belg>
<fme:Aangemaakt_op>22/11/2017</fme:Aangemaakt_op>
</fme:afkomstpersector>
<fme:afkomstpersector>
<fme:Sector>BUITENHAVEN</fme:Sector>
<fme:Belg>4</fme:Belg>
<fme:Aangemaakt_op>22/11/2017</fme:Aangemaakt_op>
</fme:afkomstpersector>
<fme:afkomstpersector>
<fme:Sector>CANADABRUG</fme:Sector>
<fme:Belg>1055</fme:Belg>
<fme:Niet-Belg>99</fme:Niet-Belg>
<fme:Aangemaakt_op>22/11/2017</fme:Aangemaakt_op>
</fme:afkomstpersector>
<fme:afkomstpersector>
<fme:Sector>DAMPOORT</fme:Sector>
<fme:Belg>767</fme:Belg>
<fme:Niet-Belg>26</fme:Niet-Belg>
<fme:Aangemaakt_op>22/11/2017</fme:Aangemaakt_op>
</fme:afkomstpersector>
<fme:afkomstpersector>
<fme:Sector>DAVERLOO</fme:Sector>
<fme:Belg>368</fme:Belg>
<fme:Niet-Belg>4</fme:Niet-Belg>
<fme:Aangemaakt_op>22/11/2017</fme:Aangemaakt_op>
</fme:afkomstpersector>
<fme:afkomstpersector>
<fme:Sector>DE GALGE</fme:Sector>
<fme:Belg>404</fme:Belg>
<fme:Niet-Belg>17</fme:Niet-Belg>
<fme:Aangemaakt_op>22/11/2017</fme:Aangemaakt_op>
</fme:afkomstpersector>
<fme:afkomstpersector>
<fme:Sector>DE LINDE</fme:Sector>
<fme:Belg>1413</fme:Belg>
<fme:Niet-Belg>44</fme:Niet-Belg>
<fme:Aangemaakt_op>22/11/2017</fme:Aangemaakt_op>
</fme:afkomstpersector>
<fme:afkomstpersector>
<fme:Sector>DE MOTE</fme:Sector>
<fme:Belg>951</fme:Belg>
<fme:Niet-Belg>13</fme:Niet-Belg>
<fme:Aangemaakt_op>22/11/2017</fme:Aangemaakt_op>
</fme:afkomstpersector>
<fme:afkomstpersector>
<fme:Sector>DEN BROUCK</fme:Sector>
<fme:Belg>204</fme:Belg>
<fme:Niet-Belg>3</fme:Niet-Belg>
<fme:Aangemaakt_op>22/11/2017</fme:Aangemaakt_op>
</fme:afkomstpersector>
<fme:afkomstpersector>
<fme:Sector>DOKKEN</fme:Sector>
<fme:Belg>312</fme:Belg>
<fme:Niet-Belg>105</fme:Niet-Belg>
<fme:Aangemaakt_op>22/11/2017</fme:Aangemaakt_op>
</fme:afkomstpersector>
<fme:afkomstpersector>
<fme:Sector>DRIEHOEK</fme:Sector>
<fme:Belg>1142</fme:Belg>
<fme:Niet-Belg>69</fme:Niet-Belg>
<fme:Aangemaakt_op>22/11/2017</fme:Aangemaakt_op>
</fme:afkomstpersector>
<fme:afkomstpersector>
<fme:Sector>DUDZEDE-VERSPR. BEWONING-ZUID</fme:Sector>
<fme:Belg>931</fme:Belg>
<fme:Niet-Belg>18</fme:Niet-Belg>
<fme:Aangemaakt_op>22/11/2017</fme:Aangemaakt_op>
</fme:afkomstpersector>
<fme:afkomstpersector>
<fme:Sector>DUDZELE-CENTRUM</fme:Sector>
<fme:Belg>652</fme:Belg>
<fme:Niet-Belg>11</fme:Niet-Belg>
<fme:Aangemaakt_op>22/11/2017</fme:Aangemaakt_op>
</fme:afkomstpersector>
<fme:afkomstpersector>
<fme:Sector>DUIVENSLAG</fme:Sector>
<fme:Belg>590</fme:Belg>
<fme:Niet-Belg>10</fme:Niet-Belg>
<fme:Aangemaakt_op>22/11/2017</fme:Aangemaakt_op>
</fme:afkomstpersector>
<fme:afkomstpersector>
<fme:Sector>ENGELENDALELAAN</fme:Sector>
<fme:Belg>473</fme:Belg>
<fme:Niet-Belg>3</fme:Niet-Belg>
<fme:Aangemaakt_op>22/11/2017</fme:Aangemaakt_op>
</fme:afkomstpersector>
<fme:afkomstpersector>
<fme:Sector>FORT LAPIN</fme:Sector>
<fme:Belg>633</fme:Belg>
<fme:Niet-Belg>38</fme:Niet-Belg>
<fme:Aangemaakt_op>22/11/2017</fme:Aangemaakt_op>
</fme:afkomstpersector>
<fme:afkomstpersector>
<fme:Sector>FORTUINSTRAAT</fme:Sector>
<fme:Belg>903</fme:Belg>
<fme:Niet-Belg>48</fme:Niet-Belg>
<fme:Aangemaakt_op>22/11/2017</fme:Aangemaakt_op>
</fme:afkomstpersector>
<fme:afkomstpersector>
<fme:Sector>GENTWEG</fme:Sector>
<fme:Belg>1842</fme:Belg>
<fme:Niet-Belg>228</fme:Niet-Belg>
<fme:Aangemaakt_op>22/11/2017</fme:Aangemaakt_op>
</fme:afkomstpersector>
<fme:afkomstpersector>
<fme:Sector>GEZELLEKWARTIER</fme:Sector>
<fme:Belg>1812</fme:Belg>
<fme:Niet-Belg>245</fme:Niet-Belg>
<fme:Aangemaakt_op>22/11/2017</fme:Aangemaakt_op>
</fme:afkomstpersector>
<fme:afkomstpersector>
<fme:Sector>GODELIEVE - KERK</fme:Sector>
<fme:Belg>944</fme:Belg>
<fme:Niet-Belg>32</fme:Niet-Belg>
<fme:Aangemaakt_op>22/11/2017</fme:Aangemaakt_op>
</fme:afkomstpersector>
<fme:afkomstpersector>
<fme:Sector>INDUSTRIEPARK</fme:Sector>
<fme:Belg>203</fme:Belg>
<fme:Niet-Belg>10</fme:Niet-Belg>
<fme:Aangemaakt_op>22/11/2017</fme:Aangemaakt_op>
</fme:afkomstpersector>
<fme:afkomstpersector>
<fme:Sector>KAAS EN BROOD - DOORNHAAG</fme:Sector>
<fme:Belg>1560</fme:Belg>
<fme:Niet-Belg>88</fme:Niet-Belg>
<fme:Aangemaakt_op>22/11/2017</fme:Aangemaakt_op>
</fme:afkomstpersector>
<fme:afkomstpersector>
<fme:Sector>KAPELLEWEG</fme:Sector>
<fme:Belg>215</fme:Belg>
<fme:Niet-Belg>6</fme:Niet-Belg>
<fme:Aangemaakt_op>22/11/2017</fme:Aangemaakt_op>
</fme:afkomstpersector>
<fme:afkomstpersector>
<fme:Sector>KARTUIZERSWIJK</fme:Sector>
<fme:Belg>1592</fme:Belg>
<fme:Niet-Belg>172</fme:Niet-Belg>
<fme:Aangemaakt_op>22/11/2017</fme:Aangemaakt_op>
</fme:afkomstpersector>
<fme:afkomstpersector>
<fme:Sector>KOOLKERKE-CENTRUM</fme:Sector>
<fme:Belg>462</fme:Belg>
<fme:Niet-Belg>10</fme:Niet-Belg>
<fme:Aangemaakt_op>22/11/2017</fme:Aangemaakt_op>
</fme:afkomstpersector>
<fme:afkomstpersector>
<fme:Sector>KOOLKERKE-VERSPREIDE BEWONING</fme:Sector>
<fme:Belg>590</fme:Belg>
<fme:Niet-Belg>9</fme:Niet-Belg>
<fme:Aangemaakt_op>22/11/2017</fme:Aangemaakt_op>
</fme:afkomstpersector>
<fme:afkomstpersector>
<fme:Sector>KOOLKERKE-ZUID-OOST</fme:Sector>
<fme:Belg>1442</fme:Belg>
<fme:Niet-Belg>36</fme:Niet-Belg>
<fme:Aangemaakt_op>22/11/2017</fme:Aangemaakt_op>
</fme:afkomstpersector>
<fme:afkomstpersector>
<fme:Sector>KOUDE KEUKEN</fme:Sector>
<fme:Belg>1805</fme:Belg>
<fme:Niet-Belg>158</fme:Niet-Belg>
<fme:Aangemaakt_op>22/11/2017</fme:Aangemaakt_op>
</fme:afkomstpersector>
<fme:afkomstpersector>
<fme:Sector>KRISTUS-KONING</fme:Sector>
<fme:Belg>1791</fme:Belg>
<fme:Niet-Belg>160</fme:Niet-Belg>
<fme:Aangemaakt_op>22/11/2017</fme:Aangemaakt_op>
</fme:afkomstpersector>
<fme:afkomstpersector>
<fme:Sector>KRUISABELE</fme:Sector>
<fme:Belg>538</fme:Belg>
<fme:Niet-Belg>18</fme:Niet-Belg>
<fme:Aangemaakt_op>22/11/2017</fme:Aangemaakt_op>
</fme:afkomstpersector>
<fme:afkomstpersector>
<fme:Sector>LANGE VESTING</fme:Sector>
<fme:Belg>1170</fme:Belg>
<fme:Niet-Belg>124</fme:Niet-Belg>
<fme:Aangemaakt_op>22/11/2017</fme:Aangemaakt_op>
</fme:afkomstpersector>
<fme:afkomstpersector>
<fme:Sector>LEOPOLDWIJK</fme:Sector>
<fme:Belg>1508</fme:Belg>
<fme:Niet-Belg>32</fme:Niet-Belg>
<fme:Aangemaakt_op>22/11/2017</fme:Aangemaakt_op>
</fme:afkomstpersector>
<fme:afkomstpersector>
<fme:Sector>LISSEWEGE-CENTRUM</fme:Sector>
<fme:Belg>587</fme:Belg>
<fme:Niet-Belg>15</fme:Niet-Belg>
<fme:Aangemaakt_op>22/11/2017</fme:Aangemaakt_op>
</fme:afkomstpersector>
<fme:afkomstpersector>
<fme:Sector>LISSEWEGE-VERSPREIDE BEWONING</fme:Sector>
<fme:Belg>191</fme:Belg>
<fme:Niet-Belg>4</fme:Niet-Belg>
<fme:Aangemaakt_op>22/11/2017</fme:Aangemaakt_op>
</fme:afkomstpersector>
<fme:afkomstpersector>
<fme:Sector>LUTGARDIS</fme:Sector>
<fme:Belg>358</fme:Belg>
<fme:Niet-Belg>11</fme:Niet-Belg>
<fme:Aangemaakt_op>22/11/2017</fme:Aangemaakt_op>
</fme:afkomstpersector>
<fme:afkomstpersector>
<fme:Sector>MALEHOEK</fme:Sector>
<fme:Belg>2134</fme:Belg>
<fme:Niet-Belg>101</fme:Niet-Belg>
<fme:Aangemaakt_op>22/11/2017</fme:Aangemaakt_op>
</fme:afkomstpersector>
<fme:afkomstpersector>
<fme:Sector>MALEHOEK-WEST</fme:Sector>
<fme:Belg>1063</fme:Belg>
<fme:Niet-Belg>49</fme:Niet-Belg>
<fme:Aangemaakt_op>22/11/2017</fme:Aangemaakt_op>
</fme:afkomstpersector>
<fme:afkomstpersector>
<fme:Sector>MALEVELD - DOOLHOF</fme:Sector>
<fme:Belg>110</fme:Belg>
<fme:Aangemaakt_op>22/11/2017</fme:Aangemaakt_op>
</fme:afkomstpersector>
<fme:afkomstpersector>
<fme:Sector>MANITOBALAAN</fme:Sector>
<fme:Belg>408</fme:Belg>
<fme:Niet-Belg>21</fme:Niet-Belg>
<fme:Aangemaakt_op>22/11/2017</fme:Aangemaakt_op>
</fme:afkomstpersector>
<fme:afkomstpersector>
<fme:Sector>MEERSENSTRAAT</fme:Sector>
<fme:Belg>1480</fme:Belg>
<fme:Niet-Belg>31</fme:Niet-Belg>
<fme:Aangemaakt_op>22/11/2017</fme:Aangemaakt_op>
</fme:afkomstpersector>
<fme:afkomstpersector>
<fme:Sector>MIL.DOM.-ZEEBRUGGE-HAVENGEBIED</fme:Sector>
<fme:Belg>1</fme:Belg>
<fme:Aangemaakt_op>22/11/2017</fme:Aangemaakt_op>
</fme:afkomstpersector>
<fme:afkomstpersector>
<fme:Sector>MOLENDORP</fme:Sector>
<fme:Belg>885</fme:Belg>
<fme:Niet-Belg>27</fme:Niet-Belg>
<fme:Aangemaakt_op>22/11/2017</fme:Aangemaakt_op>
</fme:afkomstpersector>
<fme:afkomstpersector>
<fme:Sector>NOORDVELD KASTEEL</fme:Sector>
<fme:Belg>1473</fme:Belg>
<fme:Niet-Belg>119</fme:Niet-Belg>
<fme:Aangemaakt_op>22/11/2017</fme:Aangemaakt_op>
</fme:afkomstpersector>
<fme:afkomstpersector>
<fme:Sector>NOORDVELDE</fme:Sector>
<fme:Belg>396</fme:Belg>
<fme:Niet-Belg>6</fme:Niet-Belg>
<fme:Aangemaakt_op>22/11/2017</fme:Aangemaakt_op>
</fme:afkomstpersector>
<fme:afkomstpersector>
<fme:Sector>NOORWEGSE KAAI</fme:Sector>
<fme:Belg>1115</fme:Belg>
<fme:Niet-Belg>26</fme:Niet-Belg>
<fme:Aangemaakt_op>22/11/2017</fme:Aangemaakt_op>
</fme:afkomstpersector>
<fme:afkomstpersector>
<fme:Sector>OLYMPIAPARK</fme:Sector>
<fme:Belg>234</fme:Belg>
<fme:Niet-Belg>8</fme:Niet-Belg>
<fme:Aangemaakt_op>22/11/2017</fme:Aangemaakt_op>
</fme:afkomstpersector>
<fme:afkomstpersector>
<fme:Sector>OPPERHOF</fme:Sector>
<fme:Belg>869</fme:Belg>
<fme:Niet-Belg>35</fme:Niet-Belg>
<fme:Aangemaakt_op>22/11/2017</fme:Aangemaakt_op>
</fme:afkomstpersector>
<fme:afkomstpersector>
<fme:Sector>PASTORIESTRAAT</fme:Sector>
<fme:Belg>617</fme:Belg>
<fme:Niet-Belg>5</fme:Niet-Belg>
<fme:Aangemaakt_op>22/11/2017</fme:Aangemaakt_op>
</fme:afkomstpersector>
<fme:afkomstpersector>
<fme:Sector>POLDERHOEK</fme:Sector>
<fme:Belg>452</fme:Belg>
<fme:Niet-Belg>9</fme:Niet-Belg>
<fme:Aangemaakt_op>22/11/2017</fme:Aangemaakt_op>
</fme:afkomstpersector>
<fme:afkomstpersector>
<fme:Sector>PUTTERIE</fme:Sector>
<fme:Belg>605</fme:Belg>
<fme:Niet-Belg>35</fme:Niet-Belg>
<fme:Aangemaakt_op>22/11/2017</fme:Aangemaakt_op>
</fme:afkomstpersector>
<fme:afkomstpersector>
<fme:Sector>RIJKSSPORTCENTRUM</fme:Sector>
<fme:Belg>1070</fme:Belg>
<fme:Niet-Belg>34</fme:Niet-Belg>
<fme:Aangemaakt_op>22/11/2017</fme:Aangemaakt_op>
</fme:afkomstpersector>
<fme:afkomstpersector>
<fme:Sector>ROMBAUTS - WIJK</fme:Sector>
<fme:Belg>698</fme:Belg>
<fme:Niet-Belg>8</fme:Niet-Belg>
<fme:Aangemaakt_op>22/11/2017</fme:Aangemaakt_op>
</fme:afkomstpersector>
<fme:afkomstpersector>
<fme:Sector>RUBENSLAAN</fme:Sector>
<fme:Belg>665</fme:Belg>
<fme:Niet-Belg>30</fme:Niet-Belg>
<fme:Aangemaakt_op>22/11/2017</fme:Aangemaakt_op>
</fme:afkomstpersector>
<fme:afkomstpersector>
<fme:Sector>SANDERSKWARTIER</fme:Sector>
<fme:Belg>1048</fme:Belg>
<fme:Niet-Belg>37</fme:Niet-Belg>
<fme:Aangemaakt_op>22/11/2017</fme:Aangemaakt_op>
</fme:afkomstpersector>
<fme:afkomstpersector>
<fme:Sector>SCHAAPSKLAUW</fme:Sector>
<fme:Belg>694</fme:Belg>
<fme:Niet-Belg>7</fme:Niet-Belg>
<fme:Aangemaakt_op>22/11/2017</fme:Aangemaakt_op>
</fme:afkomstpersector>
<fme:afkomstpersector>
<fme:Sector>SINT-ANDRIES - CENTRUM</fme:Sector>
<fme:Belg>2279</fme:Belg>
<fme:Niet-Belg>77</fme:Niet-Belg>
<fme:Aangemaakt_op>22/11/2017</fme:Aangemaakt_op>
</fme:afkomstpersector>
<fme:afkomstpersector>
<fme:Sector>SINT-ANNA IN DE WOESTIJN</fme:Sector>
<fme:Belg>217</fme:Belg>
<fme:Niet-Belg>7</fme:Niet-Belg>
<fme:Aangemaakt_op>22/11/2017</fme:Aangemaakt_op>
</fme:afkomstpersector>
<fme:afkomstpersector>
<fme:Sector>SINT-BAAFS</fme:Sector>
<fme:Belg>3594</fme:Belg>
<fme:Niet-Belg>231</fme:Niet-Belg>
<fme:Aangemaakt_op>22/11/2017</fme:Aangemaakt_op>
</fme:afkomstpersector>
<fme:afkomstpersector>
<fme:Sector>SINT-GILLIS</fme:Sector>
<fme:Belg>2060</fme:Belg>
<fme:Niet-Belg>306</fme:Niet-Belg>
<fme:Aangemaakt_op>22/11/2017</fme:Aangemaakt_op>
</fme:afkomstpersector>
<fme:afkomstpersector>
<fme:Sector>SINT-JOZEF</fme:Sector>
<fme:Belg>1748</fme:Belg>
<fme:Niet-Belg>71</fme:Niet-Belg>
<fme:Aangemaakt_op>22/11/2017</fme:Aangemaakt_op>
</fme:afkomstpersector>
<fme:afkomstpersector>
<fme:Sector>SINT-JOZEF KLINIEK</fme:Sector>
<fme:Belg>1800</fme:Belg>
<fme:Niet-Belg>167</fme:Niet-Belg>
<fme:Aangemaakt_op>22/11/2017</fme:Aangemaakt_op>
</fme:afkomstpersector>
<fme:afkomstpersector>
<fme:Sector>SINT-KATARINA - KATELIJNEPOORT</fme:Sector>
<fme:Belg>2278</fme:Belg>
<fme:Niet-Belg>111</fme:Niet-Belg>
<fme:Aangemaakt_op>22/11/2017</fme:Aangemaakt_op>
</fme:afkomstpersector>
<fme:afkomstpersector>
<fme:Sector>SINT-KRUIS - CENTRUM</fme:Sector>
<fme:Belg>2048</fme:Belg>
<fme:Niet-Belg>84</fme:Niet-Belg>
<fme:Aangemaakt_op>22/11/2017</fme:Aangemaakt_op>
</fme:afkomstpersector>
<fme:afkomstpersector>
<fme:Sector>SINT-KRUIS - KRUISPORT</fme:Sector>
<fme:Belg>1920</fme:Belg>
<fme:Niet-Belg>159</fme:Niet-Belg>
<fme:Aangemaakt_op>22/11/2017</fme:Aangemaakt_op>
</fme:afkomstpersector>
<fme:afkomstpersector>
<fme:Sector>SINT-MICHIELS-CENTRUM</fme:Sector>
<fme:Belg>1247</fme:Belg>
<fme:Niet-Belg>63</fme:Niet-Belg>
<fme:Aangemaakt_op>22/11/2017</fme:Aangemaakt_op>
</fme:afkomstpersector>
<fme:afkomstpersector>
<fme:Sector>SINT-PIETERS - MOLEN</fme:Sector>
<fme:Belg>1393</fme:Belg>
<fme:Niet-Belg>46</fme:Niet-Belg>
<fme:Aangemaakt_op>22/11/2017</fme:Aangemaakt_op>
</fme:afkomstpersector>
<fme:afkomstpersector>
<fme:Sector>SINT-PIETERS - WIJNENBERG</fme:Sector>
<fme:Belg>1823</fme:Belg>
<fme:Niet-Belg>102</fme:Niet-Belg>
<fme:Aangemaakt_op>22/11/2017</fme:Aangemaakt_op>
</fme:afkomstpersector>
<fme:afkomstpersector>
<fme:Sector>SINT-PIETERS - ZEVENEKE</fme:Sector>
<fme:Belg>1632</fme:Belg>
<fme:Niet-Belg>65</fme:Niet-Belg>
<fme:Aangemaakt_op>22/11/2017</fme:Aangemaakt_op>
</fme:afkomstpersector>
<fme:afkomstpersector>
<fme:Sector>SINT-SALVATOR</fme:Sector>
<fme:Belg>939</fme:Belg>
<fme:Niet-Belg>143</fme:Niet-Belg>
<fme:Aangemaakt_op>22/11/2017</fme:Aangemaakt_op>
</fme:afkomstpersector>
<fme:afkomstpersector>
<fme:Sector>SINT-WALBURGA</fme:Sector>
<fme:Belg>701</fme:Belg>
<fme:Niet-Belg>224</fme:Niet-Belg>
<fme:Aangemaakt_op>22/11/2017</fme:Aangemaakt_op>
</fme:afkomstpersector>
<fme:afkomstpersector>
<fme:Sector>SMEDENPOORT</fme:Sector>
<fme:Belg>1501</fme:Belg>
<fme:Niet-Belg>185</fme:Niet-Belg>
<fme:Aangemaakt_op>22/11/2017</fme:Aangemaakt_op>
</fme:afkomstpersector>
<fme:afkomstpersector>
<fme:Sector>SPEIEN</fme:Sector>
<fme:Belg>45</fme:Belg>
<fme:Niet-Belg>2</fme:Niet-Belg>
<fme:Aangemaakt_op>22/11/2017</fme:Aangemaakt_op>
</fme:afkomstpersector>
<fme:afkomstpersector>
<fme:Sector>STATIESTRAAT</fme:Sector>
<fme:Belg>41</fme:Belg>
<fme:Aangemaakt_op>22/11/2017</fme:Aangemaakt_op>
</fme:afkomstpersector>
<fme:afkomstpersector>
<fme:Sector>STEENBRUGGE</fme:Sector>
<fme:Belg>1076</fme:Belg>
<fme:Niet-Belg>39</fme:Niet-Belg>
<fme:Aangemaakt_op>22/11/2017</fme:Aangemaakt_op>
</fme:afkomstpersector>
<fme:afkomstpersector>
<fme:Sector>STOKVELDEWIJK</fme:Sector>
<fme:Belg>2408</fme:Belg>
<fme:Niet-Belg>45</fme:Niet-Belg>
<fme:Aangemaakt_op>22/11/2017</fme:Aangemaakt_op>
</fme:afkomstpersector>
<fme:afkomstpersector>
<fme:Sector>STUBBEKWARTIER</fme:Sector>
<fme:Belg>1387</fme:Belg>
<fme:Niet-Belg>111</fme:Niet-Belg>
<fme:Aangemaakt_op>22/11/2017</fme:Aangemaakt_op>
</fme:afkomstpersector>
<fme:afkomstpersector>
<fme:Sector>STUIVENBERG</fme:Sector>
<fme:Belg>169</fme:Belg>
<fme:Niet-Belg>6</fme:Niet-Belg>
<fme:Aangemaakt_op>22/11/2017</fme:Aangemaakt_op>
</fme:afkomstpersector>
<fme:afkomstpersector>
<fme:Sector>'T FORTUINTJE - VELTEM</fme:Sector>
<fme:Belg>918</fme:Belg>
<fme:Niet-Belg>24</fme:Niet-Belg>
<fme:Aangemaakt_op>22/11/2017</fme:Aangemaakt_op>
</fme:afkomstpersector>
<fme:afkomstpersector>
<fme:Sector>'T LEITJE</fme:Sector>
<fme:Belg>956</fme:Belg>
<fme:Niet-Belg>19</fme:Niet-Belg>
<fme:Aangemaakt_op>22/11/2017</fme:Aangemaakt_op>
</fme:afkomstpersector>
<fme:afkomstpersector>
<fme:Sector>'T PEERDJE</fme:Sector>
<fme:Belg>2202</fme:Belg>
<fme:Niet-Belg>67</fme:Niet-Belg>
<fme:Aangemaakt_op>22/11/2017</fme:Aangemaakt_op>
</fme:afkomstpersector>
<fme:afkomstpersector>
<fme:Sector>'T SPEELHOF</fme:Sector>
<fme:Belg>512</fme:Belg>
<fme:Niet-Belg>9</fme:Niet-Belg>
<fme:Aangemaakt_op>22/11/2017</fme:Aangemaakt_op>
</fme:afkomstpersector>
<fme:afkomstpersector>
<fme:Sector>TEN BERGE</fme:Sector>
<fme:Belg>36</fme:Belg>
<fme:Aangemaakt_op>22/11/2017</fme:Aangemaakt_op>
</fme:afkomstpersector>
<fme:afkomstpersector>
<fme:Sector>TER LUCHT - TER WIND</fme:Sector>
<fme:Belg>39</fme:Belg>
<fme:Aangemaakt_op>22/11/2017</fme:Aangemaakt_op>
</fme:afkomstpersector>
<fme:afkomstpersector>
<fme:Sector>TILLEGEM</fme:Sector>
<fme:Belg>535</fme:Belg>
<fme:Niet-Belg>3</fme:Niet-Belg>
<fme:Aangemaakt_op>22/11/2017</fme:Aangemaakt_op>
</fme:afkomstpersector>
<fme:afkomstpersector>
<fme:Sector>TIRE</fme:Sector>
<fme:Belg>1066</fme:Belg>
<fme:Niet-Belg>47</fme:Niet-Belg>
<fme:Aangemaakt_op>22/11/2017</fme:Aangemaakt_op>
</fme:afkomstpersector>
<fme:afkomstpersector>
<fme:Sector>VEEMARKT</fme:Sector>
<fme:Belg>1293</fme:Belg>
<fme:Niet-Belg>99</fme:Niet-Belg>
<fme:Aangemaakt_op>22/11/2017</fme:Aangemaakt_op>
</fme:afkomstpersector>
<fme:afkomstpersector>
<fme:Sector>VERRE ASSEBROEK</fme:Sector>
<fme:Belg>916</fme:Belg>
<fme:Niet-Belg>22</fme:Niet-Belg>
<fme:Aangemaakt_op>22/11/2017</fme:Aangemaakt_op>
</fme:afkomstpersector>
<fme:afkomstpersector>
<fme:Sector>VOGELZANG</fme:Sector>
<fme:Belg>1194</fme:Belg>
<fme:Niet-Belg>20</fme:Niet-Belg>
<fme:Aangemaakt_op>22/11/2017</fme:Aangemaakt_op>
</fme:afkomstpersector>
<fme:afkomstpersector>
<fme:Sector>VOSSENSTEERT</fme:Sector>
<fme:Belg>1227</fme:Belg>
<fme:Niet-Belg>17</fme:Niet-Belg>
<fme:Aangemaakt_op>22/11/2017</fme:Aangemaakt_op>
</fme:afkomstpersector>
<fme:afkomstpersector>
<fme:Sector>WAGGELWATER</fme:Sector>
<fme:Belg>50</fme:Belg>
<fme:Niet-Belg>9</fme:Niet-Belg>
<fme:Aangemaakt_op>22/11/2017</fme:Aangemaakt_op>
</fme:afkomstpersector>
<fme:afkomstpersector>
<fme:Sector>WATERGANG</fme:Sector>
<fme:Belg>621</fme:Belg>
<fme:Niet-Belg>9</fme:Niet-Belg>
<fme:Aangemaakt_op>22/11/2017</fme:Aangemaakt_op>
</fme:afkomstpersector>
<fme:afkomstpersector>
<fme:Sector>WEIDEBEEK</fme:Sector>
<fme:Belg>42</fme:Belg>
<fme:Aangemaakt_op>22/11/2017</fme:Aangemaakt_op>
</fme:afkomstpersector>
<fme:afkomstpersector>
<fme:Sector>XAVERIANEN</fme:Sector>
<fme:Belg>604</fme:Belg>
<fme:Niet-Belg>20</fme:Niet-Belg>
<fme:Aangemaakt_op>22/11/2017</fme:Aangemaakt_op>
</fme:afkomstpersector>
<fme:afkomstpersector>
<fme:Sector>ZEEBRUGGE - DE MOLE</fme:Sector>
<fme:Belg>713</fme:Belg>
<fme:Niet-Belg>195</fme:Niet-Belg>
<fme:Aangemaakt_op>22/11/2017</fme:Aangemaakt_op>
</fme:afkomstpersector>
<fme:afkomstpersector>
<fme:Sector>ZEEBRUGGE - DORP</fme:Sector>
<fme:Belg>1672</fme:Belg>
<fme:Niet-Belg>145</fme:Niet-Belg>
<fme:Aangemaakt_op>22/11/2017</fme:Aangemaakt_op>
</fme:afkomstpersector>
<fme:afkomstpersector>
<fme:Sector>ZEEBRUGGE - MIJN</fme:Sector>
<fme:Belg>840</fme:Belg>
<fme:Niet-Belg>182</fme:Niet-Belg>
<fme:Aangemaakt_op>22/11/2017</fme:Aangemaakt_op>
</fme:afkomstpersector>
<fme:afkomstpersector>
<fme:Sector>ZEEBRUGGE - STATION</fme:Sector>
<fme:Belg>558</fme:Belg>
<fme:Niet-Belg>47</fme:Niet-Belg>
<fme:Aangemaakt_op>22/11/2017</fme:Aangemaakt_op>
</fme:afkomstpersector>
<fme:afkomstpersector>
<fme:Sector>ZEEBRUGGE POLDER - STROOIEN</fme:Sector>
<fme:Belg>1</fme:Belg>
<fme:Aangemaakt_op>22/11/2017</fme:Aangemaakt_op>
</fme:afkomstpersector>
<fme:afkomstpersector>
<fme:Sector>ZEELAAN</fme:Sector>
<fme:Belg>47</fme:Belg>
<fme:Niet-Belg>8</fme:Niet-Belg>
<fme:Aangemaakt_op>22/11/2017</fme:Aangemaakt_op>
</fme:afkomstpersector>
<fme:afkomstpersector>
<fme:Sector>ZEEWEGE</fme:Sector>
<fme:Belg>726</fme:Belg>
<fme:Niet-Belg>18</fme:Niet-Belg>
<fme:Aangemaakt_op>22/11/2017</fme:Aangemaakt_op>
</fme:afkomstpersector>
<fme:afkomstpersector>
<fme:Sector>ZEVEKOTE</fme:Sector>
<fme:Belg>2767</fme:Belg>
<fme:Niet-Belg>100</fme:Niet-Belg>
<fme:Aangemaakt_op>22/11/2017</fme:Aangemaakt_op>
</fme:afkomstpersector>
<fme:afkomstpersector>
<fme:Sector>ZEVENBERGEN</fme:Sector>
<fme:Belg>2173</fme:Belg>
<fme:Niet-Belg>49</fme:Niet-Belg>
<fme:Aangemaakt_op>22/11/2017</fme:Aangemaakt_op>
</fme:afkomstpersector>
<fme:afkomstpersector>
<fme:Sector>ZEVENTOREN</fme:Sector>
<fme:Belg>1642</fme:Belg>
<fme:Niet-Belg>37</fme:Niet-Belg>
<fme:Aangemaakt_op>22/11/2017</fme:Aangemaakt_op>
</fme:afkomstpersector>
<fme:afkomstpersector>
<fme:Sector>ZWANEKERKE</fme:Sector>
<fme:Belg>81</fme:Belg>
<fme:Niet-Belg>20</fme:Niet-Belg>
<fme:Aangemaakt_op>22/11/2017</fme:Aangemaakt_op>
</fme:afkomstpersector>
<fme:afkomstpersector>
<fme:Sector>ZWANKERDAMME</fme:Sector>
<fme:Belg>667</fme:Belg>
<fme:Niet-Belg>27</fme:Niet-Belg>
<fme:Aangemaakt_op>22/11/2017</fme:Aangemaakt_op>
</fme:afkomstpersector>
</fme:afkomstpersector-table>
</fme:xml-tables>