<?xml version="1.0" encoding="UTF-8"?>
<fme:xml-tables xmlns:xsi="http://www.w3.org/2001/XMLSchema-instance" xmlns:fme="http://www.safe.com/xml/xmltables" xsi:schemaLocation="http://www.safe.com/xml/xmltables Containerparken.xsd">
<fme:Containerparken-table>
<fme:Containerparken>
<fme:NaamContainerpark>Sint-Pieters</fme:NaamContainerpark>
<fme:Straatnaam>Kleine Pathoekeweg</fme:Straatnaam>
<fme:Huisnr>55</fme:Huisnr>
<fme:Postcode>8000</fme:Postcode>
<fme:Deelgemeente>Sint-Pieters</fme:Deelgemeente>
<fme:Telefoonnr>050/310498</fme:Telefoonnr>
<fme:Aangemaakt_op>04/10/2016</fme:Aangemaakt_op>
</fme:Containerparken>
<fme:Containerparken>
<fme:NaamContainerpark>Zeebrugge</fme:NaamContainerpark>
<fme:Straatnaam>Jozef Verschaveweg</fme:Straatnaam>
<fme:Huisnr>1</fme:Huisnr>
<fme:Postcode>8380</fme:Postcode>
<fme:Deelgemeente>Zeebrugge</fme:Deelgemeente>
<fme:Telefoonnr>050/791009</fme:Telefoonnr>
<fme:Aangemaakt_op>04/10/2016</fme:Aangemaakt_op>
</fme:Containerparken>
<fme:Containerparken>
<fme:NaamContainerpark>Sint-Michiels</fme:NaamContainerpark>
<fme:Straatnaam>Ten Briele</fme:Straatnaam>
<fme:Huisnr>5</fme:Huisnr>
<fme:Postcode>8200</fme:Postcode>
<fme:Deelgemeente>Sint-Michiels</fme:Deelgemeente>
<fme:Telefoonnr>050/397957</fme:Telefoonnr>
<fme:Aangemaakt_op>04/10/2016</fme:Aangemaakt_op>
</fme:Containerparken>
</fme:Containerparken-table>
</fme:xml-tables>