<?xml version="1.0" encoding="UTF-8"?>
<fme:xml-tables xmlns:xsi="http://www.w3.org/2001/XMLSchema-instance" xmlns:fme="http://www.safe.com/xml/xmltables" xsi:schemaLocation="http://www.safe.com/xml/xmltables Lijst_leegstaande_bedrijfspanden.xsd">
<fme:Lijst_leegstaande_bedrijfspanden-table>
<fme:Lijst_leegstaande_bedrijfspanden>
<fme:Dossier_ID>31005_0014</fme:Dossier_ID>
<fme:Administratieve_ligging>Peterseliestraat +124 ,8000 BRUGGE</fme:Administratieve_ligging>
<fme:Adres>Peterseliestraat 124</fme:Adres>
<fme:Nr>124</fme:Nr>
<fme:Postcode>8000</fme:Postcode>
<fme:Gemeente>Brugge</fme:Gemeente>
<fme:Aard_van_het_gebouw>Serres</fme:Aard_van_het_gebouw>
<fme:Behandeld>Ja</fme:Behandeld>
<fme:Aangemaakt_op>07/07/2016</fme:Aangemaakt_op>
</fme:Lijst_leegstaande_bedrijfspanden>
<fme:Lijst_leegstaande_bedrijfspanden>
<fme:Dossier_ID>31005_0149</fme:Dossier_ID>
<fme:Administratieve_ligging>Lege Moerstraat 3 ,8200 BRUGGE</fme:Administratieve_ligging>
<fme:Adres>Lege Moerstraat 3</fme:Adres>
<fme:Nr>3</fme:Nr>
<fme:Postcode>8200</fme:Postcode>
<fme:Gemeente>Brugge</fme:Gemeente>
<fme:Aard_van_het_gebouw>Hoevegebouwen</fme:Aard_van_het_gebouw>
<fme:Behandeld>Ja</fme:Behandeld>
<fme:Aangemaakt_op>07/07/2016</fme:Aangemaakt_op>
</fme:Lijst_leegstaande_bedrijfspanden>
<fme:Lijst_leegstaande_bedrijfspanden>
<fme:Dossier_ID>31005_0231</fme:Dossier_ID>
<fme:Administratieve_ligging>Weidestraat 245 ,8310 BRUGGE</fme:Administratieve_ligging>
<fme:Adres>Weidestraat 245</fme:Adres>
<fme:Nr>245</fme:Nr>
<fme:Postcode>8310</fme:Postcode>
<fme:Gemeente>Brugge</fme:Gemeente>
<fme:Aard_van_het_gebouw>Hoevegebouwen</fme:Aard_van_het_gebouw>
<fme:Behandeld>Ja</fme:Behandeld>
<fme:Aangemaakt_op>07/07/2016</fme:Aangemaakt_op>
</fme:Lijst_leegstaande_bedrijfspanden>
<fme:Lijst_leegstaande_bedrijfspanden>
<fme:Dossier_ID>31005_0341</fme:Dossier_ID>
<fme:Administratieve_ligging>Brugse Steenweg 91 ,8000 BRUGGE</fme:Administratieve_ligging>
<fme:Adres>Brugse Steenweg 91</fme:Adres>
<fme:Nr>91</fme:Nr>
<fme:Postcode>8000</fme:Postcode>
<fme:Gemeente>Brugge</fme:Gemeente>
<fme:Aard_van_het_gebouw>Hoevegebouwen</fme:Aard_van_het_gebouw>
<fme:Behandeld>Ja</fme:Behandeld>
<fme:Aangemaakt_op>07/07/2016</fme:Aangemaakt_op>
</fme:Lijst_leegstaande_bedrijfspanden>
<fme:Lijst_leegstaande_bedrijfspanden>
<fme:Dossier_ID>31005_0356</fme:Dossier_ID>
<fme:Administratieve_ligging>Canadezenstraat +29 ,8380 BRUGGE</fme:Administratieve_ligging>
<fme:Adres>Canadezenstraat 29</fme:Adres>
<fme:Nr>29</fme:Nr>
<fme:Postcode>8380</fme:Postcode>
<fme:Gemeente>Brugge</fme:Gemeente>
<fme:Aard_van_het_gebouw>Landgebouw</fme:Aard_van_het_gebouw>
<fme:Behandeld>Ja</fme:Behandeld>
<fme:Aangemaakt_op>07/07/2016</fme:Aangemaakt_op>
</fme:Lijst_leegstaande_bedrijfspanden>
<fme:Lijst_leegstaande_bedrijfspanden>
<fme:Dossier_ID>31005_0404</fme:Dossier_ID>
<fme:Administratieve_ligging>Tempelhof +41 ,8000 BRUGGE</fme:Administratieve_ligging>
<fme:Adres>Tempelhof 41</fme:Adres>
<fme:Nr>41</fme:Nr>
<fme:Postcode>8000</fme:Postcode>
<fme:Gemeente>Brugge</fme:Gemeente>
<fme:Aard_van_het_gebouw>Drukkerij</fme:Aard_van_het_gebouw>
<fme:Behandeld>Ja</fme:Behandeld>
<fme:Aangemaakt_op>07/07/2016</fme:Aangemaakt_op>
</fme:Lijst_leegstaande_bedrijfspanden>
<fme:Lijst_leegstaande_bedrijfspanden>
<fme:Dossier_ID>31005_0487</fme:Dossier_ID>
<fme:Administratieve_ligging>Dudzeelse Steenweg 307 ,8000 BRUGGE</fme:Administratieve_ligging>
<fme:Adres>Dudzeelse Steenweg 307</fme:Adres>
<fme:Nr>307</fme:Nr>
<fme:Postcode>8000</fme:Postcode>
<fme:Gemeente>Brugge</fme:Gemeente>
<fme:Aard_van_het_gebouw>Hoevegebouwen</fme:Aard_van_het_gebouw>
<fme:Behandeld>Ja</fme:Behandeld>
<fme:Aangemaakt_op>07/07/2016</fme:Aangemaakt_op>
</fme:Lijst_leegstaande_bedrijfspanden>
<fme:Lijst_leegstaande_bedrijfspanden>
<fme:Dossier_ID>31005_0500</fme:Dossier_ID>
<fme:Administratieve_ligging>Monnikenwerve 17-19 ,8000 BRUGGE</fme:Administratieve_ligging>
<fme:Adres>Monnikenwerve 17</fme:Adres>
<fme:Nr>17</fme:Nr>
<fme:Postcode>8000</fme:Postcode>
<fme:Gemeente>Brugge</fme:Gemeente>
<fme:Aard_van_het_gebouw>Kantoorgebouw</fme:Aard_van_het_gebouw>
<fme:Behandeld>Ja</fme:Behandeld>
<fme:Aangemaakt_op>07/07/2016</fme:Aangemaakt_op>
</fme:Lijst_leegstaande_bedrijfspanden>
<fme:Lijst_leegstaande_bedrijfspanden>
<fme:Dossier_ID>31005_0508</fme:Dossier_ID>
<fme:Administratieve_ligging>Lisseweegs Vaartje 277 ,8380 BRUGGE</fme:Administratieve_ligging>
<fme:Adres>Lisseweegs Vaartje 277</fme:Adres>
<fme:Nr>277</fme:Nr>
<fme:Postcode>8380</fme:Postcode>
<fme:Gemeente>Brugge</fme:Gemeente>
<fme:Aard_van_het_gebouw>Hoevegebouwen</fme:Aard_van_het_gebouw>
<fme:Behandeld>Ja</fme:Behandeld>
<fme:Aangemaakt_op>07/07/2016</fme:Aangemaakt_op>
</fme:Lijst_leegstaande_bedrijfspanden>
<fme:Lijst_leegstaande_bedrijfspanden>
<fme:Dossier_ID>31005_0528</fme:Dossier_ID>
<fme:Administratieve_ligging>Houtkaai 37 ,8000 BRUGGE</fme:Administratieve_ligging>
<fme:Adres>Houtkaai 37</fme:Adres>
<fme:Nr>37</fme:Nr>
<fme:Postcode>8000</fme:Postcode>
<fme:Gemeente>Brugge</fme:Gemeente>
<fme:Aard_van_het_gebouw>Nijverheidsgebouw</fme:Aard_van_het_gebouw>
<fme:Behandeld>Ja</fme:Behandeld>
<fme:Aangemaakt_op>07/07/2016</fme:Aangemaakt_op>
</fme:Lijst_leegstaande_bedrijfspanden>
<fme:Lijst_leegstaande_bedrijfspanden>
<fme:Dossier_ID>31005_0534</fme:Dossier_ID>
<fme:Administratieve_ligging>Blankenbergse Steenweg +7 ,8000 BRUGGE</fme:Administratieve_ligging>
<fme:Adres>Blankenbergse Steenweg 7</fme:Adres>
<fme:Nr>7</fme:Nr>
<fme:Postcode>8000</fme:Postcode>
<fme:Gemeente>Brugge</fme:Gemeente>
<fme:Aard_van_het_gebouw>Warenhuis</fme:Aard_van_het_gebouw>
<fme:Behandeld>Ja</fme:Behandeld>
<fme:Aangemaakt_op>07/07/2016</fme:Aangemaakt_op>
</fme:Lijst_leegstaande_bedrijfspanden>
<fme:Lijst_leegstaande_bedrijfspanden>
<fme:Dossier_ID>31005_0538</fme:Dossier_ID>
<fme:Administratieve_ligging>Nijverheidsstraat +27 ,8310 BRUGGE</fme:Administratieve_ligging>
<fme:Adres>Nijverheidsstraat 27</fme:Adres>
<fme:Nr>27</fme:Nr>
<fme:Postcode>8310</fme:Postcode>
<fme:Gemeente>Brugge</fme:Gemeente>
<fme:Aard_van_het_gebouw>Magazijn</fme:Aard_van_het_gebouw>
<fme:Behandeld>Ja</fme:Behandeld>
<fme:Aangemaakt_op>07/07/2016</fme:Aangemaakt_op>
</fme:Lijst_leegstaande_bedrijfspanden>
<fme:Lijst_leegstaande_bedrijfspanden>
<fme:Dossier_ID>31005_0539</fme:Dossier_ID>
<fme:Administratieve_ligging>Legeweg 160 ,8200 BRUGGE</fme:Administratieve_ligging>
<fme:Adres>Legeweg 160</fme:Adres>
<fme:Nr>160</fme:Nr>
<fme:Postcode>8200</fme:Postcode>
<fme:Gemeente>Brugge</fme:Gemeente>
<fme:Aard_van_het_gebouw>Handelruimte</fme:Aard_van_het_gebouw>
<fme:Behandeld>Ja</fme:Behandeld>
<fme:Aangemaakt_op>07/07/2016</fme:Aangemaakt_op>
</fme:Lijst_leegstaande_bedrijfspanden>
<fme:Lijst_leegstaande_bedrijfspanden>
<fme:Dossier_ID>31005_0541</fme:Dossier_ID>
<fme:Administratieve_ligging>Schaakstraat 100 ,8310 BRUGGE</fme:Administratieve_ligging>
<fme:Adres>Schaakstraat 100</fme:Adres>
<fme:Nr>100</fme:Nr>
<fme:Postcode>8380</fme:Postcode>
<fme:Gemeente>Brugge</fme:Gemeente>
<fme:Aard_van_het_gebouw>Semi-industrieel complex</fme:Aard_van_het_gebouw>
<fme:Behandeld>Ja</fme:Behandeld>
<fme:Aangemaakt_op>07/07/2016</fme:Aangemaakt_op>
</fme:Lijst_leegstaande_bedrijfspanden>
<fme:Lijst_leegstaande_bedrijfspanden>
<fme:Dossier_ID>31005_0542</fme:Dossier_ID>
<fme:Administratieve_ligging>Kustlaan 184 ,8380 BRUGGE</fme:Administratieve_ligging>
<fme:Adres>Kustlaan 184</fme:Adres>
<fme:Nr>184</fme:Nr>
<fme:Postcode>8380</fme:Postcode>
<fme:Gemeente>Brugge</fme:Gemeente>
<fme:Aard_van_het_gebouw>Magazijn</fme:Aard_van_het_gebouw>
<fme:Behandeld>Ja</fme:Behandeld>
<fme:Aangemaakt_op>07/07/2016</fme:Aangemaakt_op>
</fme:Lijst_leegstaande_bedrijfspanden>
<fme:Lijst_leegstaande_bedrijfspanden>
<fme:Dossier_ID>31005_0544</fme:Dossier_ID>
<fme:Administratieve_ligging>Monnikenwerve 53 ,8000 BRUGGE</fme:Administratieve_ligging>
<fme:Adres>Monnikenwerve 53</fme:Adres>
<fme:Nr>53</fme:Nr>
<fme:Postcode>8000</fme:Postcode>
<fme:Gemeente>Brugge</fme:Gemeente>
<fme:Aard_van_het_gebouw>Schrijnwerkerij, werkplaats</fme:Aard_van_het_gebouw>
<fme:Behandeld>Ja</fme:Behandeld>
<fme:Aangemaakt_op>07/07/2016</fme:Aangemaakt_op>
</fme:Lijst_leegstaande_bedrijfspanden>
<fme:Lijst_leegstaande_bedrijfspanden>
<fme:Dossier_ID>31005_0545</fme:Dossier_ID>
<fme:Administratieve_ligging>Gieterijstraat 1/3/5/7/9 ,8000 BRUGGE</fme:Administratieve_ligging>
<fme:Adres>Gieterijstraat 1</fme:Adres>
<fme:Nr>1</fme:Nr>
<fme:Postcode>8000</fme:Postcode>
<fme:Gemeente>Brugge</fme:Gemeente>
<fme:Aard_van_het_gebouw>Tabaksfabriek, magazijnen</fme:Aard_van_het_gebouw>
<fme:Behandeld>Ja</fme:Behandeld>
<fme:Aangemaakt_op>07/07/2016</fme:Aangemaakt_op>
</fme:Lijst_leegstaande_bedrijfspanden>
<fme:Lijst_leegstaande_bedrijfspanden>
<fme:Dossier_ID>31005_0548</fme:Dossier_ID>
<fme:Administratieve_ligging>Lieven Bauwensstraat 32 ,8200 BRUGGE</fme:Administratieve_ligging>
<fme:Adres>Lieven Bauwensstraat 32</fme:Adres>
<fme:Nr>32</fme:Nr>
<fme:Postcode>8200</fme:Postcode>
<fme:Gemeente>Brugge</fme:Gemeente>
<fme:Aard_van_het_gebouw>Werkplaats, magazijn</fme:Aard_van_het_gebouw>
<fme:Behandeld>Ja</fme:Behandeld>
<fme:Aangemaakt_op>07/07/2016</fme:Aangemaakt_op>
</fme:Lijst_leegstaande_bedrijfspanden>
<fme:Lijst_leegstaande_bedrijfspanden>
<fme:Dossier_ID>31005_0549</fme:Dossier_ID>
<fme:Administratieve_ligging>Wittemolenstraat 25 ,8200 BRUGGE</fme:Administratieve_ligging>
<fme:Adres>Wittemolenstraat 25</fme:Adres>
<fme:Nr>25</fme:Nr>
<fme:Postcode>8200</fme:Postcode>
<fme:Gemeente>Brugge</fme:Gemeente>
<fme:Aard_van_het_gebouw>Bakkerij</fme:Aard_van_het_gebouw>
<fme:Behandeld>Ja</fme:Behandeld>
<fme:Aangemaakt_op>07/07/2016</fme:Aangemaakt_op>
</fme:Lijst_leegstaande_bedrijfspanden>
<fme:Lijst_leegstaande_bedrijfspanden>
<fme:Dossier_ID>31005_0551</fme:Dossier_ID>
<fme:Administratieve_ligging>Generaal Lemanlaan 180 ,8310 BRUGGE</fme:Administratieve_ligging>
<fme:Adres>Generaal Lemanlaan 180</fme:Adres>
<fme:Nr>180</fme:Nr>
<fme:Postcode>8310</fme:Postcode>
<fme:Gemeente>Brugge</fme:Gemeente>
<fme:Aard_van_het_gebouw>Horecazaak</fme:Aard_van_het_gebouw>
<fme:Behandeld>Ja</fme:Behandeld>
<fme:Aangemaakt_op>07/07/2016</fme:Aangemaakt_op>
</fme:Lijst_leegstaande_bedrijfspanden>
<fme:Lijst_leegstaande_bedrijfspanden>
<fme:Dossier_ID>31005_0555</fme:Dossier_ID>
<fme:Administratieve_ligging>Wittemolenstraat +25 ,8200 BRUGGE</fme:Administratieve_ligging>
<fme:Adres>Wittemolenstraat 25</fme:Adres>
<fme:Nr>25</fme:Nr>
<fme:Postcode>8200</fme:Postcode>
<fme:Gemeente>Brugge</fme:Gemeente>
<fme:Aard_van_het_gebouw>Bakkerij</fme:Aard_van_het_gebouw>
<fme:Behandeld>Ja</fme:Behandeld>
<fme:Aangemaakt_op>07/07/2016</fme:Aangemaakt_op>
</fme:Lijst_leegstaande_bedrijfspanden>
<fme:Lijst_leegstaande_bedrijfspanden>
<fme:Dossier_ID>31005_0557</fme:Dossier_ID>
<fme:Administratieve_ligging>Lieven Bauwensstraat 19b ,8200 BRUGGE</fme:Administratieve_ligging>
<fme:Adres>Lieven Bauwensstraat 19</fme:Adres>
<fme:Nr>19</fme:Nr>
<fme:Postcode>8200</fme:Postcode>
<fme:Gemeente>Brugge</fme:Gemeente>
<fme:Aard_van_het_gebouw>magazijn</fme:Aard_van_het_gebouw>
<fme:Behandeld>Ja</fme:Behandeld>
<fme:Aangemaakt_op>07/07/2016</fme:Aangemaakt_op>
</fme:Lijst_leegstaande_bedrijfspanden>
<fme:Lijst_leegstaande_bedrijfspanden>
<fme:Dossier_ID>31005_0558</fme:Dossier_ID>
<fme:Administratieve_ligging>Karveelstraat 8 ,8380 BRUGGE</fme:Administratieve_ligging>
<fme:Adres>Karveelstraat 8</fme:Adres>
<fme:Nr>8</fme:Nr>
<fme:Postcode>8380</fme:Postcode>
<fme:Gemeente>Brugge</fme:Gemeente>
<fme:Aard_van_het_gebouw>Kantoorgebouw</fme:Aard_van_het_gebouw>
<fme:Behandeld>Ja</fme:Behandeld>
<fme:Aangemaakt_op>07/07/2016</fme:Aangemaakt_op>
</fme:Lijst_leegstaande_bedrijfspanden>
<fme:Lijst_leegstaande_bedrijfspanden>
<fme:Dossier_ID>31005_0559</fme:Dossier_ID>
<fme:Administratieve_ligging>Blankenbergse Steenweg 390 ,8000 BRUGGE</fme:Administratieve_ligging>
<fme:Adres>Blankenbergse Steenweg 390</fme:Adres>
<fme:Nr>390</fme:Nr>
<fme:Postcode>8000</fme:Postcode>
<fme:Gemeente>Brugge</fme:Gemeente>
<fme:Aard_van_het_gebouw>Werkplaats, magazijn</fme:Aard_van_het_gebouw>
<fme:Behandeld>Ja</fme:Behandeld>
<fme:Aangemaakt_op>07/07/2016</fme:Aangemaakt_op>
</fme:Lijst_leegstaande_bedrijfspanden>
<fme:Lijst_leegstaande_bedrijfspanden>
<fme:Dossier_ID>31005_0560</fme:Dossier_ID>
<fme:Administratieve_ligging>Lieven Bauwensstraat 16 ,8200 BRUGGE</fme:Administratieve_ligging>
<fme:Adres>Lieven Bauwensstraat 16</fme:Adres>
<fme:Nr>16</fme:Nr>
<fme:Postcode>8200</fme:Postcode>
<fme:Gemeente>Brugge</fme:Gemeente>
<fme:Aard_van_het_gebouw>Administratieve bedrijfsruimte</fme:Aard_van_het_gebouw>
<fme:Behandeld>Ja</fme:Behandeld>
<fme:Aangemaakt_op>07/07/2016</fme:Aangemaakt_op>
</fme:Lijst_leegstaande_bedrijfspanden>
<fme:Lijst_leegstaande_bedrijfspanden>
<fme:Dossier_ID>31005_0561</fme:Dossier_ID>
<fme:Administratieve_ligging>Sint-Pieterskaai  32 ,8000 BRUGGE</fme:Administratieve_ligging>
<fme:Adres>Sint-Pieterskaai 32</fme:Adres>
<fme:Nr>32</fme:Nr>
<fme:Postcode>8000</fme:Postcode>
<fme:Gemeente>Brugge</fme:Gemeente>
<fme:Aard_van_het_gebouw>Toonzaal, winkelruimte</fme:Aard_van_het_gebouw>
<fme:Behandeld>Ja</fme:Behandeld>
<fme:Aangemaakt_op>07/07/2016</fme:Aangemaakt_op>
</fme:Lijst_leegstaande_bedrijfspanden>
<fme:Lijst_leegstaande_bedrijfspanden>
<fme:Dossier_ID>31005_0562</fme:Dossier_ID>
<fme:Administratieve_ligging>Gemeneweidestraat 61 ,8000 BRUGGE</fme:Administratieve_ligging>
<fme:Adres>Gemeneweidestraat 61</fme:Adres>
<fme:Nr>61</fme:Nr>
<fme:Postcode>8000</fme:Postcode>
<fme:Gemeente>Brugge</fme:Gemeente>
<fme:Aard_van_het_gebouw>Hoevegebouwen</fme:Aard_van_het_gebouw>
<fme:Behandeld>Ja</fme:Behandeld>
<fme:Aangemaakt_op>07/07/2016</fme:Aangemaakt_op>
</fme:Lijst_leegstaande_bedrijfspanden>
<fme:Lijst_leegstaande_bedrijfspanden>
<fme:Dossier_ID>31005_0564</fme:Dossier_ID>
<fme:Administratieve_ligging>Marcus Gerardstraat 1 ,8380 BRUGGE</fme:Administratieve_ligging>
<fme:Adres>Marcus Gerardstraat 1</fme:Adres>
<fme:Nr>1</fme:Nr>
<fme:Postcode>8380</fme:Postcode>
<fme:Gemeente>Brugge</fme:Gemeente>
<fme:Aard_van_het_gebouw>Kantoorgebouw en loods</fme:Aard_van_het_gebouw>
<fme:Behandeld>Ja</fme:Behandeld>
<fme:Aangemaakt_op>07/07/2016</fme:Aangemaakt_op>
</fme:Lijst_leegstaande_bedrijfspanden>
<fme:Lijst_leegstaande_bedrijfspanden>
<fme:Dossier_ID>31005_0565</fme:Dossier_ID>
<fme:Administratieve_ligging>Marcus Gerardstraat  3 ,8380 BRUGGE</fme:Administratieve_ligging>
<fme:Adres>Marcus Gerardstraat 3</fme:Adres>
<fme:Nr>3</fme:Nr>
<fme:Postcode>8380</fme:Postcode>
<fme:Gemeente>Brugge</fme:Gemeente>
<fme:Aard_van_het_gebouw>Werkplaats</fme:Aard_van_het_gebouw>
<fme:Behandeld>Ja</fme:Behandeld>
<fme:Aangemaakt_op>07/07/2016</fme:Aangemaakt_op>
</fme:Lijst_leegstaande_bedrijfspanden>
<fme:Lijst_leegstaande_bedrijfspanden>
<fme:Dossier_ID>31005_0567</fme:Dossier_ID>
<fme:Administratieve_ligging>Diksmuidestraat 5 ,8000 BRUGGE</fme:Administratieve_ligging>
<fme:Adres>Diksmuidestraat 5</fme:Adres>
<fme:Nr>5</fme:Nr>
<fme:Postcode>8000</fme:Postcode>
<fme:Gemeente>Brugge</fme:Gemeente>
<fme:Aard_van_het_gebouw>Loods</fme:Aard_van_het_gebouw>
<fme:Behandeld>Ja</fme:Behandeld>
<fme:Aangemaakt_op>07/07/2016</fme:Aangemaakt_op>
</fme:Lijst_leegstaande_bedrijfspanden>
<fme:Lijst_leegstaande_bedrijfspanden>
<fme:Dossier_ID>31005_0568</fme:Dossier_ID>
<fme:Administratieve_ligging>Zandstraat 142 ,8200 Brugge</fme:Administratieve_ligging>
<fme:Adres>Zandstraat 142</fme:Adres>
<fme:Nr>142</fme:Nr>
<fme:Postcode>8200</fme:Postcode>
<fme:Gemeente>Brugge</fme:Gemeente>
<fme:Aard_van_het_gebouw>Groot warenhuis</fme:Aard_van_het_gebouw>
<fme:Behandeld>Ja</fme:Behandeld>
<fme:Aangemaakt_op>07/07/2016</fme:Aangemaakt_op>
</fme:Lijst_leegstaande_bedrijfspanden>
<fme:Lijst_leegstaande_bedrijfspanden>
<fme:Dossier_ID>31005_0569</fme:Dossier_ID>
<fme:Administratieve_ligging>Maalse Steenweg 54 ,8310 Brugge</fme:Administratieve_ligging>
<fme:Adres>Maalse Steenweg 54</fme:Adres>
<fme:Nr>54</fme:Nr>
<fme:Postcode>8310</fme:Postcode>
<fme:Gemeente>Brugge</fme:Gemeente>
<fme:Aard_van_het_gebouw>Garage Werkplaats</fme:Aard_van_het_gebouw>
<fme:Behandeld>Ja</fme:Behandeld>
<fme:Aangemaakt_op>07/07/2016</fme:Aangemaakt_op>
</fme:Lijst_leegstaande_bedrijfspanden>
<fme:Lijst_leegstaande_bedrijfspanden>
<fme:Dossier_ID>31005_0570</fme:Dossier_ID>
<fme:Administratieve_ligging>Vaartstraat 6 ,8000 Brugge</fme:Administratieve_ligging>
<fme:Adres>Vaartstraat 6</fme:Adres>
<fme:Nr>6</fme:Nr>
<fme:Postcode>8000</fme:Postcode>
<fme:Gemeente>Brugge</fme:Gemeente>
<fme:Aard_van_het_gebouw>Building</fme:Aard_van_het_gebouw>
<fme:Behandeld>Ja</fme:Behandeld>
<fme:Aangemaakt_op>07/07/2016</fme:Aangemaakt_op>
</fme:Lijst_leegstaande_bedrijfspanden>
<fme:Lijst_leegstaande_bedrijfspanden>
<fme:Dossier_ID>31005_0571</fme:Dossier_ID>
<fme:Administratieve_ligging>Dudzeelse Steenweg  23 ,8000 Brugge</fme:Administratieve_ligging>
<fme:Adres>Dudzeelse Steenweg 23</fme:Adres>
<fme:Nr>23</fme:Nr>
<fme:Postcode>8000</fme:Postcode>
<fme:Gemeente>Brugge</fme:Gemeente>
<fme:Aard_van_het_gebouw>Groot warenhuis</fme:Aard_van_het_gebouw>
<fme:Behandeld>Ja</fme:Behandeld>
<fme:Aangemaakt_op>07/07/2016</fme:Aangemaakt_op>
</fme:Lijst_leegstaande_bedrijfspanden>
<fme:Lijst_leegstaande_bedrijfspanden>
<fme:Dossier_ID>31005_0572</fme:Dossier_ID>
<fme:Administratieve_ligging>Fort Lapin 3 ,8000 Brugge</fme:Administratieve_ligging>
<fme:Adres>Fort Lapin 3</fme:Adres>
<fme:Nr>3</fme:Nr>
<fme:Postcode>8000</fme:Postcode>
<fme:Gemeente>Brugge</fme:Gemeente>
<fme:Aard_van_het_gebouw>Groot warenhuis</fme:Aard_van_het_gebouw>
<fme:Behandeld>Ja</fme:Behandeld>
<fme:Aangemaakt_op>07/07/2016</fme:Aangemaakt_op>
</fme:Lijst_leegstaande_bedrijfspanden>
<fme:Lijst_leegstaande_bedrijfspanden>
<fme:Dossier_ID>31005_0573</fme:Dossier_ID>
<fme:Administratieve_ligging>Marcus Gerardstraat  9 ,8380 Brugge</fme:Administratieve_ligging>
<fme:Adres>Marcus Gerardstraat 9</fme:Adres>
<fme:Nr>9</fme:Nr>
<fme:Postcode>8380</fme:Postcode>
<fme:Gemeente>Brugge</fme:Gemeente>
<fme:Aard_van_het_gebouw>Nijverheidsgebouw</fme:Aard_van_het_gebouw>
<fme:Behandeld>Ja</fme:Behandeld>
<fme:Aangemaakt_op>07/07/2016</fme:Aangemaakt_op>
</fme:Lijst_leegstaande_bedrijfspanden>
</fme:Lijst_leegstaande_bedrijfspanden-table>
</fme:xml-tables>