<?xml version="1.0" encoding="UTF-8"?>
<fme:xml-tables xmlns:xsi="http://www.w3.org/2001/XMLSchema-instance" xmlns:fme="http://www.safe.com/xml/xmltables" xsi:schemaLocation="http://www.safe.com/xml/xmltables Sportinfrastrctuur.xsd">
<fme:Sportinfrastrctuur-table>
<fme:Sportinfrastrctuur>
<fme:Sportinfrastructuur>Sportcomplex Gulden Kamer</fme:Sportinfrastructuur>
<fme:Straatnaam>Geralaan</fme:Straatnaam>
<fme:Postcode>8310</fme:Postcode>
<fme:Deelgemeente>Sint-Kruis</fme:Deelgemeente>
<fme:Omschrijving>Sporthal Albert Plovier, skatepark, speelplein, speelbos en buitenterreinen</fme:Omschrijving>
<fme:Aangemaakt_op>04/10/2016</fme:Aangemaakt_op>
</fme:Sportinfrastrctuur>
<fme:Sportinfrastrctuur>
<fme:Sportinfrastructuur>Wielerpiste Patrick Sercu</fme:Sportinfrastructuur>
<fme:Straatnaam>Nijverheidsstraat</fme:Straatnaam>
<fme:Huisnr>112</fme:Huisnr>
<fme:Postcode>8310</fme:Postcode>
<fme:Deelgemeente>Assebroek</fme:Deelgemeente>
<fme:Omschrijving>Wielerpiste van 333,33 meter in open lucht, op het binnenplein een skeelerpiste van 250 meter, 2 basket-  en 2 volleterreinen</fme:Omschrijving>
<fme:Aangemaakt_op>04/10/2016</fme:Aangemaakt_op>
</fme:Sportinfrastrctuur>
<fme:Sportinfrastrctuur>
<fme:Sportinfrastructuur>Sportcomplex Daverlo</fme:Sportinfrastructuur>
<fme:Straatnaam>Dries</fme:Straatnaam>
<fme:Huisnr>2</fme:Huisnr>
<fme:Postcode>8310</fme:Postcode>
<fme:Deelgemeente>Assebroek</fme:Deelgemeente>
<fme:Omschrijving>Omvat een gloednieuwe sporthal, cultuurzaal, repetitieruimtes, speelplein, skatepark, basketbalveld en buitenterreinen</fme:Omschrijving>
<fme:Aangemaakt_op>04/10/2016</fme:Aangemaakt_op>
</fme:Sportinfrastrctuur>
<fme:Sportinfrastrctuur>
<fme:Sportinfrastructuur>Sporthal De Landdijk</fme:Sportinfrastructuur>
<fme:Straatnaam>Evendijk-Oost</fme:Straatnaam>
<fme:Huisnr>246</fme:Huisnr>
<fme:Postcode>8380</fme:Postcode>
<fme:Deelgemeente>Zeebrugge</fme:Deelgemeente>
<fme:Omschrijving>Beschikt over een sporthal, speelplein, dierenpark en kinderdagverblijf</fme:Omschrijving>
<fme:Aangemaakt_op>04/10/2016</fme:Aangemaakt_op>
</fme:Sportinfrastrctuur>
<fme:Sportinfrastrctuur>
<fme:Sportinfrastructuur>Sportcomplex Jan Breydelstadion</fme:Sportinfrastructuur>
<fme:Straatnaam>Koning Leopold III-laan</fme:Straatnaam>
<fme:Huisnr>50</fme:Huisnr>
<fme:Postcode>8200</fme:Postcode>
<fme:Deelgemeente>Sint-Andries</fme:Deelgemeente>
<fme:Omschrijving>Thuisbasis van Club Brugge en Cercle Brugge. Omvat ook een sport-en judozaal, skeelerpiste buitenterreinen en het zwembad S&amp;R Olympia</fme:Omschrijving>
<fme:Aangemaakt_op>04/10/2016</fme:Aangemaakt_op>
</fme:Sportinfrastrctuur>
<fme:Sportinfrastrctuur>
<fme:Sportinfrastructuur>Sporthal VTI</fme:Sportinfrastructuur>
<fme:Straatnaam>Zandstraat</fme:Straatnaam>
<fme:Huisnr>138</fme:Huisnr>
<fme:Postcode>8200</fme:Postcode>
<fme:Deelgemeente>Sint-Andries</fme:Deelgemeente>
<fme:Omschrijving>Beschikt over een sporthal en een buitenterrein. De Stad staat in voor het naschools verhuur van deze schoolsportinfrastructuur</fme:Omschrijving>
<fme:Aangemaakt_op>04/10/2016</fme:Aangemaakt_op>
</fme:Sportinfrastrctuur>
<fme:Sportinfrastrctuur>
<fme:Sportinfrastructuur>Sporthal Sint-Lodewijkscollege</fme:Sportinfrastructuur>
<fme:Straatnaam>Magdalenstraat</fme:Straatnaam>
<fme:Huisnr>30</fme:Huisnr>
<fme:Postcode>8200</fme:Postcode>
<fme:Deelgemeente>Sint-Andries</fme:Deelgemeente>
<fme:Omschrijving>Beschikt over verschillende schoolsportzalen en een buitenterrein. De Stad staat in voor het naschools verhuur van deze schoolsportinfrastr.</fme:Omschrijving>
<fme:Aangemaakt_op>04/10/2016</fme:Aangemaakt_op>
</fme:Sportinfrastrctuur>
<fme:Sportinfrastrctuur>
<fme:Sportinfrastructuur>Sportpark de Watertoren</fme:Sportinfrastructuur>
<fme:Straatnaam>Koning Leopold III-laan</fme:Straatnaam>
<fme:Huisnr>109</fme:Huisnr>
<fme:Postcode>8200</fme:Postcode>
<fme:Deelgemeente>Sint-Andries</fme:Deelgemeente>
<fme:Omschrijving>Omvat verschillende buitenterreinen</fme:Omschrijving>
<fme:Aangemaakt_op>04/10/2016</fme:Aangemaakt_op>
</fme:Sportinfrastrctuur>
<fme:Sportinfrastrctuur>
<fme:Sportinfrastructuur>Sport Vlaanderen-centrum Julien Saelens</fme:Sportinfrastructuur>
<fme:Straatnaam>Nijverheidsstraat</fme:Straatnaam>
<fme:Huisnr>112</fme:Huisnr>
<fme:Postcode>8310</fme:Postcode>
<fme:Deelgemeente>Assebroek</fme:Deelgemeente>
<fme:Omschrijving>Biedt een brede waaier aan sportfaciliteiten, zowel indoor als outdoor</fme:Omschrijving>
<fme:Aangemaakt_op>04/10/2016</fme:Aangemaakt_op>
</fme:Sportinfrastrctuur>
<fme:Sportinfrastrctuur>
<fme:Sportinfrastructuur>Sportcomplex Koude Keuken</fme:Sportinfrastructuur>
<fme:Straatnaam>Zandstraat</fme:Straatnaam>
<fme:Huisnr>284</fme:Huisnr>
<fme:Postcode>8200</fme:Postcode>
<fme:Deelgemeente>Sint-Andries</fme:Deelgemeente>
<fme:Omschrijving>Omvat een sporthal, parkdomein en verschillende buitenterreinen</fme:Omschrijving>
<fme:Aangemaakt_op>04/10/2016</fme:Aangemaakt_op>
</fme:Sportinfrastrctuur>
<fme:Sportinfrastrctuur>
<fme:Sportinfrastructuur>Sportcomplex Tempelhof</fme:Sportinfrastructuur>
<fme:Straatnaam>Tempelhof</fme:Straatnaam>
<fme:Huisnr>57</fme:Huisnr>
<fme:Postcode>8000</fme:Postcode>
<fme:Deelgemeente>Sint-Pieters</fme:Deelgemeente>
<fme:Omschrijving>Omvat een sporthal, gloednieuwe judozaal en een aantal buitenterreinen. Vaak het toneel voor spektakelrijke boks- en worstelkampen</fme:Omschrijving>
<fme:Aangemaakt_op>04/10/2016</fme:Aangemaakt_op>
</fme:Sportinfrastrctuur>
<fme:Sportinfrastrctuur>
<fme:Sportinfrastructuur>Sportzaal Koolkerke De Arend</fme:Sportinfrastructuur>
<fme:Straatnaam>Arendstraat</fme:Straatnaam>
<fme:Huisnr>16</fme:Huisnr>
<fme:Postcode>8000</fme:Postcode>
<fme:Deelgemeente>Koolkerke</fme:Deelgemeente>
<fme:Omschrijving>Mini-basketbal, gymnastiek, dansen, badminton, yoga, gevechtssporten</fme:Omschrijving>
<fme:Aangemaakt_op>04/10/2016</fme:Aangemaakt_op>
</fme:Sportinfrastrctuur>
<fme:Sportinfrastrctuur>
<fme:Sportinfrastructuur>Sporthal De Polder</fme:Sportinfrastructuur>
<fme:Straatnaam>Stokerij</fme:Straatnaam>
<fme:Huisnr>10</fme:Huisnr>
<fme:Postcode>8380</fme:Postcode>
<fme:Deelgemeente>Dudzele</fme:Deelgemeente>
<fme:Omschrijving>Beschikt over een sporthal, skatepark, speelplein en een aantal buitenterreinen. Men kan ook gebruik maken van de bar, keuken en vergaderzal</fme:Omschrijving>
<fme:Aangemaakt_op>04/10/2016</fme:Aangemaakt_op>
</fme:Sportinfrastrctuur>
<fme:Sportinfrastrctuur>
<fme:Sportinfrastructuur>Sporthal KTA</fme:Sportinfrastructuur>
<fme:Straatnaam>Rijselstraat</fme:Straatnaam>
<fme:Huisnr>7</fme:Huisnr>
<fme:Postcode>8200</fme:Postcode>
<fme:Deelgemeente>Sint-Michiels</fme:Deelgemeente>
<fme:Omschrijving>Beschikt over een sporthal en een buitenterrein. De Stad staat in voor het naschools verhuur van deze schoolsportinfrastructuur</fme:Omschrijving>
<fme:Aangemaakt_op>04/10/2016</fme:Aangemaakt_op>
</fme:Sportinfrastrctuur>
<fme:Sportinfrastrctuur>
<fme:Sportinfrastructuur>Sportpark Rust Roest</fme:Sportinfrastructuur>
<fme:Straatnaam>Zuidervaartje</fme:Straatnaam>
<fme:Huisnr>3</fme:Huisnr>
<fme:Postcode>8310</fme:Postcode>
<fme:Deelgemeente>Sint-Kruis</fme:Deelgemeente>
<fme:Omschrijving>Omvat twee buitenterreinen</fme:Omschrijving>
<fme:Aangemaakt_op>04/10/2016</fme:Aangemaakt_op>
</fme:Sportinfrastrctuur>
</fme:Sportinfrastrctuur-table>
</fme:xml-tables>