<?xml version="1.0" encoding="UTF-8"?>
<fme:xml-tables xmlns:xsi="http://www.w3.org/2001/XMLSchema-instance" xmlns:fme="http://www.safe.com/xml/xmltables" xsi:schemaLocation="http://www.safe.com/xml/xmltables hotelaanwijsbordenOK.xsd">
<fme:hotelaanwijsbordenOK-table>
<fme:hotelaanwijsbordenOK>
<fme:Id>0</fme:Id>
<fme:Paalnr>0</fme:Paalnr>
<fme:Huisnummer>0</fme:Huisnummer>
<fme:Aantalpijl>0</fme:Aantalpijl>
<fme:Aantster1>0</fme:Aantster1>
<fme:_2zijden1>Nee</fme:_2zijden1>
<fme:Aantster2>0</fme:Aantster2>
<fme:_2zijden2>Nee</fme:_2zijden2>
<fme:Aantster3>0</fme:Aantster3>
<fme:_2zijden3>Nee</fme:_2zijden3>
<fme:Aanster4>0</fme:Aanster4>
<fme:_2zijden4>Nee</fme:_2zijden4>
<fme:Aantster5>0</fme:Aantster5>
<fme:_2zijden5>Nee</fme:_2zijden5>
<fme:Aantster6>0</fme:Aantster6>
<fme:_2zijden6>Nee</fme:_2zijden6>
<fme:Aantster7>0</fme:Aantster7>
<fme:_2zijden7>0</fme:_2zijden7>
<fme:Aantster8>0</fme:Aantster8>
<fme:_2zijden8>0</fme:_2zijden8>
<fme:Aanster9>0</fme:Aanster9>
<fme:_2zijden9>0</fme:_2zijden9>
<fme:Aantster10>0</fme:Aantster10>
<fme:_2zijden10>0</fme:_2zijden10>
<fme:Aantster11>0</fme:Aantster11>
<fme:_2zijden11>0</fme:_2zijden11>
<fme:Aangemaakt_op>15/09/2016</fme:Aangemaakt_op>
</fme:hotelaanwijsbordenOK>
<fme:hotelaanwijsbordenOK>
<fme:Id>1</fme:Id>
<fme:Paalnr>1</fme:Paalnr>
<fme:Straatnaam>Hoefijzerlaan</fme:Straatnaam>
<fme:Huisnummer>67</fme:Huisnummer>
<fme:Locatie>hoek Guido-Gezellelaan Hoefijzerstraat</fme:Locatie>
<fme:Inplanting>Voetpad</fme:Inplanting>
<fme:Aantalpijl>1</fme:Aantalpijl>
<fme:Hotelnaam1>Interhotel</fme:Hotelnaam1>
<fme:Aantster1>0</fme:Aantster1>
<fme:_2zijden1>Nee</fme:_2zijden1>
<fme:Staatpijl1>Goed</fme:Staatpijl1>
<fme:Richting1>Front/Links</fme:Richting1>
<fme:Aantster2>0</fme:Aantster2>
<fme:_2zijden2>Nee</fme:_2zijden2>
<fme:Aantster3>0</fme:Aantster3>
<fme:_2zijden3>Nee</fme:_2zijden3>
<fme:Aanster4>0</fme:Aanster4>
<fme:_2zijden4>Nee</fme:_2zijden4>
<fme:Aantster5>0</fme:Aantster5>
<fme:_2zijden5>Nee</fme:_2zijden5>
<fme:Aantster6>0</fme:Aantster6>
<fme:_2zijden6>Nee</fme:_2zijden6>
<fme:Foto>foto/DSC07253.JPG</fme:Foto>
<fme:Aantster7>0</fme:Aantster7>
<fme:_2zijden7>0</fme:_2zijden7>
<fme:Aantster8>0</fme:Aantster8>
<fme:_2zijden8>0</fme:_2zijden8>
<fme:Aanster9>0</fme:Aanster9>
<fme:_2zijden9>0</fme:_2zijden9>
<fme:Aantster10>0</fme:Aantster10>
<fme:_2zijden10>0</fme:_2zijden10>
<fme:Aantster11>0</fme:Aantster11>
<fme:_2zijden11>0</fme:_2zijden11>
<fme:Aangemaakt_op>15/09/2016</fme:Aangemaakt_op>
</fme:hotelaanwijsbordenOK>
<fme:hotelaanwijsbordenOK>
<fme:Id>2</fme:Id>
<fme:Paalnr>2</fme:Paalnr>
<fme:Straatnaam>Hendrik Consciencelaan</fme:Straatnaam>
<fme:Huisnummer>0</fme:Huisnummer>
<fme:Locatie>Hoek Hendrik Consciencelaan-Smedenstraat</fme:Locatie>
<fme:Inplanting>Beplanting naast fietspad</fme:Inplanting>
<fme:Aantalpijl>3</fme:Aantalpijl>
<fme:Hotelnaam1>Boudewijn 1</fme:Hotelnaam1>
<fme:Aantster1>3</fme:Aantster1>
<fme:_2zijden1>Nee</fme:_2zijden1>
<fme:Staatpijl1>Goed</fme:Staatpijl1>
<fme:Richting1>Front</fme:Richting1>
<fme:Hotelnaam2>Park Hotel</fme:Hotelnaam2>
<fme:Aantster2>4</fme:Aantster2>
<fme:_2zijden2>Nee</fme:_2zijden2>
<fme:Staatpijl2>Goed</fme:Staatpijl2>
<fme:Richting2>Front</fme:Richting2>
<fme:Hotelnaam3>Portinari</fme:Hotelnaam3>
<fme:Aantster3>4</fme:Aantster3>
<fme:_2zijden3>Ja</fme:_2zijden3>
<fme:Staatpijl3>Goed</fme:Staatpijl3>
<fme:Aanster4>0</fme:Aanster4>
<fme:_2zijden4>Nee</fme:_2zijden4>
<fme:Aantster5>0</fme:Aantster5>
<fme:_2zijden5>Nee</fme:_2zijden5>
<fme:Aantster6>0</fme:Aantster6>
<fme:_2zijden6>Nee</fme:_2zijden6>
<fme:Richting3>Front</fme:Richting3>
<fme:Foto>foto/DSC07254.JPG</fme:Foto>
<fme:Aantster7>0</fme:Aantster7>
<fme:_2zijden7>0</fme:_2zijden7>
<fme:Aantster8>0</fme:Aantster8>
<fme:_2zijden8>0</fme:_2zijden8>
<fme:Aanster9>0</fme:Aanster9>
<fme:_2zijden9>0</fme:_2zijden9>
<fme:Aantster10>0</fme:Aantster10>
<fme:_2zijden10>0</fme:_2zijden10>
<fme:Aantster11>0</fme:Aantster11>
<fme:_2zijden11>0</fme:_2zijden11>
<fme:Aangemaakt_op>15/09/2016</fme:Aangemaakt_op>
</fme:hotelaanwijsbordenOK>
<fme:hotelaanwijsbordenOK>
<fme:Id>6</fme:Id>
<fme:Paalnr>6</fme:Paalnr>
<fme:Straatnaam>'t Zand</fme:Straatnaam>
<fme:Huisnummer>0</fme:Huisnummer>
<fme:Locatie>Hoek 't Zand-Zuidzandstraat</fme:Locatie>
<fme:Inplanting>Voetpad</fme:Inplanting>
<fme:Aantalpijl>8</fme:Aantalpijl>
<fme:Hotelnaam1>Groenighe</fme:Hotelnaam1>
<fme:Aantster1>0</fme:Aantster1>
<fme:_2zijden1>Nee</fme:_2zijden1>
<fme:Staatpijl1>Goed</fme:Staatpijl1>
<fme:Richting1>Back/Rechts</fme:Richting1>
<fme:Hotelnaam2>Lybeer</fme:Hotelnaam2>
<fme:Aantster2>0</fme:Aantster2>
<fme:_2zijden2>Nee</fme:_2zijden2>
<fme:Staatpijl2>Geplooid</fme:Staatpijl2>
<fme:Richting2>Back/Rechts</fme:Richting2>
<fme:Hotelnaam3>Portinari</fme:Hotelnaam3>
<fme:Aantster3>4</fme:Aantster3>
<fme:_2zijden3>Nee</fme:_2zijden3>
<fme:Staatpijl3>Goed</fme:Staatpijl3>
<fme:Hotelnaam4>Parkhotel</fme:Hotelnaam4>
<fme:Aanster4>4</fme:Aanster4>
<fme:_2zijden4>Nee</fme:_2zijden4>
<fme:Staatpijl4>Goed</fme:Staatpijl4>
<fme:Hotelnaam5>Sablon</fme:Hotelnaam5>
<fme:Aantster5>3</fme:Aantster5>
<fme:_2zijden5>Nee</fme:_2zijden5>
<fme:Staatpijl5>'a' is weg</fme:Staatpijl5>
<fme:Hotelnaam6>'t putje</fme:Hotelnaam6>
<fme:Aantster6>1</fme:Aantster6>
<fme:_2zijden6>Nee</fme:_2zijden6>
<fme:Staatpijl6>Goed</fme:Staatpijl6>
<fme:Richting3>Front/Links</fme:Richting3>
<fme:Richting4>Front/Links</fme:Richting4>
<fme:Richting5>Front/Links</fme:Richting5>
<fme:Richting6>Back/Rechts</fme:Richting6>
<fme:Foto>foto/DSC07257.JPG</fme:Foto>
<fme:Hotelnaam7>Salvators</fme:Hotelnaam7>
<fme:Aantster7>2</fme:Aantster7>
<fme:_2zijden7>0</fme:_2zijden7>
<fme:Staatpijl7>Goed</fme:Staatpijl7>
<fme:Richting7>Front/Rechts</fme:Richting7>
<fme:Hotelnaam8>Castillion</fme:Hotelnaam8>
<fme:Aantster8>4</fme:Aantster8>
<fme:_2zijden8>0</fme:_2zijden8>
<fme:Staatpijl8>Letters half weg</fme:Staatpijl8>
<fme:Richting8>Back/Rechts</fme:Richting8>
<fme:Aanster9>0</fme:Aanster9>
<fme:_2zijden9>0</fme:_2zijden9>
<fme:Aantster10>0</fme:Aantster10>
<fme:_2zijden10>0</fme:_2zijden10>
<fme:Aantster11>0</fme:Aantster11>
<fme:_2zijden11>0</fme:_2zijden11>
<fme:Aangemaakt_op>15/09/2016</fme:Aangemaakt_op>
</fme:hotelaanwijsbordenOK>
<fme:hotelaanwijsbordenOK>
<fme:Id>12</fme:Id>
<fme:Paalnr>12</fme:Paalnr>
<fme:Straatnaam>Zuidzandstraat</fme:Straatnaam>
<fme:Huisnummer>0</fme:Huisnummer>
<fme:Locatie>Zuidzandstraat/Zilverstraat</fme:Locatie>
<fme:Inplanting>Voetpad</fme:Inplanting>
<fme:Aantalpijl>11</fme:Aantalpijl>
<fme:Hotelnaam1>LybeerL</fme:Hotelnaam1>
<fme:Aantster1>0</fme:Aantster1>
<fme:_2zijden1>Nee</fme:_2zijden1>
<fme:Staatpijl1>Scheef</fme:Staatpijl1>
<fme:Richting1>Back/Rechts</fme:Richting1>
<fme:Hotelnaam2>Castillion</fme:Hotelnaam2>
<fme:Aantster2>4</fme:Aantster2>
<fme:_2zijden2>Nee</fme:_2zijden2>
<fme:Staatpijl2>Goed</fme:Staatpijl2>
<fme:Richting2>Back/Rechts</fme:Richting2>
<fme:Hotelnaam3>Salvators</fme:Hotelnaam3>
<fme:Aantster3>2</fme:Aantster3>
<fme:_2zijden3>Nee</fme:_2zijden3>
<fme:Staatpijl3>Goed</fme:Staatpijl3>
<fme:Hotelnaam4>Bonobo</fme:Hotelnaam4>
<fme:Aanster4>2</fme:Aanster4>
<fme:_2zijden4>Ja</fme:_2zijden4>
<fme:Staatpijl4>Goed</fme:Staatpijl4>
<fme:Hotelnaam5>Hotel Bla Bla</fme:Hotelnaam5>
<fme:Aantster5>2</fme:Aantster5>
<fme:_2zijden5>Ja</fme:_2zijden5>
<fme:Staatpijl5>GoedL</fme:Staatpijl5>
<fme:Hotelnaam6>Hotel Dukes' palace</fme:Hotelnaam6>
<fme:Aantster6>4</fme:Aantster6>
<fme:_2zijden6>Ja</fme:_2zijden6>
<fme:Staatpijl6>Goed</fme:Staatpijl6>
<fme:Richting3>Back/Rechts</fme:Richting3>
<fme:Richting4>Rechts</fme:Richting4>
<fme:Richting5>Back/Links</fme:Richting5>
<fme:Richting6>Links</fme:Richting6>
<fme:Foto>foto/DSC07261.JPG</fme:Foto>
<fme:Hotelnaam7>Acacia</fme:Hotelnaam7>
<fme:Aantster7>4</fme:Aantster7>
<fme:_2zijden7>0</fme:_2zijden7>
<fme:Staatpijl7>Goed</fme:Staatpijl7>
<fme:Richting7>Links</fme:Richting7>
<fme:Hotelnaam8>Van Eyck</fme:Hotelnaam8>
<fme:Aantster8>2</fme:Aantster8>
<fme:_2zijden8>0</fme:_2zijden8>
<fme:Staatpijl8>Goed</fme:Staatpijl8>
<fme:Richting8>Links</fme:Richting8>
<fme:Hotelnaam9>Du Sablon</fme:Hotelnaam9>
<fme:Aanster9>3</fme:Aanster9>
<fme:_2zijden9>0</fme:_2zijden9>
<fme:Richting>Front/Links</fme:Richting>
<fme:Staatpijl9>Goed</fme:Staatpijl9>
<fme:Hotelnm10>Prinsenhof</fme:Hotelnm10>
<fme:Aantster10>4</fme:Aantster10>
<fme:_2zijden10>0</fme:_2zijden10>
<fme:Richting10>Links</fme:Richting10>
<fme:Hotelnm11>Azalea</fme:Hotelnm11>
<fme:Aantster11>4</fme:Aantster11>
<fme:_2zijden11>0</fme:_2zijden11>
<fme:Staat11>Groen</fme:Staat11>
<fme:Richting11>Rechts</fme:Richting11>
<fme:Staat10>Geplooid + groen</fme:Staat10>
<fme:Aangemaakt_op>15/09/2016</fme:Aangemaakt_op>
</fme:hotelaanwijsbordenOK>
<fme:hotelaanwijsbordenOK>
<fme:Id>13</fme:Id>
<fme:Paalnr>13</fme:Paalnr>
<fme:Straatnaam>Sint-Salvatorskerkhof</fme:Straatnaam>
<fme:Huisnummer>15</fme:Huisnummer>
<fme:Locatie>St-SalvatorKerkhof- Kleine Vuldersstraat</fme:Locatie>
<fme:Inplanting>Naast parkeerplaats</fme:Inplanting>
<fme:Aantalpijl>3</fme:Aantalpijl>
<fme:Hotelnaam1>Groeninghe</fme:Hotelnaam1>
<fme:Aantster1>0</fme:Aantster1>
<fme:_2zijden1>Nee</fme:_2zijden1>
<fme:Staatpijl1>Goed</fme:Staatpijl1>
<fme:Richting1>Back</fme:Richting1>
<fme:Hotelnaam2>Lybeer</fme:Hotelnaam2>
<fme:Aantster2>0</fme:Aantster2>
<fme:_2zijden2>Nee</fme:_2zijden2>
<fme:Staatpijl2>Goed</fme:Staatpijl2>
<fme:Richting2>Back</fme:Richting2>
<fme:Hotelnaam3>? (ruilluik hangt er voor)</fme:Hotelnaam3>
<fme:Aantster3>2</fme:Aantster3>
<fme:_2zijden3>Nee</fme:_2zijden3>
<fme:Staatpijl3>?</fme:Staatpijl3>
<fme:Aanster4>0</fme:Aanster4>
<fme:_2zijden4>Nee</fme:_2zijden4>
<fme:Aantster5>0</fme:Aantster5>
<fme:_2zijden5>Nee</fme:_2zijden5>
<fme:Aantster6>0</fme:Aantster6>
<fme:_2zijden6>Nee</fme:_2zijden6>
<fme:Richting3>Front</fme:Richting3>
<fme:Foto>foto/DSC07266.JPG</fme:Foto>
<fme:Aantster7>0</fme:Aantster7>
<fme:_2zijden7>0</fme:_2zijden7>
<fme:Aantster8>0</fme:Aantster8>
<fme:_2zijden8>0</fme:_2zijden8>
<fme:Aanster9>0</fme:Aanster9>
<fme:_2zijden9>0</fme:_2zijden9>
<fme:Aantster10>0</fme:Aantster10>
<fme:_2zijden10>0</fme:_2zijden10>
<fme:Aantster11>0</fme:Aantster11>
<fme:_2zijden11>0</fme:_2zijden11>
<fme:Aangemaakt_op>15/09/2016</fme:Aangemaakt_op>
</fme:hotelaanwijsbordenOK>
<fme:hotelaanwijsbordenOK>
<fme:Id>14</fme:Id>
<fme:Paalnr>14</fme:Paalnr>
<fme:Straatnaam>Mariastraat</fme:Straatnaam>
<fme:Huisnummer>0</fme:Huisnummer>
<fme:Locatie>MariaStraat-Guido Gezelleplein (over St-Salvator</fme:Locatie>
<fme:Inplanting>Voetpad</fme:Inplanting>
<fme:Aantalpijl>7</fme:Aantalpijl>
<fme:Hotelnaam1>Koffieboontje</fme:Hotelnaam1>
<fme:Aantster1>2</fme:Aantster1>
<fme:_2zijden1>Ja</fme:_2zijden1>
<fme:Staatpijl1>Letters half weg</fme:Staatpijl1>
<fme:Richting1>Front/Links</fme:Richting1>
<fme:Hotelnaam2>Relais Bourg. Cruyce</fme:Hotelnaam2>
<fme:Aantster2>4</fme:Aantster2>
<fme:_2zijden2>Ja</fme:_2zijden2>
<fme:Staatpijl2>'o' uit bourg weg</fme:Staatpijl2>
<fme:Richting2>Front/Links</fme:Richting2>
<fme:Hotelnaam3>Martin's Brugge</fme:Hotelnaam3>
<fme:Aantster3>3</fme:Aantster3>
<fme:_2zijden3>Ja</fme:_2zijden3>
<fme:Staatpijl3>Letters weg</fme:Staatpijl3>
<fme:Hotelnaam4>Bourgoensch Hof</fme:Hotelnaam4>
<fme:Aanster4>3</fme:Aanster4>
<fme:_2zijden4>Ja</fme:_2zijden4>
<fme:Staatpijl4>Goed</fme:Staatpijl4>
<fme:Hotelnaam5>De orangerie</fme:Hotelnaam5>
<fme:Aantster5>4</fme:Aantster5>
<fme:_2zijden5>Ja</fme:_2zijden5>
<fme:Staatpijl5>Goed</fme:Staatpijl5>
<fme:Hotelnaam6>Romantik Pandhotel</fme:Hotelnaam6>
<fme:Aantster6>4</fme:Aantster6>
<fme:_2zijden6>Nee</fme:_2zijden6>
<fme:Staatpijl6>Goed</fme:Staatpijl6>
<fme:Richting3>Front/Links</fme:Richting3>
<fme:Richting4>Front/Links</fme:Richting4>
<fme:Richting5>Front/Links</fme:Richting5>
<fme:Richting6>Back/Rechts</fme:Richting6>
<fme:Foto>foto/DSC07307.JPG</fme:Foto>
<fme:Hotelnaam7>De Tuilerieën</fme:Hotelnaam7>
<fme:Aantster7>4</fme:Aantster7>
<fme:_2zijden7>0</fme:_2zijden7>
<fme:Staatpijl7>'T' is weg</fme:Staatpijl7>
<fme:Richting7>Rechts/Back</fme:Richting7>
<fme:Aantster8>0</fme:Aantster8>
<fme:_2zijden8>0</fme:_2zijden8>
<fme:Aanster9>0</fme:Aanster9>
<fme:_2zijden9>0</fme:_2zijden9>
<fme:Aantster10>0</fme:Aantster10>
<fme:_2zijden10>0</fme:_2zijden10>
<fme:Aantster11>0</fme:Aantster11>
<fme:_2zijden11>0</fme:_2zijden11>
<fme:Aangemaakt_op>15/09/2016</fme:Aangemaakt_op>
</fme:hotelaanwijsbordenOK>
<fme:hotelaanwijsbordenOK>
<fme:Id>16</fme:Id>
<fme:Paalnr>16</fme:Paalnr>
<fme:Straatnaam>Walstraat</fme:Straatnaam>
<fme:Huisnummer>0</fme:Huisnummer>
<fme:Locatie>Walstraat - Wijnaardplein</fme:Locatie>
<fme:Inplanting>Voetpad (op plein)</fme:Inplanting>
<fme:Aantalpijl>1</fme:Aantalpijl>
<fme:Hotelnaam1>Academie</fme:Hotelnaam1>
<fme:Aantster1>4</fme:Aantster1>
<fme:_2zijden1>Ja</fme:_2zijden1>
<fme:Staatpijl1>Mos + krom (verkeersbord hangt er voor)</fme:Staatpijl1>
<fme:Richting1>Links</fme:Richting1>
<fme:Aantster2>0</fme:Aantster2>
<fme:_2zijden2>Nee</fme:_2zijden2>
<fme:Aantster3>0</fme:Aantster3>
<fme:_2zijden3>Nee</fme:_2zijden3>
<fme:Aanster4>0</fme:Aanster4>
<fme:_2zijden4>Nee</fme:_2zijden4>
<fme:Aantster5>0</fme:Aantster5>
<fme:_2zijden5>Nee</fme:_2zijden5>
<fme:Aantster6>0</fme:Aantster6>
<fme:_2zijden6>Nee</fme:_2zijden6>
<fme:Foto>foto/DSC07304.JPG</fme:Foto>
<fme:Aantster7>0</fme:Aantster7>
<fme:_2zijden7>0</fme:_2zijden7>
<fme:Aantster8>0</fme:Aantster8>
<fme:_2zijden8>0</fme:_2zijden8>
<fme:Aanster9>0</fme:Aanster9>
<fme:_2zijden9>0</fme:_2zijden9>
<fme:Aantster10>0</fme:Aantster10>
<fme:_2zijden10>0</fme:_2zijden10>
<fme:Aantster11>0</fme:Aantster11>
<fme:_2zijden11>0</fme:_2zijden11>
<fme:Aangemaakt_op>15/09/2016</fme:Aangemaakt_op>
</fme:hotelaanwijsbordenOK>
<fme:hotelaanwijsbordenOK>
<fme:Id>19</fme:Id>
<fme:Paalnr>19</fme:Paalnr>
<fme:Straatnaam>Katelijnestraat</fme:Straatnaam>
<fme:Huisnummer>0</fme:Huisnummer>
<fme:Locatie>Katelijnestraat/Arsenaalstraat</fme:Locatie>
<fme:Inplanting>voetpad</fme:Inplanting>
<fme:Aantalpijl>1</fme:Aantalpijl>
<fme:Hotelnaam1>Egmand</fme:Hotelnaam1>
<fme:Aantster1>3</fme:Aantster1>
<fme:_2zijden1>Ja</fme:_2zijden1>
<fme:Staatpijl1>Goed, sticker op de tekst</fme:Staatpijl1>
<fme:Richting1>Links</fme:Richting1>
<fme:Aantster2>0</fme:Aantster2>
<fme:_2zijden2>Nee</fme:_2zijden2>
<fme:Aantster3>0</fme:Aantster3>
<fme:_2zijden3>Nee</fme:_2zijden3>
<fme:Aanster4>0</fme:Aanster4>
<fme:_2zijden4>Nee</fme:_2zijden4>
<fme:Aantster5>0</fme:Aantster5>
<fme:_2zijden5>Nee</fme:_2zijden5>
<fme:Aantster6>0</fme:Aantster6>
<fme:_2zijden6>Nee</fme:_2zijden6>
<fme:Foto>foto/DSC07297.JPG</fme:Foto>
<fme:Aantster7>0</fme:Aantster7>
<fme:_2zijden7>0</fme:_2zijden7>
<fme:Aantster8>0</fme:Aantster8>
<fme:_2zijden8>0</fme:_2zijden8>
<fme:Aanster9>0</fme:Aanster9>
<fme:_2zijden9>0</fme:_2zijden9>
<fme:Aantster10>0</fme:Aantster10>
<fme:_2zijden10>0</fme:_2zijden10>
<fme:Aantster11>0</fme:Aantster11>
<fme:_2zijden11>0</fme:_2zijden11>
<fme:Aangemaakt_op>15/09/2016</fme:Aangemaakt_op>
</fme:hotelaanwijsbordenOK>
<fme:hotelaanwijsbordenOK>
<fme:Id>20</fme:Id>
<fme:Paalnr>20</fme:Paalnr>
<fme:Straatnaam>Visspaanstraat</fme:Straatnaam>
<fme:Huisnummer>0</fme:Huisnummer>
<fme:Locatie>Hoek met Katelijnestraat</fme:Locatie>
<fme:Inplanting>Voetpad</fme:Inplanting>
<fme:Aantalpijl>2</fme:Aantalpijl>
<fme:Hotelnaam1>Montanus</fme:Hotelnaam1>
<fme:Aantster1>2</fme:Aantster1>
<fme:_2zijden1>Nee</fme:_2zijden1>
<fme:Staatpijl1>Goed</fme:Staatpijl1>
<fme:Richting1>Rechts</fme:Richting1>
<fme:Hotelnaam2>Manoir Red</fme:Hotelnaam2>
<fme:Aantster2>4</fme:Aantster2>
<fme:_2zijden2>Nee</fme:_2zijden2>
<fme:Staatpijl2>Goed</fme:Staatpijl2>
<fme:Richting2>Rechts</fme:Richting2>
<fme:Aantster3>0</fme:Aantster3>
<fme:_2zijden3>Nee</fme:_2zijden3>
<fme:Aanster4>0</fme:Aanster4>
<fme:_2zijden4>Nee</fme:_2zijden4>
<fme:Aantster5>0</fme:Aantster5>
<fme:_2zijden5>Nee</fme:_2zijden5>
<fme:Aantster6>0</fme:Aantster6>
<fme:_2zijden6>Nee</fme:_2zijden6>
<fme:Foto>foto/DSC07298.JPG</fme:Foto>
<fme:Aantster7>0</fme:Aantster7>
<fme:_2zijden7>0</fme:_2zijden7>
<fme:Aantster8>0</fme:Aantster8>
<fme:_2zijden8>0</fme:_2zijden8>
<fme:Aanster9>0</fme:Aanster9>
<fme:_2zijden9>0</fme:_2zijden9>
<fme:Aantster10>0</fme:Aantster10>
<fme:_2zijden10>0</fme:_2zijden10>
<fme:Aantster11>0</fme:Aantster11>
<fme:_2zijden11>0</fme:_2zijden11>
<fme:Aangemaakt_op>15/09/2016</fme:Aangemaakt_op>
</fme:hotelaanwijsbordenOK>
<fme:hotelaanwijsbordenOK>
<fme:Id>21</fme:Id>
<fme:Paalnr>21</fme:Paalnr>
<fme:Straatnaam>Katelijnestraat</fme:Straatnaam>
<fme:Huisnummer>143</fme:Huisnummer>
<fme:Locatie>Kruispunt Katelijnestraat-Gentpoortvest</fme:Locatie>
<fme:Inplanting>Beplanting</fme:Inplanting>
<fme:Aantalpijl>2</fme:Aantalpijl>
<fme:Hotelnaam1>IBIS</fme:Hotelnaam1>
<fme:Aantster1>0</fme:Aantster1>
<fme:_2zijden1>Ja</fme:_2zijden1>
<fme:Staatpijl1>'I' half weg</fme:Staatpijl1>
<fme:Richting1>Front</fme:Richting1>
<fme:Hotelnaam2>Novotel</fme:Hotelnaam2>
<fme:Aantster2>3</fme:Aantster2>
<fme:_2zijden2>Ja</fme:_2zijden2>
<fme:Staatpijl2>Goed</fme:Staatpijl2>
<fme:Richting2>Front</fme:Richting2>
<fme:Aantster3>0</fme:Aantster3>
<fme:_2zijden3>Nee</fme:_2zijden3>
<fme:Aanster4>0</fme:Aanster4>
<fme:_2zijden4>Nee</fme:_2zijden4>
<fme:Aantster5>0</fme:Aantster5>
<fme:_2zijden5>Nee</fme:_2zijden5>
<fme:Aantster6>0</fme:Aantster6>
<fme:_2zijden6>Nee</fme:_2zijden6>
<fme:Foto>foto/DSC07300.JPG</fme:Foto>
<fme:Aantster7>0</fme:Aantster7>
<fme:_2zijden7>0</fme:_2zijden7>
<fme:Aantster8>0</fme:Aantster8>
<fme:_2zijden8>0</fme:_2zijden8>
<fme:Aanster9>0</fme:Aanster9>
<fme:_2zijden9>0</fme:_2zijden9>
<fme:Aantster10>0</fme:Aantster10>
<fme:_2zijden10>0</fme:_2zijden10>
<fme:Aantster11>0</fme:Aantster11>
<fme:_2zijden11>0</fme:_2zijden11>
<fme:Aangemaakt_op>15/09/2016</fme:Aangemaakt_op>
</fme:hotelaanwijsbordenOK>
<fme:hotelaanwijsbordenOK>
<fme:Id>24</fme:Id>
<fme:Paalnr>24</fme:Paalnr>
<fme:Straatnaam>Gentpoortstraat</fme:Straatnaam>
<fme:Huisnummer>65</fme:Huisnummer>
<fme:Locatie>Hoek Boninvest</fme:Locatie>
<fme:Inplanting>Voetpad</fme:Inplanting>
<fme:Aantalpijl>2</fme:Aantalpijl>
<fme:Hotelnaam1>IBIS</fme:Hotelnaam1>
<fme:Aantster1>0</fme:Aantster1>
<fme:_2zijden1>Ja</fme:_2zijden1>
<fme:Staatpijl1>Goed</fme:Staatpijl1>
<fme:Richting1>Rechts</fme:Richting1>
<fme:Hotelnaam2>Novotel</fme:Hotelnaam2>
<fme:Aantster2>0</fme:Aantster2>
<fme:_2zijden2>Ja</fme:_2zijden2>
<fme:Staatpijl2>Goed</fme:Staatpijl2>
<fme:Richting2>Rechts</fme:Richting2>
<fme:Aantster3>0</fme:Aantster3>
<fme:_2zijden3>Nee</fme:_2zijden3>
<fme:Aanster4>0</fme:Aanster4>
<fme:_2zijden4>Nee</fme:_2zijden4>
<fme:Aantster5>0</fme:Aantster5>
<fme:_2zijden5>Nee</fme:_2zijden5>
<fme:Aantster6>0</fme:Aantster6>
<fme:_2zijden6>Nee</fme:_2zijden6>
<fme:Foto>foto/DSC07328.JPG</fme:Foto>
<fme:Aantster7>0</fme:Aantster7>
<fme:_2zijden7>0</fme:_2zijden7>
<fme:Aantster8>0</fme:Aantster8>
<fme:_2zijden8>0</fme:_2zijden8>
<fme:Aanster9>0</fme:Aanster9>
<fme:_2zijden9>0</fme:_2zijden9>
<fme:Aantster10>0</fme:Aantster10>
<fme:_2zijden10>0</fme:_2zijden10>
<fme:Aantster11>0</fme:Aantster11>
<fme:_2zijden11>0</fme:_2zijden11>
<fme:Aangemaakt_op>15/09/2016</fme:Aangemaakt_op>
</fme:hotelaanwijsbordenOK>
<fme:hotelaanwijsbordenOK>
<fme:Id>25</fme:Id>
<fme:Paalnr>25</fme:Paalnr>
<fme:Straatnaam>Waalsestraat</fme:Straatnaam>
<fme:Huisnummer>0</fme:Huisnummer>
<fme:Locatie>Hoek Jozef Suveestraat</fme:Locatie>
<fme:Inplanting>Voetpad</fme:Inplanting>
<fme:Aantalpijl>1</fme:Aantalpijl>
<fme:Hotelnaam1>Botaniek</fme:Hotelnaam1>
<fme:Aantster1>3</fme:Aantster1>
<fme:_2zijden1>Nee</fme:_2zijden1>
<fme:Staatpijl1>Goed</fme:Staatpijl1>
<fme:Richting1>Front</fme:Richting1>
<fme:Aantster2>0</fme:Aantster2>
<fme:_2zijden2>Nee</fme:_2zijden2>
<fme:Aantster3>0</fme:Aantster3>
<fme:_2zijden3>Nee</fme:_2zijden3>
<fme:Aanster4>0</fme:Aanster4>
<fme:_2zijden4>Nee</fme:_2zijden4>
<fme:Aantster5>0</fme:Aantster5>
<fme:_2zijden5>Nee</fme:_2zijden5>
<fme:Aantster6>0</fme:Aantster6>
<fme:_2zijden6>Nee</fme:_2zijden6>
<fme:Foto>foto/DSC07327.JPG</fme:Foto>
<fme:Aantster7>0</fme:Aantster7>
<fme:_2zijden7>0</fme:_2zijden7>
<fme:Aantster8>0</fme:Aantster8>
<fme:_2zijden8>0</fme:_2zijden8>
<fme:Aanster9>0</fme:Aanster9>
<fme:_2zijden9>0</fme:_2zijden9>
<fme:Aantster10>0</fme:Aantster10>
<fme:_2zijden10>0</fme:_2zijden10>
<fme:Aantster11>0</fme:Aantster11>
<fme:_2zijden11>0</fme:_2zijden11>
<fme:Aangemaakt_op>15/09/2016</fme:Aangemaakt_op>
</fme:hotelaanwijsbordenOK>
<fme:hotelaanwijsbordenOK>
<fme:Id>28</fme:Id>
<fme:Paalnr>28</fme:Paalnr>
<fme:Straatnaam>Dijver</fme:Straatnaam>
<fme:Huisnummer>1</fme:Huisnummer>
<fme:Locatie>Kruispunt Wollestraat</fme:Locatie>
<fme:Inplanting>Voetpad</fme:Inplanting>
<fme:Aantalpijl>9</fme:Aantalpijl>
<fme:Hotelnaam1>Oud huis de Peellaert</fme:Hotelnaam1>
<fme:Aantster1>4</fme:Aantster1>
<fme:_2zijden1>Nee</fme:_2zijden1>
<fme:Staatpijl1>Alle letters weg</fme:Staatpijl1>
<fme:Richting1>Front</fme:Richting1>
<fme:Hotelnaam2>Crowne Plaza</fme:Hotelnaam2>
<fme:Aantster2>4</fme:Aantster2>
<fme:_2zijden2>Nee</fme:_2zijden2>
<fme:Staatpijl2>Goed</fme:Staatpijl2>
<fme:Richting2>Front</fme:Richting2>
<fme:Hotelnaam3>Botaniek</fme:Hotelnaam3>
<fme:Aantster3>3</fme:Aantster3>
<fme:_2zijden3>Nee</fme:_2zijden3>
<fme:Staatpijl3>Goed</fme:Staatpijl3>
<fme:Hotelnaam4>Romantik Pandhotel</fme:Hotelnaam4>
<fme:Aanster4>4</fme:Aanster4>
<fme:_2zijden4>Nee</fme:_2zijden4>
<fme:Staatpijl4>Goed</fme:Staatpijl4>
<fme:Hotelnaam5>Malleberg</fme:Hotelnaam5>
<fme:Aantster5>3</fme:Aantster5>
<fme:_2zijden5>Nee</fme:_2zijden5>
<fme:Staatpijl5>Goed</fme:Staatpijl5>
<fme:Hotelnaam6>Patritius</fme:Hotelnaam6>
<fme:Aantster6>3</fme:Aantster6>
<fme:_2zijden6>Nee</fme:_2zijden6>
<fme:Staatpijl6>Goed</fme:Staatpijl6>
<fme:Richting3>Front</fme:Richting3>
<fme:Richting4>Front</fme:Richting4>
<fme:Richting5>Front</fme:Richting5>
<fme:Richting6>Front</fme:Richting6>
<fme:Foto>foto/DSC07322.JPG</fme:Foto>
<fme:Hotelnaam7>Jan Brito</fme:Hotelnaam7>
<fme:Aantster7>3</fme:Aantster7>
<fme:_2zijden7>0</fme:_2zijden7>
<fme:Staatpijl7>Sterren zijn weg</fme:Staatpijl7>
<fme:Richting7>Front</fme:Richting7>
<fme:Hotelnaam8>Koffieboontje</fme:Hotelnaam8>
<fme:Aantster8>4</fme:Aantster8>
<fme:_2zijden8>0</fme:_2zijden8>
<fme:Staatpijl8>Goed</fme:Staatpijl8>
<fme:Richting8>Back</fme:Richting8>
<fme:Hotelnaam9>De Tuilerieën</fme:Hotelnaam9>
<fme:Aanster9>4</fme:Aanster9>
<fme:_2zijden9>0</fme:_2zijden9>
<fme:Richting>Back</fme:Richting>
<fme:Staatpijl9>Goed</fme:Staatpijl9>
<fme:Aantster10>0</fme:Aantster10>
<fme:_2zijden10>0</fme:_2zijden10>
<fme:Aantster11>0</fme:Aantster11>
<fme:_2zijden11>0</fme:_2zijden11>
<fme:Aangemaakt_op>15/09/2016</fme:Aangemaakt_op>
</fme:hotelaanwijsbordenOK>
<fme:hotelaanwijsbordenOK>
<fme:Id>29</fme:Id>
<fme:Paalnr>29</fme:Paalnr>
<fme:Straatnaam>Dijver</fme:Straatnaam>
<fme:Huisnummer>0</fme:Huisnummer>
<fme:Locatie>Aan het water, hoek Pandreitje</fme:Locatie>
<fme:Inplanting>Voetpad</fme:Inplanting>
<fme:Aantalpijl>1</fme:Aantalpijl>
<fme:Hotelnaam1>Romantik Pandhotel</fme:Hotelnaam1>
<fme:Aantster1>4</fme:Aantster1>
<fme:_2zijden1>Ja</fme:_2zijden1>
<fme:Staatpijl1>Goed</fme:Staatpijl1>
<fme:Richting1>Back/Rechts</fme:Richting1>
<fme:Aantster2>0</fme:Aantster2>
<fme:_2zijden2>Nee</fme:_2zijden2>
<fme:Aantster3>0</fme:Aantster3>
<fme:_2zijden3>Nee</fme:_2zijden3>
<fme:Aanster4>0</fme:Aanster4>
<fme:_2zijden4>Nee</fme:_2zijden4>
<fme:Aantster5>0</fme:Aantster5>
<fme:_2zijden5>Nee</fme:_2zijden5>
<fme:Aantster6>0</fme:Aantster6>
<fme:_2zijden6>Nee</fme:_2zijden6>
<fme:Foto>foto/DSC07326.JPG</fme:Foto>
<fme:Aantster7>0</fme:Aantster7>
<fme:_2zijden7>0</fme:_2zijden7>
<fme:Aantster8>0</fme:Aantster8>
<fme:_2zijden8>0</fme:_2zijden8>
<fme:Aanster9>0</fme:Aanster9>
<fme:_2zijden9>0</fme:_2zijden9>
<fme:Aantster10>0</fme:Aantster10>
<fme:_2zijden10>0</fme:_2zijden10>
<fme:Aantster11>0</fme:Aantster11>
<fme:_2zijden11>0</fme:_2zijden11>
<fme:Aangemaakt_op>15/09/2016</fme:Aangemaakt_op>
</fme:hotelaanwijsbordenOK>
<fme:hotelaanwijsbordenOK>
<fme:Id>30</fme:Id>
<fme:Paalnr>30</fme:Paalnr>
<fme:Straatnaam>Kartuizerinnenstraat</fme:Straatnaam>
<fme:Huisnummer>0</fme:Huisnummer>
<fme:Locatie>Hoek Wollestraat</fme:Locatie>
<fme:Inplanting>Voetpad</fme:Inplanting>
<fme:Aantalpijl>3</fme:Aantalpijl>
<fme:Hotelnaam1>Relais Bourg Cruyce</fme:Hotelnaam1>
<fme:Aantster1>4</fme:Aantster1>
<fme:_2zijden1>Nee</fme:_2zijden1>
<fme:Staatpijl1>Goed</fme:Staatpijl1>
<fme:Richting1>Links</fme:Richting1>
<fme:Hotelnaam2>Martin's Brugge</fme:Hotelnaam2>
<fme:Aantster2>3</fme:Aantster2>
<fme:_2zijden2>Ja</fme:_2zijden2>
<fme:Staatpijl2>Goed</fme:Staatpijl2>
<fme:Richting2>Rechts</fme:Richting2>
<fme:Hotelnaam3>De Orangerie</fme:Hotelnaam3>
<fme:Aantster3>4</fme:Aantster3>
<fme:_2zijden3>Ja</fme:_2zijden3>
<fme:Staatpijl3>Goed</fme:Staatpijl3>
<fme:Aanster4>0</fme:Aanster4>
<fme:_2zijden4>Nee</fme:_2zijden4>
<fme:Aantster5>0</fme:Aantster5>
<fme:_2zijden5>Nee</fme:_2zijden5>
<fme:Aantster6>0</fme:Aantster6>
<fme:_2zijden6>Nee</fme:_2zijden6>
<fme:Richting3>Rechts</fme:Richting3>
<fme:Foto>foto/DSC07321.JPG</fme:Foto>
<fme:Aantster7>0</fme:Aantster7>
<fme:_2zijden7>0</fme:_2zijden7>
<fme:Aantster8>0</fme:Aantster8>
<fme:_2zijden8>0</fme:_2zijden8>
<fme:Aanster9>0</fme:Aanster9>
<fme:_2zijden9>0</fme:_2zijden9>
<fme:Aantster10>0</fme:Aantster10>
<fme:_2zijden10>0</fme:_2zijden10>
<fme:Aantster11>0</fme:Aantster11>
<fme:_2zijden11>0</fme:_2zijden11>
<fme:Aangemaakt_op>15/09/2016</fme:Aangemaakt_op>
</fme:hotelaanwijsbordenOK>
<fme:hotelaanwijsbordenOK>
<fme:Id>32</fme:Id>
<fme:Paalnr>32</fme:Paalnr>
<fme:Straatnaam>Peerdenstraat</fme:Straatnaam>
<fme:Huisnummer>31</fme:Huisnummer>
<fme:Locatie>Tegen gevel, hoek Predikherenstraat</fme:Locatie>
<fme:Inplanting>Voetpad</fme:Inplanting>
<fme:Aantalpijl>2</fme:Aantalpijl>
<fme:Hotelnaam1>Die Swaene</fme:Hotelnaam1>
<fme:Aantster1>4</fme:Aantster1>
<fme:_2zijden1>Ja</fme:_2zijden1>
<fme:Staatpijl1>Goed</fme:Staatpijl1>
<fme:Richting1>Front</fme:Richting1>
<fme:Hotelnaam2>Duc de Bourgogne</fme:Hotelnaam2>
<fme:Aantster2>3</fme:Aantster2>
<fme:_2zijden2>Ja</fme:_2zijden2>
<fme:Staatpijl2>Goed</fme:Staatpijl2>
<fme:Richting2>Front</fme:Richting2>
<fme:Aantster3>0</fme:Aantster3>
<fme:_2zijden3>Nee</fme:_2zijden3>
<fme:Aanster4>0</fme:Aanster4>
<fme:_2zijden4>Nee</fme:_2zijden4>
<fme:Aantster5>0</fme:Aantster5>
<fme:_2zijden5>Nee</fme:_2zijden5>
<fme:Aantster6>0</fme:Aantster6>
<fme:_2zijden6>Nee</fme:_2zijden6>
<fme:Foto>foto/DSC07332.JPG</fme:Foto>
<fme:Aantster7>0</fme:Aantster7>
<fme:_2zijden7>0</fme:_2zijden7>
<fme:Aantster8>0</fme:Aantster8>
<fme:_2zijden8>0</fme:_2zijden8>
<fme:Aanster9>0</fme:Aanster9>
<fme:_2zijden9>0</fme:_2zijden9>
<fme:Aantster10>0</fme:Aantster10>
<fme:_2zijden10>0</fme:_2zijden10>
<fme:Aantster11>0</fme:Aantster11>
<fme:_2zijden11>0</fme:_2zijden11>
<fme:Aangemaakt_op>15/09/2016</fme:Aangemaakt_op>
</fme:hotelaanwijsbordenOK>
<fme:hotelaanwijsbordenOK>
<fme:Id>34</fme:Id>
<fme:Paalnr>34</fme:Paalnr>
<fme:Straatnaam>Langestraat</fme:Straatnaam>
<fme:Huisnummer>19</fme:Huisnummer>
<fme:Locatie>Rechtover Predikherenstraat</fme:Locatie>
<fme:Inplanting>Voetpad</fme:Inplanting>
<fme:Aantalpijl>6</fme:Aantalpijl>
<fme:Hotelnaam1>Relais Ravestein</fme:Hotelnaam1>
<fme:Aantster1>4</fme:Aantster1>
<fme:_2zijden1>Nee</fme:_2zijden1>
<fme:Staatpijl1>Alle letters weg</fme:Staatpijl1>
<fme:Richting1>Front</fme:Richting1>
<fme:Hotelnaam2>Oud huis de Peelaert</fme:Hotelnaam2>
<fme:Aantster2>4</fme:Aantster2>
<fme:_2zijden2>Nee</fme:_2zijden2>
<fme:Staatpijl2>Veel letters los of weg</fme:Staatpijl2>
<fme:Richting2>Front</fme:Richting2>
<fme:Hotelnaam3>Crowne Plaza</fme:Hotelnaam3>
<fme:Aantster3>4</fme:Aantster3>
<fme:_2zijden3>Nee</fme:_2zijden3>
<fme:Staatpijl3>Goed</fme:Staatpijl3>
<fme:Hotelnaam4>Malleberg</fme:Hotelnaam4>
<fme:Aanster4>3</fme:Aanster4>
<fme:_2zijden4>Nee</fme:_2zijden4>
<fme:Staatpijl4>Letters los</fme:Staatpijl4>
<fme:Hotelnaam5>Patritius</fme:Hotelnaam5>
<fme:Aantster5>3</fme:Aantster5>
<fme:_2zijden5>Nee</fme:_2zijden5>
<fme:Staatpijl5>Redelijk</fme:Staatpijl5>
<fme:Hotelnaam6>Rosenburg</fme:Hotelnaam6>
<fme:Aantster6>4</fme:Aantster6>
<fme:_2zijden6>Ja</fme:_2zijden6>
<fme:Staatpijl6>Goed</fme:Staatpijl6>
<fme:Richting3>Front</fme:Richting3>
<fme:Richting4>Front</fme:Richting4>
<fme:Richting5>Front</fme:Richting5>
<fme:Richting6>Links</fme:Richting6>
<fme:Foto>foto/DSC07335.JPG</fme:Foto>
<fme:Aantster7>0</fme:Aantster7>
<fme:_2zijden7>0</fme:_2zijden7>
<fme:Aantster8>0</fme:Aantster8>
<fme:_2zijden8>0</fme:_2zijden8>
<fme:Aanster9>0</fme:Aanster9>
<fme:_2zijden9>0</fme:_2zijden9>
<fme:Aantster10>0</fme:Aantster10>
<fme:_2zijden10>0</fme:_2zijden10>
<fme:Aantster11>0</fme:Aantster11>
<fme:_2zijden11>0</fme:_2zijden11>
<fme:Aangemaakt_op>15/09/2016</fme:Aangemaakt_op>
</fme:hotelaanwijsbordenOK>
<fme:hotelaanwijsbordenOK>
<fme:Id>35</fme:Id>
<fme:Paalnr>35</fme:Paalnr>
<fme:Straatnaam>Boomgaardstraat</fme:Straatnaam>
<fme:Huisnummer>0</fme:Huisnummer>
<fme:Locatie>Hoek Hoogstraat</fme:Locatie>
<fme:Inplanting>Voetpad</fme:Inplanting>
<fme:Aantalpijl>1</fme:Aantalpijl>
<fme:Hotelnaam1>1</fme:Hotelnaam1>
<fme:Aantster1>3</fme:Aantster1>
<fme:_2zijden1>Nee</fme:_2zijden1>
<fme:Staatpijl1>Goed</fme:Staatpijl1>
<fme:Richting1>Front/Rechts</fme:Richting1>
<fme:Aantster2>0</fme:Aantster2>
<fme:_2zijden2>Nee</fme:_2zijden2>
<fme:Aantster3>0</fme:Aantster3>
<fme:_2zijden3>Nee</fme:_2zijden3>
<fme:Aanster4>0</fme:Aanster4>
<fme:_2zijden4>Nee</fme:_2zijden4>
<fme:Aantster5>0</fme:Aantster5>
<fme:_2zijden5>Nee</fme:_2zijden5>
<fme:Aantster6>0</fme:Aantster6>
<fme:_2zijden6>Nee</fme:_2zijden6>
<fme:Foto>foto/DSC07269.JPG</fme:Foto>
<fme:Aantster7>0</fme:Aantster7>
<fme:_2zijden7>0</fme:_2zijden7>
<fme:Aantster8>0</fme:Aantster8>
<fme:_2zijden8>0</fme:_2zijden8>
<fme:Aanster9>0</fme:Aanster9>
<fme:_2zijden9>0</fme:_2zijden9>
<fme:Aantster10>0</fme:Aantster10>
<fme:_2zijden10>0</fme:_2zijden10>
<fme:Aantster11>0</fme:Aantster11>
<fme:_2zijden11>0</fme:_2zijden11>
<fme:Aangemaakt_op>15/09/2016</fme:Aangemaakt_op>
</fme:hotelaanwijsbordenOK>
<fme:hotelaanwijsbordenOK>
<fme:Id>37</fme:Id>
<fme:Paalnr>37</fme:Paalnr>
<fme:Straatnaam>Markt</fme:Straatnaam>
<fme:Huisnummer>0</fme:Huisnummer>
<fme:Locatie>Hoek Breidelstraat</fme:Locatie>
<fme:Inplanting>Voetpad</fme:Inplanting>
<fme:Aantalpijl>6</fme:Aantalpijl>
<fme:Hotelnaam1>Duc de Bourgogne</fme:Hotelnaam1>
<fme:Aantster1>3</fme:Aantster1>
<fme:_2zijden1>Ja</fme:_2zijden1>
<fme:Staatpijl1>Goed</fme:Staatpijl1>
<fme:Richting1>Rechts</fme:Richting1>
<fme:Hotelnaam2>Bourgoensch Hof</fme:Hotelnaam2>
<fme:Aantster2>3</fme:Aantster2>
<fme:_2zijden2>Ja</fme:_2zijden2>
<fme:Staatpijl2>Kleinde beschadeging aan de sterren</fme:Staatpijl2>
<fme:Richting2>Rechts</fme:Richting2>
<fme:Hotelnaam3>Relais Bourg Cruyce</fme:Hotelnaam3>
<fme:Aantster3>4</fme:Aantster3>
<fme:_2zijden3>Nee</fme:_2zijden3>
<fme:Staatpijl3>Goed</fme:Staatpijl3>
<fme:Hotelnaam4>De uilerieën</fme:Hotelnaam4>
<fme:Aanster4>4</fme:Aanster4>
<fme:_2zijden4>Ja</fme:_2zijden4>
<fme:Staatpijl4>Goed</fme:Staatpijl4>
<fme:Hotelnaam5>Malleberg?</fme:Hotelnaam5>
<fme:Aantster5>3</fme:Aantster5>
<fme:_2zijden5>Ja</fme:_2zijden5>
<fme:Staatpijl5>Helft van de letters zijn weg</fme:Staatpijl5>
<fme:Hotelnaam6>De orangerie</fme:Hotelnaam6>
<fme:Aantster6>4</fme:Aantster6>
<fme:_2zijden6>Ja</fme:_2zijden6>
<fme:Staatpijl6>Goed</fme:Staatpijl6>
<fme:Richting3>Rechts</fme:Richting3>
<fme:Richting4>Rechts</fme:Richting4>
<fme:Richting5>Rechts</fme:Richting5>
<fme:Richting6>Rechts</fme:Richting6>
<fme:Foto>foto/DSC07275.JPG</fme:Foto>
<fme:Aantster7>0</fme:Aantster7>
<fme:_2zijden7>0</fme:_2zijden7>
<fme:Aantster8>0</fme:Aantster8>
<fme:_2zijden8>0</fme:_2zijden8>
<fme:Aanster9>0</fme:Aanster9>
<fme:_2zijden9>0</fme:_2zijden9>
<fme:Aantster10>0</fme:Aantster10>
<fme:_2zijden10>0</fme:_2zijden10>
<fme:Aantster11>0</fme:Aantster11>
<fme:_2zijden11>0</fme:_2zijden11>
<fme:Aangemaakt_op>15/09/2016</fme:Aangemaakt_op>
</fme:hotelaanwijsbordenOK>
<fme:hotelaanwijsbordenOK>
<fme:Id>38</fme:Id>
<fme:Paalnr>38</fme:Paalnr>
<fme:Straatnaam>Philipstockstraat</fme:Straatnaam>
<fme:Huisnummer>0</fme:Huisnummer>
<fme:Locatie>Hoek Vlamingstraat, over Historium</fme:Locatie>
<fme:Inplanting>Voetpad</fme:Inplanting>
<fme:Aantalpijl>8</fme:Aantalpijl>
<fme:Hotelnaam1>Nicolas</fme:Hotelnaam1>
<fme:Aantster1>2</fme:Aantster1>
<fme:_2zijden1>Ja</fme:_2zijden1>
<fme:Staatpijl1>Goed</fme:Staatpijl1>
<fme:Richting1>Front/Links</fme:Richting1>
<fme:Hotelnaam2>Martin's Relais</fme:Hotelnaam2>
<fme:Aantster2>4</fme:Aantster2>
<fme:_2zijden2>Ja</fme:_2zijden2>
<fme:Staatpijl2>Goed</fme:Staatpijl2>
<fme:Richting2>Back/Links</fme:Richting2>
<fme:Hotelnaam3>Oud huis Amsterdam</fme:Hotelnaam3>
<fme:Aantster3>4</fme:Aantster3>
<fme:_2zijden3>Ja</fme:_2zijden3>
<fme:Staatpijl3>Goed</fme:Staatpijl3>
<fme:Hotelnaam4>Heritage</fme:Hotelnaam4>
<fme:Aanster4>4</fme:Aanster4>
<fme:_2zijden4>Ja</fme:_2zijden4>
<fme:Staatpijl4>Goed</fme:Staatpijl4>
<fme:Hotelnaam5>Hans Memling</fme:Hotelnaam5>
<fme:Aantster5>4</fme:Aantster5>
<fme:_2zijden5>Ja</fme:_2zijden5>
<fme:Staatpijl5>Goed</fme:Staatpijl5>
<fme:Hotelnaam6>Ter Brughe</fme:Hotelnaam6>
<fme:Aantster6>4</fme:Aantster6>
<fme:_2zijden6>Nee</fme:_2zijden6>
<fme:Staatpijl6>Goed</fme:Staatpijl6>
<fme:Richting3>Links</fme:Richting3>
<fme:Richting4>Links</fme:Richting4>
<fme:Richting5>Rechts</fme:Richting5>
<fme:Richting6>Links</fme:Richting6>
<fme:Foto>foto/DSC07282.JPG</fme:Foto>
<fme:Hotelnaam7>Europ Hotel</fme:Hotelnaam7>
<fme:Aantster7>0</fme:Aantster7>
<fme:_2zijden7>0</fme:_2zijden7>
<fme:Staatpijl7>'Hotel' volledig weg (langs 1 kant)</fme:Staatpijl7>
<fme:Richting7>Links</fme:Richting7>
<fme:Hotelnaam8>Biskajer</fme:Hotelnaam8>
<fme:Aantster8>4</fme:Aantster8>
<fme:_2zijden8>0</fme:_2zijden8>
<fme:Staatpijl8>Krom</fme:Staatpijl8>
<fme:Richting8>Links</fme:Richting8>
<fme:Aanster9>0</fme:Aanster9>
<fme:_2zijden9>0</fme:_2zijden9>
<fme:Aantster10>0</fme:Aantster10>
<fme:_2zijden10>0</fme:_2zijden10>
<fme:Aantster11>0</fme:Aantster11>
<fme:_2zijden11>0</fme:_2zijden11>
<fme:Aangemaakt_op>15/09/2016</fme:Aangemaakt_op>
</fme:hotelaanwijsbordenOK>
<fme:hotelaanwijsbordenOK>
<fme:Id>39</fme:Id>
<fme:Paalnr>39</fme:Paalnr>
<fme:Straatnaam>Cordoeaniersstraat</fme:Straatnaam>
<fme:Huisnummer>0</fme:Huisnummer>
<fme:Locatie>Hoek Philipstockstraat</fme:Locatie>
<fme:Inplanting>Voetpad, naast parkeerplaats</fme:Inplanting>
<fme:Aantalpijl>1</fme:Aantalpijl>
<fme:Hotelnaam1>De cordoanier</fme:Hotelnaam1>
<fme:Aantster1>2</fme:Aantster1>
<fme:_2zijden1>Ja</fme:_2zijden1>
<fme:Staatpijl1>Goed</fme:Staatpijl1>
<fme:Richting1>Front</fme:Richting1>
<fme:Aantster2>0</fme:Aantster2>
<fme:_2zijden2>Nee</fme:_2zijden2>
<fme:Aantster3>0</fme:Aantster3>
<fme:_2zijden3>Nee</fme:_2zijden3>
<fme:Aanster4>0</fme:Aanster4>
<fme:_2zijden4>Nee</fme:_2zijden4>
<fme:Aantster5>0</fme:Aantster5>
<fme:_2zijden5>Nee</fme:_2zijden5>
<fme:Aantster6>0</fme:Aantster6>
<fme:_2zijden6>Nee</fme:_2zijden6>
<fme:Foto>foto/DSC07278.JPG</fme:Foto>
<fme:Aantster7>0</fme:Aantster7>
<fme:_2zijden7>0</fme:_2zijden7>
<fme:Aantster8>0</fme:Aantster8>
<fme:_2zijden8>0</fme:_2zijden8>
<fme:Aanster9>0</fme:Aanster9>
<fme:_2zijden9>0</fme:_2zijden9>
<fme:Aantster10>0</fme:Aantster10>
<fme:_2zijden10>0</fme:_2zijden10>
<fme:Aantster11>0</fme:Aantster11>
<fme:_2zijden11>0</fme:_2zijden11>
<fme:Aangemaakt_op>15/09/2016</fme:Aangemaakt_op>
</fme:hotelaanwijsbordenOK>
<fme:hotelaanwijsbordenOK>
<fme:Id>40</fme:Id>
<fme:Paalnr>40</fme:Paalnr>
<fme:Straatnaam>Geldmuntstraat</fme:Straatnaam>
<fme:Huisnummer>0</fme:Huisnummer>
<fme:Locatie>Schuinover nr4, hoek St.-Jakobsstraat</fme:Locatie>
<fme:Inplanting>Voetpad</fme:Inplanting>
<fme:Aantalpijl>5</fme:Aantalpijl>
<fme:Hotelnaam1>Hotel Dukes' Palace</fme:Hotelnaam1>
<fme:Aantster1>4</fme:Aantster1>
<fme:_2zijden1>Ja</fme:_2zijden1>
<fme:Staatpijl1>Goed</fme:Staatpijl1>
<fme:Richting1>Front</fme:Richting1>
<fme:Hotelnaam2>Azalea</fme:Hotelnaam2>
<fme:Aantster2>4</fme:Aantster2>
<fme:_2zijden2>Ja</fme:_2zijden2>
<fme:Staatpijl2>Goed</fme:Staatpijl2>
<fme:Richting2>Front</fme:Richting2>
<fme:Hotelnaam3>Acacia</fme:Hotelnaam3>
<fme:Aantster3>4</fme:Aantster3>
<fme:_2zijden3>Nee</fme:_2zijden3>
<fme:Staatpijl3>Goed</fme:Staatpijl3>
<fme:Hotelnaam4>Hotel Marcel</fme:Hotelnaam4>
<fme:Aanster4>3</fme:Aanster4>
<fme:_2zijden4>Ja</fme:_2zijden4>
<fme:Staatpijl4>Goed</fme:Staatpijl4>
<fme:Hotelnaam5>Heritage</fme:Hotelnaam5>
<fme:Aantster5>3</fme:Aantster5>
<fme:_2zijden5>Nee</fme:_2zijden5>
<fme:Staatpijl5>"bedje" hangt los + beschadegingen</fme:Staatpijl5>
<fme:Aantster6>0</fme:Aantster6>
<fme:_2zijden6>Nee</fme:_2zijden6>
<fme:Richting3>Front</fme:Richting3>
<fme:Richting4>Back</fme:Richting4>
<fme:Richting5>Back</fme:Richting5>
<fme:Foto>foto/DSC07287.JPG</fme:Foto>
<fme:Aantster7>0</fme:Aantster7>
<fme:_2zijden7>0</fme:_2zijden7>
<fme:Aantster8>0</fme:Aantster8>
<fme:_2zijden8>0</fme:_2zijden8>
<fme:Aanster9>0</fme:Aanster9>
<fme:_2zijden9>0</fme:_2zijden9>
<fme:Aantster10>0</fme:Aantster10>
<fme:_2zijden10>0</fme:_2zijden10>
<fme:Aantster11>0</fme:Aantster11>
<fme:_2zijden11>0</fme:_2zijden11>
<fme:Aangemaakt_op>15/09/2016</fme:Aangemaakt_op>
</fme:hotelaanwijsbordenOK>
<fme:hotelaanwijsbordenOK>
<fme:Id>56</fme:Id>
<fme:Paalnr>56</fme:Paalnr>
<fme:Straatnaam>Ontvangersstraat</fme:Straatnaam>
<fme:Huisnummer>0</fme:Huisnummer>
<fme:Locatie>Naast Noordzandstraat 26</fme:Locatie>
<fme:Inplanting>Rijbaan</fme:Inplanting>
<fme:Aantalpijl>1</fme:Aantalpijl>
<fme:Hotelnaam1>Prinsenhof</fme:Hotelnaam1>
<fme:Aantster1>4</fme:Aantster1>
<fme:_2zijden1>Nee</fme:_2zijden1>
<fme:Staatpijl1>Goed</fme:Staatpijl1>
<fme:Richting1>Front</fme:Richting1>
<fme:Aantster2>0</fme:Aantster2>
<fme:_2zijden2>Nee</fme:_2zijden2>
<fme:Aantster3>0</fme:Aantster3>
<fme:_2zijden3>Nee</fme:_2zijden3>
<fme:Aanster4>0</fme:Aanster4>
<fme:_2zijden4>Nee</fme:_2zijden4>
<fme:Aantster5>0</fme:Aantster5>
<fme:_2zijden5>Nee</fme:_2zijden5>
<fme:Aantster6>0</fme:Aantster6>
<fme:_2zijden6>Nee</fme:_2zijden6>
<fme:Foto>foto/DSC07293.JPG</fme:Foto>
<fme:Aantster7>0</fme:Aantster7>
<fme:_2zijden7>0</fme:_2zijden7>
<fme:Aantster8>0</fme:Aantster8>
<fme:_2zijden8>0</fme:_2zijden8>
<fme:Aanster9>0</fme:Aanster9>
<fme:_2zijden9>0</fme:_2zijden9>
<fme:Aantster10>0</fme:Aantster10>
<fme:_2zijden10>0</fme:_2zijden10>
<fme:Aantster11>0</fme:Aantster11>
<fme:_2zijden11>0</fme:_2zijden11>
<fme:Aangemaakt_op>15/09/2016</fme:Aangemaakt_op>
</fme:hotelaanwijsbordenOK>
<fme:hotelaanwijsbordenOK>
<fme:Id>43</fme:Id>
<fme:Paalnr>43</fme:Paalnr>
<fme:Straatnaam>Moerstraat</fme:Straatnaam>
<fme:Huisnummer>50</fme:Huisnummer>
<fme:Locatie>Kruispunt Gheerwijnstraat</fme:Locatie>
<fme:Inplanting>Voetpad</fme:Inplanting>
<fme:Aantalpijl>1</fme:Aantalpijl>
<fme:Hotelnaam1>Walwyck</fme:Hotelnaam1>
<fme:Aantster1>3</fme:Aantster1>
<fme:_2zijden1>Ja</fme:_2zijden1>
<fme:Staatpijl1>Krom</fme:Staatpijl1>
<fme:Richting1>Back</fme:Richting1>
<fme:Aantster2>0</fme:Aantster2>
<fme:_2zijden2>Nee</fme:_2zijden2>
<fme:Aantster3>0</fme:Aantster3>
<fme:_2zijden3>Nee</fme:_2zijden3>
<fme:Aanster4>0</fme:Aanster4>
<fme:_2zijden4>Nee</fme:_2zijden4>
<fme:Aantster5>0</fme:Aantster5>
<fme:_2zijden5>Nee</fme:_2zijden5>
<fme:Aantster6>0</fme:Aantster6>
<fme:_2zijden6>Nee</fme:_2zijden6>
<fme:Foto>foto/DSC07285.JPG</fme:Foto>
<fme:Aantster7>0</fme:Aantster7>
<fme:_2zijden7>0</fme:_2zijden7>
<fme:Aantster8>0</fme:Aantster8>
<fme:_2zijden8>0</fme:_2zijden8>
<fme:Aanster9>0</fme:Aanster9>
<fme:_2zijden9>0</fme:_2zijden9>
<fme:Aantster10>0</fme:Aantster10>
<fme:_2zijden10>0</fme:_2zijden10>
<fme:Aantster11>0</fme:Aantster11>
<fme:_2zijden11>0</fme:_2zijden11>
<fme:Aangemaakt_op>15/09/2016</fme:Aangemaakt_op>
</fme:hotelaanwijsbordenOK>
<fme:hotelaanwijsbordenOK>
<fme:Id>44</fme:Id>
<fme:Paalnr>44</fme:Paalnr>
<fme:Straatnaam>Sint-Jakobsstraat</fme:Straatnaam>
<fme:Huisnummer>0</fme:Huisnummer>
<fme:Locatie>Hoek Moerstraat, voor de kerk</fme:Locatie>
<fme:Inplanting>voetpad</fme:Inplanting>
<fme:Aantalpijl>6</fme:Aantalpijl>
<fme:Hotelnaam1>Aragon</fme:Hotelnaam1>
<fme:Aantster1>4</fme:Aantster1>
<fme:_2zijden1>Nee</fme:_2zijden1>
<fme:Staatpijl1>Goed</fme:Staatpijl1>
<fme:Richting1>Front</fme:Richting1>
<fme:Hotelnaam2>Navarra</fme:Hotelnaam2>
<fme:Aantster2>4</fme:Aantster2>
<fme:_2zijden2>Nee</fme:_2zijden2>
<fme:Staatpijl2>Goed</fme:Staatpijl2>
<fme:Richting2>Front</fme:Richting2>
<fme:Hotelnaam3>Lucca</fme:Hotelnaam3>
<fme:Aantster3>2</fme:Aantster3>
<fme:_2zijden3>Ja</fme:_2zijden3>
<fme:Staatpijl3>Goed</fme:Staatpijl3>
<fme:Hotelnaam4>Karel de Stoute</fme:Hotelnaam4>
<fme:Aanster4>3</fme:Aanster4>
<fme:_2zijden4>Nee</fme:_2zijden4>
<fme:Staatpijl4>Goed</fme:Staatpijl4>
<fme:Hotelnaam5>Walwyck</fme:Hotelnaam5>
<fme:Aantster5>3</fme:Aantster5>
<fme:_2zijden5>Ja</fme:_2zijden5>
<fme:Staatpijl5>Goed</fme:Staatpijl5>
<fme:Aantster6>0</fme:Aantster6>
<fme:_2zijden6>Nee</fme:_2zijden6>
<fme:Richting3>Front</fme:Richting3>
<fme:Richting4>Back/Rechts</fme:Richting4>
<fme:Richting5>Back/Rechts</fme:Richting5>
<fme:Foto>foto/st jakobsstraat.PNG</fme:Foto>
<fme:Aantster7>0</fme:Aantster7>
<fme:_2zijden7>0</fme:_2zijden7>
<fme:Aantster8>0</fme:Aantster8>
<fme:_2zijden8>0</fme:_2zijden8>
<fme:Aanster9>0</fme:Aanster9>
<fme:_2zijden9>0</fme:_2zijden9>
<fme:Aantster10>0</fme:Aantster10>
<fme:_2zijden10>0</fme:_2zijden10>
<fme:Aantster11>0</fme:Aantster11>
<fme:_2zijden11>0</fme:_2zijden11>
<fme:Aangemaakt_op>15/09/2016</fme:Aangemaakt_op>
</fme:hotelaanwijsbordenOK>
<fme:hotelaanwijsbordenOK>
<fme:Id>48</fme:Id>
<fme:Paalnr>48</fme:Paalnr>
<fme:Straatnaam>Vlamingstraat</fme:Straatnaam>
<fme:Huisnummer>0</fme:Huisnummer>
<fme:Locatie>tussen bushalte en stadsschouwburg</fme:Locatie>
<fme:Inplanting>Voetpad naast omheining</fme:Inplanting>
<fme:Aantalpijl>2</fme:Aantalpijl>
<fme:Hotelnaam1>Hans Memling</fme:Hotelnaam1>
<fme:Aantster1>4</fme:Aantster1>
<fme:_2zijden1>Nee</fme:_2zijden1>
<fme:Staatpijl1>redelijk</fme:Staatpijl1>
<fme:Richting1>Links</fme:Richting1>
<fme:Hotelnaam2>Cavalier</fme:Hotelnaam2>
<fme:Aantster2>2</fme:Aantster2>
<fme:_2zijden2>Nee</fme:_2zijden2>
<fme:Staatpijl2>Redelijk</fme:Staatpijl2>
<fme:Richting2>Links</fme:Richting2>
<fme:Aantster3>0</fme:Aantster3>
<fme:_2zijden3>Nee</fme:_2zijden3>
<fme:Aanster4>0</fme:Aanster4>
<fme:_2zijden4>Nee</fme:_2zijden4>
<fme:Aantster5>0</fme:Aantster5>
<fme:_2zijden5>Nee</fme:_2zijden5>
<fme:Aantster6>0</fme:Aantster6>
<fme:_2zijden6>Nee</fme:_2zijden6>
<fme:Foto>foto/DSC07309.JPG</fme:Foto>
<fme:Aantster7>0</fme:Aantster7>
<fme:_2zijden7>0</fme:_2zijden7>
<fme:Aantster8>0</fme:Aantster8>
<fme:_2zijden8>0</fme:_2zijden8>
<fme:Aanster9>0</fme:Aanster9>
<fme:_2zijden9>0</fme:_2zijden9>
<fme:Aantster10>0</fme:Aantster10>
<fme:_2zijden10>0</fme:_2zijden10>
<fme:Aantster11>0</fme:Aantster11>
<fme:_2zijden11>0</fme:_2zijden11>
<fme:Aangemaakt_op>15/09/2016</fme:Aangemaakt_op>
</fme:hotelaanwijsbordenOK>
<fme:hotelaanwijsbordenOK>
<fme:Id>50</fme:Id>
<fme:Paalnr>50</fme:Paalnr>
<fme:Straatnaam>Academiestraat</fme:Straatnaam>
<fme:Huisnummer>18</fme:Huisnummer>
<fme:Locatie>Voor Rijksarchief</fme:Locatie>
<fme:Inplanting>Voetpad</fme:Inplanting>
<fme:Aantalpijl>2</fme:Aantalpijl>
<fme:Hotelnaam1>Europ</fme:Hotelnaam1>
<fme:Aantster1>2</fme:Aantster1>
<fme:_2zijden1>Ja</fme:_2zijden1>
<fme:Staatpijl1>Goed</fme:Staatpijl1>
<fme:Richting1>Front</fme:Richting1>
<fme:Hotelnaam2>Ter Brughe</fme:Hotelnaam2>
<fme:Aantster2>4</fme:Aantster2>
<fme:_2zijden2>Ja</fme:_2zijden2>
<fme:Staatpijl2>Top staat scheef</fme:Staatpijl2>
<fme:Richting2>Front</fme:Richting2>
<fme:Aantster3>0</fme:Aantster3>
<fme:_2zijden3>Nee</fme:_2zijden3>
<fme:Aanster4>0</fme:Aanster4>
<fme:_2zijden4>Nee</fme:_2zijden4>
<fme:Aantster5>0</fme:Aantster5>
<fme:_2zijden5>Nee</fme:_2zijden5>
<fme:Aantster6>0</fme:Aantster6>
<fme:_2zijden6>Nee</fme:_2zijden6>
<fme:Foto>foto/DSC07320.JPG</fme:Foto>
<fme:Aantster7>0</fme:Aantster7>
<fme:_2zijden7>0</fme:_2zijden7>
<fme:Aantster8>0</fme:Aantster8>
<fme:_2zijden8>0</fme:_2zijden8>
<fme:Aanster9>0</fme:Aanster9>
<fme:_2zijden9>0</fme:_2zijden9>
<fme:Aantster10>0</fme:Aantster10>
<fme:_2zijden10>0</fme:_2zijden10>
<fme:Aantster11>0</fme:Aantster11>
<fme:_2zijden11>0</fme:_2zijden11>
<fme:Aangemaakt_op>15/09/2016</fme:Aangemaakt_op>
</fme:hotelaanwijsbordenOK>
<fme:hotelaanwijsbordenOK>
<fme:Id>52</fme:Id>
<fme:Paalnr>52</fme:Paalnr>
<fme:Straatnaam>Jan van Eyckplein</fme:Straatnaam>
<fme:Huisnummer>0</fme:Huisnummer>
<fme:Locatie>Voor Tolhuis</fme:Locatie>
<fme:Inplanting>voetpad</fme:Inplanting>
<fme:Aantalpijl>3</fme:Aantalpijl>
<fme:Hotelnaam1>Central</fme:Hotelnaam1>
<fme:Aantster1>0</fme:Aantster1>
<fme:_2zijden1>Nee</fme:_2zijden1>
<fme:Staatpijl1>Redelijk</fme:Staatpijl1>
<fme:Richting1>Front</fme:Richting1>
<fme:Hotelnaam2>Cordoeanier</fme:Hotelnaam2>
<fme:Aantster2>2</fme:Aantster2>
<fme:_2zijden2>Ja</fme:_2zijden2>
<fme:Staatpijl2>Redelijk</fme:Staatpijl2>
<fme:Richting2>Links</fme:Richting2>
<fme:Hotelnaam3>Biskajer</fme:Hotelnaam3>
<fme:Aantster3>4</fme:Aantster3>
<fme:_2zijden3>Ja</fme:_2zijden3>
<fme:Staatpijl3>redelijk</fme:Staatpijl3>
<fme:Aanster4>0</fme:Aanster4>
<fme:_2zijden4>Nee</fme:_2zijden4>
<fme:Aantster5>0</fme:Aantster5>
<fme:_2zijden5>Nee</fme:_2zijden5>
<fme:Aantster6>0</fme:Aantster6>
<fme:_2zijden6>Nee</fme:_2zijden6>
<fme:Richting3>Links</fme:Richting3>
<fme:Foto>foto/DSC07344.JPG</fme:Foto>
<fme:Aantster7>0</fme:Aantster7>
<fme:_2zijden7>0</fme:_2zijden7>
<fme:Aantster8>0</fme:Aantster8>
<fme:_2zijden8>0</fme:_2zijden8>
<fme:Aanster9>0</fme:Aanster9>
<fme:_2zijden9>0</fme:_2zijden9>
<fme:Aantster10>0</fme:Aantster10>
<fme:_2zijden10>0</fme:_2zijden10>
<fme:Aantster11>0</fme:Aantster11>
<fme:_2zijden11>0</fme:_2zijden11>
<fme:Aangemaakt_op>15/09/2016</fme:Aangemaakt_op>
</fme:hotelaanwijsbordenOK>
<fme:hotelaanwijsbordenOK>
<fme:Id>54</fme:Id>
<fme:Paalnr>54</fme:Paalnr>
<fme:Straatnaam>Genthof</fme:Straatnaam>
<fme:Huisnummer>8</fme:Huisnummer>
<fme:Locatie>op woensdagmarkt (plein)</fme:Locatie>
<fme:Inplanting>Voetpad</fme:Inplanting>
<fme:Aantalpijl>1</fme:Aantalpijl>
<fme:Hotelnaam1>Brughia</fme:Hotelnaam1>
<fme:Aantster1>4</fme:Aantster1>
<fme:_2zijden1>Ja</fme:_2zijden1>
<fme:Staatpijl1>Goed</fme:Staatpijl1>
<fme:Richting1>Rechts</fme:Richting1>
<fme:Aantster2>0</fme:Aantster2>
<fme:_2zijden2>Nee</fme:_2zijden2>
<fme:Aantster3>0</fme:Aantster3>
<fme:_2zijden3>Nee</fme:_2zijden3>
<fme:Aanster4>0</fme:Aanster4>
<fme:_2zijden4>Nee</fme:_2zijden4>
<fme:Aantster5>0</fme:Aantster5>
<fme:_2zijden5>Nee</fme:_2zijden5>
<fme:Aantster6>0</fme:Aantster6>
<fme:_2zijden6>Nee</fme:_2zijden6>
<fme:Foto>foto/DSC07346.JPG</fme:Foto>
<fme:Aantster7>0</fme:Aantster7>
<fme:_2zijden7>0</fme:_2zijden7>
<fme:Aantster8>0</fme:Aantster8>
<fme:_2zijden8>0</fme:_2zijden8>
<fme:Aanster9>0</fme:Aanster9>
<fme:_2zijden9>0</fme:_2zijden9>
<fme:Aantster10>0</fme:Aantster10>
<fme:_2zijden10>0</fme:_2zijden10>
<fme:Aantster11>0</fme:Aantster11>
<fme:_2zijden11>0</fme:_2zijden11>
<fme:Aangemaakt_op>15/09/2016</fme:Aangemaakt_op>
</fme:hotelaanwijsbordenOK>
<fme:hotelaanwijsbordenOK>
<fme:Id>55</fme:Id>
<fme:Paalnr>55</fme:Paalnr>
<fme:Straatnaam>Genthof</fme:Straatnaam>
<fme:Huisnummer>48</fme:Huisnummer>
<fme:Locatie>hoek Langerei</fme:Locatie>
<fme:Inplanting>voetpad</fme:Inplanting>
<fme:Aantalpijl>3</fme:Aantalpijl>
<fme:Hotelnaam1>Martin's Relais</fme:Hotelnaam1>
<fme:Aantster1>4</fme:Aantster1>
<fme:_2zijden1>Nee</fme:_2zijden1>
<fme:Staatpijl1>Goed</fme:Staatpijl1>
<fme:Richting1>Front</fme:Richting1>
<fme:Hotelnaam2>Brughia</fme:Hotelnaam2>
<fme:Aantster2>4</fme:Aantster2>
<fme:_2zijden2>Nee</fme:_2zijden2>
<fme:Staatpijl2>Goed</fme:Staatpijl2>
<fme:Richting2>Front</fme:Richting2>
<fme:Hotelnaam3>Oud huis Amsterdam</fme:Hotelnaam3>
<fme:Aantster3>4</fme:Aantster3>
<fme:_2zijden3>Nee</fme:_2zijden3>
<fme:Staatpijl3>Goed</fme:Staatpijl3>
<fme:Aanster4>0</fme:Aanster4>
<fme:_2zijden4>Nee</fme:_2zijden4>
<fme:Aantster5>0</fme:Aantster5>
<fme:_2zijden5>Nee</fme:_2zijden5>
<fme:Aantster6>0</fme:Aantster6>
<fme:_2zijden6>Nee</fme:_2zijden6>
<fme:Richting3>Front</fme:Richting3>
<fme:Foto>foto/DSC07347.JPG</fme:Foto>
<fme:Aantster7>0</fme:Aantster7>
<fme:_2zijden7>0</fme:_2zijden7>
<fme:Aantster8>0</fme:Aantster8>
<fme:_2zijden8>0</fme:_2zijden8>
<fme:Aanster9>0</fme:Aanster9>
<fme:_2zijden9>0</fme:_2zijden9>
<fme:Aantster10>0</fme:Aantster10>
<fme:_2zijden10>0</fme:_2zijden10>
<fme:Aantster11>0</fme:Aantster11>
<fme:_2zijden11>0</fme:_2zijden11>
<fme:Aangemaakt_op>15/09/2016</fme:Aangemaakt_op>
</fme:hotelaanwijsbordenOK>
<fme:hotelaanwijsbordenOK>
<fme:Id>59</fme:Id>
<fme:Paalnr>59</fme:Paalnr>
<fme:Straatnaam>Langerei</fme:Straatnaam>
<fme:Huisnummer>0</fme:Huisnummer>
<fme:Locatie>Kruispunt Julius en Maurits sabbestraat</fme:Locatie>
<fme:Inplanting>naast water</fme:Inplanting>
<fme:Aantalpijl>3</fme:Aantalpijl>
<fme:Hotelnaam1>Fevery</fme:Hotelnaam1>
<fme:Aantster1>3</fme:Aantster1>
<fme:_2zijden1>Nee</fme:_2zijden1>
<fme:Staatpijl1>'F' half weg</fme:Staatpijl1>
<fme:Richting1>Back</fme:Richting1>
<fme:Hotelnaam2>de' Medici</fme:Hotelnaam2>
<fme:Aantster2>4</fme:Aantster2>
<fme:_2zijden2>Nee</fme:_2zijden2>
<fme:Staatpijl2>Goed</fme:Staatpijl2>
<fme:Richting2>Back</fme:Richting2>
<fme:Hotelnaam3>St.-Fr. Xav Ziekenhuis</fme:Hotelnaam3>
<fme:Aantster3>0</fme:Aantster3>
<fme:_2zijden3>Ja</fme:_2zijden3>
<fme:Staatpijl3>Goed</fme:Staatpijl3>
<fme:Aanster4>0</fme:Aanster4>
<fme:_2zijden4>Nee</fme:_2zijden4>
<fme:Aantster5>0</fme:Aantster5>
<fme:_2zijden5>Nee</fme:_2zijden5>
<fme:Aantster6>0</fme:Aantster6>
<fme:_2zijden6>Nee</fme:_2zijden6>
<fme:Richting3>Back/Links</fme:Richting3>
<fme:Foto>foto/DSC07314.JPG</fme:Foto>
<fme:Aantster7>0</fme:Aantster7>
<fme:_2zijden7>0</fme:_2zijden7>
<fme:Aantster8>0</fme:Aantster8>
<fme:_2zijden8>0</fme:_2zijden8>
<fme:Aanster9>0</fme:Aanster9>
<fme:_2zijden9>0</fme:_2zijden9>
<fme:Aantster10>0</fme:Aantster10>
<fme:_2zijden10>0</fme:_2zijden10>
<fme:Aantster11>0</fme:Aantster11>
<fme:_2zijden11>0</fme:_2zijden11>
<fme:Aangemaakt_op>15/09/2016</fme:Aangemaakt_op>
</fme:hotelaanwijsbordenOK>
<fme:hotelaanwijsbordenOK>
<fme:Id>60</fme:Id>
<fme:Paalnr>60</fme:Paalnr>
<fme:Straatnaam>Komvest</fme:Straatnaam>
<fme:Huisnummer>56</fme:Huisnummer>
<fme:Locatie>Hoek Walwijnstraat</fme:Locatie>
<fme:Inplanting>Beplanting</fme:Inplanting>
<fme:Aantalpijl>2</fme:Aantalpijl>
<fme:Hotelnaam1>St. Fr. Xav. Ziekenhuis</fme:Hotelnaam1>
<fme:Aantster1>0</fme:Aantster1>
<fme:_2zijden1>Ja</fme:_2zijden1>
<fme:Staatpijl1>Redelijk</fme:Staatpijl1>
<fme:Richting1>Rechts</fme:Richting1>
<fme:Hotelnaam2>Ter Duinen</fme:Hotelnaam2>
<fme:Aantster2>3</fme:Aantster2>
<fme:_2zijden2>Nee</fme:_2zijden2>
<fme:Staatpijl2>Goed</fme:Staatpijl2>
<fme:Richting2>Front</fme:Richting2>
<fme:Aantster3>0</fme:Aantster3>
<fme:_2zijden3>Nee</fme:_2zijden3>
<fme:Aanster4>0</fme:Aanster4>
<fme:_2zijden4>Nee</fme:_2zijden4>
<fme:Aantster5>0</fme:Aantster5>
<fme:_2zijden5>Nee</fme:_2zijden5>
<fme:Aantster6>0</fme:Aantster6>
<fme:_2zijden6>Nee</fme:_2zijden6>
<fme:Foto>foto/komvest 56.PNG</fme:Foto>
<fme:Aantster7>0</fme:Aantster7>
<fme:_2zijden7>0</fme:_2zijden7>
<fme:Aantster8>0</fme:Aantster8>
<fme:_2zijden8>0</fme:_2zijden8>
<fme:Aanster9>0</fme:Aanster9>
<fme:_2zijden9>0</fme:_2zijden9>
<fme:Aantster10>0</fme:Aantster10>
<fme:_2zijden10>0</fme:_2zijden10>
<fme:Aantster11>0</fme:Aantster11>
<fme:_2zijden11>0</fme:_2zijden11>
<fme:Aangemaakt_op>15/09/2016</fme:Aangemaakt_op>
</fme:hotelaanwijsbordenOK>
<fme:hotelaanwijsbordenOK>
<fme:Id>62</fme:Id>
<fme:Paalnr>62</fme:Paalnr>
<fme:Straatnaam>Komvest</fme:Straatnaam>
<fme:Huisnummer>0</fme:Huisnummer>
<fme:Locatie>Tussenstuk zebrapad</fme:Locatie>
<fme:Inplanting>Middenberm, beplanting</fme:Inplanting>
<fme:Aantalpijl>1</fme:Aantalpijl>
<fme:Hotelnaam1>Gulden Vlies</fme:Hotelnaam1>
<fme:Aantster1>2</fme:Aantster1>
<fme:_2zijden1>Ja</fme:_2zijden1>
<fme:Staatpijl1>Goed</fme:Staatpijl1>
<fme:Richting1>Front</fme:Richting1>
<fme:Aantster2>0</fme:Aantster2>
<fme:_2zijden2>Nee</fme:_2zijden2>
<fme:Aantster3>0</fme:Aantster3>
<fme:_2zijden3>Nee</fme:_2zijden3>
<fme:Aanster4>0</fme:Aanster4>
<fme:_2zijden4>Nee</fme:_2zijden4>
<fme:Aantster5>0</fme:Aantster5>
<fme:_2zijden5>Nee</fme:_2zijden5>
<fme:Aantster6>0</fme:Aantster6>
<fme:_2zijden6>Nee</fme:_2zijden6>
<fme:Foto>foto/DSC07348.JPG</fme:Foto>
<fme:Aantster7>0</fme:Aantster7>
<fme:_2zijden7>0</fme:_2zijden7>
<fme:Aantster8>0</fme:Aantster8>
<fme:_2zijden8>0</fme:_2zijden8>
<fme:Aanster9>0</fme:Aanster9>
<fme:_2zijden9>0</fme:_2zijden9>
<fme:Aantster10>0</fme:Aantster10>
<fme:_2zijden10>0</fme:_2zijden10>
<fme:Aantster11>0</fme:Aantster11>
<fme:_2zijden11>0</fme:_2zijden11>
<fme:Aangemaakt_op>15/09/2016</fme:Aangemaakt_op>
</fme:hotelaanwijsbordenOK>
<fme:hotelaanwijsbordenOK>
<fme:Id>64</fme:Id>
<fme:Paalnr>64</fme:Paalnr>
<fme:Straatnaam>Heilige-Geeststraat</fme:Straatnaam>
<fme:Huisnummer>9</fme:Huisnummer>
<fme:Locatie>over Goezeputstraat</fme:Locatie>
<fme:Inplanting>Voetpad</fme:Inplanting>
<fme:Aantalpijl>2</fme:Aantalpijl>
<fme:Hotelnaam1>Bonobo</fme:Hotelnaam1>
<fme:Aantster1>2</fme:Aantster1>
<fme:_2zijden1>Ja</fme:_2zijden1>
<fme:Staatpijl1>Goed</fme:Staatpijl1>
<fme:Richting1>Rechts</fme:Richting1>
<fme:Hotelnaam2>De Goezeput</fme:Hotelnaam2>
<fme:Aantster2>1</fme:Aantster2>
<fme:_2zijden2>Nee</fme:_2zijden2>
<fme:Staatpijl2>Goed</fme:Staatpijl2>
<fme:Richting2>Back/Rechts</fme:Richting2>
<fme:Aantster3>0</fme:Aantster3>
<fme:_2zijden3>Nee</fme:_2zijden3>
<fme:Aanster4>0</fme:Aanster4>
<fme:_2zijden4>Nee</fme:_2zijden4>
<fme:Aantster5>0</fme:Aantster5>
<fme:_2zijden5>Nee</fme:_2zijden5>
<fme:Aantster6>0</fme:Aantster6>
<fme:_2zijden6>Nee</fme:_2zijden6>
<fme:Foto>foto/DSC07268.JPG</fme:Foto>
<fme:Aantster7>0</fme:Aantster7>
<fme:_2zijden7>0</fme:_2zijden7>
<fme:Aantster8>0</fme:Aantster8>
<fme:_2zijden8>0</fme:_2zijden8>
<fme:Aanster9>0</fme:Aanster9>
<fme:_2zijden9>0</fme:_2zijden9>
<fme:Aantster10>0</fme:Aantster10>
<fme:_2zijden10>0</fme:_2zijden10>
<fme:Aantster11>0</fme:Aantster11>
<fme:_2zijden11>0</fme:_2zijden11>
<fme:Aangemaakt_op>15/09/2016</fme:Aangemaakt_op>
</fme:hotelaanwijsbordenOK>
<fme:hotelaanwijsbordenOK>
<fme:Id>65</fme:Id>
<fme:Paalnr>65</fme:Paalnr>
<fme:Straatnaam>Hoogstraat</fme:Straatnaam>
<fme:Huisnummer>0</fme:Huisnummer>
<fme:Locatie>Hoek Mallebergplaats</fme:Locatie>
<fme:Inplanting>voetpad</fme:Inplanting>
<fme:Aantalpijl>1</fme:Aantalpijl>
<fme:Hotelnaam1>cordoeanier</fme:Hotelnaam1>
<fme:Aantster1>2</fme:Aantster1>
<fme:_2zijden1>Nee</fme:_2zijden1>
<fme:Staatpijl1>goed</fme:Staatpijl1>
<fme:Richting1>Front/Rechts</fme:Richting1>
<fme:Aantster2>0</fme:Aantster2>
<fme:_2zijden2>Nee</fme:_2zijden2>
<fme:Aantster3>0</fme:Aantster3>
<fme:_2zijden3>Nee</fme:_2zijden3>
<fme:Aanster4>0</fme:Aanster4>
<fme:_2zijden4>Nee</fme:_2zijden4>
<fme:Aantster5>0</fme:Aantster5>
<fme:_2zijden5>Nee</fme:_2zijden5>
<fme:Aantster6>0</fme:Aantster6>
<fme:_2zijden6>Nee</fme:_2zijden6>
<fme:Foto>foto/hoogstraat.PNG</fme:Foto>
<fme:Aantster7>0</fme:Aantster7>
<fme:_2zijden7>0</fme:_2zijden7>
<fme:Aantster8>0</fme:Aantster8>
<fme:_2zijden8>0</fme:_2zijden8>
<fme:Aanster9>0</fme:Aanster9>
<fme:_2zijden9>0</fme:_2zijden9>
<fme:Aantster10>0</fme:Aantster10>
<fme:_2zijden10>0</fme:_2zijden10>
<fme:Aantster11>0</fme:Aantster11>
<fme:_2zijden11>0</fme:_2zijden11>
<fme:Aangemaakt_op>15/09/2016</fme:Aangemaakt_op>
</fme:hotelaanwijsbordenOK>
<fme:hotelaanwijsbordenOK>
<fme:Id>66</fme:Id>
<fme:Paalnr>66</fme:Paalnr>
<fme:Straatnaam>Jozef Suvéestraat</fme:Straatnaam>
<fme:Huisnummer>0</fme:Huisnummer>
<fme:Locatie>Hoek Braambergstraat</fme:Locatie>
<fme:Inplanting>Rijbaan</fme:Inplanting>
<fme:Aantalpijl>1</fme:Aantalpijl>
<fme:Hotelnaam1>Botaniek</fme:Hotelnaam1>
<fme:Aantster1>3</fme:Aantster1>
<fme:_2zijden1>Nee</fme:_2zijden1>
<fme:Staatpijl1>Goed</fme:Staatpijl1>
<fme:Richting1>Front</fme:Richting1>
<fme:Aantster2>0</fme:Aantster2>
<fme:_2zijden2>Nee</fme:_2zijden2>
<fme:Aantster3>0</fme:Aantster3>
<fme:_2zijden3>Nee</fme:_2zijden3>
<fme:Aanster4>0</fme:Aanster4>
<fme:_2zijden4>Nee</fme:_2zijden4>
<fme:Aantster5>0</fme:Aantster5>
<fme:_2zijden5>Nee</fme:_2zijden5>
<fme:Aantster6>0</fme:Aantster6>
<fme:_2zijden6>Nee</fme:_2zijden6>
<fme:Foto>foto/DSC07324.JPG</fme:Foto>
<fme:Aantster7>0</fme:Aantster7>
<fme:_2zijden7>0</fme:_2zijden7>
<fme:Aantster8>0</fme:Aantster8>
<fme:_2zijden8>0</fme:_2zijden8>
<fme:Aanster9>0</fme:Aanster9>
<fme:_2zijden9>0</fme:_2zijden9>
<fme:Aantster10>0</fme:Aantster10>
<fme:_2zijden10>0</fme:_2zijden10>
<fme:Aantster11>0</fme:Aantster11>
<fme:_2zijden11>0</fme:_2zijden11>
<fme:Aangemaakt_op>15/09/2016</fme:Aangemaakt_op>
</fme:hotelaanwijsbordenOK>
<fme:hotelaanwijsbordenOK>
<fme:Id>67</fme:Id>
<fme:Paalnr>67</fme:Paalnr>
<fme:Straatnaam>Jan van Eyckplein</fme:Straatnaam>
<fme:Huisnummer>0</fme:Huisnummer>
<fme:Locatie>Voor standbeeld, hoek Spiegelrei</fme:Locatie>
<fme:Inplanting>Voetpad</fme:Inplanting>
<fme:Aantalpijl>3</fme:Aantalpijl>
<fme:Hotelnaam1>Oud Huis Amsterdam</fme:Hotelnaam1>
<fme:Aantster1>4</fme:Aantster1>
<fme:_2zijden1>Nee</fme:_2zijden1>
<fme:Staatpijl1>Goed</fme:Staatpijl1>
<fme:Richting1>Front</fme:Richting1>
<fme:Hotelnaam2>Adrones</fme:Hotelnaam2>
<fme:Aantster2>3</fme:Aantster2>
<fme:_2zijden2>Ja</fme:_2zijden2>
<fme:Staatpijl2>Goed</fme:Staatpijl2>
<fme:Richting2>Front</fme:Richting2>
<fme:Hotelnaam3>de' Medici</fme:Hotelnaam3>
<fme:Aantster3>4</fme:Aantster3>
<fme:_2zijden3>Ja</fme:_2zijden3>
<fme:Staatpijl3>'M' is weg</fme:Staatpijl3>
<fme:Aanster4>0</fme:Aanster4>
<fme:_2zijden4>Nee</fme:_2zijden4>
<fme:Aantster5>0</fme:Aantster5>
<fme:_2zijden5>Nee</fme:_2zijden5>
<fme:Aantster6>0</fme:Aantster6>
<fme:_2zijden6>Nee</fme:_2zijden6>
<fme:Richting3>Front</fme:Richting3>
<fme:Foto>foto/DSC07318.JPG</fme:Foto>
<fme:Aantster7>0</fme:Aantster7>
<fme:_2zijden7>0</fme:_2zijden7>
<fme:Aantster8>0</fme:Aantster8>
<fme:_2zijden8>0</fme:_2zijden8>
<fme:Aanster9>0</fme:Aanster9>
<fme:_2zijden9>0</fme:_2zijden9>
<fme:Aantster10>0</fme:Aantster10>
<fme:_2zijden10>0</fme:_2zijden10>
<fme:Aantster11>0</fme:Aantster11>
<fme:_2zijden11>0</fme:_2zijden11>
<fme:Aangemaakt_op>15/09/2016</fme:Aangemaakt_op>
</fme:hotelaanwijsbordenOK>
<fme:hotelaanwijsbordenOK>
<fme:Id>69</fme:Id>
<fme:Paalnr>69</fme:Paalnr>
<fme:Straatnaam>Naaldenstraat</fme:Straatnaam>
<fme:Huisnummer>19</fme:Huisnummer>
<fme:Locatie>Hoek Kuiperstraat</fme:Locatie>
<fme:Inplanting>Voetpad</fme:Inplanting>
<fme:Aantalpijl>1</fme:Aantalpijl>
<fme:Hotelnaam1>Hans Memling</fme:Hotelnaam1>
<fme:Aantster1>4</fme:Aantster1>
<fme:_2zijden1>Nee</fme:_2zijden1>
<fme:Staatpijl1>Krom</fme:Staatpijl1>
<fme:Richting1>Rechts</fme:Richting1>
<fme:Aantster2>0</fme:Aantster2>
<fme:_2zijden2>Nee</fme:_2zijden2>
<fme:Aantster3>0</fme:Aantster3>
<fme:_2zijden3>Nee</fme:_2zijden3>
<fme:Aanster4>0</fme:Aanster4>
<fme:_2zijden4>Nee</fme:_2zijden4>
<fme:Aantster5>0</fme:Aantster5>
<fme:_2zijden5>Nee</fme:_2zijden5>
<fme:Aantster6>0</fme:Aantster6>
<fme:_2zijden6>Nee</fme:_2zijden6>
<fme:Foto>foto/DSC07341.JPG</fme:Foto>
<fme:Aantster7>0</fme:Aantster7>
<fme:_2zijden7>0</fme:_2zijden7>
<fme:Aantster8>0</fme:Aantster8>
<fme:_2zijden8>0</fme:_2zijden8>
<fme:Aanster9>0</fme:Aanster9>
<fme:_2zijden9>0</fme:_2zijden9>
<fme:Aantster10>0</fme:Aantster10>
<fme:_2zijden10>0</fme:_2zijden10>
<fme:Aantster11>0</fme:Aantster11>
<fme:_2zijden11>0</fme:_2zijden11>
<fme:Aangemaakt_op>15/09/2016</fme:Aangemaakt_op>
</fme:hotelaanwijsbordenOK>
<fme:hotelaanwijsbordenOK>
<fme:Id>70</fme:Id>
<fme:Paalnr>70</fme:Paalnr>
<fme:Straatnaam>Prinsenhof</fme:Straatnaam>
<fme:Huisnummer>8</fme:Huisnummer>
<fme:Locatie>Pleintje, achter boom</fme:Locatie>
<fme:Inplanting>Boom</fme:Inplanting>
<fme:Aantalpijl>1</fme:Aantalpijl>
<fme:Hotelnaam1>Prinsenhof</fme:Hotelnaam1>
<fme:Aantster1>4</fme:Aantster1>
<fme:_2zijden1>Nee</fme:_2zijden1>
<fme:Staatpijl1>Goed, maar zit verborgen achter boom</fme:Staatpijl1>
<fme:Richting1>Links</fme:Richting1>
<fme:Aantster2>0</fme:Aantster2>
<fme:_2zijden2>Nee</fme:_2zijden2>
<fme:Aantster3>0</fme:Aantster3>
<fme:_2zijden3>Nee</fme:_2zijden3>
<fme:Aanster4>0</fme:Aanster4>
<fme:_2zijden4>Nee</fme:_2zijden4>
<fme:Aantster5>0</fme:Aantster5>
<fme:_2zijden5>Nee</fme:_2zijden5>
<fme:Aantster6>0</fme:Aantster6>
<fme:_2zijden6>Nee</fme:_2zijden6>
<fme:Foto>foto/DSC07352.JPG</fme:Foto>
<fme:Aantster7>0</fme:Aantster7>
<fme:_2zijden7>0</fme:_2zijden7>
<fme:Aantster8>0</fme:Aantster8>
<fme:_2zijden8>0</fme:_2zijden8>
<fme:Aanster9>0</fme:Aanster9>
<fme:_2zijden9>0</fme:_2zijden9>
<fme:Aantster10>0</fme:Aantster10>
<fme:_2zijden10>0</fme:_2zijden10>
<fme:Aantster11>0</fme:Aantster11>
<fme:_2zijden11>0</fme:_2zijden11>
<fme:Aangemaakt_op>15/09/2016</fme:Aangemaakt_op>
</fme:hotelaanwijsbordenOK>
<fme:hotelaanwijsbordenOK>
<fme:Id>71</fme:Id>
<fme:Paalnr>71</fme:Paalnr>
<fme:Straatnaam>Werkhuisstraat</fme:Straatnaam>
<fme:Huisnummer>0</fme:Huisnummer>
<fme:Locatie>Hoek Oude Gentweg</fme:Locatie>
<fme:Inplanting>Voetpad</fme:Inplanting>
<fme:Aantalpijl>2</fme:Aantalpijl>
<fme:Hotelnaam1>montanus</fme:Hotelnaam1>
<fme:Aantster1>4</fme:Aantster1>
<fme:_2zijden1>Nee</fme:_2zijden1>
<fme:Staatpijl1>Goed</fme:Staatpijl1>
<fme:Richting1>Front</fme:Richting1>
<fme:Hotelnaam2>Manoir Red</fme:Hotelnaam2>
<fme:Aantster2>4</fme:Aantster2>
<fme:_2zijden2>Nee</fme:_2zijden2>
<fme:Staatpijl2>Goed</fme:Staatpijl2>
<fme:Richting2>Front</fme:Richting2>
<fme:Aantster3>0</fme:Aantster3>
<fme:_2zijden3>Nee</fme:_2zijden3>
<fme:Aanster4>0</fme:Aanster4>
<fme:_2zijden4>Nee</fme:_2zijden4>
<fme:Aantster5>0</fme:Aantster5>
<fme:_2zijden5>Nee</fme:_2zijden5>
<fme:Aantster6>0</fme:Aantster6>
<fme:_2zijden6>Nee</fme:_2zijden6>
<fme:Foto>foto/DSC07353.JPG</fme:Foto>
<fme:Aantster7>0</fme:Aantster7>
<fme:_2zijden7>0</fme:_2zijden7>
<fme:Aantster8>0</fme:Aantster8>
<fme:_2zijden8>0</fme:_2zijden8>
<fme:Aanster9>0</fme:Aanster9>
<fme:_2zijden9>0</fme:_2zijden9>
<fme:Aantster10>0</fme:Aantster10>
<fme:_2zijden10>0</fme:_2zijden10>
<fme:Aantster11>0</fme:Aantster11>
<fme:_2zijden11>0</fme:_2zijden11>
<fme:Aangemaakt_op>15/09/2016</fme:Aangemaakt_op>
</fme:hotelaanwijsbordenOK>
<fme:hotelaanwijsbordenOK>
<fme:Id>72</fme:Id>
<fme:Paalnr>72</fme:Paalnr>
<fme:Straatnaam>Meestraat</fme:Straatnaam>
<fme:Huisnummer>0</fme:Huisnummer>
<fme:Locatie>Hoek Hoogstraat</fme:Locatie>
<fme:Inplanting>Rijbaan</fme:Inplanting>
<fme:Aantalpijl>2</fme:Aantalpijl>
<fme:Hotelnaam1>Die Swaene</fme:Hotelnaam1>
<fme:Aantster1>4</fme:Aantster1>
<fme:_2zijden1>Nee</fme:_2zijden1>
<fme:Staatpijl1>Goed</fme:Staatpijl1>
<fme:Richting1>Front</fme:Richting1>
<fme:Hotelnaam2>Jan Brito</fme:Hotelnaam2>
<fme:Aantster2>4</fme:Aantster2>
<fme:_2zijden2>Nee</fme:_2zijden2>
<fme:Staatpijl2>helft vd letters zijn weg</fme:Staatpijl2>
<fme:Richting2>Front</fme:Richting2>
<fme:Aantster3>0</fme:Aantster3>
<fme:_2zijden3>Nee</fme:_2zijden3>
<fme:Aanster4>0</fme:Aanster4>
<fme:_2zijden4>Nee</fme:_2zijden4>
<fme:Aantster5>0</fme:Aantster5>
<fme:_2zijden5>Nee</fme:_2zijden5>
<fme:Aantster6>0</fme:Aantster6>
<fme:_2zijden6>Nee</fme:_2zijden6>
<fme:Foto>foto/DSC07270.JPG</fme:Foto>
<fme:Aantster7>0</fme:Aantster7>
<fme:_2zijden7>0</fme:_2zijden7>
<fme:Aantster8>0</fme:Aantster8>
<fme:_2zijden8>0</fme:_2zijden8>
<fme:Aanster9>0</fme:Aanster9>
<fme:_2zijden9>0</fme:_2zijden9>
<fme:Aantster10>0</fme:Aantster10>
<fme:_2zijden10>0</fme:_2zijden10>
<fme:Aantster11>0</fme:Aantster11>
<fme:_2zijden11>0</fme:_2zijden11>
<fme:Aangemaakt_op>15/09/2016</fme:Aangemaakt_op>
</fme:hotelaanwijsbordenOK>
<fme:hotelaanwijsbordenOK>
<fme:Id>73</fme:Id>
<fme:Paalnr>73</fme:Paalnr>
<fme:Straatnaam>Freren Fonteinstraat</fme:Straatnaam>
<fme:Huisnummer>0</fme:Huisnummer>
<fme:Locatie>Hoek Predikherenstraat</fme:Locatie>
<fme:Inplanting>voetpad</fme:Inplanting>
<fme:Aantalpijl>1</fme:Aantalpijl>
<fme:Hotelnaam1>Jan Brito</fme:Hotelnaam1>
<fme:Aantster1>4</fme:Aantster1>
<fme:_2zijden1>Nee</fme:_2zijden1>
<fme:Staatpijl1>Goed</fme:Staatpijl1>
<fme:Richting1>Front</fme:Richting1>
<fme:Aantster2>0</fme:Aantster2>
<fme:_2zijden2>Nee</fme:_2zijden2>
<fme:Aantster3>0</fme:Aantster3>
<fme:_2zijden3>Nee</fme:_2zijden3>
<fme:Aanster4>0</fme:Aanster4>
<fme:_2zijden4>Nee</fme:_2zijden4>
<fme:Aantster5>0</fme:Aantster5>
<fme:_2zijden5>Nee</fme:_2zijden5>
<fme:Aantster6>0</fme:Aantster6>
<fme:_2zijden6>Nee</fme:_2zijden6>
<fme:Foto>foto/DSC07330.JPG</fme:Foto>
<fme:Aantster7>0</fme:Aantster7>
<fme:_2zijden7>0</fme:_2zijden7>
<fme:Aantster8>0</fme:Aantster8>
<fme:_2zijden8>0</fme:_2zijden8>
<fme:Aanster9>0</fme:Aanster9>
<fme:_2zijden9>0</fme:_2zijden9>
<fme:Aantster10>0</fme:Aantster10>
<fme:_2zijden10>0</fme:_2zijden10>
<fme:Aantster11>0</fme:Aantster11>
<fme:_2zijden11>0</fme:_2zijden11>
<fme:Aangemaakt_op>15/09/2016</fme:Aangemaakt_op>
</fme:hotelaanwijsbordenOK>
<fme:hotelaanwijsbordenOK>
<fme:Id>74</fme:Id>
<fme:Paalnr>74</fme:Paalnr>
<fme:Straatnaam>Bargeweg</fme:Straatnaam>
<fme:Huisnummer>0</fme:Huisnummer>
<fme:Locatie>hoek Katelijnestraat (nr160)</fme:Locatie>
<fme:Inplanting>Voetpad</fme:Inplanting>
<fme:Aantalpijl>1</fme:Aantalpijl>
<fme:Hotelnaam1>De Barge</fme:Hotelnaam1>
<fme:Aantster1>2</fme:Aantster1>
<fme:_2zijden1>Nee</fme:_2zijden1>
<fme:Staatpijl1>Goed</fme:Staatpijl1>
<fme:Richting1>Rechts</fme:Richting1>
<fme:Aantster2>0</fme:Aantster2>
<fme:_2zijden2>Nee</fme:_2zijden2>
<fme:Aantster3>0</fme:Aantster3>
<fme:_2zijden3>Nee</fme:_2zijden3>
<fme:Aanster4>0</fme:Aanster4>
<fme:_2zijden4>Nee</fme:_2zijden4>
<fme:Aantster5>0</fme:Aantster5>
<fme:_2zijden5>Nee</fme:_2zijden5>
<fme:Aantster6>0</fme:Aantster6>
<fme:_2zijden6>Nee</fme:_2zijden6>
<fme:Foto>foto/DSC07302.JPG</fme:Foto>
<fme:Aantster7>0</fme:Aantster7>
<fme:_2zijden7>0</fme:_2zijden7>
<fme:Aantster8>0</fme:Aantster8>
<fme:_2zijden8>0</fme:_2zijden8>
<fme:Aanster9>0</fme:Aanster9>
<fme:_2zijden9>0</fme:_2zijden9>
<fme:Aantster10>0</fme:Aantster10>
<fme:_2zijden10>0</fme:_2zijden10>
<fme:Aantster11>0</fme:Aantster11>
<fme:_2zijden11>0</fme:_2zijden11>
<fme:Aangemaakt_op>15/09/2016</fme:Aangemaakt_op>
</fme:hotelaanwijsbordenOK>
<fme:hotelaanwijsbordenOK>
<fme:Id>75</fme:Id>
<fme:Paalnr>75</fme:Paalnr>
<fme:Straatnaam>Bargeweg</fme:Straatnaam>
<fme:Huisnummer>0</fme:Huisnummer>
<fme:Locatie>Hoek Buiten de Katelijnevest</fme:Locatie>
<fme:Inplanting>Berm met gras</fme:Inplanting>
<fme:Aantalpijl>1</fme:Aantalpijl>
<fme:Hotelnaam1>De Barge</fme:Hotelnaam1>
<fme:Aantster1>0</fme:Aantster1>
<fme:_2zijden1>Nee</fme:_2zijden1>
<fme:Staatpijl1>Goed</fme:Staatpijl1>
<fme:Richting1>Front</fme:Richting1>
<fme:Aantster2>0</fme:Aantster2>
<fme:_2zijden2>Nee</fme:_2zijden2>
<fme:Aantster3>0</fme:Aantster3>
<fme:_2zijden3>Nee</fme:_2zijden3>
<fme:Aanster4>0</fme:Aanster4>
<fme:_2zijden4>Nee</fme:_2zijden4>
<fme:Aantster5>0</fme:Aantster5>
<fme:_2zijden5>Nee</fme:_2zijden5>
<fme:Aantster6>0</fme:Aantster6>
<fme:_2zijden6>Nee</fme:_2zijden6>
<fme:Foto>foto/DSC07355.JPG</fme:Foto>
<fme:Aantster7>0</fme:Aantster7>
<fme:_2zijden7>0</fme:_2zijden7>
<fme:Aantster8>0</fme:Aantster8>
<fme:_2zijden8>0</fme:_2zijden8>
<fme:Aanster9>0</fme:Aanster9>
<fme:_2zijden9>0</fme:_2zijden9>
<fme:Aantster10>0</fme:Aantster10>
<fme:_2zijden10>0</fme:_2zijden10>
<fme:Aantster11>0</fme:Aantster11>
<fme:_2zijden11>0</fme:_2zijden11>
<fme:Aangemaakt_op>15/09/2016</fme:Aangemaakt_op>
</fme:hotelaanwijsbordenOK>
<fme:hotelaanwijsbordenOK>
<fme:Id>76</fme:Id>
<fme:Paalnr>76</fme:Paalnr>
<fme:Straatnaam>Predikherenrei</fme:Straatnaam>
<fme:Huisnummer>0</fme:Huisnummer>
<fme:Locatie>hoek Predikherenstraat</fme:Locatie>
<fme:Inplanting>Voetpad</fme:Inplanting>
<fme:Aantalpijl>2</fme:Aantalpijl>
<fme:Hotelnaam1>Rosenburg</fme:Hotelnaam1>
<fme:Aantster1>4</fme:Aantster1>
<fme:_2zijden1>Ja</fme:_2zijden1>
<fme:Staatpijl1>Goed</fme:Staatpijl1>
<fme:Richting1>Front/Links</fme:Richting1>
<fme:Hotelnaam2>Relais Ravestein</fme:Hotelnaam2>
<fme:Aantster2>4</fme:Aantster2>
<fme:_2zijden2>Nee</fme:_2zijden2>
<fme:Staatpijl2>Letters half weg</fme:Staatpijl2>
<fme:Richting2>Links</fme:Richting2>
<fme:Aantster3>0</fme:Aantster3>
<fme:_2zijden3>Nee</fme:_2zijden3>
<fme:Aanster4>0</fme:Aanster4>
<fme:_2zijden4>Nee</fme:_2zijden4>
<fme:Aantster5>0</fme:Aantster5>
<fme:_2zijden5>Nee</fme:_2zijden5>
<fme:Aantster6>0</fme:Aantster6>
<fme:_2zijden6>Nee</fme:_2zijden6>
<fme:Foto>foto/DSC07334.JPG</fme:Foto>
<fme:Aantster7>0</fme:Aantster7>
<fme:_2zijden7>0</fme:_2zijden7>
<fme:Aantster8>0</fme:Aantster8>
<fme:_2zijden8>0</fme:_2zijden8>
<fme:Aanster9>0</fme:Aanster9>
<fme:_2zijden9>0</fme:_2zijden9>
<fme:Aantster10>0</fme:Aantster10>
<fme:_2zijden10>0</fme:_2zijden10>
<fme:Aantster11>0</fme:Aantster11>
<fme:_2zijden11>0</fme:_2zijden11>
<fme:Aangemaakt_op>15/09/2016</fme:Aangemaakt_op>
</fme:hotelaanwijsbordenOK>
<fme:hotelaanwijsbordenOK>
<fme:Id>77</fme:Id>
<fme:Paalnr>77</fme:Paalnr>
<fme:Straatnaam>Baliestraat</fme:Straatnaam>
<fme:Huisnummer>0</fme:Huisnummer>
<fme:Locatie>Hoek Lange Raamstraat, naast kerk</fme:Locatie>
<fme:Inplanting>Voetpad</fme:Inplanting>
<fme:Aantalpijl>1</fme:Aantalpijl>
<fme:Hotelnaam1>De Pauw</fme:Hotelnaam1>
<fme:Aantster1>2</fme:Aantster1>
<fme:_2zijden1>Ja</fme:_2zijden1>
<fme:Staatpijl1>Goed, maar verkeersbord hang er voor</fme:Staatpijl1>
<fme:Richting1>Links</fme:Richting1>
<fme:Aantster2>0</fme:Aantster2>
<fme:_2zijden2>Nee</fme:_2zijden2>
<fme:Aantster3>0</fme:Aantster3>
<fme:_2zijden3>Nee</fme:_2zijden3>
<fme:Aanster4>0</fme:Aanster4>
<fme:_2zijden4>Nee</fme:_2zijden4>
<fme:Aantster5>0</fme:Aantster5>
<fme:_2zijden5>Nee</fme:_2zijden5>
<fme:Aantster6>0</fme:Aantster6>
<fme:_2zijden6>Nee</fme:_2zijden6>
<fme:Foto>foto/DSC07312.JPG</fme:Foto>
<fme:Aantster7>0</fme:Aantster7>
<fme:_2zijden7>0</fme:_2zijden7>
<fme:Aantster8>0</fme:Aantster8>
<fme:_2zijden8>0</fme:_2zijden8>
<fme:Aanster9>0</fme:Aanster9>
<fme:_2zijden9>0</fme:_2zijden9>
<fme:Aantster10>0</fme:Aantster10>
<fme:_2zijden10>0</fme:_2zijden10>
<fme:Aantster11>0</fme:Aantster11>
<fme:_2zijden11>0</fme:_2zijden11>
<fme:Aangemaakt_op>15/09/2016</fme:Aangemaakt_op>
</fme:hotelaanwijsbordenOK>
<fme:hotelaanwijsbordenOK>
<fme:Id>79</fme:Id>
<fme:Paalnr>79</fme:Paalnr>
<fme:Straatnaam>Molenmeers</fme:Straatnaam>
<fme:Huisnummer>0</fme:Huisnummer>
<fme:Locatie>Hoek Langestraat</fme:Locatie>
<fme:Inplanting>Voetpad</fme:Inplanting>
<fme:Aantalpijl>1</fme:Aantalpijl>
<fme:Hotelnaam1>Relais Ravestein</fme:Hotelnaam1>
<fme:Aantster1>4</fme:Aantster1>
<fme:_2zijden1>Nee</fme:_2zijden1>
<fme:Staatpijl1>Goed</fme:Staatpijl1>
<fme:Richting1>Front</fme:Richting1>
<fme:Aantster2>0</fme:Aantster2>
<fme:_2zijden2>Nee</fme:_2zijden2>
<fme:Aantster3>0</fme:Aantster3>
<fme:_2zijden3>Nee</fme:_2zijden3>
<fme:Aanster4>0</fme:Aanster4>
<fme:_2zijden4>Nee</fme:_2zijden4>
<fme:Aantster5>0</fme:Aantster5>
<fme:_2zijden5>Nee</fme:_2zijden5>
<fme:Aantster6>0</fme:Aantster6>
<fme:_2zijden6>Nee</fme:_2zijden6>
<fme:Foto>foto/DSC07338.JPG</fme:Foto>
<fme:Aantster7>0</fme:Aantster7>
<fme:_2zijden7>0</fme:_2zijden7>
<fme:Aantster8>0</fme:Aantster8>
<fme:_2zijden8>0</fme:_2zijden8>
<fme:Aanster9>0</fme:Aanster9>
<fme:_2zijden9>0</fme:_2zijden9>
<fme:Aantster10>0</fme:Aantster10>
<fme:_2zijden10>0</fme:_2zijden10>
<fme:Aantster11>0</fme:Aantster11>
<fme:_2zijden11>0</fme:_2zijden11>
<fme:Aangemaakt_op>15/09/2016</fme:Aangemaakt_op>
</fme:hotelaanwijsbordenOK>
<fme:hotelaanwijsbordenOK>
<fme:Id>108</fme:Id>
<fme:Paalnr>108</fme:Paalnr>
<fme:Straatnaam>Jagersstraat</fme:Straatnaam>
<fme:Huisnummer>20</fme:Huisnummer>
<fme:Locatie>Afslag rondpunt Koning Albert 1 Laan</fme:Locatie>
<fme:Inplanting>Middenberm</fme:Inplanting>
<fme:Aantalpijl>1</fme:Aantalpijl>
<fme:Hotelnaam1>Value Stay Bruges</fme:Hotelnaam1>
<fme:Aantster1>0</fme:Aantster1>
<fme:_2zijden1>Ja</fme:_2zijden1>
<fme:Staatpijl1>GoedL</fme:Staatpijl1>
<fme:Richting1>Front/Links</fme:Richting1>
<fme:Aantster2>0</fme:Aantster2>
<fme:_2zijden2>Nee</fme:_2zijden2>
<fme:Aantster3>0</fme:Aantster3>
<fme:_2zijden3>Nee</fme:_2zijden3>
<fme:Aanster4>0</fme:Aanster4>
<fme:_2zijden4>Nee</fme:_2zijden4>
<fme:Aantster5>0</fme:Aantster5>
<fme:_2zijden5>Nee</fme:_2zijden5>
<fme:Aantster6>0</fme:Aantster6>
<fme:_2zijden6>Nee</fme:_2zijden6>
<fme:Foto>foto/jagersstraat.PNG</fme:Foto>
<fme:Aantster7>0</fme:Aantster7>
<fme:_2zijden7>0</fme:_2zijden7>
<fme:Aantster8>0</fme:Aantster8>
<fme:_2zijden8>0</fme:_2zijden8>
<fme:Aanster9>0</fme:Aanster9>
<fme:_2zijden9>0</fme:_2zijden9>
<fme:Aantster10>0</fme:Aantster10>
<fme:_2zijden10>0</fme:_2zijden10>
<fme:Aantster11>0</fme:Aantster11>
<fme:_2zijden11>0</fme:_2zijden11>
<fme:Aangemaakt_op>15/09/2016</fme:Aangemaakt_op>
</fme:hotelaanwijsbordenOK>
<fme:hotelaanwijsbordenOK>
<fme:Id>100</fme:Id>
<fme:Paalnr>100</fme:Paalnr>
<fme:Straatnaam>Chartreuseweg</fme:Straatnaam>
<fme:Huisnummer>0</fme:Huisnummer>
<fme:Locatie>Hoek Koning Albert 1 laan</fme:Locatie>
<fme:Inplanting>Beplanting</fme:Inplanting>
<fme:Aantalpijl>1</fme:Aantalpijl>
<fme:Hotelnaam1>Leonardo hotel</fme:Hotelnaam1>
<fme:Aantster1>3</fme:Aantster1>
<fme:_2zijden1>Ja</fme:_2zijden1>
<fme:Staatpijl1>Goed</fme:Staatpijl1>
<fme:Richting1>Back</fme:Richting1>
<fme:Aantster2>0</fme:Aantster2>
<fme:_2zijden2>Nee</fme:_2zijden2>
<fme:Aantster3>0</fme:Aantster3>
<fme:_2zijden3>Nee</fme:_2zijden3>
<fme:Aanster4>0</fme:Aanster4>
<fme:_2zijden4>Nee</fme:_2zijden4>
<fme:Aantster5>0</fme:Aantster5>
<fme:_2zijden5>Nee</fme:_2zijden5>
<fme:Aantster6>0</fme:Aantster6>
<fme:_2zijden6>Nee</fme:_2zijden6>
<fme:Foto>foto/chartreuseweg.PNG</fme:Foto>
<fme:Aantster7>0</fme:Aantster7>
<fme:_2zijden7>0</fme:_2zijden7>
<fme:Aantster8>0</fme:Aantster8>
<fme:_2zijden8>0</fme:_2zijden8>
<fme:Aanster9>0</fme:Aanster9>
<fme:_2zijden9>0</fme:_2zijden9>
<fme:Aantster10>0</fme:Aantster10>
<fme:_2zijden10>0</fme:_2zijden10>
<fme:Aantster11>0</fme:Aantster11>
<fme:_2zijden11>0</fme:_2zijden11>
<fme:Aangemaakt_op>15/09/2016</fme:Aangemaakt_op>
</fme:hotelaanwijsbordenOK>
<fme:hotelaanwijsbordenOK>
<fme:Id>104</fme:Id>
<fme:Paalnr>104</fme:Paalnr>
<fme:Straatnaam>Joseph Wautersstraat</fme:Straatnaam>
<fme:Huisnummer>0</fme:Huisnummer>
<fme:Locatie>Hoek Expressweg</fme:Locatie>
<fme:Inplanting>Beplanting</fme:Inplanting>
<fme:Aantalpijl>1</fme:Aantalpijl>
<fme:Hotelnaam1>Brugotel</fme:Hotelnaam1>
<fme:Aantster1>3</fme:Aantster1>
<fme:_2zijden1>Nee</fme:_2zijden1>
<fme:Staatpijl1>Goed</fme:Staatpijl1>
<fme:Richting1>Back</fme:Richting1>
<fme:Aantster2>0</fme:Aantster2>
<fme:_2zijden2>Nee</fme:_2zijden2>
<fme:Aantster3>0</fme:Aantster3>
<fme:_2zijden3>Nee</fme:_2zijden3>
<fme:Aanster4>0</fme:Aanster4>
<fme:_2zijden4>Nee</fme:_2zijden4>
<fme:Aantster5>0</fme:Aantster5>
<fme:_2zijden5>Nee</fme:_2zijden5>
<fme:Aantster6>0</fme:Aantster6>
<fme:_2zijden6>Nee</fme:_2zijden6>
<fme:Foto>foto/joseph wautersstraat.PNG</fme:Foto>
<fme:Aantster7>0</fme:Aantster7>
<fme:_2zijden7>0</fme:_2zijden7>
<fme:Aantster8>0</fme:Aantster8>
<fme:_2zijden8>0</fme:_2zijden8>
<fme:Aanster9>0</fme:Aanster9>
<fme:_2zijden9>0</fme:_2zijden9>
<fme:Aantster10>0</fme:Aantster10>
<fme:_2zijden10>0</fme:_2zijden10>
<fme:Aantster11>0</fme:Aantster11>
<fme:_2zijden11>0</fme:_2zijden11>
<fme:Aangemaakt_op>15/09/2016</fme:Aangemaakt_op>
</fme:hotelaanwijsbordenOK>
<fme:hotelaanwijsbordenOK>
<fme:Id>102</fme:Id>
<fme:Paalnr>102</fme:Paalnr>
<fme:Straatnaam>Barrièrestraat</fme:Straatnaam>
<fme:Huisnummer>1</fme:Huisnummer>
<fme:Locatie>Naast rondpunt (over tankstation), bij ander verkeersbord</fme:Locatie>
<fme:Inplanting>Voetpad</fme:Inplanting>
<fme:Aantalpijl>1</fme:Aantalpijl>
<fme:Hotelnaam1>Brugotel</fme:Hotelnaam1>
<fme:Aantster1>3</fme:Aantster1>
<fme:_2zijden1>Nee</fme:_2zijden1>
<fme:Staatpijl1>redelijk</fme:Staatpijl1>
<fme:Richting1>Front</fme:Richting1>
<fme:Aantster2>0</fme:Aantster2>
<fme:_2zijden2>Nee</fme:_2zijden2>
<fme:Aantster3>0</fme:Aantster3>
<fme:_2zijden3>Nee</fme:_2zijden3>
<fme:Aanster4>0</fme:Aanster4>
<fme:_2zijden4>Nee</fme:_2zijden4>
<fme:Aantster5>0</fme:Aantster5>
<fme:_2zijden5>Nee</fme:_2zijden5>
<fme:Aantster6>0</fme:Aantster6>
<fme:_2zijden6>Nee</fme:_2zijden6>
<fme:Foto>foto/DSC07356.JPG</fme:Foto>
<fme:Aantster7>0</fme:Aantster7>
<fme:_2zijden7>0</fme:_2zijden7>
<fme:Aantster8>0</fme:Aantster8>
<fme:_2zijden8>0</fme:_2zijden8>
<fme:Aanster9>0</fme:Aanster9>
<fme:_2zijden9>0</fme:_2zijden9>
<fme:Aantster10>0</fme:Aantster10>
<fme:_2zijden10>0</fme:_2zijden10>
<fme:Aantster11>0</fme:Aantster11>
<fme:_2zijden11>0</fme:_2zijden11>
<fme:Aangemaakt_op>15/09/2016</fme:Aangemaakt_op>
</fme:hotelaanwijsbordenOK>
<fme:hotelaanwijsbordenOK>
<fme:Id>105</fme:Id>
<fme:Paalnr>105</fme:Paalnr>
<fme:Straatnaam>Sint-Pietersgroenestraat</fme:Straatnaam>
<fme:Huisnummer>0</fme:Huisnummer>
<fme:Locatie>hoek Vaartstraat, tussen 2 fietspaden</fme:Locatie>
<fme:Inplanting>Gras</fme:Inplanting>
<fme:Aantalpijl>1</fme:Aantalpijl>
<fme:Hotelnaam1>Hotel Velotel</fme:Hotelnaam1>
<fme:Aantster1>4</fme:Aantster1>
<fme:_2zijden1>Ja</fme:_2zijden1>
<fme:Staatpijl1>Goed</fme:Staatpijl1>
<fme:Richting1>Back</fme:Richting1>
<fme:Aantster2>0</fme:Aantster2>
<fme:_2zijden2>Nee</fme:_2zijden2>
<fme:Aantster3>0</fme:Aantster3>
<fme:_2zijden3>Nee</fme:_2zijden3>
<fme:Aanster4>0</fme:Aanster4>
<fme:_2zijden4>Nee</fme:_2zijden4>
<fme:Aantster5>0</fme:Aantster5>
<fme:_2zijden5>Nee</fme:_2zijden5>
<fme:Aantster6>0</fme:Aantster6>
<fme:_2zijden6>Nee</fme:_2zijden6>
<fme:Foto>foto/DSC07349.JPG</fme:Foto>
<fme:Aantster7>0</fme:Aantster7>
<fme:_2zijden7>0</fme:_2zijden7>
<fme:Aantster8>0</fme:Aantster8>
<fme:_2zijden8>0</fme:_2zijden8>
<fme:Aanster9>0</fme:Aanster9>
<fme:_2zijden9>0</fme:_2zijden9>
<fme:Aantster10>0</fme:Aantster10>
<fme:_2zijden10>0</fme:_2zijden10>
<fme:Aantster11>0</fme:Aantster11>
<fme:_2zijden11>0</fme:_2zijden11>
<fme:Aangemaakt_op>15/09/2016</fme:Aangemaakt_op>
</fme:hotelaanwijsbordenOK>
<fme:hotelaanwijsbordenOK>
<fme:Id>106</fme:Id>
<fme:Paalnr>106</fme:Paalnr>
<fme:Straatnaam>Vaartstraat</fme:Straatnaam>
<fme:Huisnummer>0</fme:Huisnummer>
<fme:Locatie>Hoek Handboogstraat</fme:Locatie>
<fme:Inplanting>Voetpad</fme:Inplanting>
<fme:Aantalpijl>1</fme:Aantalpijl>
<fme:Hotelnaam1>Hotel Velotel</fme:Hotelnaam1>
<fme:Aantster1>4</fme:Aantster1>
<fme:_2zijden1>Ja</fme:_2zijden1>
<fme:Staatpijl1>Goed</fme:Staatpijl1>
<fme:Richting1>Back/Rechts</fme:Richting1>
<fme:Aantster2>0</fme:Aantster2>
<fme:_2zijden2>Nee</fme:_2zijden2>
<fme:Aantster3>0</fme:Aantster3>
<fme:_2zijden3>Nee</fme:_2zijden3>
<fme:Aanster4>0</fme:Aanster4>
<fme:_2zijden4>Nee</fme:_2zijden4>
<fme:Aantster5>0</fme:Aantster5>
<fme:_2zijden5>Nee</fme:_2zijden5>
<fme:Aantster6>0</fme:Aantster6>
<fme:_2zijden6>Nee</fme:_2zijden6>
<fme:Foto>foto/DSC07350.JPG</fme:Foto>
<fme:Aantster7>0</fme:Aantster7>
<fme:_2zijden7>0</fme:_2zijden7>
<fme:Aantster8>0</fme:Aantster8>
<fme:_2zijden8>0</fme:_2zijden8>
<fme:Aanster9>0</fme:Aanster9>
<fme:_2zijden9>0</fme:_2zijden9>
<fme:Aantster10>0</fme:Aantster10>
<fme:_2zijden10>0</fme:_2zijden10>
<fme:Aantster11>0</fme:Aantster11>
<fme:_2zijden11>0</fme:_2zijden11>
<fme:Aangemaakt_op>15/09/2016</fme:Aangemaakt_op>
</fme:hotelaanwijsbordenOK>
<fme:hotelaanwijsbordenOK>
<fme:Id>105</fme:Id>
<fme:Paalnr>105</fme:Paalnr>
<fme:Straatnaam>Laconiastraat</fme:Straatnaam>
<fme:Huisnummer>0</fme:Huisnummer>
<fme:Locatie>Over uitleendienst Stad Brugge, hoek St-Pieters Kerklaan</fme:Locatie>
<fme:Inplanting>gras naast voetpad</fme:Inplanting>
<fme:Aantalpijl>1</fme:Aantalpijl>
<fme:Hotelnaam1>Hotel Velotel</fme:Hotelnaam1>
<fme:Aantster1>4</fme:Aantster1>
<fme:_2zijden1>Ja</fme:_2zijden1>
<fme:Staatpijl1>Goed</fme:Staatpijl1>
<fme:Richting1>Front</fme:Richting1>
<fme:Aantster2>0</fme:Aantster2>
<fme:_2zijden2>Nee</fme:_2zijden2>
<fme:Aantster3>0</fme:Aantster3>
<fme:_2zijden3>Nee</fme:_2zijden3>
<fme:Aanster4>0</fme:Aanster4>
<fme:_2zijden4>Nee</fme:_2zijden4>
<fme:Aantster5>0</fme:Aantster5>
<fme:_2zijden5>Nee</fme:_2zijden5>
<fme:Aantster6>0</fme:Aantster6>
<fme:_2zijden6>Nee</fme:_2zijden6>
<fme:Foto>foto/DSC07351.JPG</fme:Foto>
<fme:Aantster7>0</fme:Aantster7>
<fme:_2zijden7>0</fme:_2zijden7>
<fme:Aantster8>0</fme:Aantster8>
<fme:_2zijden8>0</fme:_2zijden8>
<fme:Aanster9>0</fme:Aanster9>
<fme:_2zijden9>0</fme:_2zijden9>
<fme:Aantster10>0</fme:Aantster10>
<fme:_2zijden10>0</fme:_2zijden10>
<fme:Aantster11>0</fme:Aantster11>
<fme:_2zijden11>0</fme:_2zijden11>
<fme:Aangemaakt_op>15/09/2016</fme:Aangemaakt_op>
</fme:hotelaanwijsbordenOK>
<fme:hotelaanwijsbordenOK>
<fme:Id>109</fme:Id>
<fme:Paalnr>109</fme:Paalnr>
<fme:Straatnaam>Neststraat</fme:Straatnaam>
<fme:Huisnummer>0</fme:Huisnummer>
<fme:Locatie>Hoek Hoefijzerlaan</fme:Locatie>
<fme:Inplanting>Rijbaan</fme:Inplanting>
<fme:Aantalpijl>1</fme:Aantalpijl>
<fme:Hotelnaam1>Ensor</fme:Hotelnaam1>
<fme:Aantster1>0</fme:Aantster1>
<fme:_2zijden1>Nee</fme:_2zijden1>
<fme:Staatpijl1>Goed</fme:Staatpijl1>
<fme:Richting1>Rechts</fme:Richting1>
<fme:Aantster2>0</fme:Aantster2>
<fme:_2zijden2>Nee</fme:_2zijden2>
<fme:Aantster3>0</fme:Aantster3>
<fme:_2zijden3>Nee</fme:_2zijden3>
<fme:Aanster4>0</fme:Aanster4>
<fme:_2zijden4>Nee</fme:_2zijden4>
<fme:Aantster5>0</fme:Aantster5>
<fme:_2zijden5>Nee</fme:_2zijden5>
<fme:Aantster6>0</fme:Aantster6>
<fme:_2zijden6>Nee</fme:_2zijden6>
<fme:Foto>foto/DSC07259.JPG</fme:Foto>
<fme:Aantster7>0</fme:Aantster7>
<fme:_2zijden7>0</fme:_2zijden7>
<fme:Aantster8>0</fme:Aantster8>
<fme:_2zijden8>0</fme:_2zijden8>
<fme:Aanster9>0</fme:Aanster9>
<fme:_2zijden9>0</fme:_2zijden9>
<fme:Aantster10>0</fme:Aantster10>
<fme:_2zijden10>0</fme:_2zijden10>
<fme:Aantster11>0</fme:Aantster11>
<fme:_2zijden11>0</fme:_2zijden11>
<fme:Aangemaakt_op>15/09/2016</fme:Aangemaakt_op>
</fme:hotelaanwijsbordenOK>
</fme:hotelaanwijsbordenOK-table>
</fme:xml-tables>