[
{
"json_featuretype":"Brug"
,"Functie":"Brug"
,"Objectnaam":"Herdersbrug"
,"HMpunt":-9999
,"Naam_locatie":"Dudzele"
,"Naam_waterweg":"Kanaal Brugge-Zeebrugge"
,"LatWGS84":51.269866
,"LoWGS84":3.21294
,"Aangemaakt op":"22/06/2016"
,"json_ogc_wkt_crs":"GEOGCS[\"WGS84 Lat/Longs\",DATUM[\"WGS_1984\",SPHEROID[\"World Geodetic System of 1984, GEM 10C\",6378137,298.257223563,AUTHORITY[\"EPSG\",\"7030\"]],AUTHORITY[\"EPSG\",\"6326\"]],PRIMEM[\"Greenwich\",0],UNIT[\"degree\",0.0174532925199433],AUTHORITY[\"EPSG\",\"4326\"]]"
,"json_geometry":{"type":"Point","coordinates":[3.21293999928709,51.2698660000637]}
}
,{
"json_featuretype":"Brug"
,"Functie":"Brug"
,"Objectnaam":"Pierre Vandammusluis: Brug NO"
,"HMpunt":-9999
,"Naam_locatie":"Zeebrugge"
,"Naam_waterweg":"Pierre Vandammesluis - CDNB"
,"LatWGS84":51.336399
,"LoWGS84":3.215039
,"Aangemaakt op":"22/06/2016"
,"json_ogc_wkt_crs":"GEOGCS[\"WGS84 Lat/Longs\",DATUM[\"WGS_1984\",SPHEROID[\"World Geodetic System of 1984, GEM 10C\",6378137,298.257223563,AUTHORITY[\"EPSG\",\"7030\"]],AUTHORITY[\"EPSG\",\"6326\"]],PRIMEM[\"Greenwich\",0],UNIT[\"degree\",0.0174532925199433],AUTHORITY[\"EPSG\",\"4326\"]]"
,"json_geometry":{"type":"Point","coordinates":[3.21503899962958,51.336399000656]}
}
,{
"json_featuretype":"Brug"
,"Functie":"Brug"
,"Objectnaam":"Pierre Vandammusluis: Brug NW"
,"HMpunt":-9999
,"Naam_locatie":"Zeebrugge"
,"Naam_waterweg":"Pierre Vandammesluis - CDNB"
,"LatWGS84":51.336549
,"LoWGS84":3.214902
,"Aangemaakt op":"22/06/2016"
,"json_ogc_wkt_crs":"GEOGCS[\"WGS84 Lat/Longs\",DATUM[\"WGS_1984\",SPHEROID[\"World Geodetic System of 1984, GEM 10C\",6378137,298.257223563,AUTHORITY[\"EPSG\",\"7030\"]],AUTHORITY[\"EPSG\",\"6326\"]],PRIMEM[\"Greenwich\",0],UNIT[\"degree\",0.0174532925199433],AUTHORITY[\"EPSG\",\"4326\"]]"
,"json_geometry":{"type":"Point","coordinates":[3.21490199927425,51.3365490002751]}
}
,{
"json_featuretype":"Brug"
,"Functie":"Brug"
,"Objectnaam":"Pierre Vandammusluis: Brug ZO"
,"HMpunt":-9999
,"Naam_locatie":"Zeebrugge"
,"Naam_waterweg":"Pierre Vandammesluis - CDNB"
,"LatWGS84":51.331362
,"LoWGS84":3.219452
,"Aangemaakt op":"22/06/2016"
,"json_ogc_wkt_crs":"GEOGCS[\"WGS84 Lat/Longs\",DATUM[\"WGS_1984\",SPHEROID[\"World Geodetic System of 1984, GEM 10C\",6378137,298.257223563,AUTHORITY[\"EPSG\",\"7030\"]],AUTHORITY[\"EPSG\",\"6326\"]],PRIMEM[\"Greenwich\",0],UNIT[\"degree\",0.0174532925199433],AUTHORITY[\"EPSG\",\"4326\"]]"
,"json_geometry":{"type":"Point","coordinates":[3.21945200064104,51.3313620006249]}
}
,{
"json_featuretype":"Brug"
,"Functie":"Brug"
,"Objectnaam":"Pierre Vandammusluis: Brug ZW"
,"HMpunt":-9999
,"Naam_locatie":"Zeebrugge"
,"Naam_waterweg":"Pierre Vandammesluis - CDNB"
,"LatWGS84":51.331537
,"LoWGS84":3.219306
,"Aangemaakt op":"22/06/2016"
,"json_ogc_wkt_crs":"GEOGCS[\"WGS84 Lat/Longs\",DATUM[\"WGS_1984\",SPHEROID[\"World Geodetic System of 1984, GEM 10C\",6378137,298.257223563,AUTHORITY[\"EPSG\",\"7030\"]],AUTHORITY[\"EPSG\",\"6326\"]],PRIMEM[\"Greenwich\",0],UNIT[\"degree\",0.0174532925199433],AUTHORITY[\"EPSG\",\"4326\"]]"
,"json_geometry":{"type":"Point","coordinates":[3.21930599944099,51.3315369997723]}
}
,{
"json_featuretype":"Brug"
,"Functie":"Brug"
,"Objectnaam":"Spoorwegbrug"
,"HMpunt":-9999
,"Naam_locatie":"Dudzele"
,"Naam_waterweg":"Kanaal Brugge-Zeebrugge"
,"LatWGS84":51.27442
,"LoWGS84":3.212032
,"Aangemaakt op":"22/06/2016"
,"json_ogc_wkt_crs":"GEOGCS[\"WGS84 Lat/Longs\",DATUM[\"WGS_1984\",SPHEROID[\"World Geodetic System of 1984, GEM 10C\",6378137,298.257223563,AUTHORITY[\"EPSG\",\"7030\"]],AUTHORITY[\"EPSG\",\"6326\"]],PRIMEM[\"Greenwich\",0],UNIT[\"degree\",0.0174532925199433],AUTHORITY[\"EPSG\",\"4326\"]]"
,"json_geometry":{"type":"Point","coordinates":[3.21203199933186,51.2744200002406]}
}
,{
"json_featuretype":"Brug"
,"Functie":"Brug"
,"Objectnaam":"Visartsluis: Straussbrug"
,"HMpunt":-9999
,"Naam_locatie":"Zeebrugge"
,"Naam_waterweg":"Visartsluis - CDNB"
,"LatWGS84":51.326851
,"LoWGS84":3.198398
,"Aangemaakt op":"22/06/2016"
,"json_ogc_wkt_crs":"GEOGCS[\"WGS84 Lat/Longs\",DATUM[\"WGS_1984\",SPHEROID[\"World Geodetic System of 1984, GEM 10C\",6378137,298.257223563,AUTHORITY[\"EPSG\",\"7030\"]],AUTHORITY[\"EPSG\",\"6326\"]],PRIMEM[\"Greenwich\",0],UNIT[\"degree\",0.0174532925199433],AUTHORITY[\"EPSG\",\"4326\"]]"
,"json_geometry":{"type":"Point","coordinates":[3.19839800059651,51.3268510000881]}
}
,{
"json_featuretype":"Brug"
,"Functie":"Brug"
,"Objectnaam":"Visartsluis: wegbrug N"
,"HMpunt":-9999
,"Naam_locatie":"Zeebrugge"
,"Naam_waterweg":"Visartsluis - CDNB"
,"LatWGS84":51.32864
,"LoWGS84":3.197946
,"Aangemaakt op":"22/06/2016"
,"json_ogc_wkt_crs":"GEOGCS[\"WGS84 Lat/Longs\",DATUM[\"WGS_1984\",SPHEROID[\"World Geodetic System of 1984, GEM 10C\",6378137,298.257223563,AUTHORITY[\"EPSG\",\"7030\"]],AUTHORITY[\"EPSG\",\"6326\"]],PRIMEM[\"Greenwich\",0],UNIT[\"degree\",0.0174532925199433],AUTHORITY[\"EPSG\",\"4326\"]]"
,"json_geometry":{"type":"Point","coordinates":[3.19794600014214,51.3286399997828]}
}
]