[
{
"json_featuretype":"Dok"
,"Functie":"Dok"
,"Objectnaam":"1ste Militair Tijdok"
,"HMpunt":-9999
,"Naam_locatie":"Zeebrugge"
,"Naam_waterweg":"Visartsluis - CDNB"
,"LatWGS84":51.338409
,"LoWGS84":3.204717
,"Aangemaakt op":"22/06/2016"
,"json_ogc_wkt_crs":"GEOGCS[\"WGS84 Lat/Longs\",DATUM[\"WGS_1984\",SPHEROID[\"World Geodetic System of 1984, GEM 10C\",6378137,298.257223563,AUTHORITY[\"EPSG\",\"7030\"]],AUTHORITY[\"EPSG\",\"6326\"]],PRIMEM[\"Greenwich\",0],UNIT[\"degree\",0.0174532925199433],AUTHORITY[\"EPSG\",\"4326\"]]"
,"json_geometry":{"type":"Point","coordinates":[3.20471700102715,51.3384090004265]}
}
,{
"json_featuretype":"Dok"
,"Functie":"Dok"
,"Objectnaam":"2de Militair Tijdok"
,"HMpunt":-9999
,"Naam_locatie":"Zeebrugge"
,"Naam_waterweg":"Visartsluis - CDNB"
,"LatWGS84":51.335469
,"LoWGS84":3.199227
,"Aangemaakt op":"22/06/2016"
,"json_ogc_wkt_crs":"GEOGCS[\"WGS84 Lat/Longs\",DATUM[\"WGS_1984\",SPHEROID[\"World Geodetic System of 1984, GEM 10C\",6378137,298.257223563,AUTHORITY[\"EPSG\",\"7030\"]],AUTHORITY[\"EPSG\",\"6326\"]],PRIMEM[\"Greenwich\",0],UNIT[\"degree\",0.0174532925199433],AUTHORITY[\"EPSG\",\"4326\"]]"
,"json_geometry":{"type":"Point","coordinates":[3.1992270002211,51.3354690000246]}
}
,{
"json_featuretype":"Dok"
,"Functie":"Dok"
,"Objectnaam":"Albert II-dok"
,"HMpunt":-9999
,"Naam_locatie":"Zeebrugge"
,"Naam_waterweg":"Albert II dok"
,"LatWGS84":51.348565
,"LoWGS84":3.187507
,"Aangemaakt op":"22/06/2016"
,"json_ogc_wkt_crs":"GEOGCS[\"WGS84 Lat/Longs\",DATUM[\"WGS_1984\",SPHEROID[\"World Geodetic System of 1984, GEM 10C\",6378137,298.257223563,AUTHORITY[\"EPSG\",\"7030\"]],AUTHORITY[\"EPSG\",\"6326\"]],PRIMEM[\"Greenwich\",0],UNIT[\"degree\",0.0174532925199433],AUTHORITY[\"EPSG\",\"4326\"]]"
,"json_geometry":{"type":"Point","coordinates":[3.18750700007306,51.3485650004933]}
}
,{
"json_featuretype":"Dok"
,"Functie":"Dok"
,"Objectnaam":"Brittanniadok"
,"HMpunt":-9999
,"Naam_locatie":"Zeebrugge"
,"Naam_waterweg":"Brittaniadok"
,"LatWGS84":51.342859
,"LoWGS84":3.216617
,"Aangemaakt op":"22/06/2016"
,"json_ogc_wkt_crs":"GEOGCS[\"WGS84 Lat/Longs\",DATUM[\"WGS_1984\",SPHEROID[\"World Geodetic System of 1984, GEM 10C\",6378137,298.257223563,AUTHORITY[\"EPSG\",\"7030\"]],AUTHORITY[\"EPSG\",\"6326\"]],PRIMEM[\"Greenwich\",0],UNIT[\"degree\",0.0174532925199433],AUTHORITY[\"EPSG\",\"4326\"]]"
,"json_geometry":{"type":"Point","coordinates":[3.21661700081682,51.3428589999313]}
}
,{
"json_featuretype":"Dok"
,"Functie":"Dok"
,"Objectnaam":"Groot Handelsdok"
,"HMpunt":-9999
,"Naam_locatie":"Brugge"
,"Naam_waterweg":"Kanaal Brugge-Zeebrugge"
,"LatWGS84":51.22671
,"LoWGS84":3.222397
,"Aangemaakt op":"22/06/2016"
,"json_ogc_wkt_crs":"GEOGCS[\"WGS84 Lat/Longs\",DATUM[\"WGS_1984\",SPHEROID[\"World Geodetic System of 1984, GEM 10C\",6378137,298.257223563,AUTHORITY[\"EPSG\",\"7030\"]],AUTHORITY[\"EPSG\",\"6326\"]],PRIMEM[\"Greenwich\",0],UNIT[\"degree\",0.0174532925199433],AUTHORITY[\"EPSG\",\"4326\"]]"
,"json_geometry":{"type":"Point","coordinates":[3.22239699977271,51.226709999352]}
}
,{
"json_featuretype":"Dok"
,"Functie":"Dok"
,"Objectnaam":"Klein Handelsdok"
,"HMpunt":-9999
,"Naam_locatie":"Brugge"
,"Naam_waterweg":"Klein Handelsdok"
,"LatWGS84":51.229682
,"LoWGS84":3.224623
,"Aangemaakt op":"22/06/2016"
,"json_ogc_wkt_crs":"GEOGCS[\"WGS84 Lat/Longs\",DATUM[\"WGS_1984\",SPHEROID[\"World Geodetic System of 1984, GEM 10C\",6378137,298.257223563,AUTHORITY[\"EPSG\",\"7030\"]],AUTHORITY[\"EPSG\",\"6326\"]],PRIMEM[\"Greenwich\",0],UNIT[\"degree\",0.0174532925199433],AUTHORITY[\"EPSG\",\"4326\"]]"
,"json_geometry":{"type":"Point","coordinates":[3.22462300030678,51.2296819994652]}
}
,{
"json_featuretype":"Dok"
,"Functie":"Dok"
,"Objectnaam":"LNG dok"
,"HMpunt":-9999
,"Naam_locatie":"Zeebrugge"
,"Naam_waterweg":"LNG"
,"LatWGS84":51.35041
,"LoWGS84":3.214654
,"Aangemaakt op":"22/06/2016"
,"json_ogc_wkt_crs":"GEOGCS[\"WGS84 Lat/Longs\",DATUM[\"WGS_1984\",SPHEROID[\"World Geodetic System of 1984, GEM 10C\",6378137,298.257223563,AUTHORITY[\"EPSG\",\"7030\"]],AUTHORITY[\"EPSG\",\"6326\"]],PRIMEM[\"Greenwich\",0],UNIT[\"degree\",0.0174532925199433],AUTHORITY[\"EPSG\",\"4326\"]]"
,"json_geometry":{"type":"Point","coordinates":[3.21465399918878,51.3504100002716]}
}
,{
"json_featuretype":"Dok"
,"Functie":"Dok"
,"Objectnaam":"Nijverheidsdok"
,"HMpunt":-9999
,"Naam_locatie":"Brugge"
,"Naam_waterweg":"Nijverheidsdok"
,"LatWGS84":51.229171
,"LoWGS84":3.21706
,"Aangemaakt op":"22/06/2016"
,"json_ogc_wkt_crs":"GEOGCS[\"WGS84 Lat/Longs\",DATUM[\"WGS_1984\",SPHEROID[\"World Geodetic System of 1984, GEM 10C\",6378137,298.257223563,AUTHORITY[\"EPSG\",\"7030\"]],AUTHORITY[\"EPSG\",\"6326\"]],PRIMEM[\"Greenwich\",0],UNIT[\"degree\",0.0174532925199433],AUTHORITY[\"EPSG\",\"4326\"]]"
,"json_geometry":{"type":"Point","coordinates":[3.21706000066892,51.2291710001302]}
}
,{
"json_featuretype":"Dok"
,"Functie":"Dok"
,"Objectnaam":"Noordelijk Insteekdok"
,"HMpunt":-9999
,"Naam_locatie":"Zeebrugge"
,"Naam_waterweg":"Noordelijk Insteekdok"
,"LatWGS84":51.320636
,"LoWGS84":3.213113
,"Aangemaakt op":"22/06/2016"
,"json_ogc_wkt_crs":"GEOGCS[\"WGS84 Lat/Longs\",DATUM[\"WGS_1984\",SPHEROID[\"World Geodetic System of 1984, GEM 10C\",6378137,298.257223563,AUTHORITY[\"EPSG\",\"7030\"]],AUTHORITY[\"EPSG\",\"6326\"]],PRIMEM[\"Greenwich\",0],UNIT[\"degree\",0.0174532925199433],AUTHORITY[\"EPSG\",\"4326\"]]"
,"json_geometry":{"type":"Point","coordinates":[3.21311299910749,51.3206359995553]}
}
,{
"json_featuretype":"Dok"
,"Functie":"Dok"
,"Objectnaam":"Oud Ferrydok"
,"HMpunt":-9999
,"Naam_locatie":"Zeebrugge"
,"Naam_waterweg":"Oud Ferrydok"
,"LatWGS84":51.319049
,"LoWGS84":3.197945
,"Aangemaakt op":"22/06/2016"
,"json_ogc_wkt_crs":"GEOGCS[\"WGS84 Lat/Longs\",DATUM[\"WGS_1984\",SPHEROID[\"World Geodetic System of 1984, GEM 10C\",6378137,298.257223563,AUTHORITY[\"EPSG\",\"7030\"]],AUTHORITY[\"EPSG\",\"6326\"]],PRIMEM[\"Greenwich\",0],UNIT[\"degree\",0.0174532925199433],AUTHORITY[\"EPSG\",\"4326\"]]"
,"json_geometry":{"type":"Point","coordinates":[3.1979449993781,51.3190489994003]}
}
,{
"json_featuretype":"Dok"
,"Functie":"Dok"
,"Objectnaam":"Prins Filipsdok"
,"HMpunt":-9999
,"Naam_locatie":"Zeebrugge"
,"Naam_waterweg":"Prins Filipsdok"
,"LatWGS84":51.322193
,"LoWGS84":3.195048
,"Aangemaakt op":"22/06/2016"
,"json_ogc_wkt_crs":"GEOGCS[\"WGS84 Lat/Longs\",DATUM[\"WGS_1984\",SPHEROID[\"World Geodetic System of 1984, GEM 10C\",6378137,298.257223563,AUTHORITY[\"EPSG\",\"7030\"]],AUTHORITY[\"EPSG\",\"6326\"]],PRIMEM[\"Greenwich\",0],UNIT[\"degree\",0.0174532925199433],AUTHORITY[\"EPSG\",\"4326\"]]"
,"json_geometry":{"type":"Point","coordinates":[3.19504799994778,51.3221930001176]}
}
,{
"json_featuretype":"Dok"
,"Functie":"Dok"
,"Objectnaam":"Verbindingsdok"
,"HMpunt":-9999
,"Naam_locatie":"Zeebrugge"
,"Naam_waterweg":"Verbindingsdok"
,"LatWGS84":51.316562
,"LoWGS84":3.222016
,"Aangemaakt op":"22/06/2016"
,"json_ogc_wkt_crs":"GEOGCS[\"WGS84 Lat/Longs\",DATUM[\"WGS_1984\",SPHEROID[\"World Geodetic System of 1984, GEM 10C\",6378137,298.257223563,AUTHORITY[\"EPSG\",\"7030\"]],AUTHORITY[\"EPSG\",\"6326\"]],PRIMEM[\"Greenwich\",0],UNIT[\"degree\",0.0174532925199433],AUTHORITY[\"EPSG\",\"4326\"]]"
,"json_geometry":{"type":"Point","coordinates":[3.22201599900079,51.3165619998495]}
}
,{
"json_featuretype":"Dok"
,"Functie":"Dok"
,"Objectnaam":"Wielingendok"
,"HMpunt":-9999
,"Naam_locatie":"Zeebrugge"
,"Naam_waterweg":"Wielingendok"
,"LatWGS84":51.357765
,"LoWGS84":3.182202
,"Aangemaakt op":"22/06/2016"
,"json_ogc_wkt_crs":"GEOGCS[\"WGS84 Lat/Longs\",DATUM[\"WGS_1984\",SPHEROID[\"World Geodetic System of 1984, GEM 10C\",6378137,298.257223563,AUTHORITY[\"EPSG\",\"7030\"]],AUTHORITY[\"EPSG\",\"6326\"]],PRIMEM[\"Greenwich\",0],UNIT[\"degree\",0.0174532925199433],AUTHORITY[\"EPSG\",\"4326\"]]"
,"json_geometry":{"type":"Point","coordinates":[3.18220199891937,51.357764999893]}
}
,{
"json_featuretype":"Dok"
,"Functie":"Dok"
,"Objectnaam":"Zuidelijk Insteekdok"
,"HMpunt":-9999
,"Naam_locatie":"Zeebrugge"
,"Naam_waterweg":"Zuidelijk Insteekdok"
,"LatWGS84":51.307349
,"LoWGS84":3.229586
,"Aangemaakt op":"22/06/2016"
,"json_ogc_wkt_crs":"GEOGCS[\"WGS84 Lat/Longs\",DATUM[\"WGS_1984\",SPHEROID[\"World Geodetic System of 1984, GEM 10C\",6378137,298.257223563,AUTHORITY[\"EPSG\",\"7030\"]],AUTHORITY[\"EPSG\",\"6326\"]],PRIMEM[\"Greenwich\",0],UNIT[\"degree\",0.0174532925199433],AUTHORITY[\"EPSG\",\"4326\"]]"
,"json_geometry":{"type":"Point","coordinates":[3.22958600092931,51.3073489994325]}
}
]