[
{
"json_featuretype":"Havengbied"
,"Functie":"Havengebied"
,"Objectnaam":"Havengebied 1"
,"HMpunt":-9999
,"Naam_locatie":"Zeebrugge"
,"Naam_waterweg":"Albert II dok"
,"LatWGS84":51.349144
,"LoWGS84":3.185063
,"Aangemaakt op":"22/06/2016"
,"json_ogc_wkt_crs":"GEOGCS[\"WGS84 Lat/Longs\",DATUM[\"WGS_1984\",SPHEROID[\"World Geodetic System of 1984, GEM 10C\",6378137,298.257223563,AUTHORITY[\"EPSG\",\"7030\"]],AUTHORITY[\"EPSG\",\"6326\"]],PRIMEM[\"Greenwich\",0],UNIT[\"degree\",0.0174532925199433],AUTHORITY[\"EPSG\",\"4326\"]]"
,"json_geometry":{"type":"Point","coordinates":[3.18506299962376,51.3491440003218]}
}
,{
"json_featuretype":"Havengbied"
,"Functie":"Havengebied"
,"Objectnaam":"Havengebied 2"
,"HMpunt":-9999
,"Naam_locatie":"Zeebrugge"
,"Naam_waterweg":"Visartsluis - CDNB"
,"LatWGS84":51.335354
,"LoWGS84":3.19325
,"Aangemaakt op":"22/06/2016"
,"json_ogc_wkt_crs":"GEOGCS[\"WGS84 Lat/Longs\",DATUM[\"WGS_1984\",SPHEROID[\"World Geodetic System of 1984, GEM 10C\",6378137,298.257223563,AUTHORITY[\"EPSG\",\"7030\"]],AUTHORITY[\"EPSG\",\"6326\"]],PRIMEM[\"Greenwich\",0],UNIT[\"degree\",0.0174532925199433],AUTHORITY[\"EPSG\",\"4326\"]]"
,"json_geometry":{"type":"Point","coordinates":[3.19324999988142,51.3353540004022]}
}
,{
"json_featuretype":"Havengbied"
,"Functie":"Havengebied"
,"Objectnaam":"Havengebied 3"
,"HMpunt":-9999
,"Naam_locatie":"Zeebrugge"
,"Naam_waterweg":"Prins Filipsdok"
,"LatWGS84":51.32168
,"LoWGS84":3.194355
,"Aangemaakt op":"22/06/2016"
,"json_ogc_wkt_crs":"GEOGCS[\"WGS84 Lat/Longs\",DATUM[\"WGS_1984\",SPHEROID[\"World Geodetic System of 1984, GEM 10C\",6378137,298.257223563,AUTHORITY[\"EPSG\",\"7030\"]],AUTHORITY[\"EPSG\",\"6326\"]],PRIMEM[\"Greenwich\",0],UNIT[\"degree\",0.0174532925199433],AUTHORITY[\"EPSG\",\"4326\"]]"
,"json_geometry":{"type":"Point","coordinates":[3.194354998754,51.3216799999461]}
}
,{
"json_featuretype":"Havengbied"
,"Functie":"Havengebied"
,"Objectnaam":"Havengebied 4"
,"HMpunt":-9999
,"Naam_locatie":"Zeebrugge"
,"Naam_waterweg":"Noordelijk Insteekdok"
,"LatWGS84":51.321666
,"LoWGS84":3.210039
,"Aangemaakt op":"22/06/2016"
,"json_ogc_wkt_crs":"GEOGCS[\"WGS84 Lat/Longs\",DATUM[\"WGS_1984\",SPHEROID[\"World Geodetic System of 1984, GEM 10C\",6378137,298.257223563,AUTHORITY[\"EPSG\",\"7030\"]],AUTHORITY[\"EPSG\",\"6326\"]],PRIMEM[\"Greenwich\",0],UNIT[\"degree\",0.0174532925199433],AUTHORITY[\"EPSG\",\"4326\"]]"
,"json_geometry":{"type":"Point","coordinates":[3.21003899959026,51.3216659994971]}
}
,{
"json_featuretype":"Havengbied"
,"Functie":"Havengebied"
,"Objectnaam":"Havengebied 5"
,"HMpunt":-9999
,"Naam_locatie":"Zeebrugge"
,"Naam_waterweg":"Zuidelijk Insteekdok"
,"LatWGS84":51.303632
,"LoWGS84":3.22649
,"Aangemaakt op":"22/06/2016"
,"json_ogc_wkt_crs":"GEOGCS[\"WGS84 Lat/Longs\",DATUM[\"WGS_1984\",SPHEROID[\"World Geodetic System of 1984, GEM 10C\",6378137,298.257223563,AUTHORITY[\"EPSG\",\"7030\"]],AUTHORITY[\"EPSG\",\"6326\"]],PRIMEM[\"Greenwich\",0],UNIT[\"degree\",0.0174532925199433],AUTHORITY[\"EPSG\",\"4326\"]]"
,"json_geometry":{"type":"Point","coordinates":[3.22648999915433,51.3036320005965]}
}
,{
"json_featuretype":"Havengbied"
,"Functie":"Havengebied"
,"Objectnaam":"Havengebied 6"
,"HMpunt":-9999
,"Naam_locatie":"Zeebrugge"
,"Naam_waterweg":"LNG"
,"LatWGS84":51.352381
,"LoWGS84":3.216301
,"Aangemaakt op":"22/06/2016"
,"json_ogc_wkt_crs":"GEOGCS[\"WGS84 Lat/Longs\",DATUM[\"WGS_1984\",SPHEROID[\"World Geodetic System of 1984, GEM 10C\",6378137,298.257223563,AUTHORITY[\"EPSG\",\"7030\"]],AUTHORITY[\"EPSG\",\"6326\"]],PRIMEM[\"Greenwich\",0],UNIT[\"degree\",0.0174532925199433],AUTHORITY[\"EPSG\",\"4326\"]]"
,"json_geometry":{"type":"Point","coordinates":[3.2163009990991,51.3523809995276]}
}
,{
"json_featuretype":"Havengbied"
,"Functie":"Havengebied"
,"Objectnaam":"Havengebied 7"
,"HMpunt":-9999
,"Naam_locatie":"Zeebrugge"
,"Naam_waterweg":"Visartsluis - CDNB"
,"LatWGS84":51.339812
,"LoWGS84":3.205674
,"Aangemaakt op":"22/06/2016"
,"json_ogc_wkt_crs":"GEOGCS[\"WGS84 Lat/Longs\",DATUM[\"WGS_1984\",SPHEROID[\"World Geodetic System of 1984, GEM 10C\",6378137,298.257223563,AUTHORITY[\"EPSG\",\"7030\"]],AUTHORITY[\"EPSG\",\"6326\"]],PRIMEM[\"Greenwich\",0],UNIT[\"degree\",0.0174532925199433],AUTHORITY[\"EPSG\",\"4326\"]]"
,"json_geometry":{"type":"Point","coordinates":[3.20567399874288,51.3398120004994]}
}
,{
"json_featuretype":"Havengbied"
,"Functie":"Havengebied"
,"Objectnaam":"Havengebied 8"
,"HMpunt":-9999
,"Naam_locatie":"Lissewege"
,"Naam_waterweg":"Kanaal Brugge-Zeebrugge"
,"LatWGS84":51.294423
,"LoWGS84":3.206573
,"Aangemaakt op":"22/06/2016"
,"json_ogc_wkt_crs":"GEOGCS[\"WGS84 Lat/Longs\",DATUM[\"WGS_1984\",SPHEROID[\"World Geodetic System of 1984, GEM 10C\",6378137,298.257223563,AUTHORITY[\"EPSG\",\"7030\"]],AUTHORITY[\"EPSG\",\"6326\"]],PRIMEM[\"Greenwich\",0],UNIT[\"degree\",0.0174532925199433],AUTHORITY[\"EPSG\",\"4326\"]]"
,"json_geometry":{"type":"Point","coordinates":[3.20657300115586,51.2944229996288]}
}
,{
"json_featuretype":"Havengbied"
,"Functie":"Havengebied"
,"Objectnaam":"Havengebied 9"
,"HMpunt":-9999
,"Naam_locatie":"Brugge"
,"Naam_waterweg":"Kanaal Brugge-Zeebrugge"
,"LatWGS84":51.247972
,"LoWGS84":3.213829
,"Aangemaakt op":"22/06/2016"
,"json_ogc_wkt_crs":"GEOGCS[\"WGS84 Lat/Longs\",DATUM[\"WGS_1984\",SPHEROID[\"World Geodetic System of 1984, GEM 10C\",6378137,298.257223563,AUTHORITY[\"EPSG\",\"7030\"]],AUTHORITY[\"EPSG\",\"6326\"]],PRIMEM[\"Greenwich\",0],UNIT[\"degree\",0.0174532925199433],AUTHORITY[\"EPSG\",\"4326\"]]"
,"json_geometry":{"type":"Point","coordinates":[3.21382900107108,51.2479719995378]}
}
]