[
{
"json_featuretype":"Ligplaats"
,"Functie":"Ligplaats zonder overslag"
,"Objectnaam":"Ligplaats 108"
,"HMpunt":-9999
,"KadeNR":"108"
,"Naam_locatie":"Zeebrugge"
,"Naam_waterweg":"Geul West - ZP1"
,"LatWGS84":51.33906
,"LoWGS84":3.187479
,"Aangemaakt op":"22/06/2016"
,"json_ogc_wkt_crs":"GEOGCS[\"WGS84 Lat/Longs\",DATUM[\"WGS_1984\",SPHEROID[\"World Geodetic System of 1984, GEM 10C\",6378137,298.257223563,AUTHORITY[\"EPSG\",\"7030\"]],AUTHORITY[\"EPSG\",\"6326\"]],PRIMEM[\"Greenwich\",0],UNIT[\"degree\",0.0174532925199433],AUTHORITY[\"EPSG\",\"4326\"]]"
,"json_geometry":{"type":"Point","coordinates":[3.18747900123842,51.3390600003025]}
}
,{
"json_featuretype":"Ligplaats"
,"Functie":"Ligplaats zonder overslag"
,"Objectnaam":"Ligplaats 109"
,"HMpunt":-9999
,"KadeNR":"109"
,"Naam_locatie":"Zeebrugge"
,"Naam_waterweg":"Geul West - ZP1"
,"LatWGS84":51.338161
,"LoWGS84":3.186819
,"Aangemaakt op":"22/06/2016"
,"json_ogc_wkt_crs":"GEOGCS[\"WGS84 Lat/Longs\",DATUM[\"WGS_1984\",SPHEROID[\"World Geodetic System of 1984, GEM 10C\",6378137,298.257223563,AUTHORITY[\"EPSG\",\"7030\"]],AUTHORITY[\"EPSG\",\"6326\"]],PRIMEM[\"Greenwich\",0],UNIT[\"degree\",0.0174532925199433],AUTHORITY[\"EPSG\",\"4326\"]]"
,"json_geometry":{"type":"Point","coordinates":[3.18681900036499,51.3381610006582]}
}
,{
"json_featuretype":"Ligplaats"
,"Functie":"Ligplaats zonder overslag"
,"Objectnaam":"Ligplaats 110"
,"HMpunt":-9999
,"KadeNR":"110"
,"Naam_locatie":"Zeebrugge"
,"Naam_waterweg":"Geul West - ZP1"
,"LatWGS84":51.337352
,"LoWGS84":3.186404
,"Aangemaakt op":"22/06/2016"
,"json_ogc_wkt_crs":"GEOGCS[\"WGS84 Lat/Longs\",DATUM[\"WGS_1984\",SPHEROID[\"World Geodetic System of 1984, GEM 10C\",6378137,298.257223563,AUTHORITY[\"EPSG\",\"7030\"]],AUTHORITY[\"EPSG\",\"6326\"]],PRIMEM[\"Greenwich\",0],UNIT[\"degree\",0.0174532925199433],AUTHORITY[\"EPSG\",\"4326\"]]"
,"json_geometry":{"type":"Point","coordinates":[3.18640400068007,51.3373520005156]}
}
,{
"json_featuretype":"Ligplaats"
,"Functie":"Ligplaats zonder overslag"
,"Objectnaam":"Ligplaats 111"
,"HMpunt":-9999
,"KadeNR":"111"
,"Naam_locatie":"Zeebrugge"
,"Naam_waterweg":"Geul West - ZP1"
,"LatWGS84":51.334877
,"LoWGS84":3.186587
,"Aangemaakt op":"22/06/2016"
,"json_ogc_wkt_crs":"GEOGCS[\"WGS84 Lat/Longs\",DATUM[\"WGS_1984\",SPHEROID[\"World Geodetic System of 1984, GEM 10C\",6378137,298.257223563,AUTHORITY[\"EPSG\",\"7030\"]],AUTHORITY[\"EPSG\",\"6326\"]],PRIMEM[\"Greenwich\",0],UNIT[\"degree\",0.0174532925199433],AUTHORITY[\"EPSG\",\"4326\"]]"
,"json_geometry":{"type":"Point","coordinates":[3.18658699930393,51.3348770002142]}
}
,{
"json_featuretype":"Ligplaats"
,"Functie":"Ligplaats zonder overslag"
,"Objectnaam":"Ligplaats 112"
,"HMpunt":-9999
,"KadeNR":"112"
,"Naam_locatie":"Zeebrugge"
,"Naam_waterweg":"Geul West - ZP1"
,"LatWGS84":51.334856
,"LoWGS84":3.186696
,"Aangemaakt op":"22/06/2016"
,"json_ogc_wkt_crs":"GEOGCS[\"WGS84 Lat/Longs\",DATUM[\"WGS_1984\",SPHEROID[\"World Geodetic System of 1984, GEM 10C\",6378137,298.257223563,AUTHORITY[\"EPSG\",\"7030\"]],AUTHORITY[\"EPSG\",\"6326\"]],PRIMEM[\"Greenwich\",0],UNIT[\"degree\",0.0174532925199433],AUTHORITY[\"EPSG\",\"4326\"]]"
,"json_geometry":{"type":"Point","coordinates":[3.18669600086187,51.3348559994103]}
}
,{
"json_featuretype":"Ligplaats"
,"Functie":"Ligplaats zonder overslag"
,"Objectnaam":"Ligplaats 125"
,"HMpunt":-9999
,"KadeNR":"125"
,"Naam_locatie":"Zeebrugge"
,"Naam_waterweg":"Albert II dok"
,"LatWGS84":51.346068
,"LoWGS84":3.178072
,"Aangemaakt op":"22/06/2016"
,"json_ogc_wkt_crs":"GEOGCS[\"WGS84 Lat/Longs\",DATUM[\"WGS_1984\",SPHEROID[\"World Geodetic System of 1984, GEM 10C\",6378137,298.257223563,AUTHORITY[\"EPSG\",\"7030\"]],AUTHORITY[\"EPSG\",\"6326\"]],PRIMEM[\"Greenwich\",0],UNIT[\"degree\",0.0174532925199433],AUTHORITY[\"EPSG\",\"4326\"]]"
,"json_geometry":{"type":"Point","coordinates":[3.17807200052622,51.3460679998544]}
}
,{
"json_featuretype":"Ligplaats"
,"Functie":"Ligplaats zonder overslag"
,"Objectnaam":"Ligplaats 126"
,"HMpunt":-9999
,"KadeNR":"126"
,"Naam_locatie":"Zeebrugge"
,"Naam_waterweg":"Albert II dok"
,"LatWGS84":51.347759
,"LoWGS84":3.18142
,"Aangemaakt op":"22/06/2016"
,"json_ogc_wkt_crs":"GEOGCS[\"WGS84 Lat/Longs\",DATUM[\"WGS_1984\",SPHEROID[\"World Geodetic System of 1984, GEM 10C\",6378137,298.257223563,AUTHORITY[\"EPSG\",\"7030\"]],AUTHORITY[\"EPSG\",\"6326\"]],PRIMEM[\"Greenwich\",0],UNIT[\"degree\",0.0174532925199433],AUTHORITY[\"EPSG\",\"4326\"]]"
,"json_geometry":{"type":"Point","coordinates":[3.1814200008927,51.3477589998893]}
}
,{
"json_featuretype":"Ligplaats"
,"Functie":"Ligplaats zonder overslag"
,"Objectnaam":"Ligplaats 127"
,"HMpunt":-9999
,"KadeNR":"127"
,"Naam_locatie":"Zeebrugge"
,"Naam_waterweg":"Albert II dok"
,"LatWGS84":51.34945
,"LoWGS84":3.184769
,"Aangemaakt op":"22/06/2016"
,"json_ogc_wkt_crs":"GEOGCS[\"WGS84 Lat/Longs\",DATUM[\"WGS_1984\",SPHEROID[\"World Geodetic System of 1984, GEM 10C\",6378137,298.257223563,AUTHORITY[\"EPSG\",\"7030\"]],AUTHORITY[\"EPSG\",\"6326\"]],PRIMEM[\"Greenwich\",0],UNIT[\"degree\",0.0174532925199433],AUTHORITY[\"EPSG\",\"4326\"]]"
,"json_geometry":{"type":"Point","coordinates":[3.18476899908932,51.3494499994082]}
}
,{
"json_featuretype":"Ligplaats"
,"Functie":"Ligplaats zonder overslag"
,"Objectnaam":"Ligplaats 202"
,"HMpunt":-9999
,"KadeNR":"202"
,"Naam_locatie":"Zeebrugge"
,"Naam_waterweg":"Geul West - ZP1"
,"LatWGS84":51.336768
,"LoWGS84":3.190421
,"Aangemaakt op":"22/06/2016"
,"json_ogc_wkt_crs":"GEOGCS[\"WGS84 Lat/Longs\",DATUM[\"WGS_1984\",SPHEROID[\"World Geodetic System of 1984, GEM 10C\",6378137,298.257223563,AUTHORITY[\"EPSG\",\"7030\"]],AUTHORITY[\"EPSG\",\"6326\"]],PRIMEM[\"Greenwich\",0],UNIT[\"degree\",0.0174532925199433],AUTHORITY[\"EPSG\",\"4326\"]]"
,"json_geometry":{"type":"Point","coordinates":[3.1904210009633,51.3367679995885]}
}
,{
"json_featuretype":"Ligplaats"
,"Functie":"Ligplaats zonder overslag"
,"Objectnaam":"Ligplaats 203"
,"HMpunt":-9999
,"KadeNR":"203"
,"Naam_locatie":"Zeebrugge"
,"Naam_waterweg":"Geul West - ZP1"
,"LatWGS84":51.33933
,"LoWGS84":3.192291
,"Aangemaakt op":"22/06/2016"
,"json_ogc_wkt_crs":"GEOGCS[\"WGS84 Lat/Longs\",DATUM[\"WGS_1984\",SPHEROID[\"World Geodetic System of 1984, GEM 10C\",6378137,298.257223563,AUTHORITY[\"EPSG\",\"7030\"]],AUTHORITY[\"EPSG\",\"6326\"]],PRIMEM[\"Greenwich\",0],UNIT[\"degree\",0.0174532925199433],AUTHORITY[\"EPSG\",\"4326\"]]"
,"json_geometry":{"type":"Point","coordinates":[3.19229099897524,51.3393299993716]}
}
,{
"json_featuretype":"Ligplaats"
,"Functie":"Ligplaats zonder overslag"
,"Objectnaam":"Ligplaats 204"
,"HMpunt":-9999
,"KadeNR":"204"
,"Naam_locatie":"Zeebrugge"
,"Naam_waterweg":"Visartsluis - CDNB"
,"LatWGS84":51.340089
,"LoWGS84":3.194315
,"Aangemaakt op":"22/06/2016"
,"json_ogc_wkt_crs":"GEOGCS[\"WGS84 Lat/Longs\",DATUM[\"WGS_1984\",SPHEROID[\"World Geodetic System of 1984, GEM 10C\",6378137,298.257223563,AUTHORITY[\"EPSG\",\"7030\"]],AUTHORITY[\"EPSG\",\"6326\"]],PRIMEM[\"Greenwich\",0],UNIT[\"degree\",0.0174532925199433],AUTHORITY[\"EPSG\",\"4326\"]]"
,"json_geometry":{"type":"Point","coordinates":[3.19431500125486,51.3400889994223]}
}
,{
"json_featuretype":"Ligplaats"
,"Functie":"Ligplaats zonder overslag"
,"Objectnaam":"Ligplaats 208"
,"HMpunt":-9999
,"KadeNR":"208"
,"Naam_locatie":"Zeebrugge"
,"Naam_waterweg":"Visartsluis - CDNB"
,"LatWGS84":51.330719
,"LoWGS84":3.195176
,"Aangemaakt op":"22/06/2016"
,"json_ogc_wkt_crs":"GEOGCS[\"WGS84 Lat/Longs\",DATUM[\"WGS_1984\",SPHEROID[\"World Geodetic System of 1984, GEM 10C\",6378137,298.257223563,AUTHORITY[\"EPSG\",\"7030\"]],AUTHORITY[\"EPSG\",\"6326\"]],PRIMEM[\"Greenwich\",0],UNIT[\"degree\",0.0174532925199433],AUTHORITY[\"EPSG\",\"4326\"]]"
,"json_geometry":{"type":"Point","coordinates":[3.19517600075026,51.3307190002343]}
}
,{
"json_featuretype":"Ligplaats"
,"Functie":"Ligplaats zonder overslag"
,"Objectnaam":"Ligplaats 210"
,"HMpunt":-9999
,"KadeNR":"210"
,"Naam_locatie":"Zeebrugge"
,"Naam_waterweg":"Visartsluis - CDNB"
,"LatWGS84":51.330057
,"LoWGS84":3.196881
,"Aangemaakt op":"22/06/2016"
,"json_ogc_wkt_crs":"GEOGCS[\"WGS84 Lat/Longs\",DATUM[\"WGS_1984\",SPHEROID[\"World Geodetic System of 1984, GEM 10C\",6378137,298.257223563,AUTHORITY[\"EPSG\",\"7030\"]],AUTHORITY[\"EPSG\",\"6326\"]],PRIMEM[\"Greenwich\",0],UNIT[\"degree\",0.0174532925199433],AUTHORITY[\"EPSG\",\"4326\"]]"
,"json_geometry":{"type":"Point","coordinates":[3.19688100026625,51.3300570003469]}
}
,{
"json_featuretype":"Ligplaats"
,"Functie":"Ligplaats zonder overslag"
,"Objectnaam":"Ligplaats 211"
,"HMpunt":-9999
,"KadeNR":"211"
,"Naam_locatie":"Zeebrugge"
,"Naam_waterweg":"Visartsluis - CDNB"
,"LatWGS84":51.329401
,"LoWGS84":3.19706
,"Aangemaakt op":"22/06/2016"
,"json_ogc_wkt_crs":"GEOGCS[\"WGS84 Lat/Longs\",DATUM[\"WGS_1984\",SPHEROID[\"World Geodetic System of 1984, GEM 10C\",6378137,298.257223563,AUTHORITY[\"EPSG\",\"7030\"]],AUTHORITY[\"EPSG\",\"6326\"]],PRIMEM[\"Greenwich\",0],UNIT[\"degree\",0.0174532925199433],AUTHORITY[\"EPSG\",\"4326\"]]"
,"json_geometry":{"type":"Point","coordinates":[3.19705999961208,51.3294009994659]}
}
,{
"json_featuretype":"Ligplaats"
,"Functie":"Ligplaats zonder overslag"
,"Objectnaam":"Ligplaats 222"
,"HMpunt":-9999
,"KadeNR":"222"
,"Naam_locatie":"Zeebrugge"
,"Naam_waterweg":"Visartsluis - CDNB"
,"LatWGS84":51.331705
,"LoWGS84":3.2005
,"Aangemaakt op":"22/06/2016"
,"json_ogc_wkt_crs":"GEOGCS[\"WGS84 Lat/Longs\",DATUM[\"WGS_1984\",SPHEROID[\"World Geodetic System of 1984, GEM 10C\",6378137,298.257223563,AUTHORITY[\"EPSG\",\"7030\"]],AUTHORITY[\"EPSG\",\"6326\"]],PRIMEM[\"Greenwich\",0],UNIT[\"degree\",0.0174532925199433],AUTHORITY[\"EPSG\",\"4326\"]]"
,"json_geometry":{"type":"Point","coordinates":[3.20050000065928,51.3317050000718]}
}
,{
"json_featuretype":"Ligplaats"
,"Functie":"Ligplaats zonder overslag"
,"Objectnaam":"Ligplaats 301"
,"HMpunt":-9999
,"KadeNR":"301"
,"Naam_locatie":"Zeebrugge"
,"Naam_waterweg":"Kanaal Brugge-Zeebrugge"
,"LatWGS84":51.325374
,"LoWGS84":3.19812
,"Aangemaakt op":"22/06/2016"
,"json_ogc_wkt_crs":"GEOGCS[\"WGS84 Lat/Longs\",DATUM[\"WGS_1984\",SPHEROID[\"World Geodetic System of 1984, GEM 10C\",6378137,298.257223563,AUTHORITY[\"EPSG\",\"7030\"]],AUTHORITY[\"EPSG\",\"6326\"]],PRIMEM[\"Greenwich\",0],UNIT[\"degree\",0.0174532925199433],AUTHORITY[\"EPSG\",\"4326\"]]"
,"json_geometry":{"type":"Point","coordinates":[3.19811999925687,51.3253739998555]}
}
,{
"json_featuretype":"Ligplaats"
,"Functie":"Ligplaats zonder overslag"
,"Objectnaam":"Ligplaats 302"
,"HMpunt":-9999
,"KadeNR":"302"
,"Naam_locatie":"Zeebrugge"
,"Naam_waterweg":"Prins Filipsdok"
,"LatWGS84":51.323396
,"LoWGS84":3.195946
,"Aangemaakt op":"22/06/2016"
,"json_ogc_wkt_crs":"GEOGCS[\"WGS84 Lat/Longs\",DATUM[\"WGS_1984\",SPHEROID[\"World Geodetic System of 1984, GEM 10C\",6378137,298.257223563,AUTHORITY[\"EPSG\",\"7030\"]],AUTHORITY[\"EPSG\",\"6326\"]],PRIMEM[\"Greenwich\",0],UNIT[\"degree\",0.0174532925199433],AUTHORITY[\"EPSG\",\"4326\"]]"
,"json_geometry":{"type":"Point","coordinates":[3.19594600023611,51.3233960006648]}
}
,{
"json_featuretype":"Ligplaats"
,"Functie":"Ligplaats zonder overslag"
,"Objectnaam":"Ligplaats 305"
,"HMpunt":-9999
,"KadeNR":"305"
,"Naam_locatie":"Zeebrugge"
,"Naam_waterweg":"Prins Filipsdok"
,"LatWGS84":51.320403
,"LoWGS84":3.191864
,"Aangemaakt op":"22/06/2016"
,"json_ogc_wkt_crs":"GEOGCS[\"WGS84 Lat/Longs\",DATUM[\"WGS_1984\",SPHEROID[\"World Geodetic System of 1984, GEM 10C\",6378137,298.257223563,AUTHORITY[\"EPSG\",\"7030\"]],AUTHORITY[\"EPSG\",\"6326\"]],PRIMEM[\"Greenwich\",0],UNIT[\"degree\",0.0174532925199433],AUTHORITY[\"EPSG\",\"4326\"]]"
,"json_geometry":{"type":"Point","coordinates":[3.19186399983799,51.320402999288]}
}
,{
"json_featuretype":"Ligplaats"
,"Functie":"Ligplaats zonder overslag"
,"Objectnaam":"Ligplaats 306"
,"HMpunt":-9999
,"KadeNR":"306"
,"Naam_locatie":"Zeebrugge"
,"Naam_waterweg":"Prins Filipsdok"
,"LatWGS84":51.320133
,"LoWGS84":3.192983
,"Aangemaakt op":"22/06/2016"
,"json_ogc_wkt_crs":"GEOGCS[\"WGS84 Lat/Longs\",DATUM[\"WGS_1984\",SPHEROID[\"World Geodetic System of 1984, GEM 10C\",6378137,298.257223563,AUTHORITY[\"EPSG\",\"7030\"]],AUTHORITY[\"EPSG\",\"6326\"]],PRIMEM[\"Greenwich\",0],UNIT[\"degree\",0.0174532925199433],AUTHORITY[\"EPSG\",\"4326\"]]"
,"json_geometry":{"type":"Point","coordinates":[3.19298300120034,51.3201330007115]}
}
,{
"json_featuretype":"Ligplaats"
,"Functie":"Ligplaats zonder overslag"
,"Objectnaam":"Ligplaats 307"
,"HMpunt":-9999
,"KadeNR":"307"
,"Naam_locatie":"Zeebrugge"
,"Naam_waterweg":"Prins Filipsdok"
,"LatWGS84":51.320911
,"LoWGS84":3.194653
,"Aangemaakt op":"22/06/2016"
,"json_ogc_wkt_crs":"GEOGCS[\"WGS84 Lat/Longs\",DATUM[\"WGS_1984\",SPHEROID[\"World Geodetic System of 1984, GEM 10C\",6378137,298.257223563,AUTHORITY[\"EPSG\",\"7030\"]],AUTHORITY[\"EPSG\",\"6326\"]],PRIMEM[\"Greenwich\",0],UNIT[\"degree\",0.0174532925199433],AUTHORITY[\"EPSG\",\"4326\"]]"
,"json_geometry":{"type":"Point","coordinates":[3.19465300035305,51.3209109996742]}
}
,{
"json_featuretype":"Ligplaats"
,"Functie":"Ligplaats zonder overslag"
,"Objectnaam":"Ligplaats 308"
,"HMpunt":-9999
,"KadeNR":"308"
,"Naam_locatie":"Zeebrugge"
,"Naam_waterweg":"Prins Filipsdok"
,"LatWGS84":51.321839
,"LoWGS84":3.196612
,"Aangemaakt op":"22/06/2016"
,"json_ogc_wkt_crs":"GEOGCS[\"WGS84 Lat/Longs\",DATUM[\"WGS_1984\",SPHEROID[\"World Geodetic System of 1984, GEM 10C\",6378137,298.257223563,AUTHORITY[\"EPSG\",\"7030\"]],AUTHORITY[\"EPSG\",\"6326\"]],PRIMEM[\"Greenwich\",0],UNIT[\"degree\",0.0174532925199433],AUTHORITY[\"EPSG\",\"4326\"]]"
,"json_geometry":{"type":"Point","coordinates":[3.19661199970644,51.3218390006227]}
}
,{
"json_featuretype":"Ligplaats"
,"Functie":"Ligplaats zonder overslag"
,"Objectnaam":"Ligplaats 309"
,"HMpunt":-9999
,"KadeNR":"309"
,"Naam_locatie":"Zeebrugge"
,"Naam_waterweg":"Oud Ferrydok"
,"LatWGS84":51.31962
,"LoWGS84":3.197729
,"Aangemaakt op":"22/06/2016"
,"json_ogc_wkt_crs":"GEOGCS[\"WGS84 Lat/Longs\",DATUM[\"WGS_1984\",SPHEROID[\"World Geodetic System of 1984, GEM 10C\",6378137,298.257223563,AUTHORITY[\"EPSG\",\"7030\"]],AUTHORITY[\"EPSG\",\"6326\"]],PRIMEM[\"Greenwich\",0],UNIT[\"degree\",0.0174532925199433],AUTHORITY[\"EPSG\",\"4326\"]]"
,"json_geometry":{"type":"Point","coordinates":[3.19772900032308,51.3196199996035]}
}
,{
"json_featuretype":"Ligplaats"
,"Functie":"Ligplaats zonder overslag"
,"Objectnaam":"Ligplaats 310"
,"HMpunt":-9999
,"KadeNR":"310"
,"Naam_locatie":"Zeebrugge"
,"Naam_waterweg":"Oud Ferrydok"
,"LatWGS84":51.317714
,"LoWGS84":3.195538
,"Aangemaakt op":"22/06/2016"
,"json_ogc_wkt_crs":"GEOGCS[\"WGS84 Lat/Longs\",DATUM[\"WGS_1984\",SPHEROID[\"World Geodetic System of 1984, GEM 10C\",6378137,298.257223563,AUTHORITY[\"EPSG\",\"7030\"]],AUTHORITY[\"EPSG\",\"6326\"]],PRIMEM[\"Greenwich\",0],UNIT[\"degree\",0.0174532925199433],AUTHORITY[\"EPSG\",\"4326\"]]"
,"json_geometry":{"type":"Point","coordinates":[3.19553800118168,51.3177139995712]}
}
,{
"json_featuretype":"Ligplaats"
,"Functie":"Ligplaats zonder overslag"
,"Objectnaam":"Ligplaats 311"
,"HMpunt":-9999
,"KadeNR":"311"
,"Naam_locatie":"Zeebrugge"
,"Naam_waterweg":"Oud Ferrydok"
,"LatWGS84":51.317345
,"LoWGS84":3.196613
,"Aangemaakt op":"22/06/2016"
,"json_ogc_wkt_crs":"GEOGCS[\"WGS84 Lat/Longs\",DATUM[\"WGS_1984\",SPHEROID[\"World Geodetic System of 1984, GEM 10C\",6378137,298.257223563,AUTHORITY[\"EPSG\",\"7030\"]],AUTHORITY[\"EPSG\",\"6326\"]],PRIMEM[\"Greenwich\",0],UNIT[\"degree\",0.0174532925199433],AUTHORITY[\"EPSG\",\"4326\"]]"
,"json_geometry":{"type":"Point","coordinates":[3.19661299886937,51.3173450005503]}
}
,{
"json_featuretype":"Ligplaats"
,"Functie":"Ligplaats zonder overslag"
,"Objectnaam":"Ligplaats 312"
,"HMpunt":-9999
,"KadeNR":"312"
,"Naam_locatie":"Zeebrugge"
,"Naam_waterweg":"Oud Ferrydok"
,"LatWGS84":51.318543
,"LoWGS84":3.197967
,"Aangemaakt op":"22/06/2016"
,"json_ogc_wkt_crs":"GEOGCS[\"WGS84 Lat/Longs\",DATUM[\"WGS_1984\",SPHEROID[\"World Geodetic System of 1984, GEM 10C\",6378137,298.257223563,AUTHORITY[\"EPSG\",\"7030\"]],AUTHORITY[\"EPSG\",\"6326\"]],PRIMEM[\"Greenwich\",0],UNIT[\"degree\",0.0174532925199433],AUTHORITY[\"EPSG\",\"4326\"]]"
,"json_geometry":{"type":"Point","coordinates":[3.19796699916182,51.318542999632]}
}
,{
"json_featuretype":"Ligplaats"
,"Functie":"Ligplaats zonder overslag"
,"Objectnaam":"Ligplaats 313"
,"HMpunt":-9999
,"KadeNR":"313"
,"Naam_locatie":"Zeebrugge"
,"Naam_waterweg":"Kanaal Brugge-Zeebrugge"
,"LatWGS84":51.315433
,"LoWGS84":3.200846
,"Aangemaakt op":"22/06/2016"
,"json_ogc_wkt_crs":"GEOGCS[\"WGS84 Lat/Longs\",DATUM[\"WGS_1984\",SPHEROID[\"World Geodetic System of 1984, GEM 10C\",6378137,298.257223563,AUTHORITY[\"EPSG\",\"7030\"]],AUTHORITY[\"EPSG\",\"6326\"]],PRIMEM[\"Greenwich\",0],UNIT[\"degree\",0.0174532925199433],AUTHORITY[\"EPSG\",\"4326\"]]"
,"json_geometry":{"type":"Point","coordinates":[3.20084599909761,51.3154330004047]}
}
,{
"json_featuretype":"Ligplaats"
,"Functie":"Ligplaats zonder overslag"
,"Objectnaam":"Ligplaats 314"
,"HMpunt":-9999
,"KadeNR":"314"
,"Naam_locatie":"Zeebrugge"
,"Naam_waterweg":"Kanaal Brugge-Zeebrugge"
,"LatWGS84":51.313457
,"LoWGS84":3.20133
,"Aangemaakt op":"22/06/2016"
,"json_ogc_wkt_crs":"GEOGCS[\"WGS84 Lat/Longs\",DATUM[\"WGS_1984\",SPHEROID[\"World Geodetic System of 1984, GEM 10C\",6378137,298.257223563,AUTHORITY[\"EPSG\",\"7030\"]],AUTHORITY[\"EPSG\",\"6326\"]],PRIMEM[\"Greenwich\",0],UNIT[\"degree\",0.0174532925199433],AUTHORITY[\"EPSG\",\"4326\"]]"
,"json_geometry":{"type":"Point","coordinates":[3.20133000101444,51.3134570004661]}
}
,{
"json_featuretype":"Ligplaats"
,"Functie":"Ligplaats zonder overslag"
,"Objectnaam":"Ligplaats 440"
,"HMpunt":-9999
,"KadeNR":"440"
,"Naam_locatie":"Zeebrugge"
,"Naam_waterweg":"Kanaal Brugge-Zeebrugge"
,"LatWGS84":51.321667
,"LoWGS84":3.202629
,"Aangemaakt op":"22/06/2016"
,"json_ogc_wkt_crs":"GEOGCS[\"WGS84 Lat/Longs\",DATUM[\"WGS_1984\",SPHEROID[\"World Geodetic System of 1984, GEM 10C\",6378137,298.257223563,AUTHORITY[\"EPSG\",\"7030\"]],AUTHORITY[\"EPSG\",\"6326\"]],PRIMEM[\"Greenwich\",0],UNIT[\"degree\",0.0174532925199433],AUTHORITY[\"EPSG\",\"4326\"]]"
,"json_geometry":{"type":"Point","coordinates":[3.20262900025591,51.3216669996891]}
}
,{
"json_featuretype":"Ligplaats"
,"Functie":"Ligplaats zonder overslag"
,"Objectnaam":"Ligplaats 441"
,"HMpunt":-9999
,"KadeNR":"441"
,"Naam_locatie":"Zeebrugge"
,"Naam_waterweg":"Kanaal Brugge-Zeebrugge"
,"LatWGS84":51.32221
,"LoWGS84":3.202981
,"Aangemaakt op":"22/06/2016"
,"json_ogc_wkt_crs":"GEOGCS[\"WGS84 Lat/Longs\",DATUM[\"WGS_1984\",SPHEROID[\"World Geodetic System of 1984, GEM 10C\",6378137,298.257223563,AUTHORITY[\"EPSG\",\"7030\"]],AUTHORITY[\"EPSG\",\"6326\"]],PRIMEM[\"Greenwich\",0],UNIT[\"degree\",0.0174532925199433],AUTHORITY[\"EPSG\",\"4326\"]]"
,"json_geometry":{"type":"Point","coordinates":[3.2029809989579,51.3222100002346]}
}
,{
"json_featuretype":"Ligplaats"
,"Functie":"Ligplaats zonder overslag"
,"Objectnaam":"Ligplaats 443"
,"HMpunt":-9999
,"KadeNR":"443"
,"Naam_locatie":"Zeebrugge"
,"Naam_waterweg":"Kanaal Brugge-Zeebrugge"
,"LatWGS84":51.322637
,"LoWGS84":3.202718
,"Aangemaakt op":"22/06/2016"
,"json_ogc_wkt_crs":"GEOGCS[\"WGS84 Lat/Longs\",DATUM[\"WGS_1984\",SPHEROID[\"World Geodetic System of 1984, GEM 10C\",6378137,298.257223563,AUTHORITY[\"EPSG\",\"7030\"]],AUTHORITY[\"EPSG\",\"6326\"]],PRIMEM[\"Greenwich\",0],UNIT[\"degree\",0.0174532925199433],AUTHORITY[\"EPSG\",\"4326\"]]"
,"json_geometry":{"type":"Point","coordinates":[3.20271799983712,51.322637000638]}
}
,{
"json_featuretype":"Ligplaats"
,"Functie":"Ligplaats zonder overslag"
,"Objectnaam":"Ligplaats 444"
,"HMpunt":-9999
,"KadeNR":"444"
,"Naam_locatie":"Zeebrugge"
,"Naam_waterweg":"Kanaal Brugge-Zeebrugge"
,"LatWGS84":51.323447
,"LoWGS84":3.201096
,"Aangemaakt op":"22/06/2016"
,"json_ogc_wkt_crs":"GEOGCS[\"WGS84 Lat/Longs\",DATUM[\"WGS_1984\",SPHEROID[\"World Geodetic System of 1984, GEM 10C\",6378137,298.257223563,AUTHORITY[\"EPSG\",\"7030\"]],AUTHORITY[\"EPSG\",\"6326\"]],PRIMEM[\"Greenwich\",0],UNIT[\"degree\",0.0174532925199433],AUTHORITY[\"EPSG\",\"4326\"]]"
,"json_geometry":{"type":"Point","coordinates":[3.20109599964931,51.3234469999934]}
}
,{
"json_featuretype":"Ligplaats"
,"Functie":"Ligplaats zonder overslag"
,"Objectnaam":"Ligplaats 501"
,"HMpunt":-9999
,"KadeNR":"501"
,"Naam_locatie":"Zeebrugge"
,"Naam_waterweg":"Verbindingsdok"
,"LatWGS84":51.309429
,"LoWGS84":3.204647
,"Aangemaakt op":"22/06/2016"
,"json_ogc_wkt_crs":"GEOGCS[\"WGS84 Lat/Longs\",DATUM[\"WGS_1984\",SPHEROID[\"World Geodetic System of 1984, GEM 10C\",6378137,298.257223563,AUTHORITY[\"EPSG\",\"7030\"]],AUTHORITY[\"EPSG\",\"6326\"]],PRIMEM[\"Greenwich\",0],UNIT[\"degree\",0.0174532925199433],AUTHORITY[\"EPSG\",\"4326\"]]"
,"json_geometry":{"type":"Point","coordinates":[3.20464700124091,51.3094289995552]}
}
,{
"json_featuretype":"Ligplaats"
,"Functie":"Ligplaats zonder overslag"
,"Objectnaam":"Ligplaats 502"
,"HMpunt":-9999
,"KadeNR":"502"
,"Naam_locatie":"Zeebrugge"
,"Naam_waterweg":"Verbindingsdok"
,"LatWGS84":51.310142
,"LoWGS84":3.20805
,"Aangemaakt op":"22/06/2016"
,"json_ogc_wkt_crs":"GEOGCS[\"WGS84 Lat/Longs\",DATUM[\"WGS_1984\",SPHEROID[\"World Geodetic System of 1984, GEM 10C\",6378137,298.257223563,AUTHORITY[\"EPSG\",\"7030\"]],AUTHORITY[\"EPSG\",\"6326\"]],PRIMEM[\"Greenwich\",0],UNIT[\"degree\",0.0174532925199433],AUTHORITY[\"EPSG\",\"4326\"]]"
,"json_geometry":{"type":"Point","coordinates":[3.20805000085117,51.3101419996545]}
}
,{
"json_featuretype":"Ligplaats"
,"Functie":"Ligplaats zonder overslag"
,"Objectnaam":"Ligplaats 503"
,"HMpunt":-9999
,"KadeNR":"503"
,"Naam_locatie":"Zeebrugge"
,"Naam_waterweg":"Verbindingsdok"
,"LatWGS84":51.31092
,"LoWGS84":3.211457
,"Aangemaakt op":"22/06/2016"
,"json_ogc_wkt_crs":"GEOGCS[\"WGS84 Lat/Longs\",DATUM[\"WGS_1984\",SPHEROID[\"World Geodetic System of 1984, GEM 10C\",6378137,298.257223563,AUTHORITY[\"EPSG\",\"7030\"]],AUTHORITY[\"EPSG\",\"6326\"]],PRIMEM[\"Greenwich\",0],UNIT[\"degree\",0.0174532925199433],AUTHORITY[\"EPSG\",\"4326\"]]"
,"json_geometry":{"type":"Point","coordinates":[3.2114570009077,51.310919999717]}
}
,{
"json_featuretype":"Ligplaats"
,"Functie":"Ligplaats zonder overslag"
,"Objectnaam":"Ligplaats 506"
,"HMpunt":-9999
,"KadeNR":"506"
,"Naam_locatie":"Zeebrugge"
,"Naam_waterweg":"Verbindingsdok"
,"LatWGS84":51.312758
,"LoWGS84":3.220044
,"Aangemaakt op":"22/06/2016"
,"json_ogc_wkt_crs":"GEOGCS[\"WGS84 Lat/Longs\",DATUM[\"WGS_1984\",SPHEROID[\"World Geodetic System of 1984, GEM 10C\",6378137,298.257223563,AUTHORITY[\"EPSG\",\"7030\"]],AUTHORITY[\"EPSG\",\"6326\"]],PRIMEM[\"Greenwich\",0],UNIT[\"degree\",0.0174532925199433],AUTHORITY[\"EPSG\",\"4326\"]]"
,"json_geometry":{"type":"Point","coordinates":[3.22004400124686,51.3127579999092]}
}
,{
"json_featuretype":"Ligplaats"
,"Functie":"Ligplaats zonder overslag"
,"Objectnaam":"Ligplaats 513"
,"HMpunt":-9999
,"KadeNR":"513"
,"Naam_locatie":"Zeebrugge"
,"Naam_waterweg":"Zuidelijk Insteekdok"
,"LatWGS84":51.29988
,"LoWGS84":3.232706
,"Aangemaakt op":"22/06/2016"
,"json_ogc_wkt_crs":"GEOGCS[\"WGS84 Lat/Longs\",DATUM[\"WGS_1984\",SPHEROID[\"World Geodetic System of 1984, GEM 10C\",6378137,298.257223563,AUTHORITY[\"EPSG\",\"7030\"]],AUTHORITY[\"EPSG\",\"6326\"]],PRIMEM[\"Greenwich\",0],UNIT[\"degree\",0.0174532925199433],AUTHORITY[\"EPSG\",\"4326\"]]"
,"json_geometry":{"type":"Point","coordinates":[3.23270600061551,51.2998799994283]}
}
,{
"json_featuretype":"Ligplaats"
,"Functie":"Ligplaats zonder overslag"
,"Objectnaam":"Ligplaats 514"
,"HMpunt":-9999
,"KadeNR":"514"
,"Naam_locatie":"Zeebrugge"
,"Naam_waterweg":"Zuidelijk Insteekdok"
,"LatWGS84":51.297905
,"LoWGS84":3.234336
,"Aangemaakt op":"22/06/2016"
,"json_ogc_wkt_crs":"GEOGCS[\"WGS84 Lat/Longs\",DATUM[\"WGS_1984\",SPHEROID[\"World Geodetic System of 1984, GEM 10C\",6378137,298.257223563,AUTHORITY[\"EPSG\",\"7030\"]],AUTHORITY[\"EPSG\",\"6326\"]],PRIMEM[\"Greenwich\",0],UNIT[\"degree\",0.0174532925199433],AUTHORITY[\"EPSG\",\"4326\"]]"
,"json_geometry":{"type":"Point","coordinates":[3.2343360012742,51.2979049997605]}
}
,{
"json_featuretype":"Ligplaats"
,"Functie":"Ligplaats zonder overslag"
,"Objectnaam":"Ligplaats 515"
,"HMpunt":-9999
,"KadeNR":"515"
,"Naam_locatie":"Zeebrugge"
,"Naam_waterweg":"Zuidelijk Insteekdok"
,"LatWGS84":51.295906
,"LoWGS84":3.235953
,"Aangemaakt op":"22/06/2016"
,"json_ogc_wkt_crs":"GEOGCS[\"WGS84 Lat/Longs\",DATUM[\"WGS_1984\",SPHEROID[\"World Geodetic System of 1984, GEM 10C\",6378137,298.257223563,AUTHORITY[\"EPSG\",\"7030\"]],AUTHORITY[\"EPSG\",\"6326\"]],PRIMEM[\"Greenwich\",0],UNIT[\"degree\",0.0174532925199433],AUTHORITY[\"EPSG\",\"4326\"]]"
,"json_geometry":{"type":"Point","coordinates":[3.23595299900311,51.295905999415]}
}
,{
"json_featuretype":"Ligplaats"
,"Functie":"Ligplaats zonder overslag"
,"Objectnaam":"Ligplaats 516"
,"HMpunt":-9999
,"KadeNR":"516"
,"Naam_locatie":"Zeebrugge"
,"Naam_waterweg":"Zuidelijk Insteekdok"
,"LatWGS84":51.293879
,"LoWGS84":3.237586
,"Aangemaakt op":"22/06/2016"
,"json_ogc_wkt_crs":"GEOGCS[\"WGS84 Lat/Longs\",DATUM[\"WGS_1984\",SPHEROID[\"World Geodetic System of 1984, GEM 10C\",6378137,298.257223563,AUTHORITY[\"EPSG\",\"7030\"]],AUTHORITY[\"EPSG\",\"6326\"]],PRIMEM[\"Greenwich\",0],UNIT[\"degree\",0.0174532925199433],AUTHORITY[\"EPSG\",\"4326\"]]"
,"json_geometry":{"type":"Point","coordinates":[3.23758600000196,51.2938789998178]}
}
,{
"json_featuretype":"Ligplaats"
,"Functie":"Ligplaats zonder overslag"
,"Objectnaam":"Ligplaats 517"
,"HMpunt":-9999
,"KadeNR":"517"
,"Naam_locatie":"Zeebrugge"
,"Naam_waterweg":"Zuidelijk Insteekdok"
,"LatWGS84":51.293436
,"LoWGS84":3.239038
,"Aangemaakt op":"22/06/2016"
,"json_ogc_wkt_crs":"GEOGCS[\"WGS84 Lat/Longs\",DATUM[\"WGS_1984\",SPHEROID[\"World Geodetic System of 1984, GEM 10C\",6378137,298.257223563,AUTHORITY[\"EPSG\",\"7030\"]],AUTHORITY[\"EPSG\",\"6326\"]],PRIMEM[\"Greenwich\",0],UNIT[\"degree\",0.0174532925199433],AUTHORITY[\"EPSG\",\"4326\"]]"
,"json_geometry":{"type":"Point","coordinates":[3.23903799982865,51.293436000118]}
}
,{
"json_featuretype":"Ligplaats"
,"Functie":"Ligplaats zonder overslag"
,"Objectnaam":"Ligplaats 518"
,"HMpunt":-9999
,"KadeNR":"518"
,"Naam_locatie":"Zeebrugge"
,"Naam_waterweg":"Zuidelijk Insteekdok"
,"LatWGS84":51.293895
,"LoWGS84":3.240441
,"Aangemaakt op":"22/06/2016"
,"json_ogc_wkt_crs":"GEOGCS[\"WGS84 Lat/Longs\",DATUM[\"WGS_1984\",SPHEROID[\"World Geodetic System of 1984, GEM 10C\",6378137,298.257223563,AUTHORITY[\"EPSG\",\"7030\"]],AUTHORITY[\"EPSG\",\"6326\"]],PRIMEM[\"Greenwich\",0],UNIT[\"degree\",0.0174532925199433],AUTHORITY[\"EPSG\",\"4326\"]]"
,"json_geometry":{"type":"Point","coordinates":[3.24044099893736,51.2938949994563]}
}
,{
"json_featuretype":"Ligplaats"
,"Functie":"Ligplaats zonder overslag"
,"Objectnaam":"Ligplaats 519"
,"HMpunt":-9999
,"KadeNR":"519"
,"Naam_locatie":"Zeebrugge"
,"Naam_waterweg":"Zuidelijk Insteekdok"
,"LatWGS84":51.294351
,"LoWGS84":3.241646
,"Aangemaakt op":"22/06/2016"
,"json_ogc_wkt_crs":"GEOGCS[\"WGS84 Lat/Longs\",DATUM[\"WGS_1984\",SPHEROID[\"World Geodetic System of 1984, GEM 10C\",6378137,298.257223563,AUTHORITY[\"EPSG\",\"7030\"]],AUTHORITY[\"EPSG\",\"6326\"]],PRIMEM[\"Greenwich\",0],UNIT[\"degree\",0.0174532925199433],AUTHORITY[\"EPSG\",\"4326\"]]"
,"json_geometry":{"type":"Point","coordinates":[3.24164599956934,51.2943509997582]}
}
,{
"json_featuretype":"Ligplaats"
,"Functie":"Ligplaats zonder overslag"
,"Objectnaam":"Ligplaats 520"
,"HMpunt":-9999
,"KadeNR":"520"
,"Naam_locatie":"Zeebrugge"
,"Naam_waterweg":"Zuidelijk Insteekdok"
,"LatWGS84":51.295521
,"LoWGS84":3.241904
,"Aangemaakt op":"22/06/2016"
,"json_ogc_wkt_crs":"GEOGCS[\"WGS84 Lat/Longs\",DATUM[\"WGS_1984\",SPHEROID[\"World Geodetic System of 1984, GEM 10C\",6378137,298.257223563,AUTHORITY[\"EPSG\",\"7030\"]],AUTHORITY[\"EPSG\",\"6326\"]],PRIMEM[\"Greenwich\",0],UNIT[\"degree\",0.0174532925199433],AUTHORITY[\"EPSG\",\"4326\"]]"
,"json_geometry":{"type":"Point","coordinates":[3.24190400113243,51.2955209996519]}
}
,{
"json_featuretype":"Ligplaats"
,"Functie":"Ligplaats zonder overslag"
,"Objectnaam":"Ligplaats 524"
,"HMpunt":-9999
,"KadeNR":"524"
,"Naam_locatie":"Zeebrugge"
,"Naam_waterweg":"Zuidelijk Insteekdok"
,"LatWGS84":51.302961
,"LoWGS84":3.235169
,"Aangemaakt op":"22/06/2016"
,"json_ogc_wkt_crs":"GEOGCS[\"WGS84 Lat/Longs\",DATUM[\"WGS_1984\",SPHEROID[\"World Geodetic System of 1984, GEM 10C\",6378137,298.257223563,AUTHORITY[\"EPSG\",\"7030\"]],AUTHORITY[\"EPSG\",\"6326\"]],PRIMEM[\"Greenwich\",0],UNIT[\"degree\",0.0174532925199433],AUTHORITY[\"EPSG\",\"4326\"]]"
,"json_geometry":{"type":"Point","coordinates":[3.23516899942288,51.3029610002048]}
}
,{
"json_featuretype":"Ligplaats"
,"Functie":"Ligplaats zonder overslag"
,"Objectnaam":"Ligplaats 526"
,"HMpunt":-9999
,"KadeNR":"526"
,"Naam_locatie":"Zeebrugge"
,"Naam_waterweg":"Zuidelijk Insteekdok"
,"LatWGS84":51.306885
,"LoWGS84":3.232848
,"Aangemaakt op":"22/06/2016"
,"json_ogc_wkt_crs":"GEOGCS[\"WGS84 Lat/Longs\",DATUM[\"WGS_1984\",SPHEROID[\"World Geodetic System of 1984, GEM 10C\",6378137,298.257223563,AUTHORITY[\"EPSG\",\"7030\"]],AUTHORITY[\"EPSG\",\"6326\"]],PRIMEM[\"Greenwich\",0],UNIT[\"degree\",0.0174532925199433],AUTHORITY[\"EPSG\",\"4326\"]]"
,"json_geometry":{"type":"Point","coordinates":[3.23284800003122,51.3068849999011]}
}
,{
"json_featuretype":"Ligplaats"
,"Functie":"Ligplaats zonder overslag"
,"Objectnaam":"Ligplaats 528"
,"HMpunt":-9999
,"KadeNR":"528"
,"Naam_locatie":"Zeebrugge"
,"Naam_waterweg":"Zuidelijk Insteekdok"
,"LatWGS84":51.309156
,"LoWGS84":3.230148
,"Aangemaakt op":"22/06/2016"
,"json_ogc_wkt_crs":"GEOGCS[\"WGS84 Lat/Longs\",DATUM[\"WGS_1984\",SPHEROID[\"World Geodetic System of 1984, GEM 10C\",6378137,298.257223563,AUTHORITY[\"EPSG\",\"7030\"]],AUTHORITY[\"EPSG\",\"6326\"]],PRIMEM[\"Greenwich\",0],UNIT[\"degree\",0.0174532925199433],AUTHORITY[\"EPSG\",\"4326\"]]"
,"json_geometry":{"type":"Point","coordinates":[3.23014800003217,51.3091560005076]}
}
,{
"json_featuretype":"Ligplaats"
,"Functie":"Ligplaats zonder overslag"
,"Objectnaam":"Ligplaats 605"
,"HMpunt":-9999
,"KadeNR":"605"
,"Naam_locatie":"Zeebrugge"
,"Naam_waterweg":"Pierre Vandammesluis - CDNB"
,"LatWGS84":51.337889
,"LoWGS84":3.214604
,"Aangemaakt op":"22/06/2016"
,"json_ogc_wkt_crs":"GEOGCS[\"WGS84 Lat/Longs\",DATUM[\"WGS_1984\",SPHEROID[\"World Geodetic System of 1984, GEM 10C\",6378137,298.257223563,AUTHORITY[\"EPSG\",\"7030\"]],AUTHORITY[\"EPSG\",\"6326\"]],PRIMEM[\"Greenwich\",0],UNIT[\"degree\",0.0174532925199433],AUTHORITY[\"EPSG\",\"4326\"]]"
,"json_geometry":{"type":"Point","coordinates":[3.21460399948937,51.3378889994043]}
}
,{
"json_featuretype":"Ligplaats"
,"Functie":"Ligplaats zonder overslag"
,"Objectnaam":"Ligplaats 606"
,"HMpunt":-9999
,"KadeNR":"606"
,"Naam_locatie":"Zeebrugge"
,"Naam_waterweg":"Pierre Vandammesluis - CDNB"
,"LatWGS84":51.339488
,"LoWGS84":3.213646
,"Aangemaakt op":"22/06/2016"
,"json_ogc_wkt_crs":"GEOGCS[\"WGS84 Lat/Longs\",DATUM[\"WGS_1984\",SPHEROID[\"World Geodetic System of 1984, GEM 10C\",6378137,298.257223563,AUTHORITY[\"EPSG\",\"7030\"]],AUTHORITY[\"EPSG\",\"6326\"]],PRIMEM[\"Greenwich\",0],UNIT[\"degree\",0.0174532925199433],AUTHORITY[\"EPSG\",\"4326\"]]"
,"json_geometry":{"type":"Point","coordinates":[3.21364599968895,51.339487999597]}
}
,{
"json_featuretype":"Ligplaats"
,"Functie":"Ligplaats zonder overslag"
,"Objectnaam":"Ligplaats 607"
,"HMpunt":-9999
,"KadeNR":"607"
,"Naam_locatie":"Zeebrugge"
,"Naam_waterweg":"Pierre Vandammesluis - CDNB"
,"LatWGS84":51.341171
,"LoWGS84":3.21265
,"Aangemaakt op":"22/06/2016"
,"json_ogc_wkt_crs":"GEOGCS[\"WGS84 Lat/Longs\",DATUM[\"WGS_1984\",SPHEROID[\"World Geodetic System of 1984, GEM 10C\",6378137,298.257223563,AUTHORITY[\"EPSG\",\"7030\"]],AUTHORITY[\"EPSG\",\"6326\"]],PRIMEM[\"Greenwich\",0],UNIT[\"degree\",0.0174532925199433],AUTHORITY[\"EPSG\",\"4326\"]]"
,"json_geometry":{"type":"Point","coordinates":[3.21265000101099,51.3411710002121]}
}
,{
"json_featuretype":"Ligplaats"
,"Functie":"Ligplaats zonder overslag"
,"Objectnaam":"Ligplaats 612"
,"HMpunt":-9999
,"KadeNR":"612"
,"Naam_locatie":"Zeebrugge"
,"Naam_waterweg":"Brittaniadok"
,"LatWGS84":51.343427
,"LoWGS84":3.221052
,"Aangemaakt op":"22/06/2016"
,"json_ogc_wkt_crs":"GEOGCS[\"WGS84 Lat/Longs\",DATUM[\"WGS_1984\",SPHEROID[\"World Geodetic System of 1984, GEM 10C\",6378137,298.257223563,AUTHORITY[\"EPSG\",\"7030\"]],AUTHORITY[\"EPSG\",\"6326\"]],PRIMEM[\"Greenwich\",0],UNIT[\"degree\",0.0174532925199433],AUTHORITY[\"EPSG\",\"4326\"]]"
,"json_geometry":{"type":"Point","coordinates":[3.2210520002669,51.3434269993574]}
}
,{
"json_featuretype":"Ligplaats"
,"Functie":"Ligplaats zonder overslag"
,"Objectnaam":"Ligplaats 701"
,"HMpunt":-9999
,"KadeNR":"701"
,"Naam_locatie":"Zeebrugge"
,"Naam_waterweg":"Visartsluis - CDNB"
,"LatWGS84":51.340822
,"LoWGS84":3.203896
,"Aangemaakt op":"22/06/2016"
,"json_ogc_wkt_crs":"GEOGCS[\"WGS84 Lat/Longs\",DATUM[\"WGS_1984\",SPHEROID[\"World Geodetic System of 1984, GEM 10C\",6378137,298.257223563,AUTHORITY[\"EPSG\",\"7030\"]],AUTHORITY[\"EPSG\",\"6326\"]],PRIMEM[\"Greenwich\",0],UNIT[\"degree\",0.0174532925199433],AUTHORITY[\"EPSG\",\"4326\"]]"
,"json_geometry":{"type":"Point","coordinates":[3.20389599943968,51.3408220006459]}
}
,{
"json_featuretype":"Ligplaats"
,"Functie":"Ligplaats zonder overslag"
,"Objectnaam":"Ligplaats 711"
,"HMpunt":-9999
,"KadeNR":"711"
,"Naam_locatie":"Zeebrugge"
,"Naam_waterweg":"Visartsluis - CDNB"
,"LatWGS84":51.337772
,"LoWGS84":3.20414
,"Aangemaakt op":"22/06/2016"
,"json_ogc_wkt_crs":"GEOGCS[\"WGS84 Lat/Longs\",DATUM[\"WGS_1984\",SPHEROID[\"World Geodetic System of 1984, GEM 10C\",6378137,298.257223563,AUTHORITY[\"EPSG\",\"7030\"]],AUTHORITY[\"EPSG\",\"6326\"]],PRIMEM[\"Greenwich\",0],UNIT[\"degree\",0.0174532925199433],AUTHORITY[\"EPSG\",\"4326\"]]"
,"json_geometry":{"type":"Point","coordinates":[3.20413999987813,51.3377720003395]}
}
,{
"json_featuretype":"Ligplaats"
,"Functie":"Ligplaats zonder overslag"
,"Objectnaam":"Ligplaats 712"
,"HMpunt":-9999
,"KadeNR":"712"
,"Naam_locatie":"Zeebrugge"
,"Naam_waterweg":"Visartsluis - CDNB"
,"LatWGS84":51.336909
,"LoWGS84":3.205463
,"Aangemaakt op":"22/06/2016"
,"json_ogc_wkt_crs":"GEOGCS[\"WGS84 Lat/Longs\",DATUM[\"WGS_1984\",SPHEROID[\"World Geodetic System of 1984, GEM 10C\",6378137,298.257223563,AUTHORITY[\"EPSG\",\"7030\"]],AUTHORITY[\"EPSG\",\"6326\"]],PRIMEM[\"Greenwich\",0],UNIT[\"degree\",0.0174532925199433],AUTHORITY[\"EPSG\",\"4326\"]]"
,"json_geometry":{"type":"Point","coordinates":[3.20546300041895,51.3369089993858]}
}
,{
"json_featuretype":"Ligplaats"
,"Functie":"Ligplaats zonder overslag"
,"Objectnaam":"Ligplaats 713"
,"HMpunt":-9999
,"KadeNR":"713"
,"Naam_locatie":"Zeebrugge"
,"Naam_waterweg":"Visartsluis - CDNB"
,"LatWGS84":51.337961
,"LoWGS84":3.207047
,"Aangemaakt op":"22/06/2016"
,"json_ogc_wkt_crs":"GEOGCS[\"WGS84 Lat/Longs\",DATUM[\"WGS_1984\",SPHEROID[\"World Geodetic System of 1984, GEM 10C\",6378137,298.257223563,AUTHORITY[\"EPSG\",\"7030\"]],AUTHORITY[\"EPSG\",\"6326\"]],PRIMEM[\"Greenwich\",0],UNIT[\"degree\",0.0174532925199433],AUTHORITY[\"EPSG\",\"4326\"]]"
,"json_geometry":{"type":"Point","coordinates":[3.20704700070966,51.3379610001508]}
}
,{
"json_featuretype":"Ligplaats"
,"Functie":"Ligplaats zonder overslag"
,"Objectnaam":"Ligplaats 714"
,"HMpunt":-9999
,"KadeNR":"714"
,"Naam_locatie":"Zeebrugge"
,"Naam_waterweg":"Visartsluis - CDNB"
,"LatWGS84":51.33883
,"LoWGS84":3.205721
,"Aangemaakt op":"22/06/2016"
,"json_ogc_wkt_crs":"GEOGCS[\"WGS84 Lat/Longs\",DATUM[\"WGS_1984\",SPHEROID[\"World Geodetic System of 1984, GEM 10C\",6378137,298.257223563,AUTHORITY[\"EPSG\",\"7030\"]],AUTHORITY[\"EPSG\",\"6326\"]],PRIMEM[\"Greenwich\",0],UNIT[\"degree\",0.0174532925199433],AUTHORITY[\"EPSG\",\"4326\"]]"
,"json_geometry":{"type":"Point","coordinates":[3.20572099964348,51.3388299994191]}
}
,{
"json_featuretype":"Ligplaats"
,"Functie":"Ligplaats zonder overslag"
,"Objectnaam":"Ligplaats 715"
,"HMpunt":-9999
,"KadeNR":"715"
,"Naam_locatie":"Zeebrugge"
,"Naam_waterweg":"Visartsluis - CDNB"
,"LatWGS84":51.339847
,"LoWGS84":3.204147
,"Aangemaakt op":"22/06/2016"
,"json_ogc_wkt_crs":"GEOGCS[\"WGS84 Lat/Longs\",DATUM[\"WGS_1984\",SPHEROID[\"World Geodetic System of 1984, GEM 10C\",6378137,298.257223563,AUTHORITY[\"EPSG\",\"7030\"]],AUTHORITY[\"EPSG\",\"6326\"]],PRIMEM[\"Greenwich\",0],UNIT[\"degree\",0.0174532925199433],AUTHORITY[\"EPSG\",\"4326\"]]"
,"json_geometry":{"type":"Point","coordinates":[3.20414700110514,51.33984700007]}
}
,{
"json_featuretype":"Ligplaats"
,"Functie":"Ligplaats zonder overslag"
,"Objectnaam":"Ligplaats 901"
,"HMpunt":-9999
,"KadeNR":"901"
,"Naam_locatie":"Brugge"
,"Naam_waterweg":"Kanaal Brugge-Zeebrugge"
,"LatWGS84":51.268703
,"LoWGS84":3.213688
,"Aangemaakt op":"22/06/2016"
,"json_ogc_wkt_crs":"GEOGCS[\"WGS84 Lat/Longs\",DATUM[\"WGS_1984\",SPHEROID[\"World Geodetic System of 1984, GEM 10C\",6378137,298.257223563,AUTHORITY[\"EPSG\",\"7030\"]],AUTHORITY[\"EPSG\",\"6326\"]],PRIMEM[\"Greenwich\",0],UNIT[\"degree\",0.0174532925199433],AUTHORITY[\"EPSG\",\"4326\"]]"
,"json_geometry":{"type":"Point","coordinates":[3.2136879990663,51.2687030001754]}
}
,{
"json_featuretype":"Ligplaats"
,"Functie":"Ligplaats zonder overslag"
,"Objectnaam":"Ligplaats 903"
,"HMpunt":-9999
,"KadeNR":"903"
,"Naam_locatie":"Brugge"
,"Naam_waterweg":"Kanaal Brugge-Zeebrugge"
,"LatWGS84":51.264894
,"LoWGS84":3.214602
,"Aangemaakt op":"22/06/2016"
,"json_ogc_wkt_crs":"GEOGCS[\"WGS84 Lat/Longs\",DATUM[\"WGS_1984\",SPHEROID[\"World Geodetic System of 1984, GEM 10C\",6378137,298.257223563,AUTHORITY[\"EPSG\",\"7030\"]],AUTHORITY[\"EPSG\",\"6326\"]],PRIMEM[\"Greenwich\",0],UNIT[\"degree\",0.0174532925199433],AUTHORITY[\"EPSG\",\"4326\"]]"
,"json_geometry":{"type":"Point","coordinates":[3.21460199964244,51.2648940006428]}
}
,{
"json_featuretype":"Ligplaats"
,"Functie":"Ligplaats zonder overslag"
,"Objectnaam":"Ligplaats 904"
,"HMpunt":-9999
,"KadeNR":"904"
,"Naam_locatie":"Brugge"
,"Naam_waterweg":"Kanaal Brugge-Zeebrugge"
,"LatWGS84":51.262416
,"LoWGS84":3.21529
,"Aangemaakt op":"22/06/2016"
,"json_ogc_wkt_crs":"GEOGCS[\"WGS84 Lat/Longs\",DATUM[\"WGS_1984\",SPHEROID[\"World Geodetic System of 1984, GEM 10C\",6378137,298.257223563,AUTHORITY[\"EPSG\",\"7030\"]],AUTHORITY[\"EPSG\",\"6326\"]],PRIMEM[\"Greenwich\",0],UNIT[\"degree\",0.0174532925199433],AUTHORITY[\"EPSG\",\"4326\"]]"
,"json_geometry":{"type":"Point","coordinates":[3.21529000002138,51.2624160003116]}
}
,{
"json_featuretype":"Ligplaats"
,"Functie":"Ligplaats zonder overslag"
,"Objectnaam":"Ligplaats 905"
,"HMpunt":-9999
,"KadeNR":"905"
,"Naam_locatie":"Brugge"
,"Naam_waterweg":"Kanaal Brugge-Zeebrugge"
,"LatWGS84":51.260432
,"LoWGS84":3.215803
,"Aangemaakt op":"22/06/2016"
,"json_ogc_wkt_crs":"GEOGCS[\"WGS84 Lat/Longs\",DATUM[\"WGS_1984\",SPHEROID[\"World Geodetic System of 1984, GEM 10C\",6378137,298.257223563,AUTHORITY[\"EPSG\",\"7030\"]],AUTHORITY[\"EPSG\",\"6326\"]],PRIMEM[\"Greenwich\",0],UNIT[\"degree\",0.0174532925199433],AUTHORITY[\"EPSG\",\"4326\"]]"
,"json_geometry":{"type":"Point","coordinates":[3.21580299888769,51.2604319993646]}
}
,{
"json_featuretype":"Ligplaats"
,"Functie":"Ligplaats zonder overslag"
,"Objectnaam":"Ligplaats 906"
,"HMpunt":-9999
,"KadeNR":"906"
,"Naam_locatie":"Brugge"
,"Naam_waterweg":"Kanaal Brugge-Zeebrugge"
,"LatWGS84":51.258336
,"LoWGS84":3.216342
,"Aangemaakt op":"22/06/2016"
,"json_ogc_wkt_crs":"GEOGCS[\"WGS84 Lat/Longs\",DATUM[\"WGS_1984\",SPHEROID[\"World Geodetic System of 1984, GEM 10C\",6378137,298.257223563,AUTHORITY[\"EPSG\",\"7030\"]],AUTHORITY[\"EPSG\",\"6326\"]],PRIMEM[\"Greenwich\",0],UNIT[\"degree\",0.0174532925199433],AUTHORITY[\"EPSG\",\"4326\"]]"
,"json_geometry":{"type":"Point","coordinates":[3.21634200117273,51.2583359993605]}
}
,{
"json_featuretype":"Ligplaats"
,"Functie":"Ligplaats zonder overslag"
,"Objectnaam":"Ligplaats 907"
,"HMpunt":-9999
,"KadeNR":"907"
,"Naam_locatie":"Brugge"
,"Naam_waterweg":"Kanaal Brugge-Zeebrugge"
,"LatWGS84":51.256066
,"LoWGS84":3.216935
,"Aangemaakt op":"22/06/2016"
,"json_ogc_wkt_crs":"GEOGCS[\"WGS84 Lat/Longs\",DATUM[\"WGS_1984\",SPHEROID[\"World Geodetic System of 1984, GEM 10C\",6378137,298.257223563,AUTHORITY[\"EPSG\",\"7030\"]],AUTHORITY[\"EPSG\",\"6326\"]],PRIMEM[\"Greenwich\",0],UNIT[\"degree\",0.0174532925199433],AUTHORITY[\"EPSG\",\"4326\"]]"
,"json_geometry":{"type":"Point","coordinates":[3.21693499979502,51.2560659996555]}
}
,{
"json_featuretype":"Ligplaats"
,"Functie":"Ligplaats zonder overslag"
,"Objectnaam":"Ligplaats 908"
,"HMpunt":-9999
,"KadeNR":"908"
,"Naam_locatie":"Brugge"
,"Naam_waterweg":"Kanaal Brugge-Zeebrugge"
,"LatWGS84":51.253886
,"LoWGS84":3.217485
,"Aangemaakt op":"22/06/2016"
,"json_ogc_wkt_crs":"GEOGCS[\"WGS84 Lat/Longs\",DATUM[\"WGS_1984\",SPHEROID[\"World Geodetic System of 1984, GEM 10C\",6378137,298.257223563,AUTHORITY[\"EPSG\",\"7030\"]],AUTHORITY[\"EPSG\",\"6326\"]],PRIMEM[\"Greenwich\",0],UNIT[\"degree\",0.0174532925199433],AUTHORITY[\"EPSG\",\"4326\"]]"
,"json_geometry":{"type":"Point","coordinates":[3.21748499897857,51.2538860001191]}
}
,{
"json_featuretype":"Ligplaats"
,"Functie":"Ligplaats zonder overslag"
,"Objectnaam":"Ligplaats 909"
,"HMpunt":-9999
,"KadeNR":"909"
,"Naam_locatie":"Brugge"
,"Naam_waterweg":"Kanaal Brugge-Zeebrugge"
,"LatWGS84":51.251118
,"LoWGS84":3.218184
,"Aangemaakt op":"22/06/2016"
,"json_ogc_wkt_crs":"GEOGCS[\"WGS84 Lat/Longs\",DATUM[\"WGS_1984\",SPHEROID[\"World Geodetic System of 1984, GEM 10C\",6378137,298.257223563,AUTHORITY[\"EPSG\",\"7030\"]],AUTHORITY[\"EPSG\",\"6326\"]],PRIMEM[\"Greenwich\",0],UNIT[\"degree\",0.0174532925199433],AUTHORITY[\"EPSG\",\"4326\"]]"
,"json_geometry":{"type":"Point","coordinates":[3.2181839995171,51.2511180004119]}
}
,{
"json_featuretype":"Ligplaats"
,"Functie":"Ligplaats zonder overslag"
,"Objectnaam":"Ligplaats 910"
,"HMpunt":-9999
,"KadeNR":"910"
,"Naam_locatie":"Brugge"
,"Naam_waterweg":"Kanaal Brugge-Zeebrugge"
,"LatWGS84":51.249274
,"LoWGS84":3.218639
,"Aangemaakt op":"22/06/2016"
,"json_ogc_wkt_crs":"GEOGCS[\"WGS84 Lat/Longs\",DATUM[\"WGS_1984\",SPHEROID[\"World Geodetic System of 1984, GEM 10C\",6378137,298.257223563,AUTHORITY[\"EPSG\",\"7030\"]],AUTHORITY[\"EPSG\",\"6326\"]],PRIMEM[\"Greenwich\",0],UNIT[\"degree\",0.0174532925199433],AUTHORITY[\"EPSG\",\"4326\"]]"
,"json_geometry":{"type":"Point","coordinates":[3.21863900004551,51.2492740004175]}
}
,{
"json_featuretype":"Ligplaats"
,"Functie":"Ligplaats zonder overslag"
,"Objectnaam":"Ligplaats 914"
,"HMpunt":-9999
,"KadeNR":"914"
,"Naam_locatie":"Brugge"
,"Naam_waterweg":"Kanaal Brugge-Zeebrugge"
,"LatWGS84":51.242086
,"LoWGS84":3.220459
,"Aangemaakt op":"22/06/2016"
,"json_ogc_wkt_crs":"GEOGCS[\"WGS84 Lat/Longs\",DATUM[\"WGS_1984\",SPHEROID[\"World Geodetic System of 1984, GEM 10C\",6378137,298.257223563,AUTHORITY[\"EPSG\",\"7030\"]],AUTHORITY[\"EPSG\",\"6326\"]],PRIMEM[\"Greenwich\",0],UNIT[\"degree\",0.0174532925199433],AUTHORITY[\"EPSG\",\"4326\"]]"
,"json_geometry":{"type":"Point","coordinates":[3.22045899926855,51.2420860006123]}
}
,{
"json_featuretype":"Ligplaats"
,"Functie":"Ligplaats zonder overslag"
,"Objectnaam":"Ligplaats 915"
,"HMpunt":-9999
,"KadeNR":"915"
,"Naam_locatie":"Brugge"
,"Naam_waterweg":"Kanaal Brugge-Zeebrugge"
,"LatWGS84":51.240371
,"LoWGS84":3.220909
,"Aangemaakt op":"22/06/2016"
,"json_ogc_wkt_crs":"GEOGCS[\"WGS84 Lat/Longs\",DATUM[\"WGS_1984\",SPHEROID[\"World Geodetic System of 1984, GEM 10C\",6378137,298.257223563,AUTHORITY[\"EPSG\",\"7030\"]],AUTHORITY[\"EPSG\",\"6326\"]],PRIMEM[\"Greenwich\",0],UNIT[\"degree\",0.0174532925199433],AUTHORITY[\"EPSG\",\"4326\"]]"
,"json_geometry":{"type":"Point","coordinates":[3.22090899872458,51.2403710002459]}
}
,{
"json_featuretype":"Ligplaats"
,"Functie":"Ligplaats zonder overslag"
,"Objectnaam":"Ligplaats 918"
,"HMpunt":-9999
,"KadeNR":"918"
,"Naam_locatie":"Brugge"
,"Naam_waterweg":"Kanaal Brugge-Zeebrugge"
,"LatWGS84":51.234489
,"LoWGS84":3.22242
,"Aangemaakt op":"22/06/2016"
,"json_ogc_wkt_crs":"GEOGCS[\"WGS84 Lat/Longs\",DATUM[\"WGS_1984\",SPHEROID[\"World Geodetic System of 1984, GEM 10C\",6378137,298.257223563,AUTHORITY[\"EPSG\",\"7030\"]],AUTHORITY[\"EPSG\",\"6326\"]],PRIMEM[\"Greenwich\",0],UNIT[\"degree\",0.0174532925199433],AUTHORITY[\"EPSG\",\"4326\"]]"
,"json_geometry":{"type":"Point","coordinates":[3.22242000041171,51.2344889994686]}
}
,{
"json_featuretype":"Ligplaats"
,"Functie":"Ligplaats zonder overslag"
,"Objectnaam":"Ligplaats 919"
,"HMpunt":-9999
,"KadeNR":"919"
,"Naam_locatie":"Brugge"
,"Naam_waterweg":"Kanaal Brugge-Zeebrugge"
,"LatWGS84":51.232477
,"LoWGS84":3.222784
,"Aangemaakt op":"22/06/2016"
,"json_ogc_wkt_crs":"GEOGCS[\"WGS84 Lat/Longs\",DATUM[\"WGS_1984\",SPHEROID[\"World Geodetic System of 1984, GEM 10C\",6378137,298.257223563,AUTHORITY[\"EPSG\",\"7030\"]],AUTHORITY[\"EPSG\",\"6326\"]],PRIMEM[\"Greenwich\",0],UNIT[\"degree\",0.0174532925199433],AUTHORITY[\"EPSG\",\"4326\"]]"
,"json_geometry":{"type":"Point","coordinates":[3.22278400092195,51.2324770004813]}
}
,{
"json_featuretype":"Ligplaats"
,"Functie":"Ligplaats zonder overslag"
,"Objectnaam":"Ligplaats 920"
,"HMpunt":-9999
,"KadeNR":"920"
,"Naam_locatie":"Brugge"
,"Naam_waterweg":"Klein Handelsdok"
,"LatWGS84":51.231083
,"LoWGS84":3.224159
,"Aangemaakt op":"22/06/2016"
,"json_ogc_wkt_crs":"GEOGCS[\"WGS84 Lat/Longs\",DATUM[\"WGS_1984\",SPHEROID[\"World Geodetic System of 1984, GEM 10C\",6378137,298.257223563,AUTHORITY[\"EPSG\",\"7030\"]],AUTHORITY[\"EPSG\",\"6326\"]],PRIMEM[\"Greenwich\",0],UNIT[\"degree\",0.0174532925199433],AUTHORITY[\"EPSG\",\"4326\"]]"
,"json_geometry":{"type":"Point","coordinates":[3.22415900119458,51.2310830002646]}
}
,{
"json_featuretype":"Ligplaats"
,"Functie":"Ligplaats zonder overslag"
,"Objectnaam":"Ligplaats 930"
,"HMpunt":-9999
,"KadeNR":"930"
,"Naam_locatie":"Brugge"
,"Naam_waterweg":"Kanaal Brugge-Zeebrugge"
,"LatWGS84":51.225106
,"LoWGS84":3.223396
,"Aangemaakt op":"22/06/2016"
,"json_ogc_wkt_crs":"GEOGCS[\"WGS84 Lat/Longs\",DATUM[\"WGS_1984\",SPHEROID[\"World Geodetic System of 1984, GEM 10C\",6378137,298.257223563,AUTHORITY[\"EPSG\",\"7030\"]],AUTHORITY[\"EPSG\",\"6326\"]],PRIMEM[\"Greenwich\",0],UNIT[\"degree\",0.0174532925199433],AUTHORITY[\"EPSG\",\"4326\"]]"
,"json_geometry":{"type":"Point","coordinates":[3.22339600055426,51.2251059994863]}
}
,{
"json_featuretype":"Ligplaats"
,"Functie":"Ligplaats zonder overslag"
,"Objectnaam":"Ligplaats 948"
,"HMpunt":-9999
,"KadeNR":"948"
,"Naam_locatie":"Brugge"
,"Naam_waterweg":"Nijverheidsdok"
,"LatWGS84":51.232484
,"LoWGS84":3.218119
,"Aangemaakt op":"22/06/2016"
,"json_ogc_wkt_crs":"GEOGCS[\"WGS84 Lat/Longs\",DATUM[\"WGS_1984\",SPHEROID[\"World Geodetic System of 1984, GEM 10C\",6378137,298.257223563,AUTHORITY[\"EPSG\",\"7030\"]],AUTHORITY[\"EPSG\",\"6326\"]],PRIMEM[\"Greenwich\",0],UNIT[\"degree\",0.0174532925199433],AUTHORITY[\"EPSG\",\"4326\"]]"
,"json_geometry":{"type":"Point","coordinates":[3.21811899941238,51.2324839994191]}
}
,{
"json_featuretype":"Ligplaats"
,"Functie":"Ligplaats zonder overslag"
,"Objectnaam":"Ligplaats 949"
,"HMpunt":-9999
,"KadeNR":"949"
,"Naam_locatie":"Brugge"
,"Naam_waterweg":"Nijverheidsdok"
,"LatWGS84":51.230405
,"LoWGS84":3.217333
,"Aangemaakt op":"22/06/2016"
,"json_ogc_wkt_crs":"GEOGCS[\"WGS84 Lat/Longs\",DATUM[\"WGS_1984\",SPHEROID[\"World Geodetic System of 1984, GEM 10C\",6378137,298.257223563,AUTHORITY[\"EPSG\",\"7030\"]],AUTHORITY[\"EPSG\",\"6326\"]],PRIMEM[\"Greenwich\",0],UNIT[\"degree\",0.0174532925199433],AUTHORITY[\"EPSG\",\"4326\"]]"
,"json_geometry":{"type":"Point","coordinates":[3.21733300020243,51.2304050001291]}
}
,{
"json_featuretype":"Ligplaats"
,"Functie":"Ligplaats zonder overslag"
,"Objectnaam":"Ligplaats 950"
,"HMpunt":-9999
,"KadeNR":"950"
,"Naam_locatie":"Brugge"
,"Naam_waterweg":"Nijverheidsdok"
,"LatWGS84":51.22862
,"LoWGS84":3.217837
,"Aangemaakt op":"22/06/2016"
,"json_ogc_wkt_crs":"GEOGCS[\"WGS84 Lat/Longs\",DATUM[\"WGS_1984\",SPHEROID[\"World Geodetic System of 1984, GEM 10C\",6378137,298.257223563,AUTHORITY[\"EPSG\",\"7030\"]],AUTHORITY[\"EPSG\",\"6326\"]],PRIMEM[\"Greenwich\",0],UNIT[\"degree\",0.0174532925199433],AUTHORITY[\"EPSG\",\"4326\"]]"
,"json_geometry":{"type":"Point","coordinates":[3.21783699946132,51.2286199999747]}
}
,{
"json_featuretype":"Ligplaats"
,"Functie":"Ligplaats zonder overslag"
,"Objectnaam":"Ligplaats 951"
,"HMpunt":-9999
,"KadeNR":"951"
,"Naam_locatie":"Brugge"
,"Naam_waterweg":"Nijverheidsdok"
,"LatWGS84":51.226565
,"LoWGS84":3.218373
,"Aangemaakt op":"22/06/2016"
,"json_ogc_wkt_crs":"GEOGCS[\"WGS84 Lat/Longs\",DATUM[\"WGS_1984\",SPHEROID[\"World Geodetic System of 1984, GEM 10C\",6378137,298.257223563,AUTHORITY[\"EPSG\",\"7030\"]],AUTHORITY[\"EPSG\",\"6326\"]],PRIMEM[\"Greenwich\",0],UNIT[\"degree\",0.0174532925199433],AUTHORITY[\"EPSG\",\"4326\"]]"
,"json_geometry":{"type":"Point","coordinates":[3.21837300068819,51.2265650003147]}
}
,{
"json_featuretype":"Ligplaats"
,"Functie":"Ligplaats zonder overslag"
,"Objectnaam":"Ligplaats 952"
,"HMpunt":-9999
,"KadeNR":"952"
,"Naam_locatie":"Brugge"
,"Naam_waterweg":"Nijverheidsdok"
,"LatWGS84":51.226427
,"LoWGS84":3.217151
,"Aangemaakt op":"22/06/2016"
,"json_ogc_wkt_crs":"GEOGCS[\"WGS84 Lat/Longs\",DATUM[\"WGS_1984\",SPHEROID[\"World Geodetic System of 1984, GEM 10C\",6378137,298.257223563,AUTHORITY[\"EPSG\",\"7030\"]],AUTHORITY[\"EPSG\",\"6326\"]],PRIMEM[\"Greenwich\",0],UNIT[\"degree\",0.0174532925199433],AUTHORITY[\"EPSG\",\"4326\"]]"
,"json_geometry":{"type":"Point","coordinates":[3.21715100000523,51.2264269996772]}
}
,{
"json_featuretype":"Ligplaats"
,"Functie":"Ligplaats zonder overslag"
,"Objectnaam":"Ligplaats 953"
,"HMpunt":-9999
,"KadeNR":"953"
,"Naam_locatie":"Brugge"
,"Naam_waterweg":"Nijverheidsdok"
,"LatWGS84":51.228486
,"LoWGS84":3.216622
,"Aangemaakt op":"22/06/2016"
,"json_ogc_wkt_crs":"GEOGCS[\"WGS84 Lat/Longs\",DATUM[\"WGS_1984\",SPHEROID[\"World Geodetic System of 1984, GEM 10C\",6378137,298.257223563,AUTHORITY[\"EPSG\",\"7030\"]],AUTHORITY[\"EPSG\",\"6326\"]],PRIMEM[\"Greenwich\",0],UNIT[\"degree\",0.0174532925199433],AUTHORITY[\"EPSG\",\"4326\"]]"
,"json_geometry":{"type":"Point","coordinates":[3.21662199882421,51.2284860006782]}
}
,{
"json_featuretype":"Ligplaats"
,"Functie":"Ligplaats zonder overslag"
,"Objectnaam":"Ligplaats 955"
,"HMpunt":-9999
,"KadeNR":"955"
,"Naam_locatie":"Brugge"
,"Naam_waterweg":"Nijverheidsdok"
,"LatWGS84":51.232572
,"LoWGS84":3.21651
,"Aangemaakt op":"22/06/2016"
,"json_ogc_wkt_crs":"GEOGCS[\"WGS84 Lat/Longs\",DATUM[\"WGS_1984\",SPHEROID[\"World Geodetic System of 1984, GEM 10C\",6378137,298.257223563,AUTHORITY[\"EPSG\",\"7030\"]],AUTHORITY[\"EPSG\",\"6326\"]],PRIMEM[\"Greenwich\",0],UNIT[\"degree\",0.0174532925199433],AUTHORITY[\"EPSG\",\"4326\"]]"
,"json_geometry":{"type":"Point","coordinates":[3.21650999974338,51.2325719999815]}
}
,{
"json_featuretype":"Ligplaats"
,"Functie":"Ligplaats zonder overslag"
,"Objectnaam":"Ligplaats 956"
,"HMpunt":-9999
,"KadeNR":"956"
,"Naam_locatie":"Brugge"
,"Naam_waterweg":"Nijverheidsdok"
,"LatWGS84":51.234083
,"LoWGS84":3.21826
,"Aangemaakt op":"22/06/2016"
,"json_ogc_wkt_crs":"GEOGCS[\"WGS84 Lat/Longs\",DATUM[\"WGS_1984\",SPHEROID[\"World Geodetic System of 1984, GEM 10C\",6378137,298.257223563,AUTHORITY[\"EPSG\",\"7030\"]],AUTHORITY[\"EPSG\",\"6326\"]],PRIMEM[\"Greenwich\",0],UNIT[\"degree\",0.0174532925199433],AUTHORITY[\"EPSG\",\"4326\"]]"
,"json_geometry":{"type":"Point","coordinates":[3.21826000038906,51.2340829996146]}
}
,{
"json_featuretype":"Ligplaats"
,"Functie":"Ligplaats zonder overslag"
,"Objectnaam":"Ligplaats 957"
,"HMpunt":-9999
,"KadeNR":"957"
,"Naam_locatie":"Brugge"
,"Naam_waterweg":"Nijverheidsdok"
,"LatWGS84":51.235375
,"LoWGS84":3.219861
,"Aangemaakt op":"22/06/2016"
,"json_ogc_wkt_crs":"GEOGCS[\"WGS84 Lat/Longs\",DATUM[\"WGS_1984\",SPHEROID[\"World Geodetic System of 1984, GEM 10C\",6378137,298.257223563,AUTHORITY[\"EPSG\",\"7030\"]],AUTHORITY[\"EPSG\",\"6326\"]],PRIMEM[\"Greenwich\",0],UNIT[\"degree\",0.0174532925199433],AUTHORITY[\"EPSG\",\"4326\"]]"
,"json_geometry":{"type":"Point","coordinates":[3.21986100068595,51.2353749997515]}
}
,{
"json_featuretype":"Ligplaats"
,"Functie":"Ligplaats zonder overslag"
,"Objectnaam":"Ligplaats 958"
,"HMpunt":-9999
,"KadeNR":"958"
,"Naam_locatie":"Brugge"
,"Naam_waterweg":"Kanaal Brugge-Zeebrugge"
,"LatWGS84":51.238106
,"LoWGS84":3.220012
,"Aangemaakt op":"22/06/2016"
,"json_ogc_wkt_crs":"GEOGCS[\"WGS84 Lat/Longs\",DATUM[\"WGS_1984\",SPHEROID[\"World Geodetic System of 1984, GEM 10C\",6378137,298.257223563,AUTHORITY[\"EPSG\",\"7030\"]],AUTHORITY[\"EPSG\",\"6326\"]],PRIMEM[\"Greenwich\",0],UNIT[\"degree\",0.0174532925199433],AUTHORITY[\"EPSG\",\"4326\"]]"
,"json_geometry":{"type":"Point","coordinates":[3.22001200030185,51.2381059995304]}
}
,{
"json_featuretype":"Ligplaats"
,"Functie":"Ligplaats zonder overslag"
,"Objectnaam":"Ligplaats 959"
,"HMpunt":-9999
,"KadeNR":"959"
,"Naam_locatie":"Brugge"
,"Naam_waterweg":"Kanaal Brugge-Zeebrugge"
,"LatWGS84":51.240108
,"LoWGS84":3.219535
,"Aangemaakt op":"22/06/2016"
,"json_ogc_wkt_crs":"GEOGCS[\"WGS84 Lat/Longs\",DATUM[\"WGS_1984\",SPHEROID[\"World Geodetic System of 1984, GEM 10C\",6378137,298.257223563,AUTHORITY[\"EPSG\",\"7030\"]],AUTHORITY[\"EPSG\",\"6326\"]],PRIMEM[\"Greenwich\",0],UNIT[\"degree\",0.0174532925199433],AUTHORITY[\"EPSG\",\"4326\"]]"
,"json_geometry":{"type":"Point","coordinates":[3.21953500064056,51.2401079997098]}
}
,{
"json_featuretype":"Ligplaats"
,"Functie":"Ligplaats zonder overslag"
,"Objectnaam":"Ligplaats 960"
,"HMpunt":-9999
,"KadeNR":"960"
,"Naam_locatie":"Brugge"
,"Naam_waterweg":"Kanaal Brugge-Zeebrugge"
,"LatWGS84":51.24208
,"LoWGS84":3.219005
,"Aangemaakt op":"22/06/2016"
,"json_ogc_wkt_crs":"GEOGCS[\"WGS84 Lat/Longs\",DATUM[\"WGS_1984\",SPHEROID[\"World Geodetic System of 1984, GEM 10C\",6378137,298.257223563,AUTHORITY[\"EPSG\",\"7030\"]],AUTHORITY[\"EPSG\",\"6326\"]],PRIMEM[\"Greenwich\",0],UNIT[\"degree\",0.0174532925199433],AUTHORITY[\"EPSG\",\"4326\"]]"
,"json_geometry":{"type":"Point","coordinates":[3.21900500096611,51.2420799995865]}
}
,{
"json_featuretype":"Ligplaats"
,"Functie":"Ligplaats zonder overslag"
,"Objectnaam":"Ligplaats 961"
,"HMpunt":-9999
,"KadeNR":"961"
,"Naam_locatie":"Brugge"
,"Naam_waterweg":"Kanaal Brugge-Zeebrugge"
,"LatWGS84":51.244081
,"LoWGS84":3.218503
,"Aangemaakt op":"22/06/2016"
,"json_ogc_wkt_crs":"GEOGCS[\"WGS84 Lat/Longs\",DATUM[\"WGS_1984\",SPHEROID[\"World Geodetic System of 1984, GEM 10C\",6378137,298.257223563,AUTHORITY[\"EPSG\",\"7030\"]],AUTHORITY[\"EPSG\",\"6326\"]],PRIMEM[\"Greenwich\",0],UNIT[\"degree\",0.0174532925199433],AUTHORITY[\"EPSG\",\"4326\"]]"
,"json_geometry":{"type":"Point","coordinates":[3.21850300057476,51.2440809995968]}
}
,{
"json_featuretype":"Ligplaats"
,"Functie":"Ligplaats zonder overslag"
,"Objectnaam":"Ligplaats 962"
,"HMpunt":-9999
,"KadeNR":"962"
,"Naam_locatie":"Brugge"
,"Naam_waterweg":"Kanaal Brugge-Zeebrugge"
,"LatWGS84":51.246025
,"LoWGS84":3.218019
,"Aangemaakt op":"22/06/2016"
,"json_ogc_wkt_crs":"GEOGCS[\"WGS84 Lat/Longs\",DATUM[\"WGS_1984\",SPHEROID[\"World Geodetic System of 1984, GEM 10C\",6378137,298.257223563,AUTHORITY[\"EPSG\",\"7030\"]],AUTHORITY[\"EPSG\",\"6326\"]],PRIMEM[\"Greenwich\",0],UNIT[\"degree\",0.0174532925199433],AUTHORITY[\"EPSG\",\"4326\"]]"
,"json_geometry":{"type":"Point","coordinates":[3.21801900045411,51.2460250002875]}
}
,{
"json_featuretype":"Ligplaats"
,"Functie":"Ligplaats zonder overslag"
,"Objectnaam":"Ligplaats 964"
,"HMpunt":-9999
,"KadeNR":"964"
,"Naam_locatie":"Brugge"
,"Naam_waterweg":"Kanaal Brugge-Zeebrugge"
,"LatWGS84":51.249945
,"LoWGS84":3.217017
,"Aangemaakt op":"22/06/2016"
,"json_ogc_wkt_crs":"GEOGCS[\"WGS84 Lat/Longs\",DATUM[\"WGS_1984\",SPHEROID[\"World Geodetic System of 1984, GEM 10C\",6378137,298.257223563,AUTHORITY[\"EPSG\",\"7030\"]],AUTHORITY[\"EPSG\",\"6326\"]],PRIMEM[\"Greenwich\",0],UNIT[\"degree\",0.0174532925199433],AUTHORITY[\"EPSG\",\"4326\"]]"
,"json_geometry":{"type":"Point","coordinates":[3.2170170002867,51.2499450002777]}
}
,{
"json_featuretype":"Ligplaats"
,"Functie":"Ligplaats zonder overslag"
,"Objectnaam":"Ligplaats 965"
,"HMpunt":-9999
,"KadeNR":"965"
,"Naam_locatie":"Brugge"
,"Naam_waterweg":"Kanaal Brugge-Zeebrugge"
,"LatWGS84":51.251909
,"LoWGS84":3.216494
,"Aangemaakt op":"22/06/2016"
,"json_ogc_wkt_crs":"GEOGCS[\"WGS84 Lat/Longs\",DATUM[\"WGS_1984\",SPHEROID[\"World Geodetic System of 1984, GEM 10C\",6378137,298.257223563,AUTHORITY[\"EPSG\",\"7030\"]],AUTHORITY[\"EPSG\",\"6326\"]],PRIMEM[\"Greenwich\",0],UNIT[\"degree\",0.0174532925199433],AUTHORITY[\"EPSG\",\"4326\"]]"
,"json_geometry":{"type":"Point","coordinates":[3.216493999566,51.2519089997795]}
}
,{
"json_featuretype":"Ligplaats"
,"Functie":"Ligplaats zonder overslag"
,"Objectnaam":"Ligplaats 966"
,"HMpunt":-9999
,"KadeNR":"966"
,"Naam_locatie":"Brugge"
,"Naam_waterweg":"Kanaal Brugge-Zeebrugge"
,"LatWGS84":51.2539
,"LoWGS84":3.215992
,"Aangemaakt op":"22/06/2016"
,"json_ogc_wkt_crs":"GEOGCS[\"WGS84 Lat/Longs\",DATUM[\"WGS_1984\",SPHEROID[\"World Geodetic System of 1984, GEM 10C\",6378137,298.257223563,AUTHORITY[\"EPSG\",\"7030\"]],AUTHORITY[\"EPSG\",\"6326\"]],PRIMEM[\"Greenwich\",0],UNIT[\"degree\",0.0174532925199433],AUTHORITY[\"EPSG\",\"4326\"]]"
,"json_geometry":{"type":"Point","coordinates":[3.21599199920694,51.2539000001243]}
}
,{
"json_featuretype":"Ligplaats"
,"Functie":"Ligplaats zonder overslag"
,"Objectnaam":"Ligplaats 969"
,"HMpunt":-9999
,"KadeNR":"969"
,"Naam_locatie":"Brugge"
,"Naam_waterweg":"Kanaal Brugge-Zeebrugge"
,"LatWGS84":51.2598
,"LoWGS84":3.214518
,"Aangemaakt op":"22/06/2016"
,"json_ogc_wkt_crs":"GEOGCS[\"WGS84 Lat/Longs\",DATUM[\"WGS_1984\",SPHEROID[\"World Geodetic System of 1984, GEM 10C\",6378137,298.257223563,AUTHORITY[\"EPSG\",\"7030\"]],AUTHORITY[\"EPSG\",\"6326\"]],PRIMEM[\"Greenwich\",0],UNIT[\"degree\",0.0174532925199433],AUTHORITY[\"EPSG\",\"4326\"]]"
,"json_geometry":{"type":"Point","coordinates":[3.21451800077755,51.2597999992936]}
}
,{
"json_featuretype":"Ligplaats"
,"Functie":"Ligplaats zonder overslag"
,"Objectnaam":"Ligplaats 970"
,"HMpunt":-9999
,"KadeNR":"970"
,"Naam_locatie":"Brugge"
,"Naam_waterweg":"Kanaal Brugge-Zeebrugge"
,"LatWGS84":51.261778
,"LoWGS84":3.214018
,"Aangemaakt op":"22/06/2016"
,"json_ogc_wkt_crs":"GEOGCS[\"WGS84 Lat/Longs\",DATUM[\"WGS_1984\",SPHEROID[\"World Geodetic System of 1984, GEM 10C\",6378137,298.257223563,AUTHORITY[\"EPSG\",\"7030\"]],AUTHORITY[\"EPSG\",\"6326\"]],PRIMEM[\"Greenwich\",0],UNIT[\"degree\",0.0174532925199433],AUTHORITY[\"EPSG\",\"4326\"]]"
,"json_geometry":{"type":"Point","coordinates":[3.21401799897168,51.2617779995852]}
}
,{
"json_featuretype":"Ligplaats"
,"Functie":"Ligplaats zonder overslag"
,"Objectnaam":"Ligplaats 971"
,"HMpunt":-9999
,"KadeNR":"971"
,"Naam_locatie":"Brugge"
,"Naam_waterweg":"Kanaal Brugge-Zeebrugge"
,"LatWGS84":51.26376
,"LoWGS84":3.213499
,"Aangemaakt op":"22/06/2016"
,"json_ogc_wkt_crs":"GEOGCS[\"WGS84 Lat/Longs\",DATUM[\"WGS_1984\",SPHEROID[\"World Geodetic System of 1984, GEM 10C\",6378137,298.257223563,AUTHORITY[\"EPSG\",\"7030\"]],AUTHORITY[\"EPSG\",\"6326\"]],PRIMEM[\"Greenwich\",0],UNIT[\"degree\",0.0174532925199433],AUTHORITY[\"EPSG\",\"4326\"]]"
,"json_geometry":{"type":"Point","coordinates":[3.21349899979851,51.2637599995561]}
}
,{
"json_featuretype":"Ligplaats"
,"Functie":"Ligplaats zonder overslag"
,"Objectnaam":"Ligplaats 973"
,"HMpunt":-9999
,"KadeNR":"973"
,"Naam_locatie":"Brugge"
,"Naam_waterweg":"Kanaal Brugge-Zeebrugge"
,"LatWGS84":51.267692
,"LoWGS84":3.212498
,"Aangemaakt op":"22/06/2016"
,"json_ogc_wkt_crs":"GEOGCS[\"WGS84 Lat/Longs\",DATUM[\"WGS_1984\",SPHEROID[\"World Geodetic System of 1984, GEM 10C\",6378137,298.257223563,AUTHORITY[\"EPSG\",\"7030\"]],AUTHORITY[\"EPSG\",\"6326\"]],PRIMEM[\"Greenwich\",0],UNIT[\"degree\",0.0174532925199433],AUTHORITY[\"EPSG\",\"4326\"]]"
,"json_geometry":{"type":"Point","coordinates":[3.21249800113288,51.2676920004466]}
}
,{
"json_featuretype":"Ligplaats"
,"Functie":"Ligplaats zonder overslag"
,"Objectnaam":"Ligplaats Leopold II-dam"
,"HMpunt":-9999
,"Naam_locatie":"Zeebrugge"
,"Naam_waterweg":"Geul West - ZP1"
,"LatWGS84":51.342811
,"LoWGS84":3.192403
,"Aangemaakt op":"22/06/2016"
,"json_ogc_wkt_crs":"GEOGCS[\"WGS84 Lat/Longs\",DATUM[\"WGS_1984\",SPHEROID[\"World Geodetic System of 1984, GEM 10C\",6378137,298.257223563,AUTHORITY[\"EPSG\",\"7030\"]],AUTHORITY[\"EPSG\",\"6326\"]],PRIMEM[\"Greenwich\",0],UNIT[\"degree\",0.0174532925199433],AUTHORITY[\"EPSG\",\"4326\"]]"
,"json_geometry":{"type":"Point","coordinates":[3.19240300033764,51.3428110006413]}
}
]