[
{
"json_featuretype":"Terminal"
,"Functie":"Terminal"
,"Objectnaam":"Alzagri"
,"HMpunt":-9999
,"Naam_locatie":"Brugge"
,"Naam_waterweg":"Kanaal Brugge-Zeebrugge"
,"LatWGS84":51.243851
,"LoWGS84":3.220393
,"Aangemaakt op":"22/06/2016"
,"json_ogc_wkt_crs":"GEOGCS[\"WGS84 Lat/Longs\",DATUM[\"WGS_1984\",SPHEROID[\"World Geodetic System of 1984, GEM 10C\",6378137,298.257223563,AUTHORITY[\"EPSG\",\"7030\"]],AUTHORITY[\"EPSG\",\"6326\"]],PRIMEM[\"Greenwich\",0],UNIT[\"degree\",0.0174532925199433],AUTHORITY[\"EPSG\",\"4326\"]]"
,"json_geometry":{"type":"Point","coordinates":[3.22039299964074,51.2438510006603]}
}
,{
"json_featuretype":"Terminal"
,"Functie":"Terminal"
,"Objectnaam":"APM Terminals"
,"HMpunt":-9999
,"Naam_locatie":"Zeebrugge"
,"Naam_waterweg":"Albert II dok"
,"LatWGS84":51.347417
,"LoWGS84":3.18975
,"Aangemaakt op":"22/06/2016"
,"json_ogc_wkt_crs":"GEOGCS[\"WGS84 Lat/Longs\",DATUM[\"WGS_1984\",SPHEROID[\"World Geodetic System of 1984, GEM 10C\",6378137,298.257223563,AUTHORITY[\"EPSG\",\"7030\"]],AUTHORITY[\"EPSG\",\"6326\"]],PRIMEM[\"Greenwich\",0],UNIT[\"degree\",0.0174532925199433],AUTHORITY[\"EPSG\",\"4326\"]]"
,"json_geometry":{"type":"Point","coordinates":[3.18974999983046,51.3474169999922]}
}
,{
"json_featuretype":"Terminal"
,"Functie":"Terminal"
,"Objectnaam":"Argos"
,"HMpunt":-9999
,"Naam_locatie":"Brugge"
,"Naam_waterweg":"Nijverheidsdok"
,"LatWGS84":51.230732
,"LoWGS84":3.215816
,"Aangemaakt op":"22/06/2016"
,"json_ogc_wkt_crs":"GEOGCS[\"WGS84 Lat/Longs\",DATUM[\"WGS_1984\",SPHEROID[\"World Geodetic System of 1984, GEM 10C\",6378137,298.257223563,AUTHORITY[\"EPSG\",\"7030\"]],AUTHORITY[\"EPSG\",\"6326\"]],PRIMEM[\"Greenwich\",0],UNIT[\"degree\",0.0174532925199433],AUTHORITY[\"EPSG\",\"4326\"]]"
,"json_geometry":{"type":"Point","coordinates":[3.21581600042839,51.2307319995342]}
}
,{
"json_featuretype":"Terminal"
,"Functie":"Terminal"
,"Objectnaam":"Azpa"
,"HMpunt":-9999
,"Naam_locatie":"Brugge"
,"Naam_waterweg":"Kanaal Brugge-Zeebrugge"
,"LatWGS84":51.225287
,"LoWGS84":3.221771
,"Aangemaakt op":"22/06/2016"
,"json_ogc_wkt_crs":"GEOGCS[\"WGS84 Lat/Longs\",DATUM[\"WGS_1984\",SPHEROID[\"World Geodetic System of 1984, GEM 10C\",6378137,298.257223563,AUTHORITY[\"EPSG\",\"7030\"]],AUTHORITY[\"EPSG\",\"6326\"]],PRIMEM[\"Greenwich\",0],UNIT[\"degree\",0.0174532925199433],AUTHORITY[\"EPSG\",\"4326\"]]"
,"json_geometry":{"type":"Point","coordinates":[3.22177099912667,51.2252870004718]}
}
,{
"json_featuretype":"Terminal"
,"Functie":"Terminal"
,"Objectnaam":"BNFW, Belgian New Food Wharf"
,"HMpunt":-9999
,"Naam_locatie":"Zeebrugge"
,"Naam_waterweg":"Noordelijk Insteekdok"
,"LatWGS84":51.319907
,"LoWGS84":3.215649
,"Aangemaakt op":"22/06/2016"
,"json_ogc_wkt_crs":"GEOGCS[\"WGS84 Lat/Longs\",DATUM[\"WGS_1984\",SPHEROID[\"World Geodetic System of 1984, GEM 10C\",6378137,298.257223563,AUTHORITY[\"EPSG\",\"7030\"]],AUTHORITY[\"EPSG\",\"6326\"]],PRIMEM[\"Greenwich\",0],UNIT[\"degree\",0.0174532925199433],AUTHORITY[\"EPSG\",\"4326\"]]"
,"json_geometry":{"type":"Point","coordinates":[3.21564899909046,51.3199070006982]}
}
,{
"json_featuretype":"Terminal"
,"Functie":"Terminal"
,"Objectnaam":"Borlix"
,"HMpunt":-9999
,"Naam_locatie":"Zeebrugge"
,"Naam_waterweg":"Prins Filipsdok"
,"LatWGS84":51.322971
,"LoWGS84":3.194313
,"Aangemaakt op":"22/06/2016"
,"json_ogc_wkt_crs":"GEOGCS[\"WGS84 Lat/Longs\",DATUM[\"WGS_1984\",SPHEROID[\"World Geodetic System of 1984, GEM 10C\",6378137,298.257223563,AUTHORITY[\"EPSG\",\"7030\"]],AUTHORITY[\"EPSG\",\"6326\"]],PRIMEM[\"Greenwich\",0],UNIT[\"degree\",0.0174532925199433],AUTHORITY[\"EPSG\",\"4326\"]]"
,"json_geometry":{"type":"Point","coordinates":[3.19431299909297,51.3229709999313]}
}
,{
"json_featuretype":"Terminal"
,"Functie":"Terminal"
,"Objectnaam":"Bridgestone"
,"HMpunt":-9999
,"Naam_locatie":"Zeebrugge"
,"Naam_waterweg":"Zuidelijk Insteekdok"
,"LatWGS84":51.300773
,"LoWGS84":3.251428
,"Aangemaakt op":"22/06/2016"
,"json_ogc_wkt_crs":"GEOGCS[\"WGS84 Lat/Longs\",DATUM[\"WGS_1984\",SPHEROID[\"World Geodetic System of 1984, GEM 10C\",6378137,298.257223563,AUTHORITY[\"EPSG\",\"7030\"]],AUTHORITY[\"EPSG\",\"6326\"]],PRIMEM[\"Greenwich\",0],UNIT[\"degree\",0.0174532925199433],AUTHORITY[\"EPSG\",\"4326\"]]"
,"json_geometry":{"type":"Point","coordinates":[3.25142800064052,51.3007729994191]}
}
,{
"json_featuretype":"Terminal"
,"Functie":"Terminal"
,"Objectnaam":"Brit European Transport"
,"HMpunt":-9999
,"Naam_locatie":"Zeebrugge"
,"Naam_waterweg":"Oud Ferrydok"
,"LatWGS84":51.320913
,"LoWGS84":3.197238
,"Aangemaakt op":"22/06/2016"
,"json_ogc_wkt_crs":"GEOGCS[\"WGS84 Lat/Longs\",DATUM[\"WGS_1984\",SPHEROID[\"World Geodetic System of 1984, GEM 10C\",6378137,298.257223563,AUTHORITY[\"EPSG\",\"7030\"]],AUTHORITY[\"EPSG\",\"6326\"]],PRIMEM[\"Greenwich\",0],UNIT[\"degree\",0.0174532925199433],AUTHORITY[\"EPSG\",\"4326\"]]"
,"json_geometry":{"type":"Point","coordinates":[3.19723800091878,51.3209129998191]}
}
,{
"json_featuretype":"Terminal"
,"Functie":"Terminal"
,"Objectnaam":"C.ro Ports (Brittanniadok) ligplaats 609"
,"HMpunt":-9999
,"Naam_locatie":"Zeebrugge"
,"Naam_waterweg":"Hermespier"
,"LatWGS84":51.339705
,"LoWGS84":3.214491
,"Aangemaakt op":"22/06/2016"
,"json_ogc_wkt_crs":"GEOGCS[\"WGS84 Lat/Longs\",DATUM[\"WGS_1984\",SPHEROID[\"World Geodetic System of 1984, GEM 10C\",6378137,298.257223563,AUTHORITY[\"EPSG\",\"7030\"]],AUTHORITY[\"EPSG\",\"6326\"]],PRIMEM[\"Greenwich\",0],UNIT[\"degree\",0.0174532925199433],AUTHORITY[\"EPSG\",\"4326\"]]"
,"json_geometry":{"type":"Point","coordinates":[3.21449100044067,51.3397050003982]}
}
,{
"json_featuretype":"Terminal"
,"Functie":"Terminal"
,"Objectnaam":"C.ro Ports (Brittanniadok) ligplaats 612"
,"HMpunt":-9999
,"Naam_locatie":"Zeebrugge"
,"Naam_waterweg":"Brittaniadok"
,"LatWGS84":51.340407
,"LoWGS84":3.221559
,"Aangemaakt op":"22/06/2016"
,"json_ogc_wkt_crs":"GEOGCS[\"WGS84 Lat/Longs\",DATUM[\"WGS_1984\",SPHEROID[\"World Geodetic System of 1984, GEM 10C\",6378137,298.257223563,AUTHORITY[\"EPSG\",\"7030\"]],AUTHORITY[\"EPSG\",\"6326\"]],PRIMEM[\"Greenwich\",0],UNIT[\"degree\",0.0174532925199433],AUTHORITY[\"EPSG\",\"4326\"]]"
,"json_geometry":{"type":"Point","coordinates":[3.22155900089242,51.3404069996703]}
}
,{
"json_featuretype":"Terminal"
,"Functie":"Terminal"
,"Objectnaam":"C.ro Ports Canada // Wallenius ligplaats 507"
,"HMpunt":-9999
,"Naam_locatie":"Zeebrugge"
,"Naam_waterweg":"Zuidelijk Insteekdok"
,"LatWGS84":51.30767
,"LoWGS84":3.233202
,"Aangemaakt op":"22/06/2016"
,"json_ogc_wkt_crs":"GEOGCS[\"WGS84 Lat/Longs\",DATUM[\"WGS_1984\",SPHEROID[\"World Geodetic System of 1984, GEM 10C\",6378137,298.257223563,AUTHORITY[\"EPSG\",\"7030\"]],AUTHORITY[\"EPSG\",\"6326\"]],PRIMEM[\"Greenwich\",0],UNIT[\"degree\",0.0174532925199433],AUTHORITY[\"EPSG\",\"4326\"]]"
,"json_geometry":{"type":"Point","coordinates":[3.2332020006209,51.3076700000912]}
}
,{
"json_featuretype":"Terminal"
,"Functie":"Terminal"
,"Objectnaam":"C.ro Ports Canada // Wallenius ligplaats 530"
,"HMpunt":-9999
,"Naam_locatie":"Zeebrugge"
,"Naam_waterweg":"Zuidelijk Insteekdok"
,"LatWGS84":51.312758
,"LoWGS84":3.229118
,"Aangemaakt op":"22/06/2016"
,"json_ogc_wkt_crs":"GEOGCS[\"WGS84 Lat/Longs\",DATUM[\"WGS_1984\",SPHEROID[\"World Geodetic System of 1984, GEM 10C\",6378137,298.257223563,AUTHORITY[\"EPSG\",\"7030\"]],AUTHORITY[\"EPSG\",\"6326\"]],PRIMEM[\"Greenwich\",0],UNIT[\"degree\",0.0174532925199433],AUTHORITY[\"EPSG\",\"4326\"]]"
,"json_geometry":{"type":"Point","coordinates":[3.22911799914401,51.3127580001357]}
}
,{
"json_featuretype":"Terminal"
,"Functie":"Terminal"
,"Objectnaam":"C.ro Ports Canada // Wallenius ligplaats 532"
,"HMpunt":-9999
,"Naam_locatie":"Zeebrugge"
,"Naam_waterweg":"Zuidelijk Insteekdok"
,"LatWGS84":51.316304
,"LoWGS84":3.226428
,"Aangemaakt op":"22/06/2016"
,"json_ogc_wkt_crs":"GEOGCS[\"WGS84 Lat/Longs\",DATUM[\"WGS_1984\",SPHEROID[\"World Geodetic System of 1984, GEM 10C\",6378137,298.257223563,AUTHORITY[\"EPSG\",\"7030\"]],AUTHORITY[\"EPSG\",\"6326\"]],PRIMEM[\"Greenwich\",0],UNIT[\"degree\",0.0174532925199433],AUTHORITY[\"EPSG\",\"4326\"]]"
,"json_geometry":{"type":"Point","coordinates":[3.22642800110015,51.3163040004713]}
}
,{
"json_featuretype":"Terminal"
,"Functie":"Terminal"
,"Objectnaam":"C.ro Ports Minerva plein Pierre Vandammesluis"
,"HMpunt":-9999
,"Naam_locatie":"Zeebrugge"
,"Naam_waterweg":"Pierre Vandammesluis - CDNB"
,"LatWGS84":51.335494
,"LoWGS84":3.222608
,"Aangemaakt op":"22/06/2016"
,"json_ogc_wkt_crs":"GEOGCS[\"WGS84 Lat/Longs\",DATUM[\"WGS_1984\",SPHEROID[\"World Geodetic System of 1984, GEM 10C\",6378137,298.257223563,AUTHORITY[\"EPSG\",\"7030\"]],AUTHORITY[\"EPSG\",\"6326\"]],PRIMEM[\"Greenwich\",0],UNIT[\"degree\",0.0174532925199433],AUTHORITY[\"EPSG\",\"4326\"]]"
,"json_geometry":{"type":"Point","coordinates":[3.2226079988973,51.3354939998304]}
}
,{
"json_featuretype":"Terminal"
,"Functie":"Terminal"
,"Objectnaam":"C.ro Ports Minerva plein Verbindingsdok"
,"HMpunt":-9999
,"Naam_locatie":"Zeebrugge"
,"Naam_waterweg":"Verbindingsdok"
,"LatWGS84":51.332632
,"LoWGS84":3.224678
,"Aangemaakt op":"22/06/2016"
,"json_ogc_wkt_crs":"GEOGCS[\"WGS84 Lat/Longs\",DATUM[\"WGS_1984\",SPHEROID[\"World Geodetic System of 1984, GEM 10C\",6378137,298.257223563,AUTHORITY[\"EPSG\",\"7030\"]],AUTHORITY[\"EPSG\",\"6326\"]],PRIMEM[\"Greenwich\",0],UNIT[\"degree\",0.0174532925199433],AUTHORITY[\"EPSG\",\"4326\"]]"
,"json_geometry":{"type":"Point","coordinates":[3.22467800000604,51.3326320000826]}
}
,{
"json_featuretype":"Terminal"
,"Functie":"Terminal"
,"Objectnaam":"C.ro Ports Zweedse kaai"
,"HMpunt":-9999
,"Naam_locatie":"Zeebrugge"
,"Naam_waterweg":"Pierre Vandammesluis - CDNB"
,"LatWGS84":51.338418
,"LoWGS84":3.208574
,"Aangemaakt op":"22/06/2016"
,"json_ogc_wkt_crs":"GEOGCS[\"WGS84 Lat/Longs\",DATUM[\"WGS_1984\",SPHEROID[\"World Geodetic System of 1984, GEM 10C\",6378137,298.257223563,AUTHORITY[\"EPSG\",\"7030\"]],AUTHORITY[\"EPSG\",\"6326\"]],PRIMEM[\"Greenwich\",0],UNIT[\"degree\",0.0174532925199433],AUTHORITY[\"EPSG\",\"4326\"]]"
,"json_geometry":{"type":"Point","coordinates":[3.20857400039752,51.3384180001968]}
}
,{
"json_featuretype":"Terminal"
,"Functie":"Terminal"
,"Objectnaam":"De Loof"
,"HMpunt":-9999
,"Naam_locatie":"Brugge"
,"Naam_waterweg":"Kanaal Brugge-Zeebrugge"
,"LatWGS84":51.224657
,"LoWGS84":3.22406
,"Aangemaakt op":"22/06/2016"
,"json_ogc_wkt_crs":"GEOGCS[\"WGS84 Lat/Longs\",DATUM[\"WGS_1984\",SPHEROID[\"World Geodetic System of 1984, GEM 10C\",6378137,298.257223563,AUTHORITY[\"EPSG\",\"7030\"]],AUTHORITY[\"EPSG\",\"6326\"]],PRIMEM[\"Greenwich\",0],UNIT[\"degree\",0.0174532925199433],AUTHORITY[\"EPSG\",\"4326\"]]"
,"json_geometry":{"type":"Point","coordinates":[3.22405999993994,51.2246570004643]}
}
,{
"json_featuretype":"Terminal"
,"Functie":"Terminal"
,"Objectnaam":"Decloedt Dredging"
,"HMpunt":-9999
,"Naam_locatie":"Zeebrugge"
,"Naam_waterweg":"Kanaal Brugge-Zeebrugge"
,"LatWGS84":51.315766
,"LoWGS84":3.203246
,"Aangemaakt op":"22/06/2016"
,"json_ogc_wkt_crs":"GEOGCS[\"WGS84 Lat/Longs\",DATUM[\"WGS_1984\",SPHEROID[\"World Geodetic System of 1984, GEM 10C\",6378137,298.257223563,AUTHORITY[\"EPSG\",\"7030\"]],AUTHORITY[\"EPSG\",\"6326\"]],PRIMEM[\"Greenwich\",0],UNIT[\"degree\",0.0174532925199433],AUTHORITY[\"EPSG\",\"4326\"]]"
,"json_geometry":{"type":"Point","coordinates":[3.2032460002117,51.3157660006137]}
}
,{
"json_featuretype":"Terminal"
,"Functie":"Terminal"
,"Objectnaam":"DFDS Seaways"
,"HMpunt":-9999
,"Naam_locatie":"Zeebrugge"
,"Naam_waterweg":"Wielingendok"
,"LatWGS84":51.351714
,"LoWGS84":3.172178
,"Aangemaakt op":"22/06/2016"
,"json_ogc_wkt_crs":"GEOGCS[\"WGS84 Lat/Longs\",DATUM[\"WGS_1984\",SPHEROID[\"World Geodetic System of 1984, GEM 10C\",6378137,298.257223563,AUTHORITY[\"EPSG\",\"7030\"]],AUTHORITY[\"EPSG\",\"6326\"]],PRIMEM[\"Greenwich\",0],UNIT[\"degree\",0.0174532925199433],AUTHORITY[\"EPSG\",\"4326\"]]"
,"json_geometry":{"type":"Point","coordinates":[3.17217800083712,51.3517139996823]}
}
,{
"json_featuretype":"Terminal"
,"Functie":"Terminal"
,"Objectnaam":"European fish center"
,"HMpunt":-9999
,"Naam_locatie":"Zeebrugge"
,"Naam_waterweg":"Kanaal Brugge-Zeebrugge"
,"LatWGS84":51.323789
,"LoWGS84":3.201537
,"Aangemaakt op":"22/06/2016"
,"json_ogc_wkt_crs":"GEOGCS[\"WGS84 Lat/Longs\",DATUM[\"WGS_1984\",SPHEROID[\"World Geodetic System of 1984, GEM 10C\",6378137,298.257223563,AUTHORITY[\"EPSG\",\"7030\"]],AUTHORITY[\"EPSG\",\"6326\"]],PRIMEM[\"Greenwich\",0],UNIT[\"degree\",0.0174532925199433],AUTHORITY[\"EPSG\",\"4326\"]]"
,"json_geometry":{"type":"Point","coordinates":[3.2015369993676,51.3237889996411]}
}
,{
"json_featuretype":"Terminal"
,"Functie":"Terminal"
,"Objectnaam":"Galloo"
,"HMpunt":-9999
,"Naam_locatie":"Brugge"
,"Naam_waterweg":"Kanaal Brugge-Zeebrugge"
,"LatWGS84":51.238989
,"LoWGS84":3.221625
,"Aangemaakt op":"22/06/2016"
,"json_ogc_wkt_crs":"GEOGCS[\"WGS84 Lat/Longs\",DATUM[\"WGS_1984\",SPHEROID[\"World Geodetic System of 1984, GEM 10C\",6378137,298.257223563,AUTHORITY[\"EPSG\",\"7030\"]],AUTHORITY[\"EPSG\",\"6326\"]],PRIMEM[\"Greenwich\",0],UNIT[\"degree\",0.0174532925199433],AUTHORITY[\"EPSG\",\"4326\"]]"
,"json_geometry":{"type":"Point","coordinates":[3.22162499913811,51.2389890003592]}
}
,{
"json_featuretype":"Terminal"
,"Functie":"Terminal"
,"Objectnaam":"Gassco"
,"HMpunt":-9999
,"Naam_locatie":"Zeebrugge"
,"Naam_waterweg":"Zuidelijk Insteekdok"
,"LatWGS84":51.306668
,"LoWGS84":3.24084
,"Aangemaakt op":"22/06/2016"
,"json_ogc_wkt_crs":"GEOGCS[\"WGS84 Lat/Longs\",DATUM[\"WGS_1984\",SPHEROID[\"World Geodetic System of 1984, GEM 10C\",6378137,298.257223563,AUTHORITY[\"EPSG\",\"7030\"]],AUTHORITY[\"EPSG\",\"6326\"]],PRIMEM[\"Greenwich\",0],UNIT[\"degree\",0.0174532925199433],AUTHORITY[\"EPSG\",\"4326\"]]"
,"json_geometry":{"type":"Point","coordinates":[3.24083999942569,51.3066680001686]}
}
,{
"json_featuretype":"Terminal"
,"Functie":"Terminal"
,"Objectnaam":"ICO (kaai 504)"
,"HMpunt":-9999
,"Naam_locatie":"Zeebrugge"
,"Naam_waterweg":"Verbindingsdok"
,"LatWGS84":51.311771
,"LoWGS84":3.214597
,"Aangemaakt op":"22/06/2016"
,"json_ogc_wkt_crs":"GEOGCS[\"WGS84 Lat/Longs\",DATUM[\"WGS_1984\",SPHEROID[\"World Geodetic System of 1984, GEM 10C\",6378137,298.257223563,AUTHORITY[\"EPSG\",\"7030\"]],AUTHORITY[\"EPSG\",\"6326\"]],PRIMEM[\"Greenwich\",0],UNIT[\"degree\",0.0174532925199433],AUTHORITY[\"EPSG\",\"4326\"]]"
,"json_geometry":{"type":"Point","coordinates":[3.21459700002496,51.3117709996223]}
}
,{
"json_featuretype":"Terminal"
,"Functie":"Terminal"
,"Objectnaam":"ICO RoRo Noordelijk Insteekdok"
,"HMpunt":-9999
,"Naam_locatie":"Zeebrugge"
,"Naam_waterweg":"Noordelijk Insteekdok"
,"LatWGS84":51.31934
,"LoWGS84":3.211327
,"Aangemaakt op":"22/06/2016"
,"json_ogc_wkt_crs":"GEOGCS[\"WGS84 Lat/Longs\",DATUM[\"WGS_1984\",SPHEROID[\"World Geodetic System of 1984, GEM 10C\",6378137,298.257223563,AUTHORITY[\"EPSG\",\"7030\"]],AUTHORITY[\"EPSG\",\"6326\"]],PRIMEM[\"Greenwich\",0],UNIT[\"degree\",0.0174532925199433],AUTHORITY[\"EPSG\",\"4326\"]]"
,"json_geometry":{"type":"Point","coordinates":[3.21132700053662,51.3193399993592]}
}
,{
"json_featuretype":"Terminal"
,"Functie":"Terminal"
,"Objectnaam":"ICO RoRo Noordelijk Insteekdok"
,"HMpunt":-9999
,"Naam_locatie":"Zeebrugge"
,"Naam_waterweg":"Noordelijk Insteekdok"
,"LatWGS84":51.325417
,"LoWGS84":3.210787
,"Aangemaakt op":"22/06/2016"
,"json_ogc_wkt_crs":"GEOGCS[\"WGS84 Lat/Longs\",DATUM[\"WGS_1984\",SPHEROID[\"World Geodetic System of 1984, GEM 10C\",6378137,298.257223563,AUTHORITY[\"EPSG\",\"7030\"]],AUTHORITY[\"EPSG\",\"6326\"]],PRIMEM[\"Greenwich\",0],UNIT[\"degree\",0.0174532925199433],AUTHORITY[\"EPSG\",\"4326\"]]"
,"json_geometry":{"type":"Point","coordinates":[3.21078699960649,51.3254169996063]}
}
,{
"json_featuretype":"Terminal"
,"Functie":"Terminal"
,"Objectnaam":"ICO RoRo Noordelijk Insteekdok"
,"HMpunt":-9999
,"Naam_locatie":"Zeebrugge"
,"Naam_waterweg":"Noordelijk Insteekdok"
,"LatWGS84":51.324462
,"LoWGS84":3.21362
,"Aangemaakt op":"22/06/2016"
,"json_ogc_wkt_crs":"GEOGCS[\"WGS84 Lat/Longs\",DATUM[\"WGS_1984\",SPHEROID[\"World Geodetic System of 1984, GEM 10C\",6378137,298.257223563,AUTHORITY[\"EPSG\",\"7030\"]],AUTHORITY[\"EPSG\",\"6326\"]],PRIMEM[\"Greenwich\",0],UNIT[\"degree\",0.0174532925199433],AUTHORITY[\"EPSG\",\"4326\"]]"
,"json_geometry":{"type":"Point","coordinates":[3.21361999899874,51.324462000029]}
}
,{
"json_featuretype":"Terminal"
,"Functie":"Terminal"
,"Objectnaam":"Klasmann Deilmann Belgie"
,"HMpunt":-9999
,"Naam_locatie":"Brugge"
,"Naam_waterweg":"Kanaal Brugge-Zeebrugge"
,"LatWGS84":51.226074
,"LoWGS84":3.221204
,"Aangemaakt op":"22/06/2016"
,"json_ogc_wkt_crs":"GEOGCS[\"WGS84 Lat/Longs\",DATUM[\"WGS_1984\",SPHEROID[\"World Geodetic System of 1984, GEM 10C\",6378137,298.257223563,AUTHORITY[\"EPSG\",\"7030\"]],AUTHORITY[\"EPSG\",\"6326\"]],PRIMEM[\"Greenwich\",0],UNIT[\"degree\",0.0174532925199433],AUTHORITY[\"EPSG\",\"4326\"]]"
,"json_geometry":{"type":"Point","coordinates":[3.22120400024438,51.2260740002419]}
}
,{
"json_featuretype":"Terminal"
,"Functie":"Terminal"
,"Objectnaam":"LNG Terminal Fluxys"
,"HMpunt":-9999
,"Naam_locatie":"Zeebrugge"
,"Naam_waterweg":"LNG"
,"LatWGS84":51.352381
,"LoWGS84":3.216301
,"Aangemaakt op":"22/06/2016"
,"json_ogc_wkt_crs":"GEOGCS[\"WGS84 Lat/Longs\",DATUM[\"WGS_1984\",SPHEROID[\"World Geodetic System of 1984, GEM 10C\",6378137,298.257223563,AUTHORITY[\"EPSG\",\"7030\"]],AUTHORITY[\"EPSG\",\"6326\"]],PRIMEM[\"Greenwich\",0],UNIT[\"degree\",0.0174532925199433],AUTHORITY[\"EPSG\",\"4326\"]]"
,"json_geometry":{"type":"Point","coordinates":[3.2163009990991,51.3523809995276]}
}
,{
"json_featuretype":"Terminal"
,"Functie":"Terminal"
,"Objectnaam":"LNG Terminal Fluxys"
,"HMpunt":-9999
,"Naam_locatie":"Zeebrugge"
,"Naam_waterweg":"Zuidelijk Insteekdok"
,"LatWGS84":51.305553
,"LoWGS84":3.238285
,"Aangemaakt op":"22/06/2016"
,"json_ogc_wkt_crs":"GEOGCS[\"WGS84 Lat/Longs\",DATUM[\"WGS_1984\",SPHEROID[\"World Geodetic System of 1984, GEM 10C\",6378137,298.257223563,AUTHORITY[\"EPSG\",\"7030\"]],AUTHORITY[\"EPSG\",\"6326\"]],PRIMEM[\"Greenwich\",0],UNIT[\"degree\",0.0174532925199433],AUTHORITY[\"EPSG\",\"4326\"]]"
,"json_geometry":{"type":"Point","coordinates":[3.23828500120219,51.3055530003203]}
}
,{
"json_featuretype":"Terminal"
,"Functie":"Terminal"
,"Objectnaam":"Marpos"
,"HMpunt":-9999
,"Naam_locatie":"Brugge"
,"Naam_waterweg":"Kanaal Brugge-Zeebrugge"
,"LatWGS84":51.226909
,"LoWGS84":3.214483
,"Aangemaakt op":"22/06/2016"
,"json_ogc_wkt_crs":"GEOGCS[\"WGS84 Lat/Longs\",DATUM[\"WGS_1984\",SPHEROID[\"World Geodetic System of 1984, GEM 10C\",6378137,298.257223563,AUTHORITY[\"EPSG\",\"7030\"]],AUTHORITY[\"EPSG\",\"6326\"]],PRIMEM[\"Greenwich\",0],UNIT[\"degree\",0.0174532925199433],AUTHORITY[\"EPSG\",\"4326\"]]"
,"json_geometry":{"type":"Point","coordinates":[3.21448299949011,51.2269089996743]}
}
,{
"json_featuretype":"Terminal"
,"Functie":"Terminal"
,"Objectnaam":"Marpos"
,"HMpunt":-9999
,"Naam_locatie":"Brugge"
,"Naam_waterweg":"Kanaal Brugge-Zeebrugge"
,"LatWGS84":51.265405
,"LoWGS84":3.214996
,"Aangemaakt op":"22/06/2016"
,"json_ogc_wkt_crs":"GEOGCS[\"WGS84 Lat/Longs\",DATUM[\"WGS_1984\",SPHEROID[\"World Geodetic System of 1984, GEM 10C\",6378137,298.257223563,AUTHORITY[\"EPSG\",\"7030\"]],AUTHORITY[\"EPSG\",\"6326\"]],PRIMEM[\"Greenwich\",0],UNIT[\"degree\",0.0174532925199433],AUTHORITY[\"EPSG\",\"4326\"]]"
,"json_geometry":{"type":"Point","coordinates":[3.21499600027407,51.2654050001639]}
}
,{
"json_featuretype":"Terminal"
,"Functie":"Terminal"
,"Objectnaam":"Meta Paint Snauwaert"
,"HMpunt":-9999
,"Naam_locatie":"Brugge"
,"Naam_waterweg":"Klein Handelsdok"
,"LatWGS84":51.229753
,"LoWGS84":3.226502
,"Aangemaakt op":"22/06/2016"
,"json_ogc_wkt_crs":"GEOGCS[\"WGS84 Lat/Longs\",DATUM[\"WGS_1984\",SPHEROID[\"World Geodetic System of 1984, GEM 10C\",6378137,298.257223563,AUTHORITY[\"EPSG\",\"7030\"]],AUTHORITY[\"EPSG\",\"6326\"]],PRIMEM[\"Greenwich\",0],UNIT[\"degree\",0.0174532925199433],AUTHORITY[\"EPSG\",\"4326\"]]"
,"json_geometry":{"type":"Point","coordinates":[3.22650200023179,51.2297530000309]}
}
,{
"json_featuretype":"Terminal"
,"Functie":"Terminal"
,"Objectnaam":"Minne Port Services (M.P.S.)"
,"HMpunt":-9999
,"Naam_locatie":"Brugge"
,"Naam_waterweg":"Klein Handelsdok"
,"LatWGS84":51.227521
,"LoWGS84":3.225094
,"Aangemaakt op":"22/06/2016"
,"json_ogc_wkt_crs":"GEOGCS[\"WGS84 Lat/Longs\",DATUM[\"WGS_1984\",SPHEROID[\"World Geodetic System of 1984, GEM 10C\",6378137,298.257223563,AUTHORITY[\"EPSG\",\"7030\"]],AUTHORITY[\"EPSG\",\"6326\"]],PRIMEM[\"Greenwich\",0],UNIT[\"degree\",0.0174532925199433],AUTHORITY[\"EPSG\",\"4326\"]]"
,"json_geometry":{"type":"Point","coordinates":[3.22509399952739,51.2275209997662]}
}
,{
"json_featuretype":"Terminal"
,"Functie":"Terminal"
,"Objectnaam":"Minne Port Services (M.P.S.)"
,"HMpunt":-9999
,"Naam_locatie":"Brugge"
,"Naam_waterweg":"Kanaal Brugge-Zeebrugge"
,"LatWGS84":51.227017
,"LoWGS84":3.223536
,"Aangemaakt op":"22/06/2016"
,"json_ogc_wkt_crs":"GEOGCS[\"WGS84 Lat/Longs\",DATUM[\"WGS_1984\",SPHEROID[\"World Geodetic System of 1984, GEM 10C\",6378137,298.257223563,AUTHORITY[\"EPSG\",\"7030\"]],AUTHORITY[\"EPSG\",\"6326\"]],PRIMEM[\"Greenwich\",0],UNIT[\"degree\",0.0174532925199433],AUTHORITY[\"EPSG\",\"4326\"]]"
,"json_geometry":{"type":"Point","coordinates":[3.22353600060447,51.2270169993824]}
}
,{
"json_featuretype":"Terminal"
,"Functie":"Terminal"
,"Objectnaam":"Minne Port Services (M.P.S.)"
,"HMpunt":-9999
,"Naam_locatie":"Brugge"
,"Naam_waterweg":"Kanaal Brugge-Zeebrugge"
,"LatWGS84":51.227882
,"LoWGS84":3.223372
,"Aangemaakt op":"22/06/2016"
,"json_ogc_wkt_crs":"GEOGCS[\"WGS84 Lat/Longs\",DATUM[\"WGS_1984\",SPHEROID[\"World Geodetic System of 1984, GEM 10C\",6378137,298.257223563,AUTHORITY[\"EPSG\",\"7030\"]],AUTHORITY[\"EPSG\",\"6326\"]],PRIMEM[\"Greenwich\",0],UNIT[\"degree\",0.0174532925199433],AUTHORITY[\"EPSG\",\"4326\"]]"
,"json_geometry":{"type":"Point","coordinates":[3.2233720010366,51.2278820005855]}
}
,{
"json_featuretype":"Terminal"
,"Functie":"Terminal"
,"Objectnaam":"Nieuwpoortse Handelsmaatschappij"
,"HMpunt":-9999
,"Naam_locatie":"Brugge"
,"Naam_waterweg":"Kanaal Brugge-Zeebrugge"
,"LatWGS84":51.266459
,"LoWGS84":3.212436
,"Aangemaakt op":"22/06/2016"
,"json_ogc_wkt_crs":"GEOGCS[\"WGS84 Lat/Longs\",DATUM[\"WGS_1984\",SPHEROID[\"World Geodetic System of 1984, GEM 10C\",6378137,298.257223563,AUTHORITY[\"EPSG\",\"7030\"]],AUTHORITY[\"EPSG\",\"6326\"]],PRIMEM[\"Greenwich\",0],UNIT[\"degree\",0.0174532925199433],AUTHORITY[\"EPSG\",\"4326\"]]"
,"json_geometry":{"type":"Point","coordinates":[3.21243599897552,51.2664590004921]}
}
,{
"json_featuretype":"Terminal"
,"Functie":"Terminal"
,"Objectnaam":"NV Demaecker & Van Haecke"
,"HMpunt":-9999
,"Naam_locatie":"Brugge"
,"Naam_waterweg":"Kanaal Brugge-Zeebrugge"
,"LatWGS84":51.231932
,"LoWGS84":3.219576
,"Aangemaakt op":"22/06/2016"
,"json_ogc_wkt_crs":"GEOGCS[\"WGS84 Lat/Longs\",DATUM[\"WGS_1984\",SPHEROID[\"World Geodetic System of 1984, GEM 10C\",6378137,298.257223563,AUTHORITY[\"EPSG\",\"7030\"]],AUTHORITY[\"EPSG\",\"6326\"]],PRIMEM[\"Greenwich\",0],UNIT[\"degree\",0.0174532925199433],AUTHORITY[\"EPSG\",\"4326\"]]"
,"json_geometry":{"type":"Point","coordinates":[3.21957599907699,51.2319320000343]}
}
,{
"json_featuretype":"Terminal"
,"Functie":"Terminal"
,"Objectnaam":"Oiltank Terminal Brugge"
,"HMpunt":-9999
,"Naam_locatie":"Brugge"
,"Naam_waterweg":"Kanaal Brugge-Zeebrugge"
,"LatWGS84":51.250204
,"LoWGS84":3.218644
,"Aangemaakt op":"22/06/2016"
,"json_ogc_wkt_crs":"GEOGCS[\"WGS84 Lat/Longs\",DATUM[\"WGS_1984\",SPHEROID[\"World Geodetic System of 1984, GEM 10C\",6378137,298.257223563,AUTHORITY[\"EPSG\",\"7030\"]],AUTHORITY[\"EPSG\",\"6326\"]],PRIMEM[\"Greenwich\",0],UNIT[\"degree\",0.0174532925199433],AUTHORITY[\"EPSG\",\"4326\"]]"
,"json_geometry":{"type":"Point","coordinates":[3.21864400003671,51.2502039994493]}
}
,{
"json_featuretype":"Terminal"
,"Functie":"Terminal"
,"Objectnaam":"P&O Ferries Terminal"
,"HMpunt":-9999
,"Naam_locatie":"Zeebrugge"
,"Naam_waterweg":"Geul West - ZP1"
,"LatWGS84":51.339554
,"LoWGS84":3.187453
,"Aangemaakt op":"22/06/2016"
,"json_ogc_wkt_crs":"GEOGCS[\"WGS84 Lat/Longs\",DATUM[\"WGS_1984\",SPHEROID[\"World Geodetic System of 1984, GEM 10C\",6378137,298.257223563,AUTHORITY[\"EPSG\",\"7030\"]],AUTHORITY[\"EPSG\",\"6326\"]],PRIMEM[\"Greenwich\",0],UNIT[\"degree\",0.0174532925199433],AUTHORITY[\"EPSG\",\"4326\"]]"
,"json_geometry":{"type":"Point","coordinates":[3.18745299928131,51.3395540003068]}
}
,{
"json_featuretype":"Terminal"
,"Functie":"Terminal"
,"Objectnaam":"Sagrex ligplaats 304"
,"HMpunt":-9999
,"Naam_locatie":"Zeebrugge"
,"Naam_waterweg":"Prins Filipsdok"
,"LatWGS84":51.32185
,"LoWGS84":3.192045
,"Aangemaakt op":"22/06/2016"
,"json_ogc_wkt_crs":"GEOGCS[\"WGS84 Lat/Longs\",DATUM[\"WGS_1984\",SPHEROID[\"World Geodetic System of 1984, GEM 10C\",6378137,298.257223563,AUTHORITY[\"EPSG\",\"7030\"]],AUTHORITY[\"EPSG\",\"6326\"]],PRIMEM[\"Greenwich\",0],UNIT[\"degree\",0.0174532925199433],AUTHORITY[\"EPSG\",\"4326\"]]"
,"json_geometry":{"type":"Point","coordinates":[3.19204500043606,51.3218499996252]}
}
,{
"json_featuretype":"Terminal"
,"Functie":"Terminal"
,"Objectnaam":"Sagrex ligplaats 912"
,"HMpunt":-9999
,"Naam_locatie":"Brugge"
,"Naam_waterweg":"Kanaal Brugge-Zeebrugge"
,"LatWGS84":51.245645
,"LoWGS84":3.219932
,"Aangemaakt op":"22/06/2016"
,"json_ogc_wkt_crs":"GEOGCS[\"WGS84 Lat/Longs\",DATUM[\"WGS_1984\",SPHEROID[\"World Geodetic System of 1984, GEM 10C\",6378137,298.257223563,AUTHORITY[\"EPSG\",\"7030\"]],AUTHORITY[\"EPSG\",\"6326\"]],PRIMEM[\"Greenwich\",0],UNIT[\"degree\",0.0174532925199433],AUTHORITY[\"EPSG\",\"4326\"]]"
,"json_geometry":{"type":"Point","coordinates":[3.21993199892003,51.2456449998091]}
}
,{
"json_featuretype":"Terminal"
,"Functie":"Terminal"
,"Objectnaam":"Sea Invest, Flanders cold center, Tropicana"
,"HMpunt":-9999
,"Naam_locatie":"Zeebrugge"
,"Naam_waterweg":"Noordelijk Insteekdok"
,"LatWGS84":51.315704
,"LoWGS84":3.211177
,"Aangemaakt op":"22/06/2016"
,"json_ogc_wkt_crs":"GEOGCS[\"WGS84 Lat/Longs\",DATUM[\"WGS_1984\",SPHEROID[\"World Geodetic System of 1984, GEM 10C\",6378137,298.257223563,AUTHORITY[\"EPSG\",\"7030\"]],AUTHORITY[\"EPSG\",\"6326\"]],PRIMEM[\"Greenwich\",0],UNIT[\"degree\",0.0174532925199433],AUTHORITY[\"EPSG\",\"4326\"]]"
,"json_geometry":{"type":"Point","coordinates":[3.21117700036284,51.3157040003792]}
}
,{
"json_featuretype":"Terminal"
,"Functie":"Terminal"
,"Objectnaam":"Solid"
,"HMpunt":-9999
,"Naam_locatie":"Brugge"
,"Naam_waterweg":"Kanaal Brugge-Zeebrugge"
,"LatWGS84":51.225736
,"LoWGS84":3.223731
,"Aangemaakt op":"22/06/2016"
,"json_ogc_wkt_crs":"GEOGCS[\"WGS84 Lat/Longs\",DATUM[\"WGS_1984\",SPHEROID[\"World Geodetic System of 1984, GEM 10C\",6378137,298.257223563,AUTHORITY[\"EPSG\",\"7030\"]],AUTHORITY[\"EPSG\",\"6326\"]],PRIMEM[\"Greenwich\",0],UNIT[\"degree\",0.0174532925199433],AUTHORITY[\"EPSG\",\"4326\"]]"
,"json_geometry":{"type":"Point","coordinates":[3.22373100012305,51.2257360003779]}
}
,{
"json_featuretype":"Terminal"
,"Functie":"Terminal"
,"Objectnaam":"SST (Seaport Shipping and Trading) ligplaats 921"
,"HMpunt":-9999
,"Naam_locatie":"Brugge"
,"Naam_waterweg":"Klein Handelsdok"
,"LatWGS84":51.230608
,"LoWGS84":3.225513
,"Aangemaakt op":"22/06/2016"
,"json_ogc_wkt_crs":"GEOGCS[\"WGS84 Lat/Longs\",DATUM[\"WGS_1984\",SPHEROID[\"World Geodetic System of 1984, GEM 10C\",6378137,298.257223563,AUTHORITY[\"EPSG\",\"7030\"]],AUTHORITY[\"EPSG\",\"6326\"]],PRIMEM[\"Greenwich\",0],UNIT[\"degree\",0.0174532925199433],AUTHORITY[\"EPSG\",\"4326\"]]"
,"json_geometry":{"type":"Point","coordinates":[3.22551299979405,51.2306080005779]}
}
,{
"json_featuretype":"Terminal"
,"Functie":"Terminal"
,"Objectnaam":"SST (Seaport Shipping and Trading) ligplaats 922"
,"HMpunt":-9999
,"Naam_locatie":"Brugge"
,"Naam_waterweg":"Klein Handelsdok"
,"LatWGS84":51.228909
,"LoWGS84":3.226052
,"Aangemaakt op":"22/06/2016"
,"json_ogc_wkt_crs":"GEOGCS[\"WGS84 Lat/Longs\",DATUM[\"WGS_1984\",SPHEROID[\"World Geodetic System of 1984, GEM 10C\",6378137,298.257223563,AUTHORITY[\"EPSG\",\"7030\"]],AUTHORITY[\"EPSG\",\"6326\"]],PRIMEM[\"Greenwich\",0],UNIT[\"degree\",0.0174532925199433],AUTHORITY[\"EPSG\",\"4326\"]]"
,"json_geometry":{"type":"Point","coordinates":[3.22605199904089,51.2289089996999]}
}
,{
"json_featuretype":"Terminal"
,"Functie":"Terminal"
,"Objectnaam":"SST (Seaport Shipping and Trading) ligplaats 927"
,"HMpunt":-9999
,"Naam_locatie":"Brugge"
,"Naam_waterweg":"Kanaal Brugge-Zeebrugge"
,"LatWGS84":51.228865
,"LoWGS84":3.223129
,"Aangemaakt op":"22/06/2016"
,"json_ogc_wkt_crs":"GEOGCS[\"WGS84 Lat/Longs\",DATUM[\"WGS_1984\",SPHEROID[\"World Geodetic System of 1984, GEM 10C\",6378137,298.257223563,AUTHORITY[\"EPSG\",\"7030\"]],AUTHORITY[\"EPSG\",\"6326\"]],PRIMEM[\"Greenwich\",0],UNIT[\"degree\",0.0174532925199433],AUTHORITY[\"EPSG\",\"4326\"]]"
,"json_geometry":{"type":"Point","coordinates":[3.22312899936157,51.228865000461]}
}
,{
"json_featuretype":"Terminal"
,"Functie":"Terminal"
,"Objectnaam":"Stevens"
,"HMpunt":-9999
,"Naam_locatie":"Brugge"
,"Naam_waterweg":"Klein Handelsdok"
,"LatWGS84":51.230246
,"LoWGS84":3.226325
,"Aangemaakt op":"22/06/2016"
,"json_ogc_wkt_crs":"GEOGCS[\"WGS84 Lat/Longs\",DATUM[\"WGS_1984\",SPHEROID[\"World Geodetic System of 1984, GEM 10C\",6378137,298.257223563,AUTHORITY[\"EPSG\",\"7030\"]],AUTHORITY[\"EPSG\",\"6326\"]],PRIMEM[\"Greenwich\",0],UNIT[\"degree\",0.0174532925199433],AUTHORITY[\"EPSG\",\"4326\"]]"
,"json_geometry":{"type":"Point","coordinates":[3.22632499900389,51.2302459998454]}
}
,{
"json_featuretype":"Terminal"
,"Functie":"Terminal"
,"Objectnaam":"Tate & Lyle Molasses (Tameco)"
,"HMpunt":-9999
,"Naam_locatie":"Zeebrugge"
,"Naam_waterweg":"Verbindingsdok"
,"LatWGS84":51.313496
,"LoWGS84":3.20709
,"Aangemaakt op":"22/06/2016"
,"json_ogc_wkt_crs":"GEOGCS[\"WGS84 Lat/Longs\",DATUM[\"WGS_1984\",SPHEROID[\"World Geodetic System of 1984, GEM 10C\",6378137,298.257223563,AUTHORITY[\"EPSG\",\"7030\"]],AUTHORITY[\"EPSG\",\"6326\"]],PRIMEM[\"Greenwich\",0],UNIT[\"degree\",0.0174532925199433],AUTHORITY[\"EPSG\",\"4326\"]]"
,"json_geometry":{"type":"Point","coordinates":[3.20708999983429,51.3134959994877]}
}
,{
"json_featuretype":"Terminal"
,"Functie":"Terminal"
,"Objectnaam":"Terminals Euroservices"
,"HMpunt":-9999
,"Naam_locatie":"Zeebrugge"
,"Naam_waterweg":"Geul West - ZP1"
,"LatWGS84":51.345815
,"LoWGS84":3.198131
,"Aangemaakt op":"22/06/2016"
,"json_ogc_wkt_crs":"GEOGCS[\"WGS84 Lat/Longs\",DATUM[\"WGS_1984\",SPHEROID[\"World Geodetic System of 1984, GEM 10C\",6378137,298.257223563,AUTHORITY[\"EPSG\",\"7030\"]],AUTHORITY[\"EPSG\",\"6326\"]],PRIMEM[\"Greenwich\",0],UNIT[\"degree\",0.0174532925199433],AUTHORITY[\"EPSG\",\"4326\"]]"
,"json_geometry":{"type":"Point","coordinates":[3.19813100099745,51.3458149994529]}
}
,{
"json_featuretype":"Terminal"
,"Functie":"Terminal"
,"Objectnaam":"Tomar Coal"
,"HMpunt":-9999
,"Naam_locatie":"Brugge"
,"Naam_waterweg":"Kanaal Brugge-Zeebrugge"
,"LatWGS84":51.224133
,"LoWGS84":3.22181
,"Aangemaakt op":"22/06/2016"
,"json_ogc_wkt_crs":"GEOGCS[\"WGS84 Lat/Longs\",DATUM[\"WGS_1984\",SPHEROID[\"World Geodetic System of 1984, GEM 10C\",6378137,298.257223563,AUTHORITY[\"EPSG\",\"7030\"]],AUTHORITY[\"EPSG\",\"6326\"]],PRIMEM[\"Greenwich\",0],UNIT[\"degree\",0.0174532925199433],AUTHORITY[\"EPSG\",\"4326\"]]"
,"json_geometry":{"type":"Point","coordinates":[3.22181000033214,51.2241329997271]}
}
,{
"json_featuretype":"Terminal"
,"Functie":"Terminal"
,"Objectnaam":"Total Fina"
,"HMpunt":-9999
,"Naam_locatie":"Brugge"
,"Naam_waterweg":"Kanaal Brugge-Zeebrugge"
,"LatWGS84":51.225145
,"LoWGS84":3.220854
,"Aangemaakt op":"22/06/2016"
,"json_ogc_wkt_crs":"GEOGCS[\"WGS84 Lat/Longs\",DATUM[\"WGS_1984\",SPHEROID[\"World Geodetic System of 1984, GEM 10C\",6378137,298.257223563,AUTHORITY[\"EPSG\",\"7030\"]],AUTHORITY[\"EPSG\",\"6326\"]],PRIMEM[\"Greenwich\",0],UNIT[\"degree\",0.0174532925199433],AUTHORITY[\"EPSG\",\"4326\"]]"
,"json_geometry":{"type":"Point","coordinates":[3.22085399990808,51.2251449997984]}
}
,{
"json_featuretype":"Terminal"
,"Functie":"Terminal"
,"Objectnaam":"Toyota"
,"HMpunt":-9999
,"Naam_locatie":"Zeebrugge"
,"Naam_waterweg":"Zuidelijk Insteekdok"
,"LatWGS84":51.298848
,"LoWGS84":3.245126
,"Aangemaakt op":"22/06/2016"
,"json_ogc_wkt_crs":"GEOGCS[\"WGS84 Lat/Longs\",DATUM[\"WGS_1984\",SPHEROID[\"World Geodetic System of 1984, GEM 10C\",6378137,298.257223563,AUTHORITY[\"EPSG\",\"7030\"]],AUTHORITY[\"EPSG\",\"6326\"]],PRIMEM[\"Greenwich\",0],UNIT[\"degree\",0.0174532925199433],AUTHORITY[\"EPSG\",\"4326\"]]"
,"json_geometry":{"type":"Point","coordinates":[3.24512599872746,51.2988480005022]}
}
,{
"json_featuretype":"Terminal"
,"Functie":"Terminal"
,"Objectnaam":"Toyota // ICO"
,"HMpunt":-9999
,"Naam_locatie":"Zeebrugge"
,"Naam_waterweg":"Zuidelijk Insteekdok"
,"LatWGS84":51.303933
,"LoWGS84":3.236334
,"Aangemaakt op":"22/06/2016"
,"json_ogc_wkt_crs":"GEOGCS[\"WGS84 Lat/Longs\",DATUM[\"WGS_1984\",SPHEROID[\"World Geodetic System of 1984, GEM 10C\",6378137,298.257223563,AUTHORITY[\"EPSG\",\"7030\"]],AUTHORITY[\"EPSG\",\"6326\"]],PRIMEM[\"Greenwich\",0],UNIT[\"degree\",0.0174532925199433],AUTHORITY[\"EPSG\",\"4326\"]]"
,"json_geometry":{"type":"Point","coordinates":[3.23633400105585,51.3039329999703]}
}
,{
"json_featuretype":"Terminal"
,"Functie":"Terminal"
,"Objectnaam":"Van De Geuchte"
,"HMpunt":-9999
,"Naam_locatie":"Brugge"
,"Naam_waterweg":"Klein Handelsdok"
,"LatWGS84":51.227311
,"LoWGS84":3.227286
,"Aangemaakt op":"22/06/2016"
,"json_ogc_wkt_crs":"GEOGCS[\"WGS84 Lat/Longs\",DATUM[\"WGS_1984\",SPHEROID[\"World Geodetic System of 1984, GEM 10C\",6378137,298.257223563,AUTHORITY[\"EPSG\",\"7030\"]],AUTHORITY[\"EPSG\",\"6326\"]],PRIMEM[\"Greenwich\",0],UNIT[\"degree\",0.0174532925199433],AUTHORITY[\"EPSG\",\"4326\"]]"
,"json_geometry":{"type":"Point","coordinates":[3.22728600003756,51.2273109997046]}
}
,{
"json_featuretype":"Terminal"
,"Functie":"Terminal"
,"Objectnaam":"Verbrugge Terminals"
,"HMpunt":-9999
,"Naam_locatie":"Zeebrugge"
,"Naam_waterweg":"Albert II dok"
,"LatWGS84":51.344388
,"LoWGS84":3.17702
,"Aangemaakt op":"22/06/2016"
,"json_ogc_wkt_crs":"GEOGCS[\"WGS84 Lat/Longs\",DATUM[\"WGS_1984\",SPHEROID[\"World Geodetic System of 1984, GEM 10C\",6378137,298.257223563,AUTHORITY[\"EPSG\",\"7030\"]],AUTHORITY[\"EPSG\",\"6326\"]],PRIMEM[\"Greenwich\",0],UNIT[\"degree\",0.0174532925199433],AUTHORITY[\"EPSG\",\"4326\"]]"
,"json_geometry":{"type":"Point","coordinates":[3.17701999969388,51.3443879995072]}
}
,{
"json_featuretype":"Terminal"
,"Functie":"Terminal"
,"Objectnaam":"Westhoofd Oost"
,"HMpunt":-9999
,"Naam_locatie":"Zeebrugge"
,"Naam_waterweg":"Visartsluis - CDNB"
,"LatWGS84":51.336221
,"LoWGS84":3.192322
,"Aangemaakt op":"22/06/2016"
,"json_ogc_wkt_crs":"GEOGCS[\"WGS84 Lat/Longs\",DATUM[\"WGS_1984\",SPHEROID[\"World Geodetic System of 1984, GEM 10C\",6378137,298.257223563,AUTHORITY[\"EPSG\",\"7030\"]],AUTHORITY[\"EPSG\",\"6326\"]],PRIMEM[\"Greenwich\",0],UNIT[\"degree\",0.0174532925199433],AUTHORITY[\"EPSG\",\"4326\"]]"
,"json_geometry":{"type":"Point","coordinates":[3.19232200125386,51.3362210006596]}
}
,{
"json_featuretype":"Terminal"
,"Functie":"Terminal"
,"Objectnaam":"Zeebrugge Food Logistics"
,"HMpunt":-9999
,"Naam_locatie":"Zeebrugge"
,"Naam_waterweg":"Kanaal Brugge-Zeebrugge"
,"LatWGS84":51.325265
,"LoWGS84":3.204809
,"Aangemaakt op":"22/06/2016"
,"json_ogc_wkt_crs":"GEOGCS[\"WGS84 Lat/Longs\",DATUM[\"WGS_1984\",SPHEROID[\"World Geodetic System of 1984, GEM 10C\",6378137,298.257223563,AUTHORITY[\"EPSG\",\"7030\"]],AUTHORITY[\"EPSG\",\"6326\"]],PRIMEM[\"Greenwich\",0],UNIT[\"degree\",0.0174532925199433],AUTHORITY[\"EPSG\",\"4326\"]]"
,"json_geometry":{"type":"Point","coordinates":[3.20480900090942,51.3252650001202]}
}
,{
"json_featuretype":"Terminal"
,"Functie":"Terminal"
,"Objectnaam":"Zeebrugge International Port"
,"HMpunt":-9999
,"Naam_locatie":"Zeebrugge"
,"Naam_waterweg":"Albert II dok"
,"LatWGS84":51.352017
,"LoWGS84":3.181788
,"Aangemaakt op":"22/06/2016"
,"json_ogc_wkt_crs":"GEOGCS[\"WGS84 Lat/Longs\",DATUM[\"WGS_1984\",SPHEROID[\"World Geodetic System of 1984, GEM 10C\",6378137,298.257223563,AUTHORITY[\"EPSG\",\"7030\"]],AUTHORITY[\"EPSG\",\"6326\"]],PRIMEM[\"Greenwich\",0],UNIT[\"degree\",0.0174532925199433],AUTHORITY[\"EPSG\",\"4326\"]]"
,"json_geometry":{"type":"Point","coordinates":[3.18178799924203,51.3520170003811]}
}
,{
"json_featuretype":"Terminal"
,"Functie":"Terminal"
,"Objectnaam":"ZIP (Zeebrugge International Port) ligplaats 128-129"
,"HMpunt":-9999
,"Naam_locatie":"Zeebrugge"
,"Naam_waterweg":"Albert II dok"
,"LatWGS84":51.352494
,"LoWGS84":3.1899
,"Aangemaakt op":"22/06/2016"
,"json_ogc_wkt_crs":"GEOGCS[\"WGS84 Lat/Longs\",DATUM[\"WGS_1984\",SPHEROID[\"World Geodetic System of 1984, GEM 10C\",6378137,298.257223563,AUTHORITY[\"EPSG\",\"7030\"]],AUTHORITY[\"EPSG\",\"6326\"]],PRIMEM[\"Greenwich\",0],UNIT[\"degree\",0.0174532925199433],AUTHORITY[\"EPSG\",\"4326\"]]"
,"json_geometry":{"type":"Point","coordinates":[3.18989999922556,51.3524939997005]}
}
,{
"json_featuretype":"Terminal"
,"Functie":"Terminal"
,"Objectnaam":"ZIP (Zeebrugge International Port) ligplaats 141"
,"HMpunt":-9999
,"Naam_locatie":"Zeebrugge"
,"Naam_waterweg":"Wielingendok"
,"LatWGS84":51.35387
,"LoWGS84":3.179178
,"Aangemaakt op":"22/06/2016"
,"json_ogc_wkt_crs":"GEOGCS[\"WGS84 Lat/Longs\",DATUM[\"WGS_1984\",SPHEROID[\"World Geodetic System of 1984, GEM 10C\",6378137,298.257223563,AUTHORITY[\"EPSG\",\"7030\"]],AUTHORITY[\"EPSG\",\"6326\"]],PRIMEM[\"Greenwich\",0],UNIT[\"degree\",0.0174532925199433],AUTHORITY[\"EPSG\",\"4326\"]]"
,"json_geometry":{"type":"Point","coordinates":[3.17917799982888,51.3538700005303]}
}
]