<?xml version="1.0" encoding="UTF-8"?>
<fme:xml-tables xmlns:xsi="http://www.w3.org/2001/XMLSchema-instance" xmlns:fme="http://www.safe.com/xml/xmltables" xsi:schemaLocation="http://www.safe.com/xml/xmltables Speelruimte.xsd">
<fme:Speelruimte-table>
<fme:Speelruimte>
<fme:ID>30</fme:ID>
<fme:X>70466.905</fme:X>
<fme:Y>218974.592</fme:Y>
<fme:TOESTELLEN>J</fme:TOESTELLEN>
<fme:PUBLIEK>J</fme:PUBLIEK>
<fme:Aangemaakt_op>16/03/2017</fme:Aangemaakt_op>
</fme:Speelruimte>
<fme:Speelruimte>
<fme:ID>31</fme:ID>
<fme:X>70256.491</fme:X>
<fme:Y>218720.427</fme:Y>
<fme:TOESTELLEN>J</fme:TOESTELLEN>
<fme:PUBLIEK>J</fme:PUBLIEK>
<fme:Aangemaakt_op>16/03/2017</fme:Aangemaakt_op>
</fme:Speelruimte>
<fme:Speelruimte>
<fme:ID>32</fme:ID>
<fme:X>68230.792</fme:X>
<fme:Y>221046.304</fme:Y>
<fme:TOESTELLEN>J</fme:TOESTELLEN>
<fme:PUBLIEK>J</fme:PUBLIEK>
<fme:Aangemaakt_op>16/03/2017</fme:Aangemaakt_op>
</fme:Speelruimte>
<fme:Speelruimte>
<fme:ID>33</fme:ID>
<fme:X>67775.601</fme:X>
<fme:Y>221082.549</fme:Y>
<fme:TOESTELLEN>J</fme:TOESTELLEN>
<fme:PUBLIEK>J</fme:PUBLIEK>
<fme:Aangemaakt_op>16/03/2017</fme:Aangemaakt_op>
</fme:Speelruimte>
<fme:Speelruimte>
<fme:ID>38</fme:ID>
<fme:X>68400.632</fme:X>
<fme:Y>222790.736</fme:Y>
<fme:TOESTELLEN>J</fme:TOESTELLEN>
<fme:PUBLIEK>J</fme:PUBLIEK>
<fme:Aangemaakt_op>16/03/2017</fme:Aangemaakt_op>
</fme:Speelruimte>
<fme:Speelruimte>
<fme:ID>36</fme:ID>
<fme:X>69520.669</fme:X>
<fme:Y>225137.96</fme:Y>
<fme:TOESTELLEN>J</fme:TOESTELLEN>
<fme:PUBLIEK>J</fme:PUBLIEK>
<fme:Aangemaakt_op>16/03/2017</fme:Aangemaakt_op>
</fme:Speelruimte>
<fme:Speelruimte>
<fme:ID>35</fme:ID>
<fme:X>69320.843</fme:X>
<fme:Y>225617.285</fme:Y>
<fme:TOESTELLEN>J</fme:TOESTELLEN>
<fme:PUBLIEK>J</fme:PUBLIEK>
<fme:Aangemaakt_op>16/03/2017</fme:Aangemaakt_op>
</fme:Speelruimte>
<fme:Speelruimte>
<fme:ID>37</fme:ID>
<fme:X>67004.143</fme:X>
<fme:Y>225026.485</fme:Y>
<fme:TOESTELLEN>J</fme:TOESTELLEN>
<fme:PUBLIEK>J</fme:PUBLIEK>
<fme:Aangemaakt_op>16/03/2017</fme:Aangemaakt_op>
</fme:Speelruimte>
<fme:Speelruimte>
<fme:ID>43</fme:ID>
<fme:X>71891.199</fme:X>
<fme:Y>214233.231</fme:Y>
<fme:TOESTELLEN>J</fme:TOESTELLEN>
<fme:PUBLIEK>J</fme:PUBLIEK>
<fme:Aangemaakt_op>16/03/2017</fme:Aangemaakt_op>
</fme:Speelruimte>
<fme:Speelruimte>
<fme:ID>44</fme:ID>
<fme:X>71582.544</fme:X>
<fme:Y>214077.839</fme:Y>
<fme:TOESTELLEN>J</fme:TOESTELLEN>
<fme:PUBLIEK>J</fme:PUBLIEK>
<fme:Aangemaakt_op>16/03/2017</fme:Aangemaakt_op>
</fme:Speelruimte>
<fme:Speelruimte>
<fme:ID>47</fme:ID>
<fme:X>71614.825</fme:X>
<fme:Y>215101.31</fme:Y>
<fme:TOESTELLEN>J</fme:TOESTELLEN>
<fme:PUBLIEK>J</fme:PUBLIEK>
<fme:Aangemaakt_op>16/03/2017</fme:Aangemaakt_op>
</fme:Speelruimte>
<fme:Speelruimte>
<fme:ID>45</fme:ID>
<fme:X>71655.147</fme:X>
<fme:Y>215234.342</fme:Y>
<fme:TOESTELLEN>J</fme:TOESTELLEN>
<fme:PUBLIEK>J</fme:PUBLIEK>
<fme:Aangemaakt_op>16/03/2017</fme:Aangemaakt_op>
</fme:Speelruimte>
<fme:Speelruimte>
<fme:ID>46</fme:ID>
<fme:X>70492.865</fme:X>
<fme:Y>215732.331</fme:Y>
<fme:TOESTELLEN>J</fme:TOESTELLEN>
<fme:PUBLIEK>J</fme:PUBLIEK>
<fme:Aangemaakt_op>16/03/2017</fme:Aangemaakt_op>
</fme:Speelruimte>
<fme:Speelruimte>
<fme:ID>39</fme:ID>
<fme:X>70595.788</fme:X>
<fme:Y>213649.39</fme:Y>
<fme:TOESTELLEN>J</fme:TOESTELLEN>
<fme:PUBLIEK>J</fme:PUBLIEK>
<fme:Aangemaakt_op>16/03/2017</fme:Aangemaakt_op>
</fme:Speelruimte>
<fme:Speelruimte>
<fme:ID>40</fme:ID>
<fme:X>70690.503</fme:X>
<fme:Y>213990.82</fme:Y>
<fme:TOESTELLEN>N</fme:TOESTELLEN>
<fme:PUBLIEK>J</fme:PUBLIEK>
<fme:Aangemaakt_op>16/03/2017</fme:Aangemaakt_op>
</fme:Speelruimte>
<fme:Speelruimte>
<fme:ID>42</fme:ID>
<fme:X>71118.868</fme:X>
<fme:Y>213687.871</fme:Y>
<fme:TOESTELLEN>J</fme:TOESTELLEN>
<fme:PUBLIEK>J</fme:PUBLIEK>
<fme:Aangemaakt_op>16/03/2017</fme:Aangemaakt_op>
</fme:Speelruimte>
<fme:Speelruimte>
<fme:ID>41</fme:ID>
<fme:X>71054.46</fme:X>
<fme:Y>213496.3</fme:Y>
<fme:TOESTELLEN>N</fme:TOESTELLEN>
<fme:PUBLIEK>J</fme:PUBLIEK>
<fme:Aangemaakt_op>16/03/2017</fme:Aangemaakt_op>
</fme:Speelruimte>
<fme:Speelruimte>
<fme:ID>25</fme:ID>
<fme:X>68665.335</fme:X>
<fme:Y>213703.477</fme:Y>
<fme:TOESTELLEN>J</fme:TOESTELLEN>
<fme:PUBLIEK>J</fme:PUBLIEK>
<fme:Aangemaakt_op>16/03/2017</fme:Aangemaakt_op>
</fme:Speelruimte>
<fme:Speelruimte>
<fme:ID>24</fme:ID>
<fme:X>68752.706</fme:X>
<fme:Y>212892.155</fme:Y>
<fme:TOESTELLEN>J</fme:TOESTELLEN>
<fme:PUBLIEK>J</fme:PUBLIEK>
<fme:Aangemaakt_op>16/03/2017</fme:Aangemaakt_op>
</fme:Speelruimte>
<fme:Speelruimte>
<fme:ID>29</fme:ID>
<fme:X>69099.905</fme:X>
<fme:Y>213614.126</fme:Y>
<fme:TOESTELLEN>J</fme:TOESTELLEN>
<fme:PUBLIEK>J</fme:PUBLIEK>
<fme:Aangemaakt_op>16/03/2017</fme:Aangemaakt_op>
</fme:Speelruimte>
<fme:Speelruimte>
<fme:ID>27</fme:ID>
<fme:X>69271.8</fme:X>
<fme:Y>214483.286</fme:Y>
<fme:TOESTELLEN>J</fme:TOESTELLEN>
<fme:PUBLIEK>J</fme:PUBLIEK>
<fme:Aangemaakt_op>16/03/2017</fme:Aangemaakt_op>
</fme:Speelruimte>
<fme:Speelruimte>
<fme:ID>26</fme:ID>
<fme:X>68977.761</fme:X>
<fme:Y>214385.694</fme:Y>
<fme:TOESTELLEN>J</fme:TOESTELLEN>
<fme:PUBLIEK>J</fme:PUBLIEK>
<fme:Aangemaakt_op>16/03/2017</fme:Aangemaakt_op>
</fme:Speelruimte>
<fme:Speelruimte>
<fme:ID>28</fme:ID>
<fme:X>68136.069</fme:X>
<fme:Y>213858.644</fme:Y>
<fme:TOESTELLEN>J</fme:TOESTELLEN>
<fme:PUBLIEK>J</fme:PUBLIEK>
<fme:Aangemaakt_op>16/03/2017</fme:Aangemaakt_op>
</fme:Speelruimte>
<fme:Speelruimte>
<fme:ID>16</fme:ID>
<fme:X>70763.549</fme:X>
<fme:Y>211681.378</fme:Y>
<fme:TOESTELLEN>J</fme:TOESTELLEN>
<fme:PUBLIEK>J</fme:PUBLIEK>
<fme:Aangemaakt_op>16/03/2017</fme:Aangemaakt_op>
</fme:Speelruimte>
<fme:Speelruimte>
<fme:ID>14</fme:ID>
<fme:X>70908.325</fme:X>
<fme:Y>211927.567</fme:Y>
<fme:TOESTELLEN>N</fme:TOESTELLEN>
<fme:PUBLIEK>J</fme:PUBLIEK>
<fme:Aangemaakt_op>16/03/2017</fme:Aangemaakt_op>
</fme:Speelruimte>
<fme:Speelruimte>
<fme:ID>15</fme:ID>
<fme:X>70880.091</fme:X>
<fme:Y>212124.67</fme:Y>
<fme:TOESTELLEN>J</fme:TOESTELLEN>
<fme:PUBLIEK>J</fme:PUBLIEK>
<fme:Aangemaakt_op>16/03/2017</fme:Aangemaakt_op>
</fme:Speelruimte>
<fme:Speelruimte>
<fme:ID>13</fme:ID>
<fme:X>70098.611</fme:X>
<fme:Y>212785.605</fme:Y>
<fme:TOESTELLEN>J</fme:TOESTELLEN>
<fme:PUBLIEK>J</fme:PUBLIEK>
<fme:Aangemaakt_op>16/03/2017</fme:Aangemaakt_op>
</fme:Speelruimte>
<fme:Speelruimte>
<fme:ID>12</fme:ID>
<fme:X>70053.401</fme:X>
<fme:Y>212355.658</fme:Y>
<fme:TOESTELLEN>J</fme:TOESTELLEN>
<fme:PUBLIEK>J</fme:PUBLIEK>
<fme:Aangemaakt_op>16/03/2017</fme:Aangemaakt_op>
</fme:Speelruimte>
<fme:Speelruimte>
<fme:ID>20</fme:ID>
<fme:X>69574.297</fme:X>
<fme:Y>211704.011</fme:Y>
<fme:TOESTELLEN>J</fme:TOESTELLEN>
<fme:PUBLIEK>J</fme:PUBLIEK>
<fme:Aangemaakt_op>16/03/2017</fme:Aangemaakt_op>
</fme:Speelruimte>
<fme:Speelruimte>
<fme:ID>21</fme:ID>
<fme:X>69184.262</fme:X>
<fme:Y>211934.063</fme:Y>
<fme:TOESTELLEN>J</fme:TOESTELLEN>
<fme:PUBLIEK>J</fme:PUBLIEK>
<fme:Aangemaakt_op>16/03/2017</fme:Aangemaakt_op>
</fme:Speelruimte>
<fme:Speelruimte>
<fme:ID>22</fme:ID>
<fme:X>69646.473</fme:X>
<fme:Y>212684.394</fme:Y>
<fme:TOESTELLEN>J</fme:TOESTELLEN>
<fme:PUBLIEK>J</fme:PUBLIEK>
<fme:Aangemaakt_op>16/03/2017</fme:Aangemaakt_op>
</fme:Speelruimte>
<fme:Speelruimte>
<fme:ID>17</fme:ID>
<fme:X>70597.562</fme:X>
<fme:Y>211245.684</fme:Y>
<fme:TOESTELLEN>J</fme:TOESTELLEN>
<fme:PUBLIEK>J</fme:PUBLIEK>
<fme:Aangemaakt_op>16/03/2017</fme:Aangemaakt_op>
</fme:Speelruimte>
<fme:Speelruimte>
<fme:ID>23</fme:ID>
<fme:X>70519.843</fme:X>
<fme:Y>210986.578</fme:Y>
<fme:TOESTELLEN>J</fme:TOESTELLEN>
<fme:PUBLIEK>J</fme:PUBLIEK>
<fme:Aangemaakt_op>16/03/2017</fme:Aangemaakt_op>
</fme:Speelruimte>
<fme:Speelruimte>
<fme:ID>19</fme:ID>
<fme:X>69204.024</fme:X>
<fme:Y>210860.426</fme:Y>
<fme:TOESTELLEN>J</fme:TOESTELLEN>
<fme:PUBLIEK>J</fme:PUBLIEK>
<fme:Aangemaakt_op>16/03/2017</fme:Aangemaakt_op>
</fme:Speelruimte>
<fme:Speelruimte>
<fme:ID>90</fme:ID>
<fme:X>69250.818</fme:X>
<fme:Y>209193.023</fme:Y>
<fme:TOESTELLEN>J</fme:TOESTELLEN>
<fme:PUBLIEK>J</fme:PUBLIEK>
<fme:Aangemaakt_op>16/03/2017</fme:Aangemaakt_op>
</fme:Speelruimte>
<fme:Speelruimte>
<fme:ID>88</fme:ID>
<fme:X>69567.175</fme:X>
<fme:Y>208732.948</fme:Y>
<fme:TOESTELLEN>J</fme:TOESTELLEN>
<fme:PUBLIEK>J</fme:PUBLIEK>
<fme:Aangemaakt_op>16/03/2017</fme:Aangemaakt_op>
</fme:Speelruimte>
<fme:Speelruimte>
<fme:ID>92</fme:ID>
<fme:X>69786.114</fme:X>
<fme:Y>208802.945</fme:Y>
<fme:TOESTELLEN>J</fme:TOESTELLEN>
<fme:PUBLIEK>J</fme:PUBLIEK>
<fme:Aangemaakt_op>16/03/2017</fme:Aangemaakt_op>
</fme:Speelruimte>
<fme:Speelruimte>
<fme:ID>87</fme:ID>
<fme:X>69519.203</fme:X>
<fme:Y>208155.151</fme:Y>
<fme:TOESTELLEN>J</fme:TOESTELLEN>
<fme:PUBLIEK>J</fme:PUBLIEK>
<fme:Aangemaakt_op>16/03/2017</fme:Aangemaakt_op>
</fme:Speelruimte>
<fme:Speelruimte>
<fme:ID>89</fme:ID>
<fme:X>68971.642</fme:X>
<fme:Y>208097.174</fme:Y>
<fme:TOESTELLEN>J</fme:TOESTELLEN>
<fme:PUBLIEK>J</fme:PUBLIEK>
<fme:Aangemaakt_op>16/03/2017</fme:Aangemaakt_op>
</fme:Speelruimte>
<fme:Speelruimte>
<fme:ID>91</fme:ID>
<fme:X>68656.637</fme:X>
<fme:Y>209615.562</fme:Y>
<fme:TOESTELLEN>J</fme:TOESTELLEN>
<fme:PUBLIEK>J</fme:PUBLIEK>
<fme:Aangemaakt_op>16/03/2017</fme:Aangemaakt_op>
</fme:Speelruimte>
<fme:Speelruimte>
<fme:ID>52</fme:ID>
<fme:X>71615.781</fme:X>
<fme:Y>209820.043</fme:Y>
<fme:TOESTELLEN>J</fme:TOESTELLEN>
<fme:PUBLIEK>J</fme:PUBLIEK>
<fme:Aangemaakt_op>16/03/2017</fme:Aangemaakt_op>
</fme:Speelruimte>
<fme:Speelruimte>
<fme:ID>51</fme:ID>
<fme:X>71176.264</fme:X>
<fme:Y>210350.551</fme:Y>
<fme:TOESTELLEN>J</fme:TOESTELLEN>
<fme:PUBLIEK>J</fme:PUBLIEK>
<fme:Aangemaakt_op>16/03/2017</fme:Aangemaakt_op>
</fme:Speelruimte>
<fme:Speelruimte>
<fme:ID>55</fme:ID>
<fme:X>71020.848</fme:X>
<fme:Y>210044.567</fme:Y>
<fme:TOESTELLEN>N</fme:TOESTELLEN>
<fme:PUBLIEK>J</fme:PUBLIEK>
<fme:Aangemaakt_op>16/03/2017</fme:Aangemaakt_op>
</fme:Speelruimte>
<fme:Speelruimte>
<fme:ID>57</fme:ID>
<fme:X>71415.209</fme:X>
<fme:Y>209363.13</fme:Y>
<fme:TOESTELLEN>J</fme:TOESTELLEN>
<fme:PUBLIEK>J</fme:PUBLIEK>
<fme:Aangemaakt_op>16/03/2017</fme:Aangemaakt_op>
</fme:Speelruimte>
<fme:Speelruimte>
<fme:ID>59</fme:ID>
<fme:X>71432.441</fme:X>
<fme:Y>209120.123</fme:Y>
<fme:TOESTELLEN>J</fme:TOESTELLEN>
<fme:PUBLIEK>J</fme:PUBLIEK>
<fme:Aangemaakt_op>16/03/2017</fme:Aangemaakt_op>
</fme:Speelruimte>
<fme:Speelruimte>
<fme:ID>56</fme:ID>
<fme:X>70710.464</fme:X>
<fme:Y>209477.776</fme:Y>
<fme:TOESTELLEN>J</fme:TOESTELLEN>
<fme:PUBLIEK>J</fme:PUBLIEK>
<fme:Aangemaakt_op>16/03/2017</fme:Aangemaakt_op>
</fme:Speelruimte>
<fme:Speelruimte>
<fme:ID>54</fme:ID>
<fme:X>73313.868</fme:X>
<fme:Y>209246.875</fme:Y>
<fme:TOESTELLEN>N</fme:TOESTELLEN>
<fme:PUBLIEK>J</fme:PUBLIEK>
<fme:Aangemaakt_op>16/03/2017</fme:Aangemaakt_op>
</fme:Speelruimte>
<fme:Speelruimte>
<fme:ID>53</fme:ID>
<fme:X>73478.886</fme:X>
<fme:Y>209483.685</fme:Y>
<fme:TOESTELLEN>J</fme:TOESTELLEN>
<fme:PUBLIEK>J</fme:PUBLIEK>
<fme:Aangemaakt_op>16/03/2017</fme:Aangemaakt_op>
</fme:Speelruimte>
<fme:Speelruimte>
<fme:ID>50</fme:ID>
<fme:X>73178.839</fme:X>
<fme:Y>209897.89</fme:Y>
<fme:TOESTELLEN>J</fme:TOESTELLEN>
<fme:PUBLIEK>J</fme:PUBLIEK>
<fme:Aangemaakt_op>16/03/2017</fme:Aangemaakt_op>
</fme:Speelruimte>
<fme:Speelruimte>
<fme:ID>49</fme:ID>
<fme:X>73290.87</fme:X>
<fme:Y>210671.429</fme:Y>
<fme:TOESTELLEN>J</fme:TOESTELLEN>
<fme:PUBLIEK>J</fme:PUBLIEK>
<fme:Aangemaakt_op>16/03/2017</fme:Aangemaakt_op>
</fme:Speelruimte>
<fme:Speelruimte>
<fme:ID>48</fme:ID>
<fme:X>72247.385</fme:X>
<fme:Y>210250.14</fme:Y>
<fme:TOESTELLEN>J</fme:TOESTELLEN>
<fme:PUBLIEK>J</fme:PUBLIEK>
<fme:Aangemaakt_op>16/03/2017</fme:Aangemaakt_op>
</fme:Speelruimte>
<fme:Speelruimte>
<fme:ID>60</fme:ID>
<fme:X>71633.288</fme:X>
<fme:Y>212495.033</fme:Y>
<fme:TOESTELLEN>J</fme:TOESTELLEN>
<fme:PUBLIEK>J</fme:PUBLIEK>
<fme:Aangemaakt_op>16/03/2017</fme:Aangemaakt_op>
</fme:Speelruimte>
<fme:Speelruimte>
<fme:ID>65</fme:ID>
<fme:X>72359.733</fme:X>
<fme:Y>211928.899</fme:Y>
<fme:TOESTELLEN>J</fme:TOESTELLEN>
<fme:PUBLIEK>J</fme:PUBLIEK>
<fme:Aangemaakt_op>16/03/2017</fme:Aangemaakt_op>
</fme:Speelruimte>
<fme:Speelruimte>
<fme:ID>66</fme:ID>
<fme:X>72753.443</fme:X>
<fme:Y>211282.895</fme:Y>
<fme:TOESTELLEN>J</fme:TOESTELLEN>
<fme:PUBLIEK>J</fme:PUBLIEK>
<fme:Aangemaakt_op>16/03/2017</fme:Aangemaakt_op>
</fme:Speelruimte>
<fme:Speelruimte>
<fme:ID>61</fme:ID>
<fme:X>73283.711</fme:X>
<fme:Y>212363.117</fme:Y>
<fme:TOESTELLEN>J</fme:TOESTELLEN>
<fme:PUBLIEK>J</fme:PUBLIEK>
<fme:Aangemaakt_op>16/03/2017</fme:Aangemaakt_op>
</fme:Speelruimte>
<fme:Speelruimte>
<fme:ID>64</fme:ID>
<fme:X>74014.742</fme:X>
<fme:Y>212932.922</fme:Y>
<fme:TOESTELLEN>J</fme:TOESTELLEN>
<fme:PUBLIEK>J</fme:PUBLIEK>
<fme:Aangemaakt_op>16/03/2017</fme:Aangemaakt_op>
</fme:Speelruimte>
<fme:Speelruimte>
<fme:ID>67</fme:ID>
<fme:X>68840.433</fme:X>
<fme:Y>210884.281</fme:Y>
<fme:TOESTELLEN>J</fme:TOESTELLEN>
<fme:PUBLIEK>J</fme:PUBLIEK>
<fme:Aangemaakt_op>16/03/2017</fme:Aangemaakt_op>
</fme:Speelruimte>
<fme:Speelruimte>
<fme:ID>68</fme:ID>
<fme:X>68322.392</fme:X>
<fme:Y>210540.565</fme:Y>
<fme:TOESTELLEN>J</fme:TOESTELLEN>
<fme:PUBLIEK>J</fme:PUBLIEK>
<fme:Aangemaakt_op>16/03/2017</fme:Aangemaakt_op>
</fme:Speelruimte>
<fme:Speelruimte>
<fme:ID>75</fme:ID>
<fme:X>68842.854</fme:X>
<fme:Y>211673.07</fme:Y>
<fme:TOESTELLEN>J</fme:TOESTELLEN>
<fme:PUBLIEK>J</fme:PUBLIEK>
<fme:Aangemaakt_op>16/03/2017</fme:Aangemaakt_op>
</fme:Speelruimte>
<fme:Speelruimte>
<fme:ID>74</fme:ID>
<fme:X>69009.128</fme:X>
<fme:Y>211390.47</fme:Y>
<fme:TOESTELLEN>J</fme:TOESTELLEN>
<fme:PUBLIEK>J</fme:PUBLIEK>
<fme:Aangemaakt_op>16/03/2017</fme:Aangemaakt_op>
</fme:Speelruimte>
<fme:Speelruimte>
<fme:ID>76</fme:ID>
<fme:X>68494.024</fme:X>
<fme:Y>211390.364</fme:Y>
<fme:TOESTELLEN>N</fme:TOESTELLEN>
<fme:PUBLIEK>J</fme:PUBLIEK>
<fme:Aangemaakt_op>16/03/2017</fme:Aangemaakt_op>
</fme:Speelruimte>
<fme:Speelruimte>
<fme:ID>77</fme:ID>
<fme:X>68259.38</fme:X>
<fme:Y>211485.842</fme:Y>
<fme:TOESTELLEN>J</fme:TOESTELLEN>
<fme:PUBLIEK>J</fme:PUBLIEK>
<fme:Aangemaakt_op>16/03/2017</fme:Aangemaakt_op>
</fme:Speelruimte>
<fme:Speelruimte>
<fme:ID>82</fme:ID>
<fme:X>67502.541</fme:X>
<fme:Y>211036.026</fme:Y>
<fme:TOESTELLEN>J</fme:TOESTELLEN>
<fme:PUBLIEK>J</fme:PUBLIEK>
<fme:Aangemaakt_op>16/03/2017</fme:Aangemaakt_op>
</fme:Speelruimte>
<fme:Speelruimte>
<fme:ID>81</fme:ID>
<fme:X>67398.032</fme:X>
<fme:Y>210653.72</fme:Y>
<fme:TOESTELLEN>J</fme:TOESTELLEN>
<fme:PUBLIEK>J</fme:PUBLIEK>
<fme:Aangemaakt_op>16/03/2017</fme:Aangemaakt_op>
</fme:Speelruimte>
<fme:Speelruimte>
<fme:ID>79</fme:ID>
<fme:X>66719.867</fme:X>
<fme:Y>211488.6</fme:Y>
<fme:TOESTELLEN>N</fme:TOESTELLEN>
<fme:PUBLIEK>J</fme:PUBLIEK>
<fme:Aangemaakt_op>16/03/2017</fme:Aangemaakt_op>
</fme:Speelruimte>
<fme:Speelruimte>
<fme:ID>78</fme:ID>
<fme:X>67075.709</fme:X>
<fme:Y>211008.755</fme:Y>
<fme:TOESTELLEN>J</fme:TOESTELLEN>
<fme:PUBLIEK>J</fme:PUBLIEK>
<fme:Aangemaakt_op>16/03/2017</fme:Aangemaakt_op>
</fme:Speelruimte>
<fme:Speelruimte>
<fme:ID>80</fme:ID>
<fme:X>66979.554</fme:X>
<fme:Y>211681.912</fme:Y>
<fme:TOESTELLEN>J</fme:TOESTELLEN>
<fme:PUBLIEK>J</fme:PUBLIEK>
<fme:Aangemaakt_op>16/03/2017</fme:Aangemaakt_op>
</fme:Speelruimte>
<fme:Speelruimte>
<fme:ID>70</fme:ID>
<fme:X>67896.393</fme:X>
<fme:Y>209772.943</fme:Y>
<fme:TOESTELLEN>J</fme:TOESTELLEN>
<fme:PUBLIEK>J</fme:PUBLIEK>
<fme:Aangemaakt_op>16/03/2017</fme:Aangemaakt_op>
</fme:Speelruimte>
<fme:Speelruimte>
<fme:ID>69</fme:ID>
<fme:X>67594.024</fme:X>
<fme:Y>210254.479</fme:Y>
<fme:TOESTELLEN>J</fme:TOESTELLEN>
<fme:PUBLIEK>J</fme:PUBLIEK>
<fme:Aangemaakt_op>16/03/2017</fme:Aangemaakt_op>
</fme:Speelruimte>
<fme:Speelruimte>
<fme:ID>83</fme:ID>
<fme:X>67588.46</fme:X>
<fme:Y>209933.428</fme:Y>
<fme:TOESTELLEN>J</fme:TOESTELLEN>
<fme:PUBLIEK>J</fme:PUBLIEK>
<fme:Aangemaakt_op>16/03/2017</fme:Aangemaakt_op>
</fme:Speelruimte>
<fme:Speelruimte>
<fme:ID>86</fme:ID>
<fme:X>66663.345</fme:X>
<fme:Y>210421.894</fme:Y>
<fme:TOESTELLEN>J</fme:TOESTELLEN>
<fme:PUBLIEK>J</fme:PUBLIEK>
<fme:Aangemaakt_op>16/03/2017</fme:Aangemaakt_op>
</fme:Speelruimte>
<fme:Speelruimte>
<fme:ID>85</fme:ID>
<fme:X>66280.9</fme:X>
<fme:Y>210342.936</fme:Y>
<fme:TOESTELLEN>J</fme:TOESTELLEN>
<fme:PUBLIEK>J</fme:PUBLIEK>
<fme:Aangemaakt_op>16/03/2017</fme:Aangemaakt_op>
</fme:Speelruimte>
<fme:Speelruimte>
<fme:ID>84</fme:ID>
<fme:X>68313.971</fme:X>
<fme:Y>210023.48</fme:Y>
<fme:TOESTELLEN>J</fme:TOESTELLEN>
<fme:PUBLIEK>J</fme:PUBLIEK>
<fme:Aangemaakt_op>16/03/2017</fme:Aangemaakt_op>
</fme:Speelruimte>
<fme:Speelruimte>
<fme:ID>71</fme:ID>
<fme:X>65899.35</fme:X>
<fme:Y>207458.531</fme:Y>
<fme:TOESTELLEN>J</fme:TOESTELLEN>
<fme:PUBLIEK>J</fme:PUBLIEK>
<fme:Aangemaakt_op>16/03/2017</fme:Aangemaakt_op>
</fme:Speelruimte>
<fme:Speelruimte>
<fme:ID>72</fme:ID>
<fme:X>66637.578</fme:X>
<fme:Y>208888.276</fme:Y>
<fme:TOESTELLEN>J</fme:TOESTELLEN>
<fme:PUBLIEK>J</fme:PUBLIEK>
<fme:Aangemaakt_op>16/03/2017</fme:Aangemaakt_op>
</fme:Speelruimte>
<fme:Speelruimte>
<fme:ID>73</fme:ID>
<fme:X>66563.936</fme:X>
<fme:Y>208998.201</fme:Y>
<fme:TOESTELLEN>J</fme:TOESTELLEN>
<fme:PUBLIEK>J</fme:PUBLIEK>
<fme:Aangemaakt_op>16/03/2017</fme:Aangemaakt_op>
</fme:Speelruimte>
<fme:Speelruimte>
<fme:ID>58</fme:ID>
<fme:X>70921.536</fme:X>
<fme:Y>209110.503</fme:Y>
<fme:TOESTELLEN>J</fme:TOESTELLEN>
<fme:PUBLIEK>J</fme:PUBLIEK>
<fme:Aangemaakt_op>16/03/2017</fme:Aangemaakt_op>
</fme:Speelruimte>
<fme:Speelruimte>
<fme:ID>62</fme:ID>
<fme:X>73794.602</fme:X>
<fme:Y>212375.329</fme:Y>
<fme:TOESTELLEN>J</fme:TOESTELLEN>
<fme:PUBLIEK>J</fme:PUBLIEK>
<fme:Aangemaakt_op>16/03/2017</fme:Aangemaakt_op>
</fme:Speelruimte>
<fme:Speelruimte>
<fme:ID>63</fme:ID>
<fme:X>74064.566</fme:X>
<fme:Y>212390.175</fme:Y>
<fme:TOESTELLEN>N</fme:TOESTELLEN>
<fme:PUBLIEK>J</fme:PUBLIEK>
<fme:Aangemaakt_op>16/03/2017</fme:Aangemaakt_op>
</fme:Speelruimte>
<fme:Speelruimte>
<fme:ID>96</fme:ID>
<fme:X>0</fme:X>
<fme:Y>0</fme:Y>
<fme:TOESTELLEN>J</fme:TOESTELLEN>
<fme:PUBLIEK>J</fme:PUBLIEK>
<fme:Aangemaakt_op>16/03/2017</fme:Aangemaakt_op>
</fme:Speelruimte>
<fme:Speelruimte>
<fme:ID>95</fme:ID>
<fme:X>0</fme:X>
<fme:Y>0</fme:Y>
<fme:TOESTELLEN>J</fme:TOESTELLEN>
<fme:PUBLIEK>J</fme:PUBLIEK>
<fme:Aangemaakt_op>16/03/2017</fme:Aangemaakt_op>
</fme:Speelruimte>
<fme:Speelruimte>
<fme:ID>97</fme:ID>
<fme:X>0</fme:X>
<fme:Y>0</fme:Y>
<fme:TOESTELLEN>J</fme:TOESTELLEN>
<fme:PUBLIEK>J</fme:PUBLIEK>
<fme:Aangemaakt_op>16/03/2017</fme:Aangemaakt_op>
</fme:Speelruimte>
<fme:Speelruimte>
<fme:ID>94</fme:ID>
<fme:X>0</fme:X>
<fme:Y>0</fme:Y>
<fme:TOESTELLEN>N</fme:TOESTELLEN>
<fme:PUBLIEK>J</fme:PUBLIEK>
<fme:Aangemaakt_op>16/03/2017</fme:Aangemaakt_op>
</fme:Speelruimte>
<fme:Speelruimte>
<fme:ID>93</fme:ID>
<fme:X>0</fme:X>
<fme:Y>0</fme:Y>
<fme:TOESTELLEN>J</fme:TOESTELLEN>
<fme:PUBLIEK>J</fme:PUBLIEK>
<fme:Aangemaakt_op>16/03/2017</fme:Aangemaakt_op>
</fme:Speelruimte>
<fme:Speelruimte>
<fme:ID>98</fme:ID>
<fme:X>0</fme:X>
<fme:Y>0</fme:Y>
<fme:TOESTELLEN>J</fme:TOESTELLEN>
<fme:PUBLIEK>J</fme:PUBLIEK>
<fme:Aangemaakt_op>16/03/2017</fme:Aangemaakt_op>
</fme:Speelruimte>
<fme:Speelruimte>
<fme:ID>101</fme:ID>
<fme:X>0</fme:X>
<fme:Y>0</fme:Y>
<fme:TOESTELLEN>J</fme:TOESTELLEN>
<fme:PUBLIEK>J</fme:PUBLIEK>
<fme:Aangemaakt_op>16/03/2017</fme:Aangemaakt_op>
</fme:Speelruimte>
<fme:Speelruimte>
<fme:ID>100</fme:ID>
<fme:X>0</fme:X>
<fme:Y>0</fme:Y>
<fme:TOESTELLEN>J</fme:TOESTELLEN>
<fme:PUBLIEK>J</fme:PUBLIEK>
<fme:Aangemaakt_op>16/03/2017</fme:Aangemaakt_op>
</fme:Speelruimte>
<fme:Speelruimte>
<fme:ID>99</fme:ID>
<fme:X>0</fme:X>
<fme:Y>0</fme:Y>
<fme:TOESTELLEN>J</fme:TOESTELLEN>
<fme:PUBLIEK>J</fme:PUBLIEK>
<fme:Aangemaakt_op>16/03/2017</fme:Aangemaakt_op>
</fme:Speelruimte>
<fme:Speelruimte>
<fme:ID>102</fme:ID>
<fme:X>0</fme:X>
<fme:Y>0</fme:Y>
<fme:TOESTELLEN>J</fme:TOESTELLEN>
<fme:PUBLIEK>J</fme:PUBLIEK>
<fme:Aangemaakt_op>16/03/2017</fme:Aangemaakt_op>
</fme:Speelruimte>
<fme:Speelruimte>
<fme:ID>103</fme:ID>
<fme:X>0</fme:X>
<fme:Y>0</fme:Y>
<fme:TOESTELLEN>J</fme:TOESTELLEN>
<fme:PUBLIEK>J</fme:PUBLIEK>
<fme:Aangemaakt_op>16/03/2017</fme:Aangemaakt_op>
</fme:Speelruimte>
<fme:Speelruimte>
<fme:ID>11</fme:ID>
<fme:X>0</fme:X>
<fme:Y>0</fme:Y>
<fme:TOESTELLEN>J</fme:TOESTELLEN>
<fme:PUBLIEK>J</fme:PUBLIEK>
<fme:Aangemaakt_op>16/03/2017</fme:Aangemaakt_op>
</fme:Speelruimte>
<fme:Speelruimte>
<fme:ID>117</fme:ID>
<fme:X>0</fme:X>
<fme:Y>0</fme:Y>
<fme:TOESTELLEN>J</fme:TOESTELLEN>
<fme:PUBLIEK>J</fme:PUBLIEK>
<fme:Aangemaakt_op>16/03/2017</fme:Aangemaakt_op>
</fme:Speelruimte>
<fme:Speelruimte>
<fme:ID>104</fme:ID>
<fme:X>0</fme:X>
<fme:Y>0</fme:Y>
<fme:TOESTELLEN>J</fme:TOESTELLEN>
<fme:PUBLIEK>J</fme:PUBLIEK>
<fme:Aangemaakt_op>16/03/2017</fme:Aangemaakt_op>
</fme:Speelruimte>
<fme:Speelruimte>
<fme:ID>105</fme:ID>
<fme:X>0</fme:X>
<fme:Y>0</fme:Y>
<fme:TOESTELLEN>J</fme:TOESTELLEN>
<fme:PUBLIEK>J</fme:PUBLIEK>
<fme:Aangemaakt_op>16/03/2017</fme:Aangemaakt_op>
</fme:Speelruimte>
<fme:Speelruimte>
<fme:ID>106</fme:ID>
<fme:X>0</fme:X>
<fme:Y>0</fme:Y>
<fme:TOESTELLEN>J</fme:TOESTELLEN>
<fme:PUBLIEK>J</fme:PUBLIEK>
<fme:Aangemaakt_op>16/03/2017</fme:Aangemaakt_op>
</fme:Speelruimte>
<fme:Speelruimte>
<fme:ID>107</fme:ID>
<fme:X>0</fme:X>
<fme:Y>0</fme:Y>
<fme:TOESTELLEN>N</fme:TOESTELLEN>
<fme:PUBLIEK>J</fme:PUBLIEK>
<fme:Aangemaakt_op>16/03/2017</fme:Aangemaakt_op>
</fme:Speelruimte>
<fme:Speelruimte>
<fme:ID>108</fme:ID>
<fme:X>0</fme:X>
<fme:Y>0</fme:Y>
<fme:TOESTELLEN>N</fme:TOESTELLEN>
<fme:PUBLIEK>J</fme:PUBLIEK>
<fme:Aangemaakt_op>16/03/2017</fme:Aangemaakt_op>
</fme:Speelruimte>
<fme:Speelruimte>
<fme:ID>109</fme:ID>
<fme:X>0</fme:X>
<fme:Y>0</fme:Y>
<fme:TOESTELLEN>J</fme:TOESTELLEN>
<fme:PUBLIEK>J</fme:PUBLIEK>
<fme:Aangemaakt_op>16/03/2017</fme:Aangemaakt_op>
</fme:Speelruimte>
<fme:Speelruimte>
<fme:ID>110</fme:ID>
<fme:X>0</fme:X>
<fme:Y>0</fme:Y>
<fme:TOESTELLEN>J</fme:TOESTELLEN>
<fme:PUBLIEK>J</fme:PUBLIEK>
<fme:Aangemaakt_op>16/03/2017</fme:Aangemaakt_op>
</fme:Speelruimte>
<fme:Speelruimte>
<fme:ID>111</fme:ID>
<fme:X>0</fme:X>
<fme:Y>0</fme:Y>
<fme:TOESTELLEN>J</fme:TOESTELLEN>
<fme:PUBLIEK>J</fme:PUBLIEK>
<fme:Aangemaakt_op>16/03/2017</fme:Aangemaakt_op>
</fme:Speelruimte>
<fme:Speelruimte>
<fme:ID>112</fme:ID>
<fme:X>0</fme:X>
<fme:Y>0</fme:Y>
<fme:TOESTELLEN>J</fme:TOESTELLEN>
<fme:PUBLIEK>J</fme:PUBLIEK>
<fme:Aangemaakt_op>16/03/2017</fme:Aangemaakt_op>
</fme:Speelruimte>
<fme:Speelruimte>
<fme:ID>113</fme:ID>
<fme:X>0</fme:X>
<fme:Y>0</fme:Y>
<fme:TOESTELLEN>J</fme:TOESTELLEN>
<fme:PUBLIEK>J</fme:PUBLIEK>
<fme:Aangemaakt_op>16/03/2017</fme:Aangemaakt_op>
</fme:Speelruimte>
<fme:Speelruimte>
<fme:ID>114</fme:ID>
<fme:X>0</fme:X>
<fme:Y>0</fme:Y>
<fme:TOESTELLEN>J</fme:TOESTELLEN>
<fme:PUBLIEK>J</fme:PUBLIEK>
<fme:Aangemaakt_op>16/03/2017</fme:Aangemaakt_op>
</fme:Speelruimte>
<fme:Speelruimte>
<fme:ID>115</fme:ID>
<fme:X>0</fme:X>
<fme:Y>0</fme:Y>
<fme:TOESTELLEN>J</fme:TOESTELLEN>
<fme:PUBLIEK>J</fme:PUBLIEK>
<fme:Aangemaakt_op>16/03/2017</fme:Aangemaakt_op>
</fme:Speelruimte>
<fme:Speelruimte>
<fme:ID>116</fme:ID>
<fme:X>0</fme:X>
<fme:Y>0</fme:Y>
<fme:TOESTELLEN>J</fme:TOESTELLEN>
<fme:PUBLIEK>J</fme:PUBLIEK>
<fme:Aangemaakt_op>16/03/2017</fme:Aangemaakt_op>
</fme:Speelruimte>
<fme:Speelruimte>
<fme:ID>1</fme:ID>
<fme:X>0</fme:X>
<fme:Y>0</fme:Y>
<fme:TOESTELLEN>J</fme:TOESTELLEN>
<fme:PUBLIEK>J</fme:PUBLIEK>
<fme:Aangemaakt_op>16/03/2017</fme:Aangemaakt_op>
</fme:Speelruimte>
<fme:Speelruimte>
<fme:ID>2</fme:ID>
<fme:X>0</fme:X>
<fme:Y>0</fme:Y>
<fme:TOESTELLEN>J</fme:TOESTELLEN>
<fme:PUBLIEK>J</fme:PUBLIEK>
<fme:Aangemaakt_op>16/03/2017</fme:Aangemaakt_op>
</fme:Speelruimte>
<fme:Speelruimte>
<fme:ID>3</fme:ID>
<fme:X>0</fme:X>
<fme:Y>0</fme:Y>
<fme:TOESTELLEN>J</fme:TOESTELLEN>
<fme:PUBLIEK>J</fme:PUBLIEK>
<fme:Aangemaakt_op>16/03/2017</fme:Aangemaakt_op>
</fme:Speelruimte>
<fme:Speelruimte>
<fme:ID>4</fme:ID>
<fme:X>0</fme:X>
<fme:Y>0</fme:Y>
<fme:TOESTELLEN>J</fme:TOESTELLEN>
<fme:PUBLIEK>J</fme:PUBLIEK>
<fme:Aangemaakt_op>16/03/2017</fme:Aangemaakt_op>
</fme:Speelruimte>
<fme:Speelruimte>
<fme:ID>5</fme:ID>
<fme:X>0</fme:X>
<fme:Y>0</fme:Y>
<fme:TOESTELLEN>J</fme:TOESTELLEN>
<fme:PUBLIEK>J</fme:PUBLIEK>
<fme:Aangemaakt_op>16/03/2017</fme:Aangemaakt_op>
</fme:Speelruimte>
<fme:Speelruimte>
<fme:ID>6</fme:ID>
<fme:X>0</fme:X>
<fme:Y>0</fme:Y>
<fme:TOESTELLEN>J</fme:TOESTELLEN>
<fme:PUBLIEK>J</fme:PUBLIEK>
<fme:Aangemaakt_op>16/03/2017</fme:Aangemaakt_op>
</fme:Speelruimte>
<fme:Speelruimte>
<fme:ID>7</fme:ID>
<fme:X>0</fme:X>
<fme:Y>0</fme:Y>
<fme:TOESTELLEN>J</fme:TOESTELLEN>
<fme:PUBLIEK>J</fme:PUBLIEK>
<fme:Aangemaakt_op>16/03/2017</fme:Aangemaakt_op>
</fme:Speelruimte>
<fme:Speelruimte>
<fme:ID>8</fme:ID>
<fme:X>0</fme:X>
<fme:Y>0</fme:Y>
<fme:TOESTELLEN>J</fme:TOESTELLEN>
<fme:PUBLIEK>J</fme:PUBLIEK>
<fme:Aangemaakt_op>16/03/2017</fme:Aangemaakt_op>
</fme:Speelruimte>
<fme:Speelruimte>
<fme:ID>9</fme:ID>
<fme:X>0</fme:X>
<fme:Y>0</fme:Y>
<fme:TOESTELLEN>J</fme:TOESTELLEN>
<fme:PUBLIEK>J</fme:PUBLIEK>
<fme:Aangemaakt_op>16/03/2017</fme:Aangemaakt_op>
</fme:Speelruimte>
<fme:Speelruimte>
<fme:ID>10</fme:ID>
<fme:X>0</fme:X>
<fme:Y>0</fme:Y>
<fme:TOESTELLEN>J</fme:TOESTELLEN>
<fme:PUBLIEK>J</fme:PUBLIEK>
<fme:Aangemaakt_op>16/03/2017</fme:Aangemaakt_op>
</fme:Speelruimte>
</fme:Speelruimte-table>
</fme:xml-tables>