<?xml version="1.0" encoding="UTF-8"?>
<fme:xml-tables xmlns:xsi="http://www.w3.org/2001/XMLSchema-instance" xmlns:fme="http://www.safe.com/xml/xmltables" xsi:schemaLocation="http://www.safe.com/xml/xmltables zone50OK.xsd">
<fme:zone50OK-table>
<fme:zone50OK>
<fme:Id>1</fme:Id>
<fme:Straatnaam>Karel de Stoutelaan</fme:Straatnaam>
<fme:Wegbeheer>Stad</fme:Wegbeheer>
<fme:Aangemaakt_op>15/09/2016</fme:Aangemaakt_op>
</fme:zone50OK>
<fme:zone50OK>
<fme:Id>2</fme:Id>
<fme:Straatnaam>Karel de Stoutelaan</fme:Straatnaam>
<fme:Wegbeheer>Stad</fme:Wegbeheer>
<fme:Aangemaakt_op>15/09/2016</fme:Aangemaakt_op>
</fme:zone50OK>
<fme:zone50OK>
<fme:Id>5</fme:Id>
<fme:Straatnaam>Leopold I-laan</fme:Straatnaam>
<fme:Aangemaakt_op>15/09/2016</fme:Aangemaakt_op>
</fme:zone50OK>
<fme:zone50OK>
<fme:Id>6</fme:Id>
<fme:Straatnaam>Leopold I-laan</fme:Straatnaam>
<fme:Wegbeheer>Stad</fme:Wegbeheer>
<fme:Aangemaakt_op>15/09/2016</fme:Aangemaakt_op>
</fme:zone50OK>
<fme:zone50OK>
<fme:Id>7</fme:Id>
<fme:Straatnaam>Leopold I-laan</fme:Straatnaam>
<fme:Wegbeheer>Stad</fme:Wegbeheer>
<fme:Aangemaakt_op>15/09/2016</fme:Aangemaakt_op>
</fme:zone50OK>
<fme:zone50OK>
<fme:Id>8</fme:Id>
<fme:Straatnaam>Leopold I-laan</fme:Straatnaam>
<fme:Wegbeheer>Stad</fme:Wegbeheer>
<fme:Aangemaakt_op>15/09/2016</fme:Aangemaakt_op>
</fme:zone50OK>
<fme:zone50OK>
<fme:Id>9</fme:Id>
<fme:Straatnaam>Karel de Stoutelaan</fme:Straatnaam>
<fme:Wegbeheer>Stad</fme:Wegbeheer>
<fme:Aangemaakt_op>15/09/2016</fme:Aangemaakt_op>
</fme:zone50OK>
<fme:zone50OK>
<fme:Id>10</fme:Id>
<fme:Straatnaam>Karel de Stoutelaan</fme:Straatnaam>
<fme:Wegbeheer>Stad</fme:Wegbeheer>
<fme:Aangemaakt_op>15/09/2016</fme:Aangemaakt_op>
</fme:zone50OK>
<fme:zone50OK>
<fme:Id>11</fme:Id>
<fme:Straatnaam>Scheepsdalelaan</fme:Straatnaam>
<fme:Wegbeheer>Gewest</fme:Wegbeheer>
<fme:Aangemaakt_op>15/09/2016</fme:Aangemaakt_op>
</fme:zone50OK>
<fme:zone50OK>
<fme:Id>12</fme:Id>
<fme:Straatnaam>Scheepsdalelaan</fme:Straatnaam>
<fme:Wegbeheer>Gewest</fme:Wegbeheer>
<fme:Aangemaakt_op>15/09/2016</fme:Aangemaakt_op>
</fme:zone50OK>
<fme:zone50OK>
<fme:Id>13</fme:Id>
<fme:Straatnaam>Scheepsdalelaan</fme:Straatnaam>
<fme:Wegbeheer>Gewest</fme:Wegbeheer>
<fme:Aangemaakt_op>15/09/2016</fme:Aangemaakt_op>
</fme:zone50OK>
<fme:zone50OK>
<fme:Id>14</fme:Id>
<fme:Straatnaam>Leopold I-laan</fme:Straatnaam>
<fme:Wegbeheer>Stad</fme:Wegbeheer>
<fme:Aangemaakt_op>15/09/2016</fme:Aangemaakt_op>
</fme:zone50OK>
<fme:zone50OK>
<fme:Id>15</fme:Id>
<fme:Straatnaam>Leopold I-laan</fme:Straatnaam>
<fme:Wegbeheer>Stad</fme:Wegbeheer>
<fme:Aangemaakt_op>15/09/2016</fme:Aangemaakt_op>
</fme:zone50OK>
<fme:zone50OK>
<fme:Id>24</fme:Id>
<fme:Straatnaam>Walweinstraat</fme:Straatnaam>
<fme:Wegbeheer>Gewest</fme:Wegbeheer>
<fme:Aangemaakt_op>15/09/2016</fme:Aangemaakt_op>
</fme:zone50OK>
<fme:zone50OK>
<fme:Id>25</fme:Id>
<fme:Straatnaam>Komvest</fme:Straatnaam>
<fme:Wegbeheer>Gewest</fme:Wegbeheer>
<fme:Aangemaakt_op>15/09/2016</fme:Aangemaakt_op>
</fme:zone50OK>
<fme:zone50OK>
<fme:Id>18</fme:Id>
<fme:Straatnaam>Leopold I-laan</fme:Straatnaam>
<fme:Wegbeheer>Stad</fme:Wegbeheer>
<fme:Aangemaakt_op>15/09/2016</fme:Aangemaakt_op>
</fme:zone50OK>
<fme:zone50OK>
<fme:Id>0</fme:Id>
<fme:Aangemaakt_op>15/09/2016</fme:Aangemaakt_op>
</fme:zone50OK>
<fme:zone50OK>
<fme:Id>26</fme:Id>
<fme:Straatnaam>Komvest</fme:Straatnaam>
<fme:Wegbeheer>Stad</fme:Wegbeheer>
<fme:Aangemaakt_op>15/09/2016</fme:Aangemaakt_op>
</fme:zone50OK>
<fme:zone50OK>
<fme:Id>27</fme:Id>
<fme:Straatnaam>Koningin Elisabethlaan</fme:Straatnaam>
<fme:Wegbeheer>Gewest</fme:Wegbeheer>
<fme:Aangemaakt_op>15/09/2016</fme:Aangemaakt_op>
</fme:zone50OK>
<fme:zone50OK>
<fme:Id>16</fme:Id>
<fme:Straatnaam>Scheepsdalelaan</fme:Straatnaam>
<fme:Wegbeheer>Gewest</fme:Wegbeheer>
<fme:Aangemaakt_op>15/09/2016</fme:Aangemaakt_op>
</fme:zone50OK>
<fme:zone50OK>
<fme:Id>3</fme:Id>
<fme:Straatnaam>Karel de Stoutelaan</fme:Straatnaam>
<fme:Wegbeheer>Stad</fme:Wegbeheer>
<fme:Aangemaakt_op>15/09/2016</fme:Aangemaakt_op>
</fme:zone50OK>
<fme:zone50OK>
<fme:Id>28</fme:Id>
<fme:Straatnaam>Gulden-Vlieslaan</fme:Straatnaam>
<fme:Wegbeheer>Gewest</fme:Wegbeheer>
<fme:Aangemaakt_op>15/09/2016</fme:Aangemaakt_op>
</fme:zone50OK>
<fme:zone50OK>
<fme:Id>29</fme:Id>
<fme:Straatnaam>Bevrijdingslaan</fme:Straatnaam>
<fme:Wegbeheer>Gewest</fme:Wegbeheer>
<fme:Aangemaakt_op>15/09/2016</fme:Aangemaakt_op>
</fme:zone50OK>
<fme:zone50OK>
<fme:Id>28</fme:Id>
<fme:Straatnaam>Gulden-Vlieslaan</fme:Straatnaam>
<fme:Wegbeheer>Gewest</fme:Wegbeheer>
<fme:Aangemaakt_op>15/09/2016</fme:Aangemaakt_op>
</fme:zone50OK>
<fme:zone50OK>
<fme:Id>32</fme:Id>
<fme:Straatnaam>Hoefijzerlaan</fme:Straatnaam>
<fme:Wegbeheer>Gewest</fme:Wegbeheer>
<fme:Aangemaakt_op>15/09/2016</fme:Aangemaakt_op>
</fme:zone50OK>
<fme:zone50OK>
<fme:Id>4</fme:Id>
<fme:Straatnaam>Leopold I-laan</fme:Straatnaam>
<fme:Wegbeheer>Stad</fme:Wegbeheer>
<fme:Aangemaakt_op>15/09/2016</fme:Aangemaakt_op>
</fme:zone50OK>
<fme:zone50OK>
<fme:Id>29</fme:Id>
<fme:Straatnaam>Bevrijdingslaan</fme:Straatnaam>
<fme:Wegbeheer>Gewest</fme:Wegbeheer>
<fme:Aangemaakt_op>15/09/2016</fme:Aangemaakt_op>
</fme:zone50OK>
<fme:zone50OK>
<fme:Id>34</fme:Id>
<fme:Straatnaam>ng</fme:Straatnaam>
<fme:Wegbeheer>Stad</fme:Wegbeheer>
<fme:Aangemaakt_op>15/09/2016</fme:Aangemaakt_op>
</fme:zone50OK>
<fme:zone50OK>
<fme:Id>22</fme:Id>
<fme:Straatnaam>Jan Breydellaan</fme:Straatnaam>
<fme:Wegbeheer>Stad</fme:Wegbeheer>
<fme:Aangemaakt_op>15/09/2016</fme:Aangemaakt_op>
</fme:zone50OK>
<fme:zone50OK>
<fme:Id>23</fme:Id>
<fme:Straatnaam>Lange Vesting</fme:Straatnaam>
<fme:Wegbeheer>Stad</fme:Wegbeheer>
<fme:Aangemaakt_op>15/09/2016</fme:Aangemaakt_op>
</fme:zone50OK>
<fme:zone50OK>
<fme:Id>35</fme:Id>
<fme:Straatnaam>Legeweg</fme:Straatnaam>
<fme:Wegbeheer>Stad</fme:Wegbeheer>
<fme:Aangemaakt_op>15/09/2016</fme:Aangemaakt_op>
</fme:zone50OK>
<fme:zone50OK>
<fme:Id>33</fme:Id>
<fme:Straatnaam>Peter Benoitlaan</fme:Straatnaam>
<fme:Wegbeheer>Stad</fme:Wegbeheer>
<fme:Aangemaakt_op>15/09/2016</fme:Aangemaakt_op>
</fme:zone50OK>
<fme:zone50OK>
<fme:Id>36</fme:Id>
<fme:Straatnaam>Edgar Tinelstraat</fme:Straatnaam>
<fme:Wegbeheer>Stad</fme:Wegbeheer>
<fme:Aangemaakt_op>15/09/2016</fme:Aangemaakt_op>
</fme:zone50OK>
<fme:zone50OK>
<fme:Id>0</fme:Id>
<fme:Aangemaakt_op>15/09/2016</fme:Aangemaakt_op>
</fme:zone50OK>
<fme:zone50OK>
<fme:Id>37</fme:Id>
<fme:Straatnaam>Ter Lindehof</fme:Straatnaam>
<fme:Wegbeheer>Stad</fme:Wegbeheer>
<fme:Aangemaakt_op>15/09/2016</fme:Aangemaakt_op>
</fme:zone50OK>
<fme:zone50OK>
<fme:Id>41</fme:Id>
<fme:Straatnaam>Acht Zaligheden</fme:Straatnaam>
<fme:Wegbeheer>Stad</fme:Wegbeheer>
<fme:Aangemaakt_op>15/09/2016</fme:Aangemaakt_op>
</fme:zone50OK>
<fme:zone50OK>
<fme:Id>42</fme:Id>
<fme:Straatnaam>Tien Geboden</fme:Straatnaam>
<fme:Wegbeheer>Stad</fme:Wegbeheer>
<fme:Aangemaakt_op>15/09/2016</fme:Aangemaakt_op>
</fme:zone50OK>
<fme:zone50OK>
<fme:Id>43</fme:Id>
<fme:Straatnaam>Hoge Lane</fme:Straatnaam>
<fme:Wegbeheer>Stad</fme:Wegbeheer>
<fme:Aangemaakt_op>15/09/2016</fme:Aangemaakt_op>
</fme:zone50OK>
<fme:zone50OK>
<fme:Id>44</fme:Id>
<fme:Straatnaam>Frans Gevaertstraat</fme:Straatnaam>
<fme:Wegbeheer>Stad</fme:Wegbeheer>
<fme:Aangemaakt_op>15/09/2016</fme:Aangemaakt_op>
</fme:zone50OK>
<fme:zone50OK>
<fme:Id>45</fme:Id>
<fme:Straatnaam>Edgar Tinelstraat</fme:Straatnaam>
<fme:Wegbeheer>Stad</fme:Wegbeheer>
<fme:Aangemaakt_op>15/09/2016</fme:Aangemaakt_op>
</fme:zone50OK>
<fme:zone50OK>
<fme:Id>46</fme:Id>
<fme:Straatnaam>Paul Gilsonstraat</fme:Straatnaam>
<fme:Wegbeheer>Stad</fme:Wegbeheer>
<fme:Aangemaakt_op>15/09/2016</fme:Aangemaakt_op>
</fme:zone50OK>
<fme:zone50OK>
<fme:Id>47</fme:Id>
<fme:Straatnaam>Kasteelhoevestraat</fme:Straatnaam>
<fme:Wegbeheer>Stad</fme:Wegbeheer>
<fme:Aangemaakt_op>15/09/2016</fme:Aangemaakt_op>
</fme:zone50OK>
<fme:zone50OK>
<fme:Id>48</fme:Id>
<fme:Straatnaam>Generaal Lemanlaan</fme:Straatnaam>
<fme:Wegbeheer>Gewest</fme:Wegbeheer>
<fme:Aangemaakt_op>15/09/2016</fme:Aangemaakt_op>
</fme:zone50OK>
<fme:zone50OK>
<fme:Id>49</fme:Id>
<fme:Straatnaam>Astridlaan</fme:Straatnaam>
<fme:Wegbeheer>Gewest</fme:Wegbeheer>
<fme:Aangemaakt_op>15/09/2016</fme:Aangemaakt_op>
</fme:zone50OK>
<fme:zone50OK>
<fme:Id>55</fme:Id>
<fme:Straatnaam>Pelderijnstraat</fme:Straatnaam>
<fme:Wegbeheer>Stad</fme:Wegbeheer>
<fme:Aangemaakt_op>15/09/2016</fme:Aangemaakt_op>
</fme:zone50OK>
<fme:zone50OK>
<fme:Id>56</fme:Id>
<fme:Straatnaam>Doornhut</fme:Straatnaam>
<fme:Wegbeheer>Stad</fme:Wegbeheer>
<fme:Aangemaakt_op>15/09/2016</fme:Aangemaakt_op>
</fme:zone50OK>
<fme:zone50OK>
<fme:Id>57</fme:Id>
<fme:Straatnaam>Brieversweg</fme:Straatnaam>
<fme:Wegbeheer>Stad</fme:Wegbeheer>
<fme:Aangemaakt_op>15/09/2016</fme:Aangemaakt_op>
</fme:zone50OK>
<fme:zone50OK>
<fme:Id>59</fme:Id>
<fme:Straatnaam>Malehoeklaan</fme:Straatnaam>
<fme:Wegbeheer>Stad</fme:Wegbeheer>
<fme:Aangemaakt_op>15/09/2016</fme:Aangemaakt_op>
</fme:zone50OK>
<fme:zone50OK>
<fme:Id>60</fme:Id>
<fme:Straatnaam>Landvoogdlaan</fme:Straatnaam>
<fme:Wegbeheer>Stad</fme:Wegbeheer>
<fme:Aangemaakt_op>15/09/2016</fme:Aangemaakt_op>
</fme:zone50OK>
<fme:zone50OK>
<fme:Id>61</fme:Id>
<fme:Straatnaam>Malelatenstraat</fme:Straatnaam>
<fme:Wegbeheer>Stad</fme:Wegbeheer>
<fme:Aangemaakt_op>15/09/2016</fme:Aangemaakt_op>
</fme:zone50OK>
<fme:zone50OK>
<fme:Id>62</fme:Id>
<fme:Straatnaam>Kasteleinweg</fme:Straatnaam>
<fme:Wegbeheer>Stad</fme:Wegbeheer>
<fme:Aangemaakt_op>15/09/2016</fme:Aangemaakt_op>
</fme:zone50OK>
<fme:zone50OK>
<fme:Id>63</fme:Id>
<fme:Straatnaam>Hofmeierlaan</fme:Straatnaam>
<fme:Wegbeheer>Stad</fme:Wegbeheer>
<fme:Aangemaakt_op>15/09/2016</fme:Aangemaakt_op>
</fme:zone50OK>
<fme:zone50OK>
<fme:Id>64</fme:Id>
<fme:Straatnaam>Meiveldenlaan</fme:Straatnaam>
<fme:Wegbeheer>Stad</fme:Wegbeheer>
<fme:Aangemaakt_op>15/09/2016</fme:Aangemaakt_op>
</fme:zone50OK>
<fme:zone50OK>
<fme:Id>65</fme:Id>
<fme:Straatnaam>Dubbelsingel</fme:Straatnaam>
<fme:Wegbeheer>Stad</fme:Wegbeheer>
<fme:Aangemaakt_op>15/09/2016</fme:Aangemaakt_op>
</fme:zone50OK>
<fme:zone50OK>
<fme:Id>66</fme:Id>
<fme:Straatnaam>Schildknaaplaan</fme:Straatnaam>
<fme:Wegbeheer>Stad</fme:Wegbeheer>
<fme:Aangemaakt_op>15/09/2016</fme:Aangemaakt_op>
</fme:zone50OK>
<fme:zone50OK>
<fme:Id>67</fme:Id>
<fme:Straatnaam>Montpellier</fme:Straatnaam>
<fme:Wegbeheer>Stad</fme:Wegbeheer>
<fme:Aangemaakt_op>15/09/2016</fme:Aangemaakt_op>
</fme:zone50OK>
<fme:zone50OK>
<fme:Id>68</fme:Id>
<fme:Straatnaam>Leenhof</fme:Straatnaam>
<fme:Wegbeheer>Stad</fme:Wegbeheer>
<fme:Aangemaakt_op>15/09/2016</fme:Aangemaakt_op>
</fme:zone50OK>
<fme:zone50OK>
<fme:Id>69</fme:Id>
<fme:Straatnaam>Kanunnik Duhamellaan</fme:Straatnaam>
<fme:Wegbeheer>Stad</fme:Wegbeheer>
<fme:Aangemaakt_op>15/09/2016</fme:Aangemaakt_op>
</fme:zone50OK>
<fme:zone50OK>
<fme:Id>70</fme:Id>
<fme:Straatnaam>Avignonlaan</fme:Straatnaam>
<fme:Wegbeheer>Stad</fme:Wegbeheer>
<fme:Aangemaakt_op>15/09/2016</fme:Aangemaakt_op>
</fme:zone50OK>
<fme:zone50OK>
<fme:Id>71</fme:Id>
<fme:Straatnaam>Praterstraat</fme:Straatnaam>
<fme:Wegbeheer>Stad</fme:Wegbeheer>
<fme:Aangemaakt_op>15/09/2016</fme:Aangemaakt_op>
</fme:zone50OK>
<fme:zone50OK>
<fme:Id>72</fme:Id>
<fme:Straatnaam>Wagenaarstraat</fme:Straatnaam>
<fme:Wegbeheer>Stad</fme:Wegbeheer>
<fme:Aangemaakt_op>15/09/2016</fme:Aangemaakt_op>
</fme:zone50OK>
<fme:zone50OK>
<fme:Id>73</fme:Id>
<fme:Straatnaam>Foerierstraat</fme:Straatnaam>
<fme:Wegbeheer>Stad</fme:Wegbeheer>
<fme:Aangemaakt_op>15/09/2016</fme:Aangemaakt_op>
</fme:zone50OK>
<fme:zone50OK>
<fme:Id>74</fme:Id>
<fme:Straatnaam>Kapelaanstraat</fme:Straatnaam>
<fme:Wegbeheer>Stad</fme:Wegbeheer>
<fme:Aangemaakt_op>15/09/2016</fme:Aangemaakt_op>
</fme:zone50OK>
<fme:zone50OK>
<fme:Id>75</fme:Id>
<fme:Straatnaam>Baljuwlaan</fme:Straatnaam>
<fme:Wegbeheer>Stad</fme:Wegbeheer>
<fme:Aangemaakt_op>15/09/2016</fme:Aangemaakt_op>
</fme:zone50OK>
<fme:zone50OK>
<fme:Id>76</fme:Id>
<fme:Straatnaam>Lettenburgweg</fme:Straatnaam>
<fme:Wegbeheer>Stad</fme:Wegbeheer>
<fme:Aangemaakt_op>15/09/2016</fme:Aangemaakt_op>
</fme:zone50OK>
<fme:zone50OK>
<fme:Id>77</fme:Id>
<fme:Straatnaam>Herautlaan</fme:Straatnaam>
<fme:Wegbeheer>Stad</fme:Wegbeheer>
<fme:Aangemaakt_op>15/09/2016</fme:Aangemaakt_op>
</fme:zone50OK>
<fme:zone50OK>
<fme:Id>78</fme:Id>
<fme:Straatnaam>Minnezangerlaan</fme:Straatnaam>
<fme:Wegbeheer>Stad</fme:Wegbeheer>
<fme:Aangemaakt_op>15/09/2016</fme:Aangemaakt_op>
</fme:zone50OK>
<fme:zone50OK>
<fme:Id>79</fme:Id>
<fme:Straatnaam>Disbos</fme:Straatnaam>
<fme:Wegbeheer>Stad</fme:Wegbeheer>
<fme:Aangemaakt_op>15/09/2016</fme:Aangemaakt_op>
</fme:zone50OK>
<fme:zone50OK>
<fme:Id>80</fme:Id>
<fme:Straatnaam>Rentmeesterlaan</fme:Straatnaam>
<fme:Wegbeheer>Stad</fme:Wegbeheer>
<fme:Aangemaakt_op>15/09/2016</fme:Aangemaakt_op>
</fme:zone50OK>
<fme:zone50OK>
<fme:Id>83</fme:Id>
<fme:Straatnaam>ng</fme:Straatnaam>
<fme:Wegbeheer>Stad</fme:Wegbeheer>
<fme:Aangemaakt_op>15/09/2016</fme:Aangemaakt_op>
</fme:zone50OK>
<fme:zone50OK>
<fme:Id>58</fme:Id>
<fme:Straatnaam>Pijpeweg</fme:Straatnaam>
<fme:Wegbeheer>Stad</fme:Wegbeheer>
<fme:Aangemaakt_op>15/09/2016</fme:Aangemaakt_op>
</fme:zone50OK>
<fme:zone50OK>
<fme:Id>84</fme:Id>
<fme:Straatnaam>Markgraafstraat</fme:Straatnaam>
<fme:Wegbeheer>Stad</fme:Wegbeheer>
<fme:Aangemaakt_op>15/09/2016</fme:Aangemaakt_op>
</fme:zone50OK>
<fme:zone50OK>
<fme:Id>85</fme:Id>
<fme:Straatnaam>Burggraafstraat</fme:Straatnaam>
<fme:Wegbeheer>Stad</fme:Wegbeheer>
<fme:Aangemaakt_op>15/09/2016</fme:Aangemaakt_op>
</fme:zone50OK>
<fme:zone50OK>
<fme:Id>86</fme:Id>
<fme:Straatnaam>Kanselierlaan</fme:Straatnaam>
<fme:Wegbeheer>Stad</fme:Wegbeheer>
<fme:Aangemaakt_op>15/09/2016</fme:Aangemaakt_op>
</fme:zone50OK>
<fme:zone50OK>
<fme:Id>87</fme:Id>
<fme:Straatnaam>Kamerheerstraat</fme:Straatnaam>
<fme:Wegbeheer>Stad</fme:Wegbeheer>
<fme:Aangemaakt_op>15/09/2016</fme:Aangemaakt_op>
</fme:zone50OK>
<fme:zone50OK>
<fme:Id>88</fme:Id>
<fme:Straatnaam>Markiesstraat</fme:Straatnaam>
<fme:Wegbeheer>Stad</fme:Wegbeheer>
<fme:Aangemaakt_op>15/09/2016</fme:Aangemaakt_op>
</fme:zone50OK>
<fme:zone50OK>
<fme:Id>89</fme:Id>
<fme:Straatnaam>Hofschenkerstraat</fme:Straatnaam>
<fme:Wegbeheer>Stad</fme:Wegbeheer>
<fme:Aangemaakt_op>15/09/2016</fme:Aangemaakt_op>
</fme:zone50OK>
<fme:zone50OK>
<fme:Id>90</fme:Id>
<fme:Straatnaam>Raadsherenlaan</fme:Straatnaam>
<fme:Wegbeheer>Stad</fme:Wegbeheer>
<fme:Aangemaakt_op>15/09/2016</fme:Aangemaakt_op>
</fme:zone50OK>
<fme:zone50OK>
<fme:Id>91</fme:Id>
<fme:Straatnaam>Stoppelbilk</fme:Straatnaam>
<fme:Wegbeheer>Stad</fme:Wegbeheer>
<fme:Aangemaakt_op>15/09/2016</fme:Aangemaakt_op>
</fme:zone50OK>
<fme:zone50OK>
<fme:Id>92</fme:Id>
<fme:Straatnaam>Forestiersstraat</fme:Straatnaam>
<fme:Wegbeheer>Stad</fme:Wegbeheer>
<fme:Aangemaakt_op>15/09/2016</fme:Aangemaakt_op>
</fme:zone50OK>
<fme:zone50OK>
<fme:Id>93</fme:Id>
<fme:Straatnaam>De Twaalf Gemeten</fme:Straatnaam>
<fme:Wegbeheer>Stad</fme:Wegbeheer>
<fme:Aangemaakt_op>15/09/2016</fme:Aangemaakt_op>
</fme:zone50OK>
<fme:zone50OK>
<fme:Id>94</fme:Id>
<fme:Straatnaam>Schoutstraat</fme:Straatnaam>
<fme:Wegbeheer>Stad</fme:Wegbeheer>
<fme:Aangemaakt_op>15/09/2016</fme:Aangemaakt_op>
</fme:zone50OK>
<fme:zone50OK>
<fme:Id>90</fme:Id>
<fme:Straatnaam>Raadsherenlaan</fme:Straatnaam>
<fme:Wegbeheer>Stad</fme:Wegbeheer>
<fme:Aangemaakt_op>15/09/2016</fme:Aangemaakt_op>
</fme:zone50OK>
<fme:zone50OK>
<fme:Id>96</fme:Id>
<fme:Straatnaam>Klerkenstraat</fme:Straatnaam>
<fme:Wegbeheer>Stad</fme:Wegbeheer>
<fme:Aangemaakt_op>15/09/2016</fme:Aangemaakt_op>
</fme:zone50OK>
<fme:zone50OK>
<fme:Id>97</fme:Id>
<fme:Straatnaam>Stalmeesterstraat</fme:Straatnaam>
<fme:Wegbeheer>Stad</fme:Wegbeheer>
<fme:Aangemaakt_op>15/09/2016</fme:Aangemaakt_op>
</fme:zone50OK>
<fme:zone50OK>
<fme:Id>98</fme:Id>
<fme:Straatnaam>Baanderheerstraat</fme:Straatnaam>
<fme:Wegbeheer>Stad</fme:Wegbeheer>
<fme:Aangemaakt_op>15/09/2016</fme:Aangemaakt_op>
</fme:zone50OK>
<fme:zone50OK>
<fme:Id>99</fme:Id>
<fme:Straatnaam>Poortersstraat</fme:Straatnaam>
<fme:Wegbeheer>Stad</fme:Wegbeheer>
<fme:Aangemaakt_op>15/09/2016</fme:Aangemaakt_op>
</fme:zone50OK>
<fme:zone50OK>
<fme:Id>100</fme:Id>
<fme:Straatnaam>Schepenbankstraat</fme:Straatnaam>
<fme:Wegbeheer>Stad</fme:Wegbeheer>
<fme:Aangemaakt_op>15/09/2016</fme:Aangemaakt_op>
</fme:zone50OK>
<fme:zone50OK>
<fme:Id>101</fme:Id>
<fme:Straatnaam>Beukenboslaan</fme:Straatnaam>
<fme:Wegbeheer>Stad</fme:Wegbeheer>
<fme:Aangemaakt_op>15/09/2016</fme:Aangemaakt_op>
</fme:zone50OK>
<fme:zone50OK>
<fme:Id>102</fme:Id>
<fme:Straatnaam>Vogelzang</fme:Straatnaam>
<fme:Wegbeheer>Stad</fme:Wegbeheer>
<fme:Aangemaakt_op>15/09/2016</fme:Aangemaakt_op>
</fme:zone50OK>
<fme:zone50OK>
<fme:Id>103</fme:Id>
<fme:Straatnaam>Ter Woestijne</fme:Straatnaam>
<fme:Wegbeheer>Stad</fme:Wegbeheer>
<fme:Aangemaakt_op>15/09/2016</fme:Aangemaakt_op>
</fme:zone50OK>
<fme:zone50OK>
<fme:Id>104</fme:Id>
<fme:Straatnaam>Breeweg</fme:Straatnaam>
<fme:Wegbeheer>Stad</fme:Wegbeheer>
<fme:Aangemaakt_op>15/09/2016</fme:Aangemaakt_op>
</fme:zone50OK>
<fme:zone50OK>
<fme:Id>105</fme:Id>
<fme:Straatnaam>Aardenburgseweg</fme:Straatnaam>
<fme:Wegbeheer>Stad</fme:Wegbeheer>
<fme:Aangemaakt_op>15/09/2016</fme:Aangemaakt_op>
</fme:zone50OK>
<fme:zone50OK>
<fme:Id>0</fme:Id>
<fme:Aangemaakt_op>15/09/2016</fme:Aangemaakt_op>
</fme:zone50OK>
<fme:zone50OK>
<fme:Id>107</fme:Id>
<fme:Straatnaam>Driekoningenweg</fme:Straatnaam>
<fme:Wegbeheer>Stad</fme:Wegbeheer>
<fme:Aangemaakt_op>15/09/2016</fme:Aangemaakt_op>
</fme:zone50OK>
<fme:zone50OK>
<fme:Id>107</fme:Id>
<fme:Straatnaam>Brieversweg</fme:Straatnaam>
<fme:Wegbeheer>Stad</fme:Wegbeheer>
<fme:Aangemaakt_op>15/09/2016</fme:Aangemaakt_op>
</fme:zone50OK>
<fme:zone50OK>
<fme:Id>106</fme:Id>
<fme:Straatnaam>Moerkerkse Steenweg</fme:Straatnaam>
<fme:Wegbeheer>Stad</fme:Wegbeheer>
<fme:Aangemaakt_op>15/09/2016</fme:Aangemaakt_op>
</fme:zone50OK>
<fme:zone50OK>
<fme:Id>109</fme:Id>
<fme:Straatnaam>Vossensteert</fme:Straatnaam>
<fme:Wegbeheer>Stad</fme:Wegbeheer>
<fme:Aangemaakt_op>15/09/2016</fme:Aangemaakt_op>
</fme:zone50OK>
<fme:zone50OK>
<fme:Id>135</fme:Id>
<fme:Straatnaam>Sint-Lucaslaan</fme:Straatnaam>
<fme:Wegbeheer>Stad</fme:Wegbeheer>
<fme:Aangemaakt_op>15/09/2016</fme:Aangemaakt_op>
</fme:zone50OK>
<fme:zone50OK>
<fme:Id>136</fme:Id>
<fme:Straatnaam>Baron Ruzettelaan</fme:Straatnaam>
<fme:Wegbeheer>Gewest</fme:Wegbeheer>
<fme:Aangemaakt_op>15/09/2016</fme:Aangemaakt_op>
</fme:zone50OK>
<fme:zone50OK>
<fme:Id>138</fme:Id>
<fme:Straatnaam>Meulestee</fme:Straatnaam>
<fme:Wegbeheer>Stad</fme:Wegbeheer>
<fme:Aangemaakt_op>15/09/2016</fme:Aangemaakt_op>
</fme:zone50OK>
<fme:zone50OK>
<fme:Id>139</fme:Id>
<fme:Straatnaam>Moerbrugseweg</fme:Straatnaam>
<fme:Wegbeheer>Stad</fme:Wegbeheer>
<fme:Aangemaakt_op>15/09/2016</fme:Aangemaakt_op>
</fme:zone50OK>
<fme:zone50OK>
<fme:Id>140</fme:Id>
<fme:Straatnaam>Tragelweg</fme:Straatnaam>
<fme:Wegbeheer>Stad</fme:Wegbeheer>
<fme:Aangemaakt_op>15/09/2016</fme:Aangemaakt_op>
</fme:zone50OK>
<fme:zone50OK>
<fme:Id>141</fme:Id>
<fme:Straatnaam>Vaartdijkstraat</fme:Straatnaam>
<fme:Wegbeheer>Stad</fme:Wegbeheer>
<fme:Aangemaakt_op>15/09/2016</fme:Aangemaakt_op>
</fme:zone50OK>
<fme:zone50OK>
<fme:Id>142</fme:Id>
<fme:Straatnaam>Ten Briele</fme:Straatnaam>
<fme:Wegbeheer>Stad</fme:Wegbeheer>
<fme:Aangemaakt_op>15/09/2016</fme:Aangemaakt_op>
</fme:zone50OK>
<fme:zone50OK>
<fme:Id>143</fme:Id>
<fme:Straatnaam>ng</fme:Straatnaam>
<fme:Wegbeheer>Stad</fme:Wegbeheer>
<fme:Aangemaakt_op>15/09/2016</fme:Aangemaakt_op>
</fme:zone50OK>
<fme:zone50OK>
<fme:Id>145</fme:Id>
<fme:Straatnaam>Sint-Michielslaan</fme:Straatnaam>
<fme:Wegbeheer>Stad</fme:Wegbeheer>
<fme:Aangemaakt_op>15/09/2016</fme:Aangemaakt_op>
</fme:zone50OK>
<fme:zone50OK>
<fme:Id>146</fme:Id>
<fme:Straatnaam>Sint-Michielsestraat</fme:Straatnaam>
<fme:Wegbeheer>Gewest</fme:Wegbeheer>
<fme:Aangemaakt_op>15/09/2016</fme:Aangemaakt_op>
</fme:zone50OK>
<fme:zone50OK>
<fme:Id>147</fme:Id>
<fme:Straatnaam>Rijselstraat</fme:Straatnaam>
<fme:Wegbeheer>Gewest</fme:Wegbeheer>
<fme:Aangemaakt_op>15/09/2016</fme:Aangemaakt_op>
</fme:zone50OK>
<fme:zone50OK>
<fme:Id>149</fme:Id>
<fme:Straatnaam>Sint-Michielslaan</fme:Straatnaam>
<fme:Wegbeheer>Stad</fme:Wegbeheer>
<fme:Aangemaakt_op>15/09/2016</fme:Aangemaakt_op>
</fme:zone50OK>
<fme:zone50OK>
<fme:Id>148</fme:Id>
<fme:Straatnaam>Rijselstraat</fme:Straatnaam>
<fme:Wegbeheer>Stad</fme:Wegbeheer>
<fme:Aangemaakt_op>15/09/2016</fme:Aangemaakt_op>
</fme:zone50OK>
<fme:zone50OK>
<fme:Id>150</fme:Id>
<fme:Straatnaam>Jagersstraat</fme:Straatnaam>
<fme:Wegbeheer>Stad</fme:Wegbeheer>
<fme:Aangemaakt_op>15/09/2016</fme:Aangemaakt_op>
</fme:zone50OK>
<fme:zone50OK>
<fme:Id>151</fme:Id>
<fme:Straatnaam>Pierssensdreef</fme:Straatnaam>
<fme:Wegbeheer>Stad</fme:Wegbeheer>
<fme:Aangemaakt_op>15/09/2016</fme:Aangemaakt_op>
</fme:zone50OK>
<fme:zone50OK>
<fme:Id>144</fme:Id>
<fme:Straatnaam>Spoorwegstraat</fme:Straatnaam>
<fme:Wegbeheer>Gewest</fme:Wegbeheer>
<fme:Aangemaakt_op>15/09/2016</fme:Aangemaakt_op>
</fme:zone50OK>
<fme:zone50OK>
<fme:Id>152</fme:Id>
<fme:Straatnaam>Stationslaan</fme:Straatnaam>
<fme:Wegbeheer>Gewest</fme:Wegbeheer>
<fme:Aangemaakt_op>15/09/2016</fme:Aangemaakt_op>
</fme:zone50OK>
<fme:zone50OK>
<fme:Id>153</fme:Id>
<fme:Straatnaam>Torhoutse Steenweg</fme:Straatnaam>
<fme:Wegbeheer>Gewest</fme:Wegbeheer>
<fme:Aangemaakt_op>15/09/2016</fme:Aangemaakt_op>
</fme:zone50OK>
<fme:zone50OK>
<fme:Id>154</fme:Id>
<fme:Straatnaam>Koningin Astridlaan</fme:Straatnaam>
<fme:Wegbeheer>Stad</fme:Wegbeheer>
<fme:Aangemaakt_op>15/09/2016</fme:Aangemaakt_op>
</fme:zone50OK>
<fme:zone50OK>
<fme:Id>155</fme:Id>
<fme:Straatnaam>Grasdreef</fme:Straatnaam>
<fme:Wegbeheer>Stad</fme:Wegbeheer>
<fme:Aangemaakt_op>15/09/2016</fme:Aangemaakt_op>
</fme:zone50OK>
<fme:zone50OK>
<fme:Id>157</fme:Id>
<fme:Straatnaam>Joseph Wautersstraat</fme:Straatnaam>
<fme:Wegbeheer>Stad</fme:Wegbeheer>
<fme:Aangemaakt_op>15/09/2016</fme:Aangemaakt_op>
</fme:zone50OK>
<fme:zone50OK>
<fme:Id>158</fme:Id>
<fme:Straatnaam>Velodroomstraat</fme:Straatnaam>
<fme:Wegbeheer>Stad</fme:Wegbeheer>
<fme:Aangemaakt_op>15/09/2016</fme:Aangemaakt_op>
</fme:zone50OK>
<fme:zone50OK>
<fme:Id>159</fme:Id>
<fme:Straatnaam>Rennersweg</fme:Straatnaam>
<fme:Wegbeheer>Stad</fme:Wegbeheer>
<fme:Aangemaakt_op>15/09/2016</fme:Aangemaakt_op>
</fme:zone50OK>
<fme:zone50OK>
<fme:Id>160</fme:Id>
<fme:Straatnaam>Karel Cartonstraat</fme:Straatnaam>
<fme:Wegbeheer>Stad</fme:Wegbeheer>
<fme:Aangemaakt_op>15/09/2016</fme:Aangemaakt_op>
</fme:zone50OK>
<fme:zone50OK>
<fme:Id>162</fme:Id>
<fme:Straatnaam>ng</fme:Straatnaam>
<fme:Wegbeheer>Stad</fme:Wegbeheer>
<fme:Aangemaakt_op>15/09/2016</fme:Aangemaakt_op>
</fme:zone50OK>
<fme:zone50OK>
<fme:Id>164</fme:Id>
<fme:Straatnaam>Herfstlaan</fme:Straatnaam>
<fme:Wegbeheer>Stad</fme:Wegbeheer>
<fme:Aangemaakt_op>15/09/2016</fme:Aangemaakt_op>
</fme:zone50OK>
<fme:zone50OK>
<fme:Id>165</fme:Id>
<fme:Straatnaam>Kloppersweg</fme:Straatnaam>
<fme:Wegbeheer>Stad</fme:Wegbeheer>
<fme:Aangemaakt_op>15/09/2016</fme:Aangemaakt_op>
</fme:zone50OK>
<fme:zone50OK>
<fme:Id>156</fme:Id>
<fme:Straatnaam>Graaf Pierre de Brieylaan</fme:Straatnaam>
<fme:Wegbeheer>Stad</fme:Wegbeheer>
<fme:Aangemaakt_op>15/09/2016</fme:Aangemaakt_op>
</fme:zone50OK>
<fme:zone50OK>
<fme:Id>167</fme:Id>
<fme:Straatnaam>Domeindreef</fme:Straatnaam>
<fme:Wegbeheer>Stad</fme:Wegbeheer>
<fme:Aangemaakt_op>15/09/2016</fme:Aangemaakt_op>
</fme:zone50OK>
<fme:zone50OK>
<fme:Id>161</fme:Id>
<fme:Straatnaam>Wittemolenstraat</fme:Straatnaam>
<fme:Wegbeheer>Stad</fme:Wegbeheer>
<fme:Aangemaakt_op>15/09/2016</fme:Aangemaakt_op>
</fme:zone50OK>
<fme:zone50OK>
<fme:Id>166</fme:Id>
<fme:Straatnaam>Kervyndreef</fme:Straatnaam>
<fme:Wegbeheer>Stad</fme:Wegbeheer>
<fme:Aangemaakt_op>15/09/2016</fme:Aangemaakt_op>
</fme:zone50OK>
<fme:zone50OK>
<fme:Id>169</fme:Id>
<fme:Straatnaam>Wittemereldreef</fme:Straatnaam>
<fme:Wegbeheer>Stad</fme:Wegbeheer>
<fme:Aangemaakt_op>15/09/2016</fme:Aangemaakt_op>
</fme:zone50OK>
<fme:zone50OK>
<fme:Id>167</fme:Id>
<fme:Straatnaam>Nachtegalendreef</fme:Straatnaam>
<fme:Wegbeheer>Stad</fme:Wegbeheer>
<fme:Aangemaakt_op>15/09/2016</fme:Aangemaakt_op>
</fme:zone50OK>
<fme:zone50OK>
<fme:Id>170</fme:Id>
<fme:Straatnaam>Dianadreef</fme:Straatnaam>
<fme:Wegbeheer>Stad</fme:Wegbeheer>
<fme:Aangemaakt_op>15/09/2016</fme:Aangemaakt_op>
</fme:zone50OK>
<fme:zone50OK>
<fme:Id>168</fme:Id>
<fme:Straatnaam>Vogelzangdreef</fme:Straatnaam>
<fme:Wegbeheer>Stad</fme:Wegbeheer>
<fme:Aangemaakt_op>15/09/2016</fme:Aangemaakt_op>
</fme:zone50OK>
<fme:zone50OK>
<fme:Id>0</fme:Id>
<fme:Aangemaakt_op>15/09/2016</fme:Aangemaakt_op>
</fme:zone50OK>
<fme:zone50OK>
<fme:Id>172</fme:Id>
<fme:Straatnaam>Amazonedreef</fme:Straatnaam>
<fme:Wegbeheer>Stad</fme:Wegbeheer>
<fme:Aangemaakt_op>15/09/2016</fme:Aangemaakt_op>
</fme:zone50OK>
<fme:zone50OK>
<fme:Id>173</fme:Id>
<fme:Straatnaam>Kwarteldreef</fme:Straatnaam>
<fme:Wegbeheer>Stad</fme:Wegbeheer>
<fme:Aangemaakt_op>15/09/2016</fme:Aangemaakt_op>
</fme:zone50OK>
<fme:zone50OK>
<fme:Id>174</fme:Id>
<fme:Straatnaam>De Stropersgracht</fme:Straatnaam>
<fme:Wegbeheer>Stad</fme:Wegbeheer>
<fme:Aangemaakt_op>15/09/2016</fme:Aangemaakt_op>
</fme:zone50OK>
<fme:zone50OK>
<fme:Id>175</fme:Id>
<fme:Straatnaam>Konijnenpijp</fme:Straatnaam>
<fme:Wegbeheer>Stad</fme:Wegbeheer>
<fme:Aangemaakt_op>15/09/2016</fme:Aangemaakt_op>
</fme:zone50OK>
<fme:zone50OK>
<fme:Id>176</fme:Id>
<fme:Straatnaam>Artemislaan</fme:Straatnaam>
<fme:Wegbeheer>Stad</fme:Wegbeheer>
<fme:Aangemaakt_op>15/09/2016</fme:Aangemaakt_op>
</fme:zone50OK>
<fme:zone50OK>
<fme:Id>177</fme:Id>
<fme:Straatnaam>Wittemereldreef</fme:Straatnaam>
<fme:Wegbeheer>Stad</fme:Wegbeheer>
<fme:Aangemaakt_op>15/09/2016</fme:Aangemaakt_op>
</fme:zone50OK>
<fme:zone50OK>
<fme:Id>0</fme:Id>
<fme:Aangemaakt_op>15/09/2016</fme:Aangemaakt_op>
</fme:zone50OK>
<fme:zone50OK>
<fme:Id>179</fme:Id>
<fme:Straatnaam>ng</fme:Straatnaam>
<fme:Wegbeheer>Gewest</fme:Wegbeheer>
<fme:Aangemaakt_op>15/09/2016</fme:Aangemaakt_op>
</fme:zone50OK>
<fme:zone50OK>
<fme:Id>180</fme:Id>
<fme:Straatnaam>Pierre Debbautstraat</fme:Straatnaam>
<fme:Wegbeheer>Stad</fme:Wegbeheer>
<fme:Aangemaakt_op>15/09/2016</fme:Aangemaakt_op>
</fme:zone50OK>
<fme:zone50OK>
<fme:Id>181</fme:Id>
<fme:Straatnaam>Betferkerklaan</fme:Straatnaam>
<fme:Wegbeheer>Stad</fme:Wegbeheer>
<fme:Aangemaakt_op>15/09/2016</fme:Aangemaakt_op>
</fme:zone50OK>
<fme:zone50OK>
<fme:Id>182</fme:Id>
<fme:Straatnaam>'t Hoge</fme:Straatnaam>
<fme:Wegbeheer>Stad</fme:Wegbeheer>
<fme:Aangemaakt_op>15/09/2016</fme:Aangemaakt_op>
</fme:zone50OK>
<fme:zone50OK>
<fme:Id>183</fme:Id>
<fme:Straatnaam>Diksmuidse Heerweg</fme:Straatnaam>
<fme:Wegbeheer>Stad</fme:Wegbeheer>
<fme:Aangemaakt_op>15/09/2016</fme:Aangemaakt_op>
</fme:zone50OK>
<fme:zone50OK>
<fme:Id>187</fme:Id>
<fme:Straatnaam>Sint-Baafsstraat</fme:Straatnaam>
<fme:Wegbeheer>Stad</fme:Wegbeheer>
<fme:Aangemaakt_op>15/09/2016</fme:Aangemaakt_op>
</fme:zone50OK>
<fme:zone50OK>
<fme:Id>188</fme:Id>
<fme:Straatnaam>Paallandenstraat</fme:Straatnaam>
<fme:Wegbeheer>Stad</fme:Wegbeheer>
<fme:Aangemaakt_op>15/09/2016</fme:Aangemaakt_op>
</fme:zone50OK>
<fme:zone50OK>
<fme:Id>186</fme:Id>
<fme:Straatnaam>Diksmuidse Heerweg</fme:Straatnaam>
<fme:Wegbeheer>Stad</fme:Wegbeheer>
<fme:Aangemaakt_op>15/09/2016</fme:Aangemaakt_op>
</fme:zone50OK>
<fme:zone50OK>
<fme:Id>189</fme:Id>
<fme:Straatnaam>Riethuisstraat</fme:Straatnaam>
<fme:Wegbeheer>Stad</fme:Wegbeheer>
<fme:Aangemaakt_op>15/09/2016</fme:Aangemaakt_op>
</fme:zone50OK>
<fme:zone50OK>
<fme:Id>190</fme:Id>
<fme:Straatnaam>Jonkheer Paul Coppietersdreef</fme:Straatnaam>
<fme:Wegbeheer>Stad</fme:Wegbeheer>
<fme:Aangemaakt_op>15/09/2016</fme:Aangemaakt_op>
</fme:zone50OK>
<fme:zone50OK>
<fme:Id>191</fme:Id>
<fme:Straatnaam>Bosdreef</fme:Straatnaam>
<fme:Wegbeheer>Stad</fme:Wegbeheer>
<fme:Aangemaakt_op>15/09/2016</fme:Aangemaakt_op>
</fme:zone50OK>
<fme:zone50OK>
<fme:Id>193</fme:Id>
<fme:Straatnaam>Varenslaan</fme:Straatnaam>
<fme:Wegbeheer>Stad</fme:Wegbeheer>
<fme:Aangemaakt_op>15/09/2016</fme:Aangemaakt_op>
</fme:zone50OK>
<fme:zone50OK>
<fme:Id>195</fme:Id>
<fme:Straatnaam>Lagebekeweg</fme:Straatnaam>
<fme:Wegbeheer>Stad</fme:Wegbeheer>
<fme:Aangemaakt_op>15/09/2016</fme:Aangemaakt_op>
</fme:zone50OK>
<fme:zone50OK>
<fme:Id>192</fme:Id>
<fme:Straatnaam>Lange Molenstraat</fme:Straatnaam>
<fme:Wegbeheer>Stad</fme:Wegbeheer>
<fme:Aangemaakt_op>15/09/2016</fme:Aangemaakt_op>
</fme:zone50OK>
<fme:zone50OK>
<fme:Id>196</fme:Id>
<fme:Straatnaam>Heesterlaan</fme:Straatnaam>
<fme:Wegbeheer>Stad</fme:Wegbeheer>
<fme:Aangemaakt_op>15/09/2016</fme:Aangemaakt_op>
</fme:zone50OK>
<fme:zone50OK>
<fme:Id>197</fme:Id>
<fme:Straatnaam>Bremlaan</fme:Straatnaam>
<fme:Wegbeheer>Stad</fme:Wegbeheer>
<fme:Aangemaakt_op>15/09/2016</fme:Aangemaakt_op>
</fme:zone50OK>
<fme:zone50OK>
<fme:Id>198</fme:Id>
<fme:Straatnaam>Heidelaan</fme:Straatnaam>
<fme:Wegbeheer>Stad</fme:Wegbeheer>
<fme:Aangemaakt_op>15/09/2016</fme:Aangemaakt_op>
</fme:zone50OK>
<fme:zone50OK>
<fme:Id>199</fme:Id>
<fme:Straatnaam>Gagelstraat</fme:Straatnaam>
<fme:Wegbeheer>Stad</fme:Wegbeheer>
<fme:Aangemaakt_op>15/09/2016</fme:Aangemaakt_op>
</fme:zone50OK>
<fme:zone50OK>
<fme:Id>200</fme:Id>
<fme:Straatnaam>Dopheidestraat</fme:Straatnaam>
<fme:Wegbeheer>Stad</fme:Wegbeheer>
<fme:Aangemaakt_op>15/09/2016</fme:Aangemaakt_op>
</fme:zone50OK>
<fme:zone50OK>
<fme:Id>195</fme:Id>
<fme:Straatnaam>Nieuwe St.-Annadreef</fme:Straatnaam>
<fme:Wegbeheer>Stad</fme:Wegbeheer>
<fme:Aangemaakt_op>15/09/2016</fme:Aangemaakt_op>
</fme:zone50OK>
<fme:zone50OK>
<fme:Id>201</fme:Id>
<fme:Straatnaam>Olympialaan</fme:Straatnaam>
<fme:Wegbeheer>Stad</fme:Wegbeheer>
<fme:Aangemaakt_op>15/09/2016</fme:Aangemaakt_op>
</fme:zone50OK>
<fme:zone50OK>
<fme:Id>202</fme:Id>
<fme:Straatnaam>Kerkhofstraat</fme:Straatnaam>
<fme:Wegbeheer>Stad</fme:Wegbeheer>
<fme:Aangemaakt_op>15/09/2016</fme:Aangemaakt_op>
</fme:zone50OK>
<fme:zone50OK>
<fme:Id>203</fme:Id>
<fme:Straatnaam>Koning Leopold III-laan</fme:Straatnaam>
<fme:Wegbeheer>Stad</fme:Wegbeheer>
<fme:Aangemaakt_op>15/09/2016</fme:Aangemaakt_op>
</fme:zone50OK>
<fme:zone50OK>
<fme:Id>204</fme:Id>
<fme:Straatnaam>Doornstraat</fme:Straatnaam>
<fme:Wegbeheer>Stad</fme:Wegbeheer>
<fme:Aangemaakt_op>15/09/2016</fme:Aangemaakt_op>
</fme:zone50OK>
<fme:zone50OK>
<fme:Id>205</fme:Id>
<fme:Straatnaam>Oude St.-Annadreef</fme:Straatnaam>
<fme:Wegbeheer>Stad</fme:Wegbeheer>
<fme:Aangemaakt_op>15/09/2016</fme:Aangemaakt_op>
</fme:zone50OK>
<fme:zone50OK>
<fme:Id>206</fme:Id>
<fme:Straatnaam>Betferkerklaan</fme:Straatnaam>
<fme:Wegbeheer>Stad</fme:Wegbeheer>
<fme:Aangemaakt_op>15/09/2016</fme:Aangemaakt_op>
</fme:zone50OK>
<fme:zone50OK>
<fme:Id>207</fme:Id>
<fme:Straatnaam>Grote Ede</fme:Straatnaam>
<fme:Wegbeheer>Stad</fme:Wegbeheer>
<fme:Aangemaakt_op>15/09/2016</fme:Aangemaakt_op>
</fme:zone50OK>
<fme:zone50OK>
<fme:Id>208</fme:Id>
<fme:Straatnaam>Ter Straten</fme:Straatnaam>
<fme:Wegbeheer>Stad</fme:Wegbeheer>
<fme:Aangemaakt_op>15/09/2016</fme:Aangemaakt_op>
</fme:zone50OK>
<fme:zone50OK>
<fme:Id>209</fme:Id>
<fme:Straatnaam>Ieperleet</fme:Straatnaam>
<fme:Wegbeheer>Stad</fme:Wegbeheer>
<fme:Aangemaakt_op>15/09/2016</fme:Aangemaakt_op>
</fme:zone50OK>
<fme:zone50OK>
<fme:Id>210</fme:Id>
<fme:Straatnaam>Zevenbergenlaan</fme:Straatnaam>
<fme:Wegbeheer>Stad</fme:Wegbeheer>
<fme:Aangemaakt_op>15/09/2016</fme:Aangemaakt_op>
</fme:zone50OK>
<fme:zone50OK>
<fme:Id>211</fme:Id>
<fme:Straatnaam>Pad Zevenbergen</fme:Straatnaam>
<fme:Wegbeheer>Stad</fme:Wegbeheer>
<fme:Aangemaakt_op>15/09/2016</fme:Aangemaakt_op>
</fme:zone50OK>
<fme:zone50OK>
<fme:Id>213</fme:Id>
<fme:Straatnaam>Messem</fme:Straatnaam>
<fme:Wegbeheer>Stad</fme:Wegbeheer>
<fme:Aangemaakt_op>15/09/2016</fme:Aangemaakt_op>
</fme:zone50OK>
<fme:zone50OK>
<fme:Id>216</fme:Id>
<fme:Straatnaam>Oud-Strijderslaan</fme:Straatnaam>
<fme:Wegbeheer>Stad</fme:Wegbeheer>
<fme:Aangemaakt_op>15/09/2016</fme:Aangemaakt_op>
</fme:zone50OK>
<fme:zone50OK>
<fme:Id>217</fme:Id>
<fme:Straatnaam>Korte Molenstraat</fme:Straatnaam>
<fme:Wegbeheer>Stad</fme:Wegbeheer>
<fme:Aangemaakt_op>15/09/2016</fme:Aangemaakt_op>
</fme:zone50OK>
<fme:zone50OK>
<fme:Id>218</fme:Id>
<fme:Straatnaam>Albert Serreynstraat</fme:Straatnaam>
<fme:Wegbeheer>Stad</fme:Wegbeheer>
<fme:Aangemaakt_op>15/09/2016</fme:Aangemaakt_op>
</fme:zone50OK>
<fme:zone50OK>
<fme:Id>219</fme:Id>
<fme:Straatnaam>Jan Britostraat</fme:Straatnaam>
<fme:Wegbeheer>Stad</fme:Wegbeheer>
<fme:Aangemaakt_op>15/09/2016</fme:Aangemaakt_op>
</fme:zone50OK>
<fme:zone50OK>
<fme:Id>220</fme:Id>
<fme:Straatnaam>Hubrecht De Croockstraat</fme:Straatnaam>
<fme:Wegbeheer>Stad</fme:Wegbeheer>
<fme:Aangemaakt_op>15/09/2016</fme:Aangemaakt_op>
</fme:zone50OK>
<fme:zone50OK>
<fme:Id>221</fme:Id>
<fme:Straatnaam>Daveluystraat</fme:Straatnaam>
<fme:Wegbeheer>Stad</fme:Wegbeheer>
<fme:Aangemaakt_op>15/09/2016</fme:Aangemaakt_op>
</fme:zone50OK>
<fme:zone50OK>
<fme:Id>222</fme:Id>
<fme:Straatnaam>Zuidveldstraat</fme:Straatnaam>
<fme:Wegbeheer>Stad</fme:Wegbeheer>
<fme:Aangemaakt_op>15/09/2016</fme:Aangemaakt_op>
</fme:zone50OK>
<fme:zone50OK>
<fme:Id>215</fme:Id>
<fme:Straatnaam>Zandstraat</fme:Straatnaam>
<fme:Wegbeheer>Stad</fme:Wegbeheer>
<fme:Aangemaakt_op>15/09/2016</fme:Aangemaakt_op>
</fme:zone50OK>
<fme:zone50OK>
<fme:Id>223</fme:Id>
<fme:Straatnaam>Sint-Hubertuslaan</fme:Straatnaam>
<fme:Wegbeheer>Stad</fme:Wegbeheer>
<fme:Aangemaakt_op>15/09/2016</fme:Aangemaakt_op>
</fme:zone50OK>
<fme:zone50OK>
<fme:Id>224</fme:Id>
<fme:Straatnaam>ng</fme:Straatnaam>
<fme:Wegbeheer>Stad</fme:Wegbeheer>
<fme:Aangemaakt_op>15/09/2016</fme:Aangemaakt_op>
</fme:zone50OK>
<fme:zone50OK>
<fme:Id>214</fme:Id>
<fme:Straatnaam>Legeweg</fme:Straatnaam>
<fme:Wegbeheer>Stad</fme:Wegbeheer>
<fme:Aangemaakt_op>15/09/2016</fme:Aangemaakt_op>
</fme:zone50OK>
<fme:zone50OK>
<fme:Id>225</fme:Id>
<fme:Straatnaam>Sint-Hubertuslaan</fme:Straatnaam>
<fme:Wegbeheer>Stad</fme:Wegbeheer>
<fme:Aangemaakt_op>15/09/2016</fme:Aangemaakt_op>
</fme:zone50OK>
<fme:zone50OK>
<fme:Id>227</fme:Id>
<fme:Straatnaam>Ter Zale</fme:Straatnaam>
<fme:Wegbeheer>Stad</fme:Wegbeheer>
<fme:Aangemaakt_op>15/09/2016</fme:Aangemaakt_op>
</fme:zone50OK>
<fme:zone50OK>
<fme:Id>228</fme:Id>
<fme:Straatnaam>Ter Lucht</fme:Straatnaam>
<fme:Wegbeheer>Stad</fme:Wegbeheer>
<fme:Aangemaakt_op>15/09/2016</fme:Aangemaakt_op>
</fme:zone50OK>
<fme:zone50OK>
<fme:Id>226</fme:Id>
<fme:Straatnaam>Hogeweg</fme:Straatnaam>
<fme:Wegbeheer>Stad</fme:Wegbeheer>
<fme:Aangemaakt_op>15/09/2016</fme:Aangemaakt_op>
</fme:zone50OK>
<fme:zone50OK>
<fme:Id>229</fme:Id>
<fme:Straatnaam>Slachthuisstraat</fme:Straatnaam>
<fme:Wegbeheer>Stad</fme:Wegbeheer>
<fme:Aangemaakt_op>15/09/2016</fme:Aangemaakt_op>
</fme:zone50OK>
<fme:zone50OK>
<fme:Id>230</fme:Id>
<fme:Straatnaam>Sint-Pieterszuidstraat</fme:Straatnaam>
<fme:Wegbeheer>Stad</fme:Wegbeheer>
<fme:Aangemaakt_op>15/09/2016</fme:Aangemaakt_op>
</fme:zone50OK>
<fme:zone50OK>
<fme:Id>232</fme:Id>
<fme:Straatnaam>Veemarktstraat</fme:Straatnaam>
<fme:Wegbeheer>Stad</fme:Wegbeheer>
<fme:Aangemaakt_op>15/09/2016</fme:Aangemaakt_op>
</fme:zone50OK>
<fme:zone50OK>
<fme:Id>233</fme:Id>
<fme:Straatnaam>Sint-Pietersgroenestraat</fme:Straatnaam>
<fme:Wegbeheer>Stad</fme:Wegbeheer>
<fme:Aangemaakt_op>15/09/2016</fme:Aangemaakt_op>
</fme:zone50OK>
<fme:zone50OK>
<fme:Id>231</fme:Id>
<fme:Straatnaam>ng</fme:Straatnaam>
<fme:Wegbeheer>Stad</fme:Wegbeheer>
<fme:Aangemaakt_op>15/09/2016</fme:Aangemaakt_op>
</fme:zone50OK>
<fme:zone50OK>
<fme:Id>236</fme:Id>
<fme:Straatnaam>Jacob van Arteveldestraat</fme:Straatnaam>
<fme:Wegbeheer>Stad</fme:Wegbeheer>
<fme:Aangemaakt_op>15/09/2016</fme:Aangemaakt_op>
</fme:zone50OK>
<fme:zone50OK>
<fme:Id>235</fme:Id>
<fme:Straatnaam>Pathoekeweg</fme:Straatnaam>
<fme:Wegbeheer>Stad</fme:Wegbeheer>
<fme:Aangemaakt_op>15/09/2016</fme:Aangemaakt_op>
</fme:zone50OK>
<fme:zone50OK>
<fme:Id>242</fme:Id>
<fme:Straatnaam>Kruisabelestraat</fme:Straatnaam>
<fme:Wegbeheer>Stad</fme:Wegbeheer>
<fme:Aangemaakt_op>15/09/2016</fme:Aangemaakt_op>
</fme:zone50OK>
<fme:zone50OK>
<fme:Id>243</fme:Id>
<fme:Straatnaam>Vorkstraat</fme:Straatnaam>
<fme:Wegbeheer>Stad</fme:Wegbeheer>
<fme:Aangemaakt_op>15/09/2016</fme:Aangemaakt_op>
</fme:zone50OK>
<fme:zone50OK>
<fme:Id>244</fme:Id>
<fme:Straatnaam>Sikkelstraat</fme:Straatnaam>
<fme:Wegbeheer>Stad</fme:Wegbeheer>
<fme:Aangemaakt_op>15/09/2016</fme:Aangemaakt_op>
</fme:zone50OK>
<fme:zone50OK>
<fme:Id>245</fme:Id>
<fme:Straatnaam>Spastraat</fme:Straatnaam>
<fme:Wegbeheer>Stad</fme:Wegbeheer>
<fme:Aangemaakt_op>15/09/2016</fme:Aangemaakt_op>
</fme:zone50OK>
<fme:zone50OK>
<fme:Id>246</fme:Id>
<fme:Straatnaam>Schoffelstraat</fme:Straatnaam>
<fme:Wegbeheer>Stad</fme:Wegbeheer>
<fme:Aangemaakt_op>15/09/2016</fme:Aangemaakt_op>
</fme:zone50OK>
<fme:zone50OK>
<fme:Id>247</fme:Id>
<fme:Straatnaam>Riekstraat</fme:Straatnaam>
<fme:Wegbeheer>Stad</fme:Wegbeheer>
<fme:Aangemaakt_op>15/09/2016</fme:Aangemaakt_op>
</fme:zone50OK>
<fme:zone50OK>
<fme:Id>248</fme:Id>
<fme:Straatnaam>Burgemeester de Croeserstraat</fme:Straatnaam>
<fme:Wegbeheer>Stad</fme:Wegbeheer>
<fme:Aangemaakt_op>15/09/2016</fme:Aangemaakt_op>
</fme:zone50OK>
<fme:zone50OK>
<fme:Id>249</fme:Id>
<fme:Straatnaam>Kerselarenstraat</fme:Straatnaam>
<fme:Wegbeheer>Stad</fme:Wegbeheer>
<fme:Aangemaakt_op>15/09/2016</fme:Aangemaakt_op>
</fme:zone50OK>
<fme:zone50OK>
<fme:Id>237</fme:Id>
<fme:Straatnaam>Havenstraat</fme:Straatnaam>
<fme:Wegbeheer>Gewest</fme:Wegbeheer>
<fme:Aangemaakt_op>15/09/2016</fme:Aangemaakt_op>
</fme:zone50OK>
<fme:zone50OK>
<fme:Id>250</fme:Id>
<fme:Straatnaam>Dudzeelse Steenweg</fme:Straatnaam>
<fme:Wegbeheer>Gewest</fme:Wegbeheer>
<fme:Aangemaakt_op>15/09/2016</fme:Aangemaakt_op>
</fme:zone50OK>
<fme:zone50OK>
<fme:Id>251</fme:Id>
<fme:Straatnaam>Koolkerkse Steenweg</fme:Straatnaam>
<fme:Wegbeheer>Stad</fme:Wegbeheer>
<fme:Aangemaakt_op>15/09/2016</fme:Aangemaakt_op>
</fme:zone50OK>
<fme:zone50OK>
<fme:Id>252</fme:Id>
<fme:Straatnaam>Damse Vaart-Zuid</fme:Straatnaam>
<fme:Wegbeheer>Stad</fme:Wegbeheer>
<fme:Aangemaakt_op>15/09/2016</fme:Aangemaakt_op>
</fme:zone50OK>
<fme:zone50OK>
<fme:Id>253</fme:Id>
<fme:Straatnaam>Noorweegse Kaai</fme:Straatnaam>
<fme:Aangemaakt_op>15/09/2016</fme:Aangemaakt_op>
</fme:zone50OK>
<fme:zone50OK>
<fme:Id>254</fme:Id>
<fme:Straatnaam>ng</fme:Straatnaam>
<fme:Aangemaakt_op>15/09/2016</fme:Aangemaakt_op>
</fme:zone50OK>
<fme:zone50OK>
<fme:Id>255</fme:Id>
<fme:Straatnaam>Jules van Praetstraat</fme:Straatnaam>
<fme:Wegbeheer>Gewest</fme:Wegbeheer>
<fme:Aangemaakt_op>15/09/2016</fme:Aangemaakt_op>
</fme:zone50OK>
<fme:zone50OK>
<fme:Id>257</fme:Id>
<fme:Straatnaam>Dreef ter Panne</fme:Straatnaam>
<fme:Wegbeheer>Stad</fme:Wegbeheer>
<fme:Aangemaakt_op>15/09/2016</fme:Aangemaakt_op>
</fme:zone50OK>
<fme:zone50OK>
<fme:Id>258</fme:Id>
<fme:Straatnaam>Arendstraat</fme:Straatnaam>
<fme:Wegbeheer>Stad</fme:Wegbeheer>
<fme:Aangemaakt_op>15/09/2016</fme:Aangemaakt_op>
</fme:zone50OK>
<fme:zone50OK>
<fme:Id>256</fme:Id>
<fme:Straatnaam>Brugse Steenweg</fme:Straatnaam>
<fme:Wegbeheer>Gewest</fme:Wegbeheer>
<fme:Aangemaakt_op>15/09/2016</fme:Aangemaakt_op>
</fme:zone50OK>
<fme:zone50OK>
<fme:Id>0</fme:Id>
<fme:Aangemaakt_op>15/09/2016</fme:Aangemaakt_op>
</fme:zone50OK>
<fme:zone50OK>
<fme:Id>0</fme:Id>
<fme:Aangemaakt_op>15/09/2016</fme:Aangemaakt_op>
</fme:zone50OK>
<fme:zone50OK>
<fme:Id>261</fme:Id>
<fme:Straatnaam>Gaston Roelandtsplein</fme:Straatnaam>
<fme:Wegbeheer>Stad</fme:Wegbeheer>
<fme:Aangemaakt_op>15/09/2016</fme:Aangemaakt_op>
</fme:zone50OK>
<fme:zone50OK>
<fme:Id>262</fme:Id>
<fme:Straatnaam>Blauwvoetstraat</fme:Straatnaam>
<fme:Wegbeheer>Stad</fme:Wegbeheer>
<fme:Aangemaakt_op>15/09/2016</fme:Aangemaakt_op>
</fme:zone50OK>
<fme:zone50OK>
<fme:Id>263</fme:Id>
<fme:Straatnaam>Felix Timmermansstraat</fme:Straatnaam>
<fme:Wegbeheer>Stad</fme:Wegbeheer>
<fme:Aangemaakt_op>15/09/2016</fme:Aangemaakt_op>
</fme:zone50OK>
<fme:zone50OK>
<fme:Id>264</fme:Id>
<fme:Straatnaam>Antonis de Rooverestraat</fme:Straatnaam>
<fme:Wegbeheer>Stad</fme:Wegbeheer>
<fme:Aangemaakt_op>15/09/2016</fme:Aangemaakt_op>
</fme:zone50OK>
<fme:zone50OK>
<fme:Id>265</fme:Id>
<fme:Straatnaam>IJzerland</fme:Straatnaam>
<fme:Wegbeheer>Stad</fme:Wegbeheer>
<fme:Aangemaakt_op>15/09/2016</fme:Aangemaakt_op>
</fme:zone50OK>
<fme:zone50OK>
<fme:Id>266</fme:Id>
<fme:Straatnaam>Boomkwekersstraat</fme:Straatnaam>
<fme:Wegbeheer>Stad</fme:Wegbeheer>
<fme:Aangemaakt_op>15/09/2016</fme:Aangemaakt_op>
</fme:zone50OK>
<fme:zone50OK>
<fme:Id>267</fme:Id>
<fme:Straatnaam>Lieven Bauwensstraat</fme:Straatnaam>
<fme:Wegbeheer>Stad</fme:Wegbeheer>
<fme:Aangemaakt_op>15/09/2016</fme:Aangemaakt_op>
</fme:zone50OK>
<fme:zone50OK>
<fme:Id>269</fme:Id>
<fme:Straatnaam>Blankenbergse Dijk</fme:Straatnaam>
<fme:Wegbeheer>Stad</fme:Wegbeheer>
<fme:Aangemaakt_op>15/09/2016</fme:Aangemaakt_op>
</fme:zone50OK>
<fme:zone50OK>
<fme:Id>273</fme:Id>
<fme:Straatnaam>Hoge Hul</fme:Straatnaam>
<fme:Wegbeheer>Stad</fme:Wegbeheer>
<fme:Aangemaakt_op>15/09/2016</fme:Aangemaakt_op>
</fme:zone50OK>
<fme:zone50OK>
<fme:Id>274</fme:Id>
<fme:Straatnaam>Kleine Monnikenwerve</fme:Straatnaam>
<fme:Wegbeheer>Stad</fme:Wegbeheer>
<fme:Aangemaakt_op>15/09/2016</fme:Aangemaakt_op>
</fme:zone50OK>
<fme:zone50OK>
<fme:Id>272</fme:Id>
<fme:Straatnaam>Monnikenwerve</fme:Straatnaam>
<fme:Wegbeheer>Stad</fme:Wegbeheer>
<fme:Aangemaakt_op>15/09/2016</fme:Aangemaakt_op>
</fme:zone50OK>
<fme:zone50OK>
<fme:Id>276</fme:Id>
<fme:Straatnaam>Kleine Pathoekeweg</fme:Straatnaam>
<fme:Wegbeheer>Stad</fme:Wegbeheer>
<fme:Aangemaakt_op>15/09/2016</fme:Aangemaakt_op>
</fme:zone50OK>
<fme:zone50OK>
<fme:Id>279</fme:Id>
<fme:Straatnaam>Peraltastraat</fme:Straatnaam>
<fme:Wegbeheer>Stad</fme:Wegbeheer>
<fme:Aangemaakt_op>15/09/2016</fme:Aangemaakt_op>
</fme:zone50OK>
<fme:zone50OK>
<fme:Id>277</fme:Id>
<fme:Straatnaam>Laconiastraat</fme:Straatnaam>
<fme:Wegbeheer>Stad</fme:Wegbeheer>
<fme:Aangemaakt_op>15/09/2016</fme:Aangemaakt_op>
</fme:zone50OK>
<fme:zone50OK>
<fme:Id>234</fme:Id>
<fme:Straatnaam>Vaartstraat</fme:Straatnaam>
<fme:Wegbeheer>Stad</fme:Wegbeheer>
<fme:Aangemaakt_op>15/09/2016</fme:Aangemaakt_op>
</fme:zone50OK>
<fme:zone50OK>
<fme:Id>259</fme:Id>
<fme:Straatnaam>Oude Oostendse Steenweg</fme:Straatnaam>
<fme:Wegbeheer>Stad</fme:Wegbeheer>
<fme:Aangemaakt_op>15/09/2016</fme:Aangemaakt_op>
</fme:zone50OK>
<fme:zone50OK>
<fme:Id>268</fme:Id>
<fme:Straatnaam>Blankenbergse Steenweg</fme:Straatnaam>
<fme:Wegbeheer>Gewest</fme:Wegbeheer>
<fme:Aangemaakt_op>15/09/2016</fme:Aangemaakt_op>
</fme:zone50OK>
<fme:zone50OK>
<fme:Id>271</fme:Id>
<fme:Straatnaam>Sint-Pietersmolenstraat</fme:Straatnaam>
<fme:Wegbeheer>Stad</fme:Wegbeheer>
<fme:Aangemaakt_op>15/09/2016</fme:Aangemaakt_op>
</fme:zone50OK>
<fme:zone50OK>
<fme:Id>278</fme:Id>
<fme:Straatnaam>Oostendse Steenweg</fme:Straatnaam>
<fme:Wegbeheer>Gewest</fme:Wegbeheer>
<fme:Aangemaakt_op>15/09/2016</fme:Aangemaakt_op>
</fme:zone50OK>
<fme:zone50OK>
<fme:Id>280</fme:Id>
<fme:Straatnaam>Spreeuwenstraat</fme:Straatnaam>
<fme:Wegbeheer>Stad</fme:Wegbeheer>
<fme:Aangemaakt_op>15/09/2016</fme:Aangemaakt_op>
</fme:zone50OK>
<fme:zone50OK>
<fme:Id>282</fme:Id>
<fme:Straatnaam>Landslag</fme:Straatnaam>
<fme:Wegbeheer>Stad</fme:Wegbeheer>
<fme:Aangemaakt_op>15/09/2016</fme:Aangemaakt_op>
</fme:zone50OK>
<fme:zone50OK>
<fme:Id>281</fme:Id>
<fme:Straatnaam>Dudzeelse Steenweg</fme:Straatnaam>
<fme:Wegbeheer>Gewest</fme:Wegbeheer>
<fme:Aangemaakt_op>15/09/2016</fme:Aangemaakt_op>
</fme:zone50OK>
<fme:zone50OK>
<fme:Id>285</fme:Id>
<fme:Straatnaam>Zwaanhofstraat</fme:Straatnaam>
<fme:Wegbeheer>Stad</fme:Wegbeheer>
<fme:Aangemaakt_op>15/09/2016</fme:Aangemaakt_op>
</fme:zone50OK>
<fme:zone50OK>
<fme:Id>287</fme:Id>
<fme:Straatnaam>Dorpsplein</fme:Straatnaam>
<fme:Wegbeheer>Stad</fme:Wegbeheer>
<fme:Aangemaakt_op>15/09/2016</fme:Aangemaakt_op>
</fme:zone50OK>
<fme:zone50OK>
<fme:Id>288</fme:Id>
<fme:Straatnaam>Errembaultstraat</fme:Straatnaam>
<fme:Wegbeheer>Stad</fme:Wegbeheer>
<fme:Aangemaakt_op>15/09/2016</fme:Aangemaakt_op>
</fme:zone50OK>
<fme:zone50OK>
<fme:Id>289</fme:Id>
<fme:Straatnaam>Bossiersgoed</fme:Straatnaam>
<fme:Wegbeheer>Stad</fme:Wegbeheer>
<fme:Aangemaakt_op>15/09/2016</fme:Aangemaakt_op>
</fme:zone50OK>
<fme:zone50OK>
<fme:Id>290</fme:Id>
<fme:Straatnaam>Amaat Vynckestraat</fme:Straatnaam>
<fme:Wegbeheer>Stad</fme:Wegbeheer>
<fme:Aangemaakt_op>15/09/2016</fme:Aangemaakt_op>
</fme:zone50OK>
<fme:zone50OK>
<fme:Id>286</fme:Id>
<fme:Straatnaam>Westkapelse Steenweg</fme:Straatnaam>
<fme:Wegbeheer>Gewest</fme:Wegbeheer>
<fme:Aangemaakt_op>15/09/2016</fme:Aangemaakt_op>
</fme:zone50OK>
<fme:zone50OK>
<fme:Id>291</fme:Id>
<fme:Straatnaam>Vaneweg</fme:Straatnaam>
<fme:Wegbeheer>Stad</fme:Wegbeheer>
<fme:Aangemaakt_op>15/09/2016</fme:Aangemaakt_op>
</fme:zone50OK>
<fme:zone50OK>
<fme:Id>293</fme:Id>
<fme:Straatnaam>Zilverberkenstraat</fme:Straatnaam>
<fme:Wegbeheer>Stad</fme:Wegbeheer>
<fme:Aangemaakt_op>15/09/2016</fme:Aangemaakt_op>
</fme:zone50OK>
<fme:zone50OK>
<fme:Id>284</fme:Id>
<fme:Straatnaam>Watergang</fme:Straatnaam>
<fme:Wegbeheer>Stad</fme:Wegbeheer>
<fme:Aangemaakt_op>15/09/2016</fme:Aangemaakt_op>
</fme:zone50OK>
<fme:zone50OK>
<fme:Id>293</fme:Id>
<fme:Straatnaam>Damse Steenweg</fme:Straatnaam>
<fme:Wegbeheer>Stad</fme:Wegbeheer>
<fme:Aangemaakt_op>15/09/2016</fme:Aangemaakt_op>
</fme:zone50OK>
<fme:zone50OK>
<fme:Id>294</fme:Id>
<fme:Straatnaam>Canadezenstraat</fme:Straatnaam>
<fme:Wegbeheer>Gewest</fme:Wegbeheer>
<fme:Aangemaakt_op>15/09/2016</fme:Aangemaakt_op>
</fme:zone50OK>
<fme:zone50OK>
<fme:Id>295</fme:Id>
<fme:Straatnaam>Scharphoutstraat</fme:Straatnaam>
<fme:Wegbeheer>Stad</fme:Wegbeheer>
<fme:Aangemaakt_op>15/09/2016</fme:Aangemaakt_op>
</fme:zone50OK>
<fme:zone50OK>
<fme:Id>296</fme:Id>
<fme:Straatnaam>Ter Doeststraat</fme:Straatnaam>
<fme:Wegbeheer>Stad</fme:Wegbeheer>
<fme:Aangemaakt_op>15/09/2016</fme:Aangemaakt_op>
</fme:zone50OK>
<fme:zone50OK>
<fme:Id>297</fme:Id>
<fme:Straatnaam>Zeebruggelaan</fme:Straatnaam>
<fme:Wegbeheer>Gewest</fme:Wegbeheer>
<fme:Aangemaakt_op>15/09/2016</fme:Aangemaakt_op>
</fme:zone50OK>
<fme:zone50OK>
<fme:Id>298</fme:Id>
<fme:Straatnaam>Karveelstraat</fme:Straatnaam>
<fme:Wegbeheer>Stad</fme:Wegbeheer>
<fme:Aangemaakt_op>15/09/2016</fme:Aangemaakt_op>
</fme:zone50OK>
<fme:zone50OK>
<fme:Id>300</fme:Id>
<fme:Straatnaam>Kielstraat</fme:Straatnaam>
<fme:Wegbeheer>Stad</fme:Wegbeheer>
<fme:Aangemaakt_op>15/09/2016</fme:Aangemaakt_op>
</fme:zone50OK>
<fme:zone50OK>
<fme:Id>301</fme:Id>
<fme:Straatnaam>Kraakstraat</fme:Straatnaam>
<fme:Wegbeheer>Stad</fme:Wegbeheer>
<fme:Aangemaakt_op>15/09/2016</fme:Aangemaakt_op>
</fme:zone50OK>
<fme:zone50OK>
<fme:Id>299</fme:Id>
<fme:Straatnaam>Koggenstraat</fme:Straatnaam>
<fme:Wegbeheer>Stad</fme:Wegbeheer>
<fme:Aangemaakt_op>15/09/2016</fme:Aangemaakt_op>
</fme:zone50OK>
<fme:zone50OK>
<fme:Id>302</fme:Id>
<fme:Straatnaam>Hulkstraat</fme:Straatnaam>
<fme:Wegbeheer>Stad</fme:Wegbeheer>
<fme:Aangemaakt_op>15/09/2016</fme:Aangemaakt_op>
</fme:zone50OK>
<fme:zone50OK>
<fme:Id>305</fme:Id>
<fme:Straatnaam>Distelstraat</fme:Straatnaam>
<fme:Wegbeheer>Stad</fme:Wegbeheer>
<fme:Aangemaakt_op>15/09/2016</fme:Aangemaakt_op>
</fme:zone50OK>
<fme:zone50OK>
<fme:Id>306</fme:Id>
<fme:Straatnaam>Meeuwenstraat</fme:Straatnaam>
<fme:Wegbeheer>Stad</fme:Wegbeheer>
<fme:Aangemaakt_op>15/09/2016</fme:Aangemaakt_op>
</fme:zone50OK>
<fme:zone50OK>
<fme:Id>304</fme:Id>
<fme:Straatnaam>Heiststraat</fme:Straatnaam>
<fme:Wegbeheer>Stad</fme:Wegbeheer>
<fme:Aangemaakt_op>15/09/2016</fme:Aangemaakt_op>
</fme:zone50OK>
<fme:zone50OK>
<fme:Id>307</fme:Id>
<fme:Straatnaam>Ploegstraat</fme:Straatnaam>
<fme:Wegbeheer>Stad</fme:Wegbeheer>
<fme:Aangemaakt_op>15/09/2016</fme:Aangemaakt_op>
</fme:zone50OK>
<fme:zone50OK>
<fme:Id>308</fme:Id>
<fme:Straatnaam>Marktplein</fme:Straatnaam>
<fme:Wegbeheer>Stad</fme:Wegbeheer>
<fme:Aangemaakt_op>15/09/2016</fme:Aangemaakt_op>
</fme:zone50OK>
<fme:zone50OK>
<fme:Id>309</fme:Id>
<fme:Straatnaam>Marktstraat</fme:Straatnaam>
<fme:Wegbeheer>Stad</fme:Wegbeheer>
<fme:Aangemaakt_op>15/09/2016</fme:Aangemaakt_op>
</fme:zone50OK>
<fme:zone50OK>
<fme:Id>0</fme:Id>
<fme:Aangemaakt_op>15/09/2016</fme:Aangemaakt_op>
</fme:zone50OK>
<fme:zone50OK>
<fme:Id>310</fme:Id>
<fme:Straatnaam>Zeemansstraat</fme:Straatnaam>
<fme:Wegbeheer>Stad</fme:Wegbeheer>
<fme:Aangemaakt_op>15/09/2016</fme:Aangemaakt_op>
</fme:zone50OK>
<fme:zone50OK>
<fme:Id>311</fme:Id>
<fme:Straatnaam>Eiensluisstraat</fme:Straatnaam>
<fme:Wegbeheer>Stad</fme:Wegbeheer>
<fme:Aangemaakt_op>15/09/2016</fme:Aangemaakt_op>
</fme:zone50OK>
<fme:zone50OK>
<fme:Id>312</fme:Id>
<fme:Straatnaam>Vindictivestraat</fme:Straatnaam>
<fme:Wegbeheer>Stad</fme:Wegbeheer>
<fme:Aangemaakt_op>15/09/2016</fme:Aangemaakt_op>
</fme:zone50OK>
<fme:zone50OK>
<fme:Id>313</fme:Id>
<fme:Straatnaam>Blokschepenstraat</fme:Straatnaam>
<fme:Wegbeheer>Stad</fme:Wegbeheer>
<fme:Aangemaakt_op>15/09/2016</fme:Aangemaakt_op>
</fme:zone50OK>
<fme:zone50OK>
<fme:Id>314</fme:Id>
<fme:Straatnaam>Reingaardsvliet</fme:Straatnaam>
<fme:Wegbeheer>Stad</fme:Wegbeheer>
<fme:Aangemaakt_op>15/09/2016</fme:Aangemaakt_op>
</fme:zone50OK>
<fme:zone50OK>
<fme:Id>315</fme:Id>
<fme:Straatnaam>Polderweg</fme:Straatnaam>
<fme:Wegbeheer>Stad</fme:Wegbeheer>
<fme:Aangemaakt_op>15/09/2016</fme:Aangemaakt_op>
</fme:zone50OK>
<fme:zone50OK>
<fme:Id>316</fme:Id>
<fme:Straatnaam>Westhinderstraat</fme:Straatnaam>
<fme:Wegbeheer>Stad</fme:Wegbeheer>
<fme:Aangemaakt_op>15/09/2016</fme:Aangemaakt_op>
</fme:zone50OK>
<fme:zone50OK>
<fme:Id>317</fme:Id>
<fme:Straatnaam>Wielingenstraat</fme:Straatnaam>
<fme:Wegbeheer>Stad</fme:Wegbeheer>
<fme:Aangemaakt_op>15/09/2016</fme:Aangemaakt_op>
</fme:zone50OK>
<fme:zone50OK>
<fme:Id>54</fme:Id>
<fme:Straatnaam>Maalse Steenweg</fme:Straatnaam>
<fme:Wegbeheer>Gewest</fme:Wegbeheer>
<fme:Aangemaakt_op>15/09/2016</fme:Aangemaakt_op>
</fme:zone50OK>
<fme:zone50OK>
<fme:Id>106</fme:Id>
<fme:Straatnaam>Moerkerkse Steenweg</fme:Straatnaam>
<fme:Wegbeheer>Stad</fme:Wegbeheer>
<fme:Aangemaakt_op>15/09/2016</fme:Aangemaakt_op>
</fme:zone50OK>
<fme:zone50OK>
<fme:Id>319</fme:Id>
<fme:Straatnaam>Houtkaai</fme:Straatnaam>
<fme:Wegbeheer>Stad</fme:Wegbeheer>
<fme:Aangemaakt_op>15/09/2016</fme:Aangemaakt_op>
</fme:zone50OK>
<fme:zone50OK>
<fme:Id>320</fme:Id>
<fme:Straatnaam>ng</fme:Straatnaam>
<fme:Wegbeheer>Gewest</fme:Wegbeheer>
<fme:Aangemaakt_op>15/09/2016</fme:Aangemaakt_op>
</fme:zone50OK>
<fme:zone50OK>
<fme:Id>260</fme:Id>
<fme:Straatnaam>Waggelwaterstraat</fme:Straatnaam>
<fme:Wegbeheer>Gewest</fme:Wegbeheer>
<fme:Aangemaakt_op>15/09/2016</fme:Aangemaakt_op>
</fme:zone50OK>
<fme:zone50OK>
<fme:Id>321</fme:Id>
<fme:Straatnaam>Dirk Martensstraat</fme:Straatnaam>
<fme:Wegbeheer>Stad</fme:Wegbeheer>
<fme:Aangemaakt_op>15/09/2016</fme:Aangemaakt_op>
</fme:zone50OK>
<fme:zone50OK>
<fme:Id>322</fme:Id>
<fme:Straatnaam>Buiten de Smedenpoort</fme:Straatnaam>
<fme:Wegbeheer>Gewest</fme:Wegbeheer>
<fme:Aangemaakt_op>15/09/2016</fme:Aangemaakt_op>
</fme:zone50OK>
<fme:zone50OK>
<fme:Id>323</fme:Id>
<fme:Straatnaam>Canadaplein</fme:Straatnaam>
<fme:Wegbeheer>Gewest</fme:Wegbeheer>
<fme:Aangemaakt_op>15/09/2016</fme:Aangemaakt_op>
</fme:zone50OK>
<fme:zone50OK>
<fme:Id>185</fme:Id>
<fme:Straatnaam>Gistelse Steenweg</fme:Straatnaam>
<fme:Wegbeheer>Gewest</fme:Wegbeheer>
<fme:Aangemaakt_op>15/09/2016</fme:Aangemaakt_op>
</fme:zone50OK>
<fme:zone50OK>
<fme:Id>324</fme:Id>
<fme:Straatnaam>Witte-Beerstraat</fme:Straatnaam>
<fme:Wegbeheer>Stad</fme:Wegbeheer>
<fme:Aangemaakt_op>15/09/2016</fme:Aangemaakt_op>
</fme:zone50OK>
<fme:zone50OK>
<fme:Id>39</fme:Id>
<fme:Straatnaam>Hogeweg</fme:Straatnaam>
<fme:Wegbeheer>Stad</fme:Wegbeheer>
<fme:Aangemaakt_op>15/09/2016</fme:Aangemaakt_op>
</fme:zone50OK>
<fme:zone50OK>
<fme:Id>40</fme:Id>
<fme:Straatnaam>Vier Uitersten</fme:Straatnaam>
<fme:Wegbeheer>Stad</fme:Wegbeheer>
<fme:Aangemaakt_op>15/09/2016</fme:Aangemaakt_op>
</fme:zone50OK>
<fme:zone50OK>
<fme:Id>327</fme:Id>
<fme:Straatnaam>Van Leeg tot Zand</fme:Straatnaam>
<fme:Wegbeheer>Stad</fme:Wegbeheer>
<fme:Aangemaakt_op>15/09/2016</fme:Aangemaakt_op>
</fme:zone50OK>
<fme:zone50OK>
<fme:Id>325</fme:Id>
<fme:Straatnaam>Zandstraat</fme:Straatnaam>
<fme:Wegbeheer>Stad</fme:Wegbeheer>
<fme:Aangemaakt_op>15/09/2016</fme:Aangemaakt_op>
</fme:zone50OK>
<fme:zone50OK>
<fme:Id>327</fme:Id>
<fme:Straatnaam>Lange Muntstraat</fme:Straatnaam>
<fme:Wegbeheer>Stad</fme:Wegbeheer>
<fme:Aangemaakt_op>15/09/2016</fme:Aangemaakt_op>
</fme:zone50OK>
<fme:zone50OK>
<fme:Id>328</fme:Id>
<fme:Straatnaam>Edward de Jansstraat</fme:Straatnaam>
<fme:Wegbeheer>Stad</fme:Wegbeheer>
<fme:Aangemaakt_op>15/09/2016</fme:Aangemaakt_op>
</fme:zone50OK>
<fme:zone50OK>
<fme:Id>184</fme:Id>
<fme:Straatnaam>Zeeweg</fme:Straatnaam>
<fme:Wegbeheer>Stad</fme:Wegbeheer>
<fme:Aangemaakt_op>15/09/2016</fme:Aangemaakt_op>
</fme:zone50OK>
<fme:zone50OK>
<fme:Id>329</fme:Id>
<fme:Straatnaam>Jagersdreef</fme:Straatnaam>
<fme:Wegbeheer>Stad</fme:Wegbeheer>
<fme:Aangemaakt_op>15/09/2016</fme:Aangemaakt_op>
</fme:zone50OK>
<fme:zone50OK>
<fme:Id>330</fme:Id>
<fme:Straatnaam>Kooidreef</fme:Straatnaam>
<fme:Wegbeheer>Stad</fme:Wegbeheer>
<fme:Aangemaakt_op>15/09/2016</fme:Aangemaakt_op>
</fme:zone50OK>
<fme:zone50OK>
<fme:Id>331</fme:Id>
<fme:Straatnaam>Fazantendreef</fme:Straatnaam>
<fme:Wegbeheer>Stad</fme:Wegbeheer>
<fme:Aangemaakt_op>15/09/2016</fme:Aangemaakt_op>
</fme:zone50OK>
<fme:zone50OK>
<fme:Id>333</fme:Id>
<fme:Straatnaam>Veldhoendreef</fme:Straatnaam>
<fme:Wegbeheer>Stad</fme:Wegbeheer>
<fme:Aangemaakt_op>15/09/2016</fme:Aangemaakt_op>
</fme:zone50OK>
<fme:zone50OK>
<fme:Id>334</fme:Id>
<fme:Straatnaam>Abelendreef</fme:Straatnaam>
<fme:Wegbeheer>Stad</fme:Wegbeheer>
<fme:Aangemaakt_op>15/09/2016</fme:Aangemaakt_op>
</fme:zone50OK>
<fme:zone50OK>
<fme:Id>332</fme:Id>
<fme:Straatnaam>Sint-Andriesdreef</fme:Straatnaam>
<fme:Wegbeheer>Stad</fme:Wegbeheer>
<fme:Aangemaakt_op>15/09/2016</fme:Aangemaakt_op>
</fme:zone50OK>
<fme:zone50OK>
<fme:Id>336</fme:Id>
<fme:Straatnaam>Gen. Naessens de Loncinlaan</fme:Straatnaam>
<fme:Wegbeheer>Stad</fme:Wegbeheer>
<fme:Aangemaakt_op>15/09/2016</fme:Aangemaakt_op>
</fme:zone50OK>
<fme:zone50OK>
<fme:Id>337</fme:Id>
<fme:Straatnaam>Onze-Lieve-Vrouwedreef</fme:Straatnaam>
<fme:Wegbeheer>Stad</fme:Wegbeheer>
<fme:Aangemaakt_op>15/09/2016</fme:Aangemaakt_op>
</fme:zone50OK>
<fme:zone50OK>
<fme:Id>338</fme:Id>
<fme:Straatnaam>Emile Bethuynelaan</fme:Straatnaam>
<fme:Wegbeheer>Stad</fme:Wegbeheer>
<fme:Aangemaakt_op>15/09/2016</fme:Aangemaakt_op>
</fme:zone50OK>
<fme:zone50OK>
<fme:Id>339</fme:Id>
<fme:Straatnaam>Espendreef</fme:Straatnaam>
<fme:Wegbeheer>Stad</fme:Wegbeheer>
<fme:Aangemaakt_op>15/09/2016</fme:Aangemaakt_op>
</fme:zone50OK>
<fme:zone50OK>
<fme:Id>340</fme:Id>
<fme:Straatnaam>Sneppendreef</fme:Straatnaam>
<fme:Wegbeheer>Stad</fme:Wegbeheer>
<fme:Aangemaakt_op>15/09/2016</fme:Aangemaakt_op>
</fme:zone50OK>
<fme:zone50OK>
<fme:Id>341</fme:Id>
<fme:Straatnaam>Kooidam</fme:Straatnaam>
<fme:Wegbeheer>Stad</fme:Wegbeheer>
<fme:Aangemaakt_op>15/09/2016</fme:Aangemaakt_op>
</fme:zone50OK>
<fme:zone50OK>
<fme:Id>343</fme:Id>
<fme:Straatnaam>Bosduifdreef</fme:Straatnaam>
<fme:Wegbeheer>Stad</fme:Wegbeheer>
<fme:Aangemaakt_op>15/09/2016</fme:Aangemaakt_op>
</fme:zone50OK>
<fme:zone50OK>
<fme:Id>344</fme:Id>
<fme:Straatnaam>Leikendreef</fme:Straatnaam>
<fme:Wegbeheer>Stad</fme:Wegbeheer>
<fme:Aangemaakt_op>15/09/2016</fme:Aangemaakt_op>
</fme:zone50OK>
<fme:zone50OK>
<fme:Id>342</fme:Id>
<fme:Straatnaam>Pitsenbosdreef</fme:Straatnaam>
<fme:Wegbeheer>Stad</fme:Wegbeheer>
<fme:Aangemaakt_op>15/09/2016</fme:Aangemaakt_op>
</fme:zone50OK>
<fme:zone50OK>
<fme:Id>346</fme:Id>
<fme:Straatnaam>ng</fme:Straatnaam>
<fme:Wegbeheer>Gewest</fme:Wegbeheer>
<fme:Aangemaakt_op>15/09/2016</fme:Aangemaakt_op>
</fme:zone50OK>
<fme:zone50OK>
<fme:Id>345</fme:Id>
<fme:Straatnaam>Koning Albert I-laan</fme:Straatnaam>
<fme:Wegbeheer>Gewest</fme:Wegbeheer>
<fme:Aangemaakt_op>15/09/2016</fme:Aangemaakt_op>
</fme:zone50OK>
<fme:zone50OK>
<fme:Id>345</fme:Id>
<fme:Straatnaam>Koning Albert I-laan</fme:Straatnaam>
<fme:Wegbeheer>Gewest</fme:Wegbeheer>
<fme:Aangemaakt_op>15/09/2016</fme:Aangemaakt_op>
</fme:zone50OK>
<fme:zone50OK>
<fme:Id>348</fme:Id>
<fme:Straatnaam>Lijsterbeekstraat</fme:Straatnaam>
<fme:Wegbeheer>Stad</fme:Wegbeheer>
<fme:Aangemaakt_op>15/09/2016</fme:Aangemaakt_op>
</fme:zone50OK>
<fme:zone50OK>
<fme:Id>349</fme:Id>
<fme:Straatnaam>Wulgenbroekstraat</fme:Straatnaam>
<fme:Wegbeheer>Stad</fme:Wegbeheer>
<fme:Aangemaakt_op>15/09/2016</fme:Aangemaakt_op>
</fme:zone50OK>
<fme:zone50OK>
<fme:Id>137</fme:Id>
<fme:Straatnaam>Kortrijkstraat</fme:Straatnaam>
<fme:Wegbeheer>Stad</fme:Wegbeheer>
<fme:Aangemaakt_op>15/09/2016</fme:Aangemaakt_op>
</fme:zone50OK>
<fme:zone50OK>
<fme:Id>20</fme:Id>
<fme:Straatnaam>Steenkaai</fme:Straatnaam>
<fme:Wegbeheer>Stad</fme:Wegbeheer>
<fme:Aangemaakt_op>15/09/2016</fme:Aangemaakt_op>
</fme:zone50OK>
<fme:zone50OK>
<fme:Id>21</fme:Id>
<fme:Straatnaam>Steenkaai</fme:Straatnaam>
<fme:Wegbeheer>Gewest</fme:Wegbeheer>
<fme:Aangemaakt_op>15/09/2016</fme:Aangemaakt_op>
</fme:zone50OK>
<fme:zone50OK>
<fme:Id>21</fme:Id>
<fme:Straatnaam>Steenkaai</fme:Straatnaam>
<fme:Wegbeheer>Gewest</fme:Wegbeheer>
<fme:Aangemaakt_op>15/09/2016</fme:Aangemaakt_op>
</fme:zone50OK>
<fme:zone50OK>
<fme:Id>212</fme:Id>
<fme:Straatnaam>Grote Moerstraat</fme:Straatnaam>
<fme:Wegbeheer>Stad</fme:Wegbeheer>
<fme:Aangemaakt_op>15/09/2016</fme:Aangemaakt_op>
</fme:zone50OK>
<fme:zone50OK>
<fme:Id>283</fme:Id>
<fme:Straatnaam>Herdersbruggestraat</fme:Straatnaam>
<fme:Wegbeheer>Stad</fme:Wegbeheer>
<fme:Aangemaakt_op>15/09/2016</fme:Aangemaakt_op>
</fme:zone50OK>
<fme:zone50OK>
<fme:Id>347</fme:Id>
<fme:Straatnaam>Dudzeelse Brug</fme:Straatnaam>
<fme:Wegbeheer>Stad</fme:Wegbeheer>
<fme:Aangemaakt_op>15/09/2016</fme:Aangemaakt_op>
</fme:zone50OK>
<fme:zone50OK>
<fme:Id>348</fme:Id>
<fme:Straatnaam>Stationsweg</fme:Straatnaam>
<fme:Wegbeheer>Stad</fme:Wegbeheer>
<fme:Aangemaakt_op>15/09/2016</fme:Aangemaakt_op>
</fme:zone50OK>
<fme:zone50OK>
<fme:Id>349</fme:Id>
<fme:Straatnaam>Zeevaartstraat</fme:Straatnaam>
<fme:Wegbeheer>MBZ</fme:Wegbeheer>
<fme:Aangemaakt_op>15/09/2016</fme:Aangemaakt_op>
</fme:zone50OK>
<fme:zone50OK>
<fme:Id>0</fme:Id>
<fme:Aangemaakt_op>15/09/2016</fme:Aangemaakt_op>
</fme:zone50OK>
<fme:zone50OK>
<fme:Id>350</fme:Id>
<fme:Straatnaam>Kustlaan</fme:Straatnaam>
<fme:Wegbeheer>Gewest</fme:Wegbeheer>
<fme:Aangemaakt_op>15/09/2016</fme:Aangemaakt_op>
</fme:zone50OK>
<fme:zone50OK>
<fme:Id>352</fme:Id>
<fme:Straatnaam>Isabellalaan</fme:Straatnaam>
<fme:Wegbeheer>Gewest</fme:Wegbeheer>
<fme:Aangemaakt_op>15/09/2016</fme:Aangemaakt_op>
</fme:zone50OK>
<fme:zone50OK>
<fme:Id>353</fme:Id>
<fme:Straatnaam>Evendijk-West</fme:Straatnaam>
<fme:Wegbeheer>Stad</fme:Wegbeheer>
<fme:Aangemaakt_op>15/09/2016</fme:Aangemaakt_op>
</fme:zone50OK>
<fme:zone50OK>
<fme:Id>353</fme:Id>
<fme:Straatnaam>Evendijk-West</fme:Straatnaam>
<fme:Wegbeheer>Stad</fme:Wegbeheer>
<fme:Aangemaakt_op>15/09/2016</fme:Aangemaakt_op>
</fme:zone50OK>
<fme:zone50OK>
<fme:Id>57</fme:Id>
<fme:Straatnaam>Brieversweg</fme:Straatnaam>
<fme:Wegbeheer>Stad</fme:Wegbeheer>
<fme:Aangemaakt_op>15/09/2016</fme:Aangemaakt_op>
</fme:zone50OK>
<fme:zone50OK>
<fme:Id>356</fme:Id>
<fme:Straatnaam>Tillegempark</fme:Straatnaam>
<fme:Wegbeheer>Stad</fme:Wegbeheer>
<fme:Aangemaakt_op>15/09/2016</fme:Aangemaakt_op>
</fme:zone50OK>
<fme:zone50OK>
<fme:Id>335</fme:Id>
<fme:Straatnaam>Lorkendreef</fme:Straatnaam>
<fme:Wegbeheer>Stad</fme:Wegbeheer>
<fme:Aangemaakt_op>15/09/2016</fme:Aangemaakt_op>
</fme:zone50OK>
<fme:zone50OK>
<fme:Id>19</fme:Id>
<fme:Straatnaam>IJzerstraat</fme:Straatnaam>
<fme:Wegbeheer>Stad</fme:Wegbeheer>
<fme:Aangemaakt_op>15/09/2016</fme:Aangemaakt_op>
</fme:zone50OK>
<fme:zone50OK>
<fme:Id>318</fme:Id>
<fme:Straatnaam>Sint-Pieterskaai</fme:Straatnaam>
<fme:Wegbeheer>Gewest</fme:Wegbeheer>
<fme:Aangemaakt_op>15/09/2016</fme:Aangemaakt_op>
</fme:zone50OK>
<fme:zone50OK>
<fme:Id>357</fme:Id>
<fme:Straatnaam>Krakeleweg</fme:Straatnaam>
<fme:Wegbeheer>Stad</fme:Wegbeheer>
<fme:Aangemaakt_op>15/09/2016</fme:Aangemaakt_op>
</fme:zone50OK>
<fme:zone50OK>
<fme:Id>329</fme:Id>
<fme:Straatnaam>Wulfsberge</fme:Straatnaam>
<fme:Wegbeheer>Stad</fme:Wegbeheer>
<fme:Aangemaakt_op>15/09/2016</fme:Aangemaakt_op>
</fme:zone50OK>
<fme:zone50OK>
<fme:Id>330</fme:Id>
<fme:Straatnaam>Lisseweegse Steenweg</fme:Straatnaam>
<fme:Wegbeheer>Stad</fme:Wegbeheer>
<fme:Aangemaakt_op>15/09/2016</fme:Aangemaakt_op>
</fme:zone50OK>
<fme:zone50OK>
<fme:Id>331</fme:Id>
<fme:Straatnaam>Beukemarestraat</fme:Straatnaam>
<fme:Wegbeheer>Stad</fme:Wegbeheer>
<fme:Aangemaakt_op>15/09/2016</fme:Aangemaakt_op>
</fme:zone50OK>
<fme:zone50OK>
<fme:Id>332</fme:Id>
<fme:Straatnaam>Beukemarestraat</fme:Straatnaam>
<fme:Wegbeheer>Stad</fme:Wegbeheer>
<fme:Aangemaakt_op>15/09/2016</fme:Aangemaakt_op>
</fme:zone50OK>
<fme:zone50OK>
<fme:Id>333</fme:Id>
<fme:Straatnaam>Lisseweegs Vaartje</fme:Straatnaam>
<fme:Wegbeheer>Stad</fme:Wegbeheer>
<fme:Aangemaakt_op>15/09/2016</fme:Aangemaakt_op>
</fme:zone50OK>
<fme:zone50OK>
<fme:Id>334</fme:Id>
<fme:Straatnaam>Lisseweegs Vaartje</fme:Straatnaam>
<fme:Wegbeheer>Stad</fme:Wegbeheer>
<fme:Aangemaakt_op>15/09/2016</fme:Aangemaakt_op>
</fme:zone50OK>
<fme:zone50OK>
<fme:Id>1024</fme:Id>
<fme:Straatnaam>Jakob Reyvaertstraat</fme:Straatnaam>
<fme:Wegbeheer>Stad</fme:Wegbeheer>
<fme:Aangemaakt_op>15/09/2016</fme:Aangemaakt_op>
</fme:zone50OK>
<fme:zone50OK>
<fme:Id>1026</fme:Id>
<fme:Straatnaam>Oude Pastoriestraat</fme:Straatnaam>
<fme:Wegbeheer>Stad</fme:Wegbeheer>
<fme:Aangemaakt_op>15/09/2016</fme:Aangemaakt_op>
</fme:zone50OK>
<fme:zone50OK>
<fme:Id>1027</fme:Id>
<fme:Straatnaam>Dwarsstraat</fme:Straatnaam>
<fme:Wegbeheer>Stad</fme:Wegbeheer>
<fme:Aangemaakt_op>15/09/2016</fme:Aangemaakt_op>
</fme:zone50OK>
<fme:zone50OK>
<fme:Id>338</fme:Id>
<fme:Straatnaam>Pontstraat</fme:Straatnaam>
<fme:Wegbeheer>Stad</fme:Wegbeheer>
<fme:Aangemaakt_op>15/09/2016</fme:Aangemaakt_op>
</fme:zone50OK>
<fme:zone50OK>
<fme:Id>339</fme:Id>
<fme:Straatnaam>Dwarsstraat</fme:Straatnaam>
<fme:Wegbeheer>Stad</fme:Wegbeheer>
<fme:Aangemaakt_op>15/09/2016</fme:Aangemaakt_op>
</fme:zone50OK>
</fme:zone50OK-table>
</fme:xml-tables>