[
	{
		"json_featuretype" : "Daggemiddelde_Stijn_2017",
		"Datum" : "20170323",
		"PM 1" : 14.34,
		"PM 2,5" : 15.34,
		"PM 10" : 18.36,
		"Longitude" : 3.234891,
		"Latitude" : 51.212595,
		"Aangemaakt op" : "22/10/2018"
	},
	{
		"json_featuretype" : "Daggemiddelde_Stijn_2017",
		"Datum" : "20170324",
		"PM 1" : 27.6,
		"PM 2,5" : 29.67,
		"PM 10" : 33.99,
		"Longitude" : 3.234891,
		"Latitude" : 51.212595,
		"Aangemaakt op" : "22/10/2018"
	},
	{
		"json_featuretype" : "Daggemiddelde_Stijn_2017",
		"Datum" : "20170325",
		"PM 1" : 13.17,
		"PM 2,5" : 14.87,
		"PM 10" : 19.9,
		"Longitude" : 3.234891,
		"Latitude" : 51.212595,
		"Aangemaakt op" : "22/10/2018"
	},
	{
		"json_featuretype" : "Daggemiddelde_Stijn_2017",
		"Datum" : "20170326",
		"PM 1" : 13.13,
		"PM 2,5" : 14.87,
		"PM 10" : 18.01,
		"Longitude" : 3.234891,
		"Latitude" : 51.212595,
		"Aangemaakt op" : "22/10/2018"
	},
	{
		"json_featuretype" : "Daggemiddelde_Stijn_2017",
		"Datum" : "20170327",
		"PM 1" : 22.38,
		"PM 2,5" : 24.98,
		"PM 10" : 32.26,
		"Longitude" : 3.234891,
		"Latitude" : 51.212595,
		"Aangemaakt op" : "22/10/2018"
	},
	{
		"json_featuretype" : "Daggemiddelde_Stijn_2017",
		"Datum" : "20170328",
		"PM 1" : 23.39,
		"PM 2,5" : 27.25,
		"PM 10" : 38.79,
		"Longitude" : 3.234891,
		"Latitude" : 51.212595,
		"Aangemaakt op" : "22/10/2018"
	},
	{
		"json_featuretype" : "Daggemiddelde_Stijn_2017",
		"Datum" : "20170329",
		"PM 1" : 6.74,
		"PM 2,5" : 9.81,
		"PM 10" : 16.17,
		"Longitude" : 3.234891,
		"Latitude" : 51.212595,
		"Aangemaakt op" : "22/10/2018"
	},
	{
		"json_featuretype" : "Daggemiddelde_Stijn_2017",
		"Datum" : "20170330",
		"PM 1" : 9.15,
		"PM 2,5" : 11.79,
		"PM 10" : 21.28,
		"Longitude" : 3.234891,
		"Latitude" : 51.212595,
		"Aangemaakt op" : "22/10/2018"
	},
	{
		"json_featuretype" : "Daggemiddelde_Stijn_2017",
		"Datum" : "20170331",
		"PM 1" : 11.19,
		"PM 2,5" : 13.61,
		"PM 10" : 21.95,
		"Longitude" : 3.234891,
		"Latitude" : 51.212595,
		"Aangemaakt op" : "22/10/2018"
	},
	{
		"json_featuretype" : "Daggemiddelde_Stijn_2017",
		"Datum" : "20170401",
		"PM 1" : 10.56,
		"PM 2,5" : 13.59,
		"PM 10" : 19.04,
		"Longitude" : 3.234891,
		"Latitude" : 51.212595,
		"Aangemaakt op" : "22/10/2018"
	},
	{
		"json_featuretype" : "Daggemiddelde_Stijn_2017",
		"Datum" : "20170402",
		"PM 1" : 12.01,
		"PM 2,5" : 15.63,
		"PM 10" : 19.85,
		"Longitude" : 3.234891,
		"Latitude" : 51.212595,
		"Aangemaakt op" : "22/10/2018"
	},
	{
		"json_featuretype" : "Daggemiddelde_Stijn_2017",
		"Datum" : "20170403",
		"PM 1" : 24.6,
		"PM 2,5" : 27.51,
		"PM 10" : 31.88,
		"Longitude" : 3.234891,
		"Latitude" : 51.212595,
		"Aangemaakt op" : "22/10/2018"
	},
	{
		"json_featuretype" : "Daggemiddelde_Stijn_2017",
		"Datum" : "20170404",
		"PM 1" : 26.22,
		"PM 2,5" : 29.44,
		"PM 10" : 34.15,
		"Longitude" : 3.234891,
		"Latitude" : 51.212595,
		"Aangemaakt op" : "22/10/2018"
	},
	{
		"json_featuretype" : "Daggemiddelde_Stijn_2017",
		"Datum" : "20170405",
		"PM 1" : 7.92,
		"PM 2,5" : 12.3,
		"PM 10" : 20.24,
		"Longitude" : 3.234891,
		"Latitude" : 51.212595,
		"Aangemaakt op" : "22/10/2018"
	},
	{
		"json_featuretype" : "Daggemiddelde_Stijn_2017",
		"Datum" : "20170406",
		"PM 1" : 5.7,
		"PM 2,5" : 11.43,
		"PM 10" : 21.46,
		"Longitude" : 3.234891,
		"Latitude" : 51.212595,
		"Aangemaakt op" : "22/10/2018"
	},
	{
		"json_featuretype" : "Daggemiddelde_Stijn_2017",
		"Datum" : "20170407",
		"PM 1" : 15,
		"PM 2,5" : 18.58,
		"PM 10" : 25.73,
		"Longitude" : 3.234891,
		"Latitude" : 51.212595,
		"Aangemaakt op" : "22/10/2018"
	},
	{
		"json_featuretype" : "Daggemiddelde_Stijn_2017",
		"Datum" : "20170408",
		"PM 1" : 22.86,
		"PM 2,5" : 24.62,
		"PM 10" : 28.98,
		"Longitude" : 3.234891,
		"Latitude" : 51.212595,
		"Aangemaakt op" : "22/10/2018"
	},
	{
		"json_featuretype" : "Daggemiddelde_Stijn_2017",
		"Datum" : "20170409",
		"PM 1" : 38.65,
		"PM 2,5" : 43.73,
		"PM 10" : 50.95,
		"Longitude" : 3.234891,
		"Latitude" : 51.212595,
		"Aangemaakt op" : "22/10/2018"
	},
	{
		"json_featuretype" : "Daggemiddelde_Stijn_2017",
		"Datum" : "20170410",
		"PM 1" : 11.5,
		"PM 2,5" : 15.15,
		"PM 10" : 23.83,
		"Longitude" : 3.234891,
		"Latitude" : 51.212595,
		"Aangemaakt op" : "22/10/2018"
	},
	{
		"json_featuretype" : "Daggemiddelde_Stijn_2017",
		"Datum" : "20170411",
		"PM 1" : 9.89,
		"PM 2,5" : 13.38,
		"PM 10" : 21.06,
		"Longitude" : 3.234891,
		"Latitude" : 51.212595,
		"Aangemaakt op" : "22/10/2018"
	},
	{
		"json_featuretype" : "Daggemiddelde_Stijn_2017",
		"Datum" : "20170412",
		"PM 1" : 11.15,
		"PM 2,5" : 14.9,
		"PM 10" : 23.89,
		"Longitude" : 3.234891,
		"Latitude" : 51.212595,
		"Aangemaakt op" : "22/10/2018"
	},
	{
		"json_featuretype" : "Daggemiddelde_Stijn_2017",
		"Datum" : "20170413",
		"PM 1" : 5.25,
		"PM 2,5" : 8.68,
		"PM 10" : 15.15,
		"Longitude" : 3.234891,
		"Latitude" : 51.212595,
		"Aangemaakt op" : "22/10/2018"
	},
	{
		"json_featuretype" : "Daggemiddelde_Stijn_2017",
		"Datum" : "20170414",
		"PM 1" : 10.54,
		"PM 2,5" : 13.17,
		"PM 10" : 19.23,
		"Longitude" : 3.234891,
		"Latitude" : 51.212595,
		"Aangemaakt op" : "22/10/2018"
	},
	{
		"json_featuretype" : "Daggemiddelde_Stijn_2017",
		"Datum" : "20170415",
		"PM 1" : 6.86,
		"PM 2,5" : 8.65,
		"PM 10" : 11.98,
		"Longitude" : 3.234891,
		"Latitude" : 51.212595,
		"Aangemaakt op" : "22/10/2018"
	},
	{
		"json_featuretype" : "Daggemiddelde_Stijn_2017",
		"Datum" : "20170416",
		"PM 1" : 5.1,
		"PM 2,5" : 8.1,
		"PM 10" : 13.93,
		"Longitude" : 3.234891,
		"Latitude" : 51.212595,
		"Aangemaakt op" : "22/10/2018"
	},
	{
		"json_featuretype" : "Daggemiddelde_Stijn_2017",
		"Datum" : "20170417",
		"PM 1" : 4.65,
		"PM 2,5" : 6.77,
		"PM 10" : 10.92,
		"Longitude" : 3.234891,
		"Latitude" : 51.212595,
		"Aangemaakt op" : "22/10/2018"
	},
	{
		"json_featuretype" : "Daggemiddelde_Stijn_2017",
		"Datum" : "20170418",
		"PM 1" : 2.3,
		"PM 2,5" : 3.76,
		"PM 10" : 7.43,
		"Longitude" : 3.234891,
		"Latitude" : 51.212595,
		"Aangemaakt op" : "22/10/2018"
	},
	{
		"json_featuretype" : "Daggemiddelde_Stijn_2017",
		"Datum" : "20170419",
		"PM 1" : 8.54,
		"PM 2,5" : 9.49,
		"PM 10" : 12.38,
		"Longitude" : 3.234891,
		"Latitude" : 51.212595,
		"Aangemaakt op" : "22/10/2018"
	},
	{
		"json_featuretype" : "Daggemiddelde_Stijn_2017",
		"Datum" : "20170420",
		"PM 1" : 21.89,
		"PM 2,5" : 23.56,
		"PM 10" : 28.33,
		"Longitude" : 3.234891,
		"Latitude" : 51.212595,
		"Aangemaakt op" : "22/10/2018"
	},
	{
		"json_featuretype" : "Daggemiddelde_Stijn_2017",
		"Datum" : "20170421",
		"PM 1" : 22.66,
		"PM 2,5" : 26.25,
		"PM 10" : 35.42,
		"Longitude" : 3.234891,
		"Latitude" : 51.212595,
		"Aangemaakt op" : "22/10/2018"
	},
	{
		"json_featuretype" : "Daggemiddelde_Stijn_2017",
		"Datum" : "20170422",
		"PM 1" : 4.99,
		"PM 2,5" : 7.84,
		"PM 10" : 14.19,
		"Longitude" : 3.234891,
		"Latitude" : 51.212595,
		"Aangemaakt op" : "22/10/2018"
	},
	{
		"json_featuretype" : "Daggemiddelde_Stijn_2017",
		"Datum" : "20170423",
		"PM 1" : 3.02,
		"PM 2,5" : 4.98,
		"PM 10" : 9.53,
		"Longitude" : 3.234891,
		"Latitude" : 51.212595,
		"Aangemaakt op" : "22/10/2018"
	},
	{
		"json_featuretype" : "Daggemiddelde_Stijn_2017",
		"Datum" : "20170424",
		"PM 1" : 10.63,
		"PM 2,5" : 13.27,
		"PM 10" : 20.99,
		"Longitude" : 3.234891,
		"Latitude" : 51.212595,
		"Aangemaakt op" : "22/10/2018"
	},
	{
		"json_featuretype" : "Daggemiddelde_Stijn_2017",
		"Datum" : "20170425",
		"PM 1" : 2.95,
		"PM 2,5" : 4.87,
		"PM 10" : 10.34,
		"Longitude" : 3.234891,
		"Latitude" : 51.212595,
		"Aangemaakt op" : "22/10/2018"
	},
	{
		"json_featuretype" : "Daggemiddelde_Stijn_2017",
		"Datum" : "20170426",
		"PM 1" : 1.92,
		"PM 2,5" : 3.88,
		"PM 10" : 8.41,
		"Longitude" : 3.234891,
		"Latitude" : 51.212595,
		"Aangemaakt op" : "22/10/2018"
	},
	{
		"json_featuretype" : "Daggemiddelde_Stijn_2017",
		"Datum" : "20170427",
		"PM 1" : 4.99,
		"PM 2,5" : 6.49,
		"PM 10" : 9.66,
		"Longitude" : 3.234891,
		"Latitude" : 51.212595,
		"Aangemaakt op" : "22/10/2018"
	},
	{
		"json_featuretype" : "Daggemiddelde_Stijn_2017",
		"Datum" : "20170428",
		"PM 1" : 6.28,
		"PM 2,5" : 7.91,
		"PM 10" : 11.82,
		"Longitude" : 3.234891,
		"Latitude" : 51.212595,
		"Aangemaakt op" : "22/10/2018"
	},
	{
		"json_featuretype" : "Daggemiddelde_Stijn_2017",
		"Datum" : "20170429",
		"PM 1" : 15.1,
		"PM 2,5" : 17.15,
		"PM 10" : 21.84,
		"Longitude" : 3.234891,
		"Latitude" : 51.212595,
		"Aangemaakt op" : "22/10/2018"
	},
	{
		"json_featuretype" : "Daggemiddelde_Stijn_2017",
		"Datum" : "20170430",
		"PM 1" : 11.14,
		"PM 2,5" : 12.91,
		"PM 10" : 21.42,
		"Longitude" : 3.234891,
		"Latitude" : 51.212595,
		"Aangemaakt op" : "22/10/2018"
	},
	{
		"json_featuretype" : "Daggemiddelde_Stijn_2017",
		"Datum" : "20170501",
		"PM 1" : 4.39,
		"PM 2,5" : 5.5,
		"PM 10" : 8.86,
		"Longitude" : 3.234891,
		"Latitude" : 51.212595,
		"Aangemaakt op" : "22/10/2018"
	},
	{
		"json_featuretype" : "Daggemiddelde_Stijn_2017",
		"Datum" : "20170502",
		"PM 1" : 15.18,
		"PM 2,5" : 17.18,
		"PM 10" : 21.52,
		"Longitude" : 3.234891,
		"Latitude" : 51.212595,
		"Aangemaakt op" : "22/10/2018"
	},
	{
		"json_featuretype" : "Daggemiddelde_Stijn_2017",
		"Datum" : "20170503",
		"PM 1" : 19.86,
		"PM 2,5" : 20.74,
		"PM 10" : 23.09,
		"Longitude" : 3.234891,
		"Latitude" : 51.212595,
		"Aangemaakt op" : "22/10/2018"
	},
	{
		"json_featuretype" : "Daggemiddelde_Stijn_2017",
		"Datum" : "20170504",
		"PM 1" : 20.57,
		"PM 2,5" : 22.49,
		"PM 10" : 27.41,
		"Longitude" : 3.234891,
		"Latitude" : 51.212595,
		"Aangemaakt op" : "22/10/2018"
	},
	{
		"json_featuretype" : "Daggemiddelde_Stijn_2017",
		"Datum" : "20170505",
		"PM 1" : 14.33,
		"PM 2,5" : 15.86,
		"PM 10" : 20.11,
		"Longitude" : 3.234891,
		"Latitude" : 51.212595,
		"Aangemaakt op" : "22/10/2018"
	},
	{
		"json_featuretype" : "Daggemiddelde_Stijn_2017",
		"Datum" : "20170506",
		"PM 1" : 29.04,
		"PM 2,5" : 31.21,
		"PM 10" : 35.29,
		"Longitude" : 3.234891,
		"Latitude" : 51.212595,
		"Aangemaakt op" : "22/10/2018"
	},
	{
		"json_featuretype" : "Daggemiddelde_Stijn_2017",
		"Datum" : "20170507",
		"PM 1" : 13.96,
		"PM 2,5" : 17.2,
		"PM 10" : 22.5,
		"Longitude" : 3.234891,
		"Latitude" : 51.212595,
		"Aangemaakt op" : "22/10/2018"
	},
	{
		"json_featuretype" : "Daggemiddelde_Stijn_2017",
		"Datum" : "20170508",
		"PM 1" : 5.27,
		"PM 2,5" : 9.23,
		"PM 10" : 17.02,
		"Longitude" : 3.234891,
		"Latitude" : 51.212595,
		"Aangemaakt op" : "22/10/2018"
	},
	{
		"json_featuretype" : "Daggemiddelde_Stijn_2017",
		"Datum" : "20170509",
		"PM 1" : 3.62,
		"PM 2,5" : 6.88,
		"PM 10" : 14.72,
		"Longitude" : 3.234891,
		"Latitude" : 51.212595,
		"Aangemaakt op" : "22/10/2018"
	},
	{
		"json_featuretype" : "Daggemiddelde_Stijn_2017",
		"Datum" : "20170510",
		"PM 1" : 12.01,
		"PM 2,5" : 15.05,
		"PM 10" : 21.61,
		"Longitude" : 3.234891,
		"Latitude" : 51.212595,
		"Aangemaakt op" : "22/10/2018"
	},
	{
		"json_featuretype" : "Daggemiddelde_Stijn_2017",
		"Datum" : "20170511",
		"PM 1" : 23.68,
		"PM 2,5" : 27.01,
		"PM 10" : 38.16,
		"Longitude" : 3.234891,
		"Latitude" : 51.212595,
		"Aangemaakt op" : "22/10/2018"
	},
	{
		"json_featuretype" : "Daggemiddelde_Stijn_2017",
		"Datum" : "20170512",
		"PM 1" : 8.78,
		"PM 2,5" : 10.06,
		"PM 10" : 14.1,
		"Longitude" : 3.234891,
		"Latitude" : 51.212595,
		"Aangemaakt op" : "22/10/2018"
	},
	{
		"json_featuretype" : "Daggemiddelde_Stijn_2017",
		"Datum" : "20170513",
		"PM 1" : 10.23,
		"PM 2,5" : 12.12,
		"PM 10" : 16.44,
		"Longitude" : 3.234891,
		"Latitude" : 51.212595,
		"Aangemaakt op" : "22/10/2018"
	},
	{
		"json_featuretype" : "Daggemiddelde_Stijn_2017",
		"Datum" : "20170514",
		"PM 1" : 8.97,
		"PM 2,5" : 11.6,
		"PM 10" : 16.9,
		"Longitude" : 3.234891,
		"Latitude" : 51.212595,
		"Aangemaakt op" : "22/10/2018"
	},
	{
		"json_featuretype" : "Daggemiddelde_Stijn_2017",
		"Datum" : "20170515",
		"PM 1" : 4.44,
		"PM 2,5" : 6.95,
		"PM 10" : 13.14,
		"Longitude" : 3.234891,
		"Latitude" : 51.212595,
		"Aangemaakt op" : "22/10/2018"
	},
	{
		"json_featuretype" : "Daggemiddelde_Stijn_2017",
		"Datum" : "20170516",
		"PM 1" : 4.58,
		"PM 2,5" : 6.47,
		"PM 10" : 13.26,
		"Longitude" : 3.234891,
		"Latitude" : 51.212595,
		"Aangemaakt op" : "22/10/2018"
	},
	{
		"json_featuretype" : "Daggemiddelde_Stijn_2017",
		"Datum" : "20170517",
		"PM 1" : 9.25,
		"PM 2,5" : 11.69,
		"PM 10" : 21.33,
		"Longitude" : 3.234891,
		"Latitude" : 51.212595,
		"Aangemaakt op" : "22/10/2018"
	},
	{
		"json_featuretype" : "Daggemiddelde_Stijn_2017",
		"Datum" : "20170518",
		"PM 1" : 11.15,
		"PM 2,5" : 12.31,
		"PM 10" : 15.53,
		"Longitude" : 3.234891,
		"Latitude" : 51.212595,
		"Aangemaakt op" : "22/10/2018"
	},
	{
		"json_featuretype" : "Daggemiddelde_Stijn_2017",
		"Datum" : "20170519",
		"PM 1" : 6.6,
		"PM 2,5" : 8.49,
		"PM 10" : 13.01,
		"Longitude" : 3.234891,
		"Latitude" : 51.212595,
		"Aangemaakt op" : "22/10/2018"
	},
	{
		"json_featuretype" : "Daggemiddelde_Stijn_2017",
		"Datum" : "20170520",
		"PM 1" : 4.65,
		"PM 2,5" : 6.01,
		"PM 10" : 9.25,
		"Longitude" : 3.234891,
		"Latitude" : 51.212595,
		"Aangemaakt op" : "22/10/2018"
	},
	{
		"json_featuretype" : "Daggemiddelde_Stijn_2017",
		"Datum" : "20170521",
		"PM 1" : 6.99,
		"PM 2,5" : 8.16,
		"PM 10" : 11.27,
		"Longitude" : 3.234891,
		"Latitude" : 51.212595,
		"Aangemaakt op" : "22/10/2018"
	},
	{
		"json_featuretype" : "Daggemiddelde_Stijn_2017",
		"Datum" : "20170522",
		"PM 1" : 8.91,
		"PM 2,5" : 10.35,
		"PM 10" : 16.45,
		"Longitude" : 3.234891,
		"Latitude" : 51.212595,
		"Aangemaakt op" : "22/10/2018"
	},
	{
		"json_featuretype" : "Daggemiddelde_Stijn_2017",
		"Datum" : "20170523",
		"PM 1" : 10.78,
		"PM 2,5" : 13.36,
		"PM 10" : 18.96,
		"Longitude" : 3.234891,
		"Latitude" : 51.212595,
		"Aangemaakt op" : "22/10/2018"
	},
	{
		"json_featuretype" : "Daggemiddelde_Stijn_2017",
		"Datum" : "20170524",
		"PM 1" : 11.65,
		"PM 2,5" : 13.71,
		"PM 10" : 18.25,
		"Longitude" : 3.234891,
		"Latitude" : 51.212595,
		"Aangemaakt op" : "22/10/2018"
	},
	{
		"json_featuretype" : "Daggemiddelde_Stijn_2017",
		"Datum" : "20170525",
		"PM 1" : 10.9,
		"PM 2,5" : 12.3,
		"PM 10" : 15.63,
		"Longitude" : 3.234891,
		"Latitude" : 51.212595,
		"Aangemaakt op" : "22/10/2018"
	},
	{
		"json_featuretype" : "Daggemiddelde_Stijn_2017",
		"Datum" : "20170526",
		"PM 1" : 6.83,
		"PM 2,5" : 8.73,
		"PM 10" : 17.14,
		"Longitude" : 3.234891,
		"Latitude" : 51.212595,
		"Aangemaakt op" : "22/10/2018"
	},
	{
		"json_featuretype" : "Daggemiddelde_Stijn_2017",
		"Datum" : "20170527",
		"PM 1" : 7.07,
		"PM 2,5" : 9.16,
		"PM 10" : 18.52,
		"Longitude" : 3.234891,
		"Latitude" : 51.212595,
		"Aangemaakt op" : "22/10/2018"
	},
	{
		"json_featuretype" : "Daggemiddelde_Stijn_2017",
		"Datum" : "20170528",
		"PM 1" : 5.25,
		"PM 2,5" : 6.87,
		"PM 10" : 11.06,
		"Longitude" : 3.234891,
		"Latitude" : 51.212595,
		"Aangemaakt op" : "22/10/2018"
	},
	{
		"json_featuretype" : "Daggemiddelde_Stijn_2017",
		"Datum" : "20170529",
		"PM 1" : 15.93,
		"PM 2,5" : 18.92,
		"PM 10" : 27.58,
		"Longitude" : 3.234891,
		"Latitude" : 51.212595,
		"Aangemaakt op" : "22/10/2018"
	},
	{
		"json_featuretype" : "Daggemiddelde_Stijn_2017",
		"Datum" : "20170530",
		"PM 1" : 9.28,
		"PM 2,5" : 11.35,
		"PM 10" : 17.32,
		"Longitude" : 3.234891,
		"Latitude" : 51.212595,
		"Aangemaakt op" : "22/10/2018"
	},
	{
		"json_featuretype" : "Daggemiddelde_Stijn_2017",
		"Datum" : "20170531",
		"PM 1" : 7.09,
		"PM 2,5" : 9.08,
		"PM 10" : 14.09,
		"Longitude" : 3.234891,
		"Latitude" : 51.212595,
		"Aangemaakt op" : "22/10/2018"
	},
	{
		"json_featuretype" : "Daggemiddelde_Stijn_2017",
		"Datum" : "20170601",
		"PM 1" : 6.46,
		"PM 2,5" : 8.69,
		"PM 10" : 15.82,
		"Longitude" : 3.234891,
		"Latitude" : 51.212595,
		"Aangemaakt op" : "22/10/2018"
	},
	{
		"json_featuretype" : "Daggemiddelde_Stijn_2017",
		"Datum" : "20170602",
		"PM 1" : 6.87,
		"PM 2,5" : 9.25,
		"PM 10" : 18.92,
		"Longitude" : 3.234891,
		"Latitude" : 51.212595,
		"Aangemaakt op" : "22/10/2018"
	},
	{
		"json_featuretype" : "Daggemiddelde_Stijn_2017",
		"Datum" : "20170603",
		"PM 1" : 15.77,
		"PM 2,5" : 17.86,
		"PM 10" : 22.89,
		"Longitude" : 3.234891,
		"Latitude" : 51.212595,
		"Aangemaakt op" : "22/10/2018"
	},
	{
		"json_featuretype" : "Daggemiddelde_Stijn_2017",
		"Datum" : "20170604",
		"PM 1" : 3.63,
		"PM 2,5" : 6.59,
		"PM 10" : 13.05,
		"Longitude" : 3.234891,
		"Latitude" : 51.212595,
		"Aangemaakt op" : "22/10/2018"
	},
	{
		"json_featuretype" : "Daggemiddelde_Stijn_2017",
		"Datum" : "20170605",
		"PM 1" : 3.13,
		"PM 2,5" : 4.96,
		"PM 10" : 11.44,
		"Longitude" : 3.234891,
		"Latitude" : 51.212595,
		"Aangemaakt op" : "22/10/2018"
	},
	{
		"json_featuretype" : "Daggemiddelde_Stijn_2017",
		"Datum" : "20170606",
		"PM 1" : 3.03,
		"PM 2,5" : 6.13,
		"PM 10" : 15.4,
		"Longitude" : 3.234891,
		"Latitude" : 51.212595,
		"Aangemaakt op" : "22/10/2018"
	},
	{
		"json_featuretype" : "Daggemiddelde_Stijn_2017",
		"Datum" : "20170607",
		"PM 1" : 3.97,
		"PM 2,5" : 8.89,
		"PM 10" : 21.12,
		"Longitude" : 3.234891,
		"Latitude" : 51.212595,
		"Aangemaakt op" : "22/10/2018"
	},
	{
		"json_featuretype" : "Daggemiddelde_Stijn_2017",
		"Datum" : "20170608",
		"PM 1" : 4.39,
		"PM 2,5" : 7.47,
		"PM 10" : 16.01,
		"Longitude" : 3.234891,
		"Latitude" : 51.212595,
		"Aangemaakt op" : "22/10/2018"
	},
	{
		"json_featuretype" : "Daggemiddelde_Stijn_2017",
		"Datum" : "20170609",
		"PM 1" : 3.78,
		"PM 2,5" : 6.89,
		"PM 10" : 13.27,
		"Longitude" : 3.234891,
		"Latitude" : 51.212595,
		"Aangemaakt op" : "22/10/2018"
	},
	{
		"json_featuretype" : "Daggemiddelde_Stijn_2017",
		"Datum" : "20170610",
		"PM 1" : 3.98,
		"PM 2,5" : 7.48,
		"PM 10" : 14.1,
		"Longitude" : 3.234891,
		"Latitude" : 51.212595,
		"Aangemaakt op" : "22/10/2018"
	},
	{
		"json_featuretype" : "Daggemiddelde_Stijn_2017",
		"Datum" : "20170611",
		"PM 1" : 4.9,
		"PM 2,5" : 7.69,
		"PM 10" : 14.62,
		"Longitude" : 3.234891,
		"Latitude" : 51.212595,
		"Aangemaakt op" : "22/10/2018"
	},
	{
		"json_featuretype" : "Daggemiddelde_Stijn_2017",
		"Datum" : "20170612",
		"PM 1" : 4.53,
		"PM 2,5" : 9.3,
		"PM 10" : 19.12,
		"Longitude" : 3.234891,
		"Latitude" : 51.212595,
		"Aangemaakt op" : "22/10/2018"
	},
	{
		"json_featuretype" : "Daggemiddelde_Stijn_2017",
		"Datum" : "20170613",
		"PM 1" : 4.21,
		"PM 2,5" : 7.4,
		"PM 10" : 13.75,
		"Longitude" : 3.234891,
		"Latitude" : 51.212595,
		"Aangemaakt op" : "22/10/2018"
	},
	{
		"json_featuretype" : "Daggemiddelde_Stijn_2017",
		"Datum" : "20170614",
		"PM 1" : 12.04,
		"PM 2,5" : 14.71,
		"PM 10" : 23.6,
		"Longitude" : 3.234891,
		"Latitude" : 51.212595,
		"Aangemaakt op" : "22/10/2018"
	},
	{
		"json_featuretype" : "Daggemiddelde_Stijn_2017",
		"Datum" : "20170615",
		"PM 1" : 9.51,
		"PM 2,5" : 12.6,
		"PM 10" : 24.77,
		"Longitude" : 3.234891,
		"Latitude" : 51.212595,
		"Aangemaakt op" : "22/10/2018"
	},
	{
		"json_featuretype" : "Daggemiddelde_Stijn_2017",
		"Datum" : "20170616",
		"PM 1" : 4.21,
		"PM 2,5" : 8.44,
		"PM 10" : 16.45,
		"Longitude" : 3.234891,
		"Latitude" : 51.212595,
		"Aangemaakt op" : "22/10/2018"
	},
	{
		"json_featuretype" : "Daggemiddelde_Stijn_2017",
		"Datum" : "20170617",
		"PM 1" : 6.99,
		"PM 2,5" : 10.63,
		"PM 10" : 17.17,
		"Longitude" : 3.234891,
		"Latitude" : 51.212595,
		"Aangemaakt op" : "22/10/2018"
	},
	{
		"json_featuretype" : "Daggemiddelde_Stijn_2017",
		"Datum" : "20170618",
		"PM 1" : 14.59,
		"PM 2,5" : 17.36,
		"PM 10" : 23.74,
		"Longitude" : 3.234891,
		"Latitude" : 51.212595,
		"Aangemaakt op" : "22/10/2018"
	},
	{
		"json_featuretype" : "Daggemiddelde_Stijn_2017",
		"Datum" : "20170619",
		"PM 1" : 14.79,
		"PM 2,5" : 16.66,
		"PM 10" : 24.23,
		"Longitude" : 3.234891,
		"Latitude" : 51.212595,
		"Aangemaakt op" : "22/10/2018"
	},
	{
		"json_featuretype" : "Daggemiddelde_Stijn_2017",
		"Datum" : "20170620",
		"PM 1" : 18.85,
		"PM 2,5" : 21.69,
		"PM 10" : 32.02,
		"Longitude" : 3.234891,
		"Latitude" : 51.212595,
		"Aangemaakt op" : "22/10/2018"
	},
	{
		"json_featuretype" : "Daggemiddelde_Stijn_2017",
		"Datum" : "20170621",
		"PM 1" : 11.47,
		"PM 2,5" : 14.69,
		"PM 10" : 28.17,
		"Longitude" : 3.234891,
		"Latitude" : 51.212595,
		"Aangemaakt op" : "22/10/2018"
	},
	{
		"json_featuretype" : "Daggemiddelde_Stijn_2017",
		"Datum" : "20170622",
		"PM 1" : 15.32,
		"PM 2,5" : 20.04,
		"PM 10" : 40.61,
		"Longitude" : 3.234891,
		"Latitude" : 51.212595,
		"Aangemaakt op" : "22/10/2018"
	},
	{
		"json_featuretype" : "Daggemiddelde_Stijn_2017",
		"Datum" : "20170623",
		"PM 1" : 6.88,
		"PM 2,5" : 10.75,
		"PM 10" : 22.64,
		"Longitude" : 3.234891,
		"Latitude" : 51.212595,
		"Aangemaakt op" : "22/10/2018"
	},
	{
		"json_featuretype" : "Daggemiddelde_Stijn_2017",
		"Datum" : "20170624",
		"PM 1" : 4.45,
		"PM 2,5" : 6.51,
		"PM 10" : 11.2,
		"Longitude" : 3.234891,
		"Latitude" : 51.212595,
		"Aangemaakt op" : "22/10/2018"
	},
	{
		"json_featuretype" : "Daggemiddelde_Stijn_2017",
		"Datum" : "20170625",
		"PM 1" : 4.28,
		"PM 2,5" : 6.25,
		"PM 10" : 11.05,
		"Longitude" : 3.234891,
		"Latitude" : 51.212595,
		"Aangemaakt op" : "22/10/2018"
	},
	{
		"json_featuretype" : "Daggemiddelde_Stijn_2017",
		"Datum" : "20170626",
		"PM 1" : 2.72,
		"PM 2,5" : 5.32,
		"PM 10" : 12.48,
		"Longitude" : 3.234891,
		"Latitude" : 51.212595,
		"Aangemaakt op" : "22/10/2018"
	},
	{
		"json_featuretype" : "Daggemiddelde_Stijn_2017",
		"Datum" : "20170627",
		"PM 1" : 11.86,
		"PM 2,5" : 15.42,
		"PM 10" : 27.31,
		"Longitude" : 3.234891,
		"Latitude" : 51.212595,
		"Aangemaakt op" : "22/10/2018"
	},
	{
		"json_featuretype" : "Daggemiddelde_Stijn_2017",
		"Datum" : "20170628",
		"PM 1" : 19.63,
		"PM 2,5" : 22.3,
		"PM 10" : 28.99,
		"Longitude" : 3.234891,
		"Latitude" : 51.212595,
		"Aangemaakt op" : "22/10/2018"
	},
	{
		"json_featuretype" : "Daggemiddelde_Stijn_2017",
		"Datum" : "20170629",
		"PM 1" : 4.07,
		"PM 2,5" : 5.41,
		"PM 10" : 10.37,
		"Longitude" : 3.234891,
		"Latitude" : 51.212595,
		"Aangemaakt op" : "22/10/2018"
	},
	{
		"json_featuretype" : "Daggemiddelde_Stijn_2017",
		"Datum" : "20170630",
		"PM 1" : 7.03,
		"PM 2,5" : 8.8,
		"PM 10" : 14.81,
		"Longitude" : 3.234891,
		"Latitude" : 51.212595,
		"Aangemaakt op" : "22/10/2018"
	},
	{
		"json_featuretype" : "Daggemiddelde_Stijn_2017",
		"Datum" : "20170701",
		"PM 1" : 6.36,
		"PM 2,5" : 11.26,
		"PM 10" : 21.07,
		"Longitude" : 3.234891,
		"Latitude" : 51.212595,
		"Aangemaakt op" : "22/10/2018"
	},
	{
		"json_featuretype" : "Daggemiddelde_Stijn_2017",
		"Datum" : "20170702",
		"PM 1" : 4.56,
		"PM 2,5" : 7.6,
		"PM 10" : 13.36,
		"Longitude" : 3.234891,
		"Latitude" : 51.212595,
		"Aangemaakt op" : "22/10/2018"
	},
	{
		"json_featuretype" : "Daggemiddelde_Stijn_2017",
		"Datum" : "20170703",
		"PM 1" : 6.17,
		"PM 2,5" : 8.83,
		"PM 10" : 16.17,
		"Longitude" : 3.234891,
		"Latitude" : 51.212595,
		"Aangemaakt op" : "22/10/2018"
	},
	{
		"json_featuretype" : "Daggemiddelde_Stijn_2017",
		"Datum" : "20170704",
		"PM 1" : 17.4,
		"PM 2,5" : 21.86,
		"PM 10" : 30.17,
		"Longitude" : 3.234891,
		"Latitude" : 51.212595,
		"Aangemaakt op" : "22/10/2018"
	},
	{
		"json_featuretype" : "Daggemiddelde_Stijn_2017",
		"Datum" : "20170705",
		"PM 1" : 7.08,
		"PM 2,5" : 8.93,
		"PM 10" : 15.83,
		"Longitude" : 3.234891,
		"Latitude" : 51.212595,
		"Aangemaakt op" : "22/10/2018"
	},
	{
		"json_featuretype" : "Daggemiddelde_Stijn_2017",
		"Datum" : "20170706",
		"PM 1" : 9,
		"PM 2,5" : 10.87,
		"PM 10" : 18.28,
		"Longitude" : 3.234891,
		"Latitude" : 51.212595,
		"Aangemaakt op" : "22/10/2018"
	},
	{
		"json_featuretype" : "Daggemiddelde_Stijn_2017",
		"Datum" : "20170707",
		"PM 1" : 16.14,
		"PM 2,5" : 19.27,
		"PM 10" : 29.17,
		"Longitude" : 3.234891,
		"Latitude" : 51.212595,
		"Aangemaakt op" : "22/10/2018"
	},
	{
		"json_featuretype" : "Daggemiddelde_Stijn_2017",
		"Datum" : "20170708",
		"PM 1" : 6.74,
		"PM 2,5" : 9.12,
		"PM 10" : 14.78,
		"Longitude" : 3.234891,
		"Latitude" : 51.212595,
		"Aangemaakt op" : "22/10/2018"
	},
	{
		"json_featuretype" : "Daggemiddelde_Stijn_2017",
		"Datum" : "20170709",
		"PM 1" : 6.98,
		"PM 2,5" : 8.3,
		"PM 10" : 13.48,
		"Longitude" : 3.234891,
		"Latitude" : 51.212595,
		"Aangemaakt op" : "22/10/2018"
	},
	{
		"json_featuretype" : "Daggemiddelde_Stijn_2017",
		"Datum" : "20170710",
		"PM 1" : 7.72,
		"PM 2,5" : 9.42,
		"PM 10" : 16.43,
		"Longitude" : 3.234891,
		"Latitude" : 51.212595,
		"Aangemaakt op" : "22/10/2018"
	},
	{
		"json_featuretype" : "Daggemiddelde_Stijn_2017",
		"Datum" : "20170711",
		"PM 1" : 5.43,
		"PM 2,5" : 8.12,
		"PM 10" : 14.51,
		"Longitude" : 3.234891,
		"Latitude" : 51.212595,
		"Aangemaakt op" : "22/10/2018"
	},
	{
		"json_featuretype" : "Daggemiddelde_Stijn_2017",
		"Datum" : "20170712",
		"PM 1" : 4.06,
		"PM 2,5" : 6.5,
		"PM 10" : 12.55,
		"Longitude" : 3.234891,
		"Latitude" : 51.212595,
		"Aangemaakt op" : "22/10/2018"
	},
	{
		"json_featuretype" : "Daggemiddelde_Stijn_2017",
		"Datum" : "20170713",
		"PM 1" : 5.35,
		"PM 2,5" : 7.76,
		"PM 10" : 13.8,
		"Longitude" : 3.234891,
		"Latitude" : 51.212595,
		"Aangemaakt op" : "22/10/2018"
	},
	{
		"json_featuretype" : "Daggemiddelde_Stijn_2017",
		"Datum" : "20170714",
		"PM 1" : 6.11,
		"PM 2,5" : 8.15,
		"PM 10" : 14.14,
		"Longitude" : 3.234891,
		"Latitude" : 51.212595,
		"Aangemaakt op" : "22/10/2018"
	},
	{
		"json_featuretype" : "Daggemiddelde_Stijn_2017",
		"Datum" : "20170715",
		"PM 1" : 5.41,
		"PM 2,5" : 7.47,
		"PM 10" : 13.3,
		"Longitude" : 3.234891,
		"Latitude" : 51.212595,
		"Aangemaakt op" : "22/10/2018"
	},
	{
		"json_featuretype" : "Daggemiddelde_Stijn_2017",
		"Datum" : "20170716",
		"PM 1" : 6.82,
		"PM 2,5" : 9.65,
		"PM 10" : 15.46,
		"Longitude" : 3.234891,
		"Latitude" : 51.212595,
		"Aangemaakt op" : "22/10/2018"
	},
	{
		"json_featuretype" : "Daggemiddelde_Stijn_2017",
		"Datum" : "20170717",
		"PM 1" : 5.12,
		"PM 2,5" : 6.75,
		"PM 10" : 11.49,
		"Longitude" : 3.234891,
		"Latitude" : 51.212595,
		"Aangemaakt op" : "22/10/2018"
	},
	{
		"json_featuretype" : "Daggemiddelde_Stijn_2017",
		"Datum" : "20170718",
		"PM 1" : 7.99,
		"PM 2,5" : 10.28,
		"PM 10" : 19.41,
		"Longitude" : 3.234891,
		"Latitude" : 51.212595,
		"Aangemaakt op" : "22/10/2018"
	},
	{
		"json_featuretype" : "Daggemiddelde_Stijn_2017",
		"Datum" : "20170719",
		"PM 1" : 10.68,
		"PM 2,5" : 14.1,
		"PM 10" : 28.99,
		"Longitude" : 3.234891,
		"Latitude" : 51.212595,
		"Aangemaakt op" : "22/10/2018"
	},
	{
		"json_featuretype" : "Daggemiddelde_Stijn_2017",
		"Datum" : "20170720",
		"PM 1" : 6.17,
		"PM 2,5" : 8.69,
		"PM 10" : 16.03,
		"Longitude" : 3.234891,
		"Latitude" : 51.212595,
		"Aangemaakt op" : "22/10/2018"
	},
	{
		"json_featuretype" : "Daggemiddelde_Stijn_2017",
		"Datum" : "20170721",
		"PM 1" : 3.29,
		"PM 2,5" : 6.67,
		"PM 10" : 16.45,
		"Longitude" : 3.234891,
		"Latitude" : 51.212595,
		"Aangemaakt op" : "22/10/2018"
	},
	{
		"json_featuretype" : "Daggemiddelde_Stijn_2017",
		"Datum" : "20170722",
		"PM 1" : 5.42,
		"PM 2,5" : 7.58,
		"PM 10" : 13.81,
		"Longitude" : 3.234891,
		"Latitude" : 51.212595,
		"Aangemaakt op" : "22/10/2018"
	},
	{
		"json_featuretype" : "Daggemiddelde_Stijn_2017",
		"Datum" : "20170723",
		"PM 1" : 3.27,
		"PM 2,5" : 5.17,
		"PM 10" : 9.21,
		"Longitude" : 3.234891,
		"Latitude" : 51.212595,
		"Aangemaakt op" : "22/10/2018"
	},
	{
		"json_featuretype" : "Daggemiddelde_Stijn_2017",
		"Datum" : "20170807",
		"PM 1" : 5.05,
		"PM 2,5" : 7.61,
		"PM 10" : 14.22,
		"Longitude" : 3.234891,
		"Latitude" : 51.212595,
		"Aangemaakt op" : "22/10/2018"
	},
	{
		"json_featuretype" : "Daggemiddelde_Stijn_2017",
		"Datum" : "20170808",
		"PM 1" : 10.53,
		"PM 2,5" : 12.78,
		"PM 10" : 18.65,
		"Longitude" : 3.234891,
		"Latitude" : 51.212595,
		"Aangemaakt op" : "22/10/2018"
	},
	{
		"json_featuretype" : "Daggemiddelde_Stijn_2017",
		"Datum" : "20170809",
		"PM 1" : 6.36,
		"PM 2,5" : 7.78,
		"PM 10" : 11.86,
		"Longitude" : 3.234891,
		"Latitude" : 51.212595,
		"Aangemaakt op" : "22/10/2018"
	},
	{
		"json_featuretype" : "Daggemiddelde_Stijn_2017",
		"Datum" : "20170810",
		"PM 1" : 12.98,
		"PM 2,5" : 14.69,
		"PM 10" : 19.3,
		"Longitude" : 3.234891,
		"Latitude" : 51.212595,
		"Aangemaakt op" : "22/10/2018"
	},
	{
		"json_featuretype" : "Daggemiddelde_Stijn_2017",
		"Datum" : "20170811",
		"PM 1" : 4.96,
		"PM 2,5" : 6.87,
		"PM 10" : 11.13,
		"Longitude" : 3.234891,
		"Latitude" : 51.212595,
		"Aangemaakt op" : "22/10/2018"
	},
	{
		"json_featuretype" : "Daggemiddelde_Stijn_2017",
		"Datum" : "20170812",
		"PM 1" : 3.58,
		"PM 2,5" : 5.61,
		"PM 10" : 9.65,
		"Longitude" : 3.234891,
		"Latitude" : 51.212595,
		"Aangemaakt op" : "22/10/2018"
	},
	{
		"json_featuretype" : "Daggemiddelde_Stijn_2017",
		"Datum" : "20170813",
		"PM 1" : 4.56,
		"PM 2,5" : 6.35,
		"PM 10" : 10.35,
		"Longitude" : 3.234891,
		"Latitude" : 51.212595,
		"Aangemaakt op" : "22/10/2018"
	},
	{
		"json_featuretype" : "Daggemiddelde_Stijn_2017",
		"Datum" : "20170814",
		"PM 1" : 12.81,
		"PM 2,5" : 14.49,
		"PM 10" : 19.44,
		"Longitude" : 3.234891,
		"Latitude" : 51.212595,
		"Aangemaakt op" : "22/10/2018"
	},
	{
		"json_featuretype" : "Daggemiddelde_Stijn_2017",
		"Datum" : "20170815",
		"PM 1" : 7.58,
		"PM 2,5" : 9.01,
		"PM 10" : 12.98,
		"Longitude" : 3.234891,
		"Latitude" : 51.212595,
		"Aangemaakt op" : "22/10/2018"
	},
	{
		"json_featuretype" : "Daggemiddelde_Stijn_2017",
		"Datum" : "20170816",
		"PM 1" : 6.3,
		"PM 2,5" : 8.88,
		"PM 10" : 15.65,
		"Longitude" : 3.234891,
		"Latitude" : 51.212595,
		"Aangemaakt op" : "22/10/2018"
	},
	{
		"json_featuretype" : "Daggemiddelde_Stijn_2017",
		"Datum" : "20170817",
		"PM 1" : 4.82,
		"PM 2,5" : 6.33,
		"PM 10" : 11.19,
		"Longitude" : 3.234891,
		"Latitude" : 51.212595,
		"Aangemaakt op" : "22/10/2018"
	},
	{
		"json_featuretype" : "Daggemiddelde_Stijn_2017",
		"Datum" : "20170818",
		"PM 1" : 3.84,
		"PM 2,5" : 6.85,
		"PM 10" : 12.81,
		"Longitude" : 3.234891,
		"Latitude" : 51.212595,
		"Aangemaakt op" : "22/10/2018"
	},
	{
		"json_featuretype" : "Daggemiddelde_Stijn_2017",
		"Datum" : "20170819",
		"PM 1" : 3.2,
		"PM 2,5" : 6.5,
		"PM 10" : 13.29,
		"Longitude" : 3.234891,
		"Latitude" : 51.212595,
		"Aangemaakt op" : "22/10/2018"
	},
	{
		"json_featuretype" : "Daggemiddelde_Stijn_2017",
		"Datum" : "20170820",
		"PM 1" : 3.38,
		"PM 2,5" : 6.3,
		"PM 10" : 12.61,
		"Longitude" : 3.234891,
		"Latitude" : 51.212595,
		"Aangemaakt op" : "22/10/2018"
	},
	{
		"json_featuretype" : "Daggemiddelde_Stijn_2017",
		"Datum" : "20170821",
		"PM 1" : 4.55,
		"PM 2,5" : 6.69,
		"PM 10" : 11.73,
		"Longitude" : 3.234891,
		"Latitude" : 51.212595,
		"Aangemaakt op" : "22/10/2018"
	},
	{
		"json_featuretype" : "Daggemiddelde_Stijn_2017",
		"Datum" : "20171010",
		"PM 1" : 3.75,
		"PM 2,5" : 5.52,
		"PM 10" : 9.95,
		"Longitude" : 3.234891,
		"Latitude" : 51.212595,
		"Aangemaakt op" : "22/10/2018"
	},
	{
		"json_featuretype" : "Daggemiddelde_Stijn_2017",
		"Datum" : "20171011",
		"PM 1" : 3.59,
		"PM 2,5" : 4.67,
		"PM 10" : 9.59,
		"Longitude" : 3.234891,
		"Latitude" : 51.212595,
		"Aangemaakt op" : "22/10/2018"
	},
	{
		"json_featuretype" : "Daggemiddelde_Stijn_2017",
		"Datum" : "20171012",
		"PM 1" : 4.42,
		"PM 2,5" : 8.35,
		"PM 10" : 15.87,
		"Longitude" : 3.234891,
		"Latitude" : 51.212595,
		"Aangemaakt op" : "22/10/2018"
	},
	{
		"json_featuretype" : "Daggemiddelde_Stijn_2017",
		"Datum" : "20171013",
		"PM 1" : 5.62,
		"PM 2,5" : 7.93,
		"PM 10" : 13.09,
		"Longitude" : 3.234891,
		"Latitude" : 51.212595,
		"Aangemaakt op" : "22/10/2018"
	},
	{
		"json_featuretype" : "Daggemiddelde_Stijn_2017",
		"Datum" : "20171014",
		"PM 1" : 10.4,
		"PM 2,5" : 12.39,
		"PM 10" : 16.99,
		"Longitude" : 3.234891,
		"Latitude" : 51.212595,
		"Aangemaakt op" : "22/10/2018"
	},
	{
		"json_featuretype" : "Daggemiddelde_Stijn_2017",
		"Datum" : "20171015",
		"PM 1" : 14.07,
		"PM 2,5" : 16.26,
		"PM 10" : 23.54,
		"Longitude" : 3.234891,
		"Latitude" : 51.212595,
		"Aangemaakt op" : "22/10/2018"
	},
	{
		"json_featuretype" : "Daggemiddelde_Stijn_2017",
		"Datum" : "20171016",
		"PM 1" : 12.87,
		"PM 2,5" : 16.5,
		"PM 10" : 29.45,
		"Longitude" : 3.234891,
		"Latitude" : 51.212595,
		"Aangemaakt op" : "22/10/2018"
	},
	{
		"json_featuretype" : "Daggemiddelde_Stijn_2017",
		"Datum" : "20171017",
		"PM 1" : 6.53,
		"PM 2,5" : 13.08,
		"PM 10" : 27.21,
		"Longitude" : 3.234891,
		"Latitude" : 51.212595,
		"Aangemaakt op" : "22/10/2018"
	},
	{
		"json_featuretype" : "Daggemiddelde_Stijn_2017",
		"Datum" : "20171018",
		"PM 1" : 18.64,
		"PM 2,5" : 23.47,
		"PM 10" : 35.2,
		"Longitude" : 3.234891,
		"Latitude" : 51.212595,
		"Aangemaakt op" : "22/10/2018"
	},
	{
		"json_featuretype" : "Daggemiddelde_Stijn_2017",
		"Datum" : "20171019",
		"PM 1" : 14.57,
		"PM 2,5" : 17.36,
		"PM 10" : 27.88,
		"Longitude" : 3.234891,
		"Latitude" : 51.212595,
		"Aangemaakt op" : "22/10/2018"
	},
	{
		"json_featuretype" : "Daggemiddelde_Stijn_2017",
		"Datum" : "20171020",
		"PM 1" : 3.96,
		"PM 2,5" : 6.7,
		"PM 10" : 12.81,
		"Longitude" : 3.234891,
		"Latitude" : 51.212595,
		"Aangemaakt op" : "22/10/2018"
	},
	{
		"json_featuretype" : "Daggemiddelde_Stijn_2017",
		"Datum" : "20171021",
		"PM 1" : 3.55,
		"PM 2,5" : 6.22,
		"PM 10" : 10.74,
		"Longitude" : 3.234891,
		"Latitude" : 51.212595,
		"Aangemaakt op" : "22/10/2018"
	},
	{
		"json_featuretype" : "Daggemiddelde_Stijn_2017",
		"Datum" : "20171022",
		"PM 1" : 2.7,
		"PM 2,5" : 5.1,
		"PM 10" : 9.48,
		"Longitude" : 3.234891,
		"Latitude" : 51.212595,
		"Aangemaakt op" : "22/10/2018"
	},
	{
		"json_featuretype" : "Daggemiddelde_Stijn_2017",
		"Datum" : "20171023",
		"PM 1" : 4.87,
		"PM 2,5" : 6.85,
		"PM 10" : 11.75,
		"Longitude" : 3.234891,
		"Latitude" : 51.212595,
		"Aangemaakt op" : "22/10/2018"
	},
	{
		"json_featuretype" : "Daggemiddelde_Stijn_2017",
		"Datum" : "20171024",
		"PM 1" : 4.92,
		"PM 2,5" : 5.97,
		"PM 10" : 8.47,
		"Longitude" : 3.234891,
		"Latitude" : 51.212595,
		"Aangemaakt op" : "22/10/2018"
	},
	{
		"json_featuretype" : "Daggemiddelde_Stijn_2017",
		"Datum" : "20171025",
		"PM 1" : 7.45,
		"PM 2,5" : 9.6,
		"PM 10" : 14.14,
		"Longitude" : 3.234891,
		"Latitude" : 51.212595,
		"Aangemaakt op" : "22/10/2018"
	},
	{
		"json_featuretype" : "Daggemiddelde_Stijn_2017",
		"Datum" : "20171026",
		"PM 1" : 6.89,
		"PM 2,5" : 8.28,
		"PM 10" : 11.62,
		"Longitude" : 3.234891,
		"Latitude" : 51.212595,
		"Aangemaakt op" : "22/10/2018"
	},
	{
		"json_featuretype" : "Daggemiddelde_Stijn_2017",
		"Datum" : "20171027",
		"PM 1" : 4.22,
		"PM 2,5" : 6.98,
		"PM 10" : 13.48,
		"Longitude" : 3.234891,
		"Latitude" : 51.212595,
		"Aangemaakt op" : "22/10/2018"
	},
	{
		"json_featuretype" : "Daggemiddelde_Stijn_2017",
		"Datum" : "20171028",
		"PM 1" : 4.95,
		"PM 2,5" : 7.4,
		"PM 10" : 12.47,
		"Longitude" : 3.234891,
		"Latitude" : 51.212595,
		"Aangemaakt op" : "22/10/2018"
	},
	{
		"json_featuretype" : "Daggemiddelde_Stijn_2017",
		"Datum" : "20171029",
		"PM 1" : 3.87,
		"PM 2,5" : 7.86,
		"PM 10" : 16.21,
		"Longitude" : 3.234891,
		"Latitude" : 51.212595,
		"Aangemaakt op" : "22/10/2018"
	},
	{
		"json_featuretype" : "Daggemiddelde_Stijn_2017",
		"Datum" : "20171030",
		"PM 1" : 4.27,
		"PM 2,5" : 6.53,
		"PM 10" : 11.57,
		"Longitude" : 3.234891,
		"Latitude" : 51.212595,
		"Aangemaakt op" : "22/10/2018"
	},
	{
		"json_featuretype" : "Daggemiddelde_Stijn_2017",
		"Datum" : "20171031",
		"PM 1" : 6.28,
		"PM 2,5" : 8.86,
		"PM 10" : 13.92,
		"Longitude" : 3.234891,
		"Latitude" : 51.212595,
		"Aangemaakt op" : "22/10/2018"
	},
	{
		"json_featuretype" : "Daggemiddelde_Stijn_2017",
		"Datum" : "20171101",
		"PM 1" : 13.05,
		"PM 2,5" : 15.68,
		"PM 10" : 20.16,
		"Longitude" : 3.234891,
		"Latitude" : 51.212595,
		"Aangemaakt op" : "22/10/2018"
	},
	{
		"json_featuretype" : "Daggemiddelde_Stijn_2017",
		"Datum" : "20171102",
		"PM 1" : 16.13,
		"PM 2,5" : 18.5,
		"PM 10" : 22.93,
		"Longitude" : 3.234891,
		"Latitude" : 51.212595,
		"Aangemaakt op" : "22/10/2018"
	},
	{
		"json_featuretype" : "Daggemiddelde_Stijn_2017",
		"Datum" : "20171103",
		"PM 1" : 29.13,
		"PM 2,5" : 32.08,
		"PM 10" : 37.76,
		"Longitude" : 3.234891,
		"Latitude" : 51.212595,
		"Aangemaakt op" : "22/10/2018"
	},
	{
		"json_featuretype" : "Daggemiddelde_Stijn_2017",
		"Datum" : "20171104",
		"PM 1" : 14.87,
		"PM 2,5" : 16.62,
		"PM 10" : 20.31,
		"Longitude" : 3.234891,
		"Latitude" : 51.212595,
		"Aangemaakt op" : "22/10/2018"
	},
	{
		"json_featuretype" : "Daggemiddelde_Stijn_2017",
		"Datum" : "20171105",
		"PM 1" : 3.88,
		"PM 2,5" : 5.47,
		"PM 10" : 9.15,
		"Longitude" : 3.234891,
		"Latitude" : 51.212595,
		"Aangemaakt op" : "22/10/2018"
	},
	{
		"json_featuretype" : "Daggemiddelde_Stijn_2017",
		"Datum" : "20171106",
		"PM 1" : 6.87,
		"PM 2,5" : 9.52,
		"PM 10" : 16.2,
		"Longitude" : 3.234891,
		"Latitude" : 51.212595,
		"Aangemaakt op" : "22/10/2018"
	},
	{
		"json_featuretype" : "Daggemiddelde_Stijn_2017",
		"Datum" : "20171107",
		"PM 1" : 22.64,
		"PM 2,5" : 25.78,
		"PM 10" : 32.79,
		"Longitude" : 3.234891,
		"Latitude" : 51.212595,
		"Aangemaakt op" : "22/10/2018"
	},
	{
		"json_featuretype" : "Daggemiddelde_Stijn_2017",
		"Datum" : "20171108",
		"PM 1" : 32.14,
		"PM 2,5" : 35.34,
		"PM 10" : 41.83,
		"Longitude" : 3.234891,
		"Latitude" : 51.212595,
		"Aangemaakt op" : "22/10/2018"
	},
	{
		"json_featuretype" : "Daggemiddelde_Stijn_2017",
		"Datum" : "20171109",
		"PM 1" : 17.31,
		"PM 2,5" : 19.21,
		"PM 10" : 23.12,
		"Longitude" : 3.234891,
		"Latitude" : 51.212595,
		"Aangemaakt op" : "22/10/2018"
	},
	{
		"json_featuretype" : "Daggemiddelde_Stijn_2017",
		"Datum" : "20171110",
		"PM 1" : 7.84,
		"PM 2,5" : 10.38,
		"PM 10" : 15.39,
		"Longitude" : 3.234891,
		"Latitude" : 51.212595,
		"Aangemaakt op" : "22/10/2018"
	},
	{
		"json_featuretype" : "Daggemiddelde_Stijn_2017",
		"Datum" : "20171111",
		"PM 1" : 5.84,
		"PM 2,5" : 7.63,
		"PM 10" : 10.79,
		"Longitude" : 3.234891,
		"Latitude" : 51.212595,
		"Aangemaakt op" : "22/10/2018"
	},
	{
		"json_featuretype" : "Daggemiddelde_Stijn_2017",
		"Datum" : "20171112",
		"PM 1" : 4.38,
		"PM 2,5" : 6.39,
		"PM 10" : 10.75,
		"Longitude" : 3.234891,
		"Latitude" : 51.212595,
		"Aangemaakt op" : "22/10/2018"
	},
	{
		"json_featuretype" : "Daggemiddelde_Stijn_2017",
		"Datum" : "20171113",
		"PM 1" : 3.84,
		"PM 2,5" : 6.8,
		"PM 10" : 13.1,
		"Longitude" : 3.234891,
		"Latitude" : 51.212595,
		"Aangemaakt op" : "22/10/2018"
	},
	{
		"json_featuretype" : "Daggemiddelde_Stijn_2017",
		"Datum" : "20171114",
		"PM 1" : 9.21,
		"PM 2,5" : 11.65,
		"PM 10" : 16.76,
		"Longitude" : 3.234891,
		"Latitude" : 51.212595,
		"Aangemaakt op" : "22/10/2018"
	},
	{
		"json_featuretype" : "Daggemiddelde_Stijn_2017",
		"Datum" : "20171115",
		"PM 1" : 19.55,
		"PM 2,5" : 21.79,
		"PM 10" : 26.1,
		"Longitude" : 3.234891,
		"Latitude" : 51.212595,
		"Aangemaakt op" : "22/10/2018"
	},
	{
		"json_featuretype" : "Daggemiddelde_Stijn_2017",
		"Datum" : "20171116",
		"PM 1" : 18.26,
		"PM 2,5" : 20.77,
		"PM 10" : 25.28,
		"Longitude" : 3.234891,
		"Latitude" : 51.212595,
		"Aangemaakt op" : "22/10/2018"
	},
	{
		"json_featuretype" : "Daggemiddelde_Stijn_2017",
		"Datum" : "20171117",
		"PM 1" : 6.19,
		"PM 2,5" : 8.83,
		"PM 10" : 15.06,
		"Longitude" : 3.234891,
		"Latitude" : 51.212595,
		"Aangemaakt op" : "22/10/2018"
	},
	{
		"json_featuretype" : "Daggemiddelde_Stijn_2017",
		"Datum" : "20171118",
		"PM 1" : 5.56,
		"PM 2,5" : 7.64,
		"PM 10" : 12.25,
		"Longitude" : 3.234891,
		"Latitude" : 51.212595,
		"Aangemaakt op" : "22/10/2018"
	},
	{
		"json_featuretype" : "Daggemiddelde_Stijn_2017",
		"Datum" : "20171119",
		"PM 1" : 5.02,
		"PM 2,5" : 7.85,
		"PM 10" : 14.34,
		"Longitude" : 3.234891,
		"Latitude" : 51.212595,
		"Aangemaakt op" : "22/10/2018"
	},
	{
		"json_featuretype" : "Daggemiddelde_Stijn_2017",
		"Datum" : "20171120",
		"PM 1" : 7.09,
		"PM 2,5" : 9.15,
		"PM 10" : 12.59,
		"Longitude" : 3.234891,
		"Latitude" : 51.212595,
		"Aangemaakt op" : "22/10/2018"
	},
	{
		"json_featuretype" : "Daggemiddelde_Stijn_2017",
		"Datum" : "20171121",
		"PM 1" : 8.62,
		"PM 2,5" : 11.56,
		"PM 10" : 16.67,
		"Longitude" : 3.234891,
		"Latitude" : 51.212595,
		"Aangemaakt op" : "22/10/2018"
	},
	{
		"json_featuretype" : "Daggemiddelde_Stijn_2017",
		"Datum" : "20171122",
		"PM 1" : 14.04,
		"PM 2,5" : 15.85,
		"PM 10" : 20.64,
		"Longitude" : 3.234891,
		"Latitude" : 51.212595,
		"Aangemaakt op" : "22/10/2018"
	},
	{
		"json_featuretype" : "Daggemiddelde_Stijn_2017",
		"Datum" : "20171123",
		"PM 1" : 5.22,
		"PM 2,5" : 7.9,
		"PM 10" : 14.74,
		"Longitude" : 3.234891,
		"Latitude" : 51.212595,
		"Aangemaakt op" : "22/10/2018"
	},
	{
		"json_featuretype" : "Daggemiddelde_Stijn_2017",
		"Datum" : "20171124",
		"PM 1" : 4.45,
		"PM 2,5" : 6.29,
		"PM 10" : 9.58,
		"Longitude" : 3.234891,
		"Latitude" : 51.212595,
		"Aangemaakt op" : "22/10/2018"
	},
	{
		"json_featuretype" : "Daggemiddelde_Stijn_2017",
		"Datum" : "20171125",
		"PM 1" : 4.31,
		"PM 2,5" : 5.66,
		"PM 10" : 9.07,
		"Longitude" : 3.234891,
		"Latitude" : 51.212595,
		"Aangemaakt op" : "22/10/2018"
	},
	{
		"json_featuretype" : "Daggemiddelde_Stijn_2017",
		"Datum" : "20171126",
		"PM 1" : 4.25,
		"PM 2,5" : 6.84,
		"PM 10" : 12.52,
		"Longitude" : 3.234891,
		"Latitude" : 51.212595,
		"Aangemaakt op" : "22/10/2018"
	},
	{
		"json_featuretype" : "Daggemiddelde_Stijn_2017",
		"Datum" : "20171127",
		"PM 1" : 3.85,
		"PM 2,5" : 5.67,
		"PM 10" : 9.62,
		"Longitude" : 3.234891,
		"Latitude" : 51.212595,
		"Aangemaakt op" : "22/10/2018"
	},
	{
		"json_featuretype" : "Daggemiddelde_Stijn_2017",
		"Datum" : "20171128",
		"PM 1" : 4.25,
		"PM 2,5" : 6.1,
		"PM 10" : 11.25,
		"Longitude" : 3.234891,
		"Latitude" : 51.212595,
		"Aangemaakt op" : "22/10/2018"
	},
	{
		"json_featuretype" : "Daggemiddelde_Stijn_2017",
		"Datum" : "20171129",
		"PM 1" : 4.08,
		"PM 2,5" : 4.96,
		"PM 10" : 7.11,
		"Longitude" : 3.234891,
		"Latitude" : 51.212595,
		"Aangemaakt op" : "22/10/2018"
	},
	{
		"json_featuretype" : "Daggemiddelde_Stijn_2017",
		"Datum" : "20171130",
		"PM 1" : 2.62,
		"PM 2,5" : 3.91,
		"PM 10" : 6.87,
		"Longitude" : 3.234891,
		"Latitude" : 51.212595,
		"Aangemaakt op" : "22/10/2018"
	},
	{
		"json_featuretype" : "Daggemiddelde_Stijn_2017",
		"Datum" : "20171201",
		"PM 1" : 11.15,
		"PM 2,5" : 12.06,
		"PM 10" : 14.07,
		"Longitude" : 3.234891,
		"Latitude" : 51.212595,
		"Aangemaakt op" : "22/10/2018"
	},
	{
		"json_featuretype" : "Daggemiddelde_Stijn_2017",
		"Datum" : "20171202",
		"PM 1" : 31.1,
		"PM 2,5" : 32.68,
		"PM 10" : 33.53,
		"Longitude" : 3.234891,
		"Latitude" : 51.212595,
		"Aangemaakt op" : "22/10/2018"
	},
	{
		"json_featuretype" : "Daggemiddelde_Stijn_2017",
		"Datum" : "20171203",
		"PM 1" : 25.47,
		"PM 2,5" : 27.34,
		"PM 10" : 29.2,
		"Longitude" : 3.234891,
		"Latitude" : 51.212595,
		"Aangemaakt op" : "22/10/2018"
	},
	{
		"json_featuretype" : "Daggemiddelde_Stijn_2017",
		"Datum" : "20171204",
		"PM 1" : 10.83,
		"PM 2,5" : 14.29,
		"PM 10" : 20.14,
		"Longitude" : 3.234891,
		"Latitude" : 51.212595,
		"Aangemaakt op" : "22/10/2018"
	},
	{
		"json_featuretype" : "Daggemiddelde_Stijn_2017",
		"Datum" : "20171205",
		"PM 1" : 10.47,
		"PM 2,5" : 11.92,
		"PM 10" : 15.97,
		"Longitude" : 3.234891,
		"Latitude" : 51.212595,
		"Aangemaakt op" : "22/10/2018"
	},
	{
		"json_featuretype" : "Daggemiddelde_Stijn_2017",
		"Datum" : "20171206",
		"PM 1" : 10.47,
		"PM 2,5" : 11.63,
		"PM 10" : 15.42,
		"Longitude" : 3.234891,
		"Latitude" : 51.212595,
		"Aangemaakt op" : "22/10/2018"
	},
	{
		"json_featuretype" : "Daggemiddelde_Stijn_2017",
		"Datum" : "20171207",
		"PM 1" : 11.07,
		"PM 2,5" : 12.76,
		"PM 10" : 16.25,
		"Longitude" : 3.234891,
		"Latitude" : 51.212595,
		"Aangemaakt op" : "22/10/2018"
	},
	{
		"json_featuretype" : "Daggemiddelde_Stijn_2017",
		"Datum" : "20171208",
		"PM 1" : 2.9,
		"PM 2,5" : 5.53,
		"PM 10" : 11.79,
		"Longitude" : 3.234891,
		"Latitude" : 51.212595,
		"Aangemaakt op" : "22/10/2018"
	},
	{
		"json_featuretype" : "Daggemiddelde_Stijn_2017",
		"Datum" : "20171209",
		"PM 1" : 4.73,
		"PM 2,5" : 6.93,
		"PM 10" : 12.01,
		"Longitude" : 3.234891,
		"Latitude" : 51.212595,
		"Aangemaakt op" : "22/10/2018"
	},
	{
		"json_featuretype" : "Daggemiddelde_Stijn_2017",
		"Datum" : "20171210",
		"PM 1" : 6.89,
		"PM 2,5" : 8.56,
		"PM 10" : 11.3,
		"Longitude" : 3.234891,
		"Latitude" : 51.212595,
		"Aangemaakt op" : "22/10/2018"
	},
	{
		"json_featuretype" : "Daggemiddelde_Stijn_2017",
		"Datum" : "20171211",
		"PM 1" : 5.89,
		"PM 2,5" : 6.61,
		"PM 10" : 8.2,
		"Longitude" : 3.234891,
		"Latitude" : 51.212595,
		"Aangemaakt op" : "22/10/2018"
	},
	{
		"json_featuretype" : "Daggemiddelde_Stijn_2017",
		"Datum" : "20171212",
		"PM 1" : 10.15,
		"PM 2,5" : 11.68,
		"PM 10" : 15.16,
		"Longitude" : 3.234891,
		"Latitude" : 51.212595,
		"Aangemaakt op" : "22/10/2018"
	},
	{
		"json_featuretype" : "Daggemiddelde_Stijn_2017",
		"Datum" : "20171213",
		"PM 1" : 6.56,
		"PM 2,5" : 8.24,
		"PM 10" : 11.24,
		"Longitude" : 3.234891,
		"Latitude" : 51.212595,
		"Aangemaakt op" : "22/10/2018"
	},
	{
		"json_featuretype" : "Daggemiddelde_Stijn_2017",
		"Datum" : "20171214",
		"PM 1" : 3.77,
		"PM 2,5" : 5.94,
		"PM 10" : 10.56,
		"Longitude" : 3.234891,
		"Latitude" : 51.212595,
		"Aangemaakt op" : "22/10/2018"
	},
	{
		"json_featuretype" : "Daggemiddelde_Stijn_2017",
		"Datum" : "20171215",
		"PM 1" : 9.02,
		"PM 2,5" : 10.41,
		"PM 10" : 13.43,
		"Longitude" : 3.234891,
		"Latitude" : 51.212595,
		"Aangemaakt op" : "22/10/2018"
	},
	{
		"json_featuretype" : "Daggemiddelde_Stijn_2017",
		"Datum" : "20171216",
		"PM 1" : 3.58,
		"PM 2,5" : 5.62,
		"PM 10" : 10.6,
		"Longitude" : 3.234891,
		"Latitude" : 51.212595,
		"Aangemaakt op" : "22/10/2018"
	},
	{
		"json_featuretype" : "Daggemiddelde_Stijn_2017",
		"Datum" : "20171217",
		"PM 1" : 8.4,
		"PM 2,5" : 10.21,
		"PM 10" : 14.17,
		"Longitude" : 3.234891,
		"Latitude" : 51.212595,
		"Aangemaakt op" : "22/10/2018"
	},
	{
		"json_featuretype" : "Daggemiddelde_Stijn_2017",
		"Datum" : "20171218",
		"PM 1" : 6.63,
		"PM 2,5" : 12.37,
		"PM 10" : 22.91,
		"Longitude" : 3.234891,
		"Latitude" : 51.212595,
		"Aangemaakt op" : "22/10/2018"
	},
	{
		"json_featuretype" : "Daggemiddelde_Stijn_2017",
		"Datum" : "20171219",
		"PM 1" : 10.58,
		"PM 2,5" : 13.4,
		"PM 10" : 17.43,
		"Longitude" : 3.234891,
		"Latitude" : 51.212595,
		"Aangemaakt op" : "22/10/2018"
	},
	{
		"json_featuretype" : "Daggemiddelde_Stijn_2017",
		"Datum" : "20171220",
		"PM 1" : 9.73,
		"PM 2,5" : 10.96,
		"PM 10" : 12.77,
		"Longitude" : 3.234891,
		"Latitude" : 51.212595,
		"Aangemaakt op" : "22/10/2018"
	},
	{
		"json_featuretype" : "Daggemiddelde_Stijn_2017",
		"Datum" : "20171221",
		"PM 1" : 14.84,
		"PM 2,5" : 15.86,
		"PM 10" : 16.98,
		"Longitude" : 3.234891,
		"Latitude" : 51.212595,
		"Aangemaakt op" : "22/10/2018"
	},
	{
		"json_featuretype" : "Daggemiddelde_Stijn_2017",
		"Datum" : "20171222",
		"PM 1" : 14.43,
		"PM 2,5" : 17.27,
		"PM 10" : 20.21,
		"Longitude" : 3.234891,
		"Latitude" : 51.212595,
		"Aangemaakt op" : "22/10/2018"
	},
	{
		"json_featuretype" : "Daggemiddelde_Stijn_2017",
		"Datum" : "20171223",
		"PM 1" : 10.6,
		"PM 2,5" : 11.53,
		"PM 10" : 12.94,
		"Longitude" : 3.234891,
		"Latitude" : 51.212595,
		"Aangemaakt op" : "22/10/2018"
	},
	{
		"json_featuretype" : "Daggemiddelde_Stijn_2017",
		"Datum" : "20171224",
		"PM 1" : 3.66,
		"PM 2,5" : 4.22,
		"PM 10" : 5.19,
		"Longitude" : 3.234891,
		"Latitude" : 51.212595,
		"Aangemaakt op" : "22/10/2018"
	},
	{
		"json_featuretype" : "Daggemiddelde_Stijn_2017",
		"Datum" : "20171225",
		"PM 1" : 4.75,
		"PM 2,5" : 5.07,
		"PM 10" : 5.82,
		"Longitude" : 3.234891,
		"Latitude" : 51.212595,
		"Aangemaakt op" : "22/10/2018"
	},
	{
		"json_featuretype" : "Daggemiddelde_Stijn_2017",
		"Datum" : "20171226",
		"PM 1" : 4.21,
		"PM 2,5" : 5.62,
		"PM 10" : 8.43,
		"Longitude" : 3.234891,
		"Latitude" : 51.212595,
		"Aangemaakt op" : "22/10/2018"
	},
	{
		"json_featuretype" : "Daggemiddelde_Stijn_2017",
		"Datum" : "20171227",
		"PM 1" : 3.05,
		"PM 2,5" : 4.7,
		"PM 10" : 8.07,
		"Longitude" : 3.234891,
		"Latitude" : 51.212595,
		"Aangemaakt op" : "22/10/2018"
	},
	{
		"json_featuretype" : "Daggemiddelde_Stijn_2017",
		"Datum" : "20171228",
		"PM 1" : 4.22,
		"PM 2,5" : 6.88,
		"PM 10" : 13.19,
		"Longitude" : 3.234891,
		"Latitude" : 51.212595,
		"Aangemaakt op" : "22/10/2018"
	},
	{
		"json_featuretype" : "Daggemiddelde_Stijn_2017",
		"Datum" : "20171229",
		"PM 1" : 7.53,
		"PM 2,5" : 9.37,
		"PM 10" : 12.79,
		"Longitude" : 3.234891,
		"Latitude" : 51.212595,
		"Aangemaakt op" : "22/10/2018"
	},
	{
		"json_featuretype" : "Daggemiddelde_Stijn_2017",
		"Datum" : "20171230",
		"PM 1" : 8.36,
		"PM 2,5" : 15,
		"PM 10" : 22.39,
		"Longitude" : 3.234891,
		"Latitude" : 51.212595,
		"Aangemaakt op" : "22/10/2018"
	},
	{
		"json_featuretype" : "Daggemiddelde_Stijn_2017",
		"Datum" : "20171231",
		"PM 1" : 2.92,
		"PM 2,5" : 4.52,
		"PM 10" : 6.43,
		"Longitude" : 3.234891,
		"Latitude" : 51.212595,
		"Aangemaakt op" : "22/10/2018"
	},
	{
		"json_featuretype" : "Daggemiddelde_Stijn_2017",
		"Aangemaakt op" : "22/10/2018"
	},
	{
		"json_featuretype" : "Daggemiddelde_Stijn_2017",
		"Aangemaakt op" : "22/10/2018"
	},
	{
		"json_featuretype" : "Daggemiddelde_Stijn_2017",
		"Aangemaakt op" : "22/10/2018"
	},
	{
		"json_featuretype" : "Daggemiddelde_Stijn_2017",
		"Aangemaakt op" : "22/10/2018"
	},
	{
		"json_featuretype" : "Daggemiddelde_Stijn_2017",
		"Aangemaakt op" : "22/10/2018"
	},
	{
		"json_featuretype" : "Daggemiddelde_Stijn_2017",
		"Aangemaakt op" : "22/10/2018"
	},
	{
		"json_featuretype" : "Daggemiddelde_Stijn_2017",
		"Aangemaakt op" : "22/10/2018"
	},
	{
		"json_featuretype" : "Daggemiddelde_Stijn_2017",
		"Aangemaakt op" : "22/10/2018"
	},
	{
		"json_featuretype" : "Daggemiddelde_Stijn_2017",
		"Aangemaakt op" : "22/10/2018"
	},
	{
		"json_featuretype" : "Daggemiddelde_Stijn_2017",
		"Aangemaakt op" : "22/10/2018"
	},
	{
		"json_featuretype" : "Daggemiddelde_Stijn_2017",
		"Aangemaakt op" : "22/10/2018"
	},
	{
		"json_featuretype" : "Daggemiddelde_Stijn_2017",
		"Aangemaakt op" : "22/10/2018"
	},
	{
		"json_featuretype" : "Daggemiddelde_Stijn_2017",
		"Aangemaakt op" : "22/10/2018"
	},
	{
		"json_featuretype" : "Daggemiddelde_Stijn_2017",
		"Aangemaakt op" : "22/10/2018"
	},
	{
		"json_featuretype" : "Daggemiddelde_Stijn_2017",
		"Aangemaakt op" : "22/10/2018"
	},
	{
		"json_featuretype" : "Daggemiddelde_Stijn_2017",
		"Aangemaakt op" : "22/10/2018"
	},
	{
		"json_featuretype" : "Daggemiddelde_Stijn_2017",
		"Aangemaakt op" : "22/10/2018"
	},
	{
		"json_featuretype" : "Daggemiddelde_Stijn_2017",
		"Aangemaakt op" : "22/10/2018"
	},
	{
		"json_featuretype" : "Daggemiddelde_Stijn_2017",
		"Aangemaakt op" : "22/10/2018"
	},
	{
		"json_featuretype" : "Daggemiddelde_Stijn_2017",
		"Aangemaakt op" : "22/10/2018"
	},
	{
		"json_featuretype" : "Daggemiddelde_Stijn_2017",
		"Aangemaakt op" : "22/10/2018"
	},
	{
		"json_featuretype" : "Daggemiddelde_Stijn_2017",
		"Aangemaakt op" : "22/10/2018"
	},
	{
		"json_featuretype" : "Daggemiddelde_Stijn_2017",
		"Aangemaakt op" : "22/10/2018"
	},
	{
		"json_featuretype" : "Daggemiddelde_Stijn_2017",
		"Aangemaakt op" : "22/10/2018"
	},
	{
		"json_featuretype" : "Daggemiddelde_Stijn_2017",
		"Aangemaakt op" : "22/10/2018"
	},
	{
		"json_featuretype" : "Daggemiddelde_Stijn_2017",
		"Aangemaakt op" : "22/10/2018"
	},
	{
		"json_featuretype" : "Daggemiddelde_Stijn_2017",
		"Aangemaakt op" : "22/10/2018"
	},
	{
		"json_featuretype" : "Daggemiddelde_Stijn_2017",
		"Aangemaakt op" : "22/10/2018"
	},
	{
		"json_featuretype" : "Daggemiddelde_Stijn_2017",
		"Aangemaakt op" : "22/10/2018"
	},
	{
		"json_featuretype" : "Daggemiddelde_Stijn_2017",
		"Aangemaakt op" : "22/10/2018"
	},
	{
		"json_featuretype" : "Daggemiddelde_Stijn_2017",
		"Aangemaakt op" : "22/10/2018"
	},
	{
		"json_featuretype" : "Daggemiddelde_Stijn_2017",
		"Aangemaakt op" : "22/10/2018"
	},
	{
		"json_featuretype" : "Daggemiddelde_Stijn_2017",
		"Aangemaakt op" : "22/10/2018"
	},
	{
		"json_featuretype" : "Daggemiddelde_Stijn_2017",
		"Aangemaakt op" : "22/10/2018"
	},
	{
		"json_featuretype" : "Daggemiddelde_Stijn_2017",
		"Aangemaakt op" : "22/10/2018"
	},
	{
		"json_featuretype" : "Daggemiddelde_Stijn_2017",
		"Aangemaakt op" : "22/10/2018"
	},
	{
		"json_featuretype" : "Daggemiddelde_Stijn_2017",
		"Aangemaakt op" : "22/10/2018"
	},
	{
		"json_featuretype" : "Daggemiddelde_Stijn_2017",
		"Aangemaakt op" : "22/10/2018"
	},
	{
		"json_featuretype" : "Daggemiddelde_Stijn_2017",
		"Aangemaakt op" : "22/10/2018"
	},
	{
		"json_featuretype" : "Daggemiddelde_Stijn_2017",
		"Aangemaakt op" : "22/10/2018"
	},
	{
		"json_featuretype" : "Daggemiddelde_Stijn_2017",
		"Aangemaakt op" : "22/10/2018"
	},
	{
		"json_featuretype" : "Daggemiddelde_Stijn_2017",
		"Aangemaakt op" : "22/10/2018"
	},
	{
		"json_featuretype" : "Daggemiddelde_Stijn_2017",
		"Aangemaakt op" : "22/10/2018"
	},
	{
		"json_featuretype" : "Daggemiddelde_Stijn_2017",
		"Aangemaakt op" : "22/10/2018"
	},
	{
		"json_featuretype" : "Daggemiddelde_Stijn_2017",
		"Aangemaakt op" : "22/10/2018"
	},
	{
		"json_featuretype" : "Daggemiddelde_Stijn_2017",
		"Aangemaakt op" : "22/10/2018"
	},
	{
		"json_featuretype" : "Daggemiddelde_Stijn_2017",
		"Aangemaakt op" : "22/10/2018"
	},
	{
		"json_featuretype" : "Daggemiddelde_Stijn_2017",
		"Aangemaakt op" : "22/10/2018"
	},
	{
		"json_featuretype" : "Daggemiddelde_Stijn_2017",
		"Aangemaakt op" : "22/10/2018"
	},
	{
		"json_featuretype" : "Daggemiddelde_Stijn_2017",
		"Aangemaakt op" : "22/10/2018"
	},
	{
		"json_featuretype" : "Daggemiddelde_Stijn_2017",
		"Aangemaakt op" : "22/10/2018"
	},
	{
		"json_featuretype" : "Daggemiddelde_Stijn_2017",
		"Aangemaakt op" : "22/10/2018"
	},
	{
		"json_featuretype" : "Daggemiddelde_Stijn_2017",
		"Aangemaakt op" : "22/10/2018"
	},
	{
		"json_featuretype" : "Daggemiddelde_Stijn_2017",
		"Aangemaakt op" : "22/10/2018"
	},
	{
		"json_featuretype" : "Daggemiddelde_Stijn_2017",
		"Aangemaakt op" : "22/10/2018"
	},
	{
		"json_featuretype" : "Daggemiddelde_Stijn_2017",
		"Aangemaakt op" : "22/10/2018"
	},
	{
		"json_featuretype" : "Daggemiddelde_Stijn_2017",
		"Aangemaakt op" : "22/10/2018"
	},
	{
		"json_featuretype" : "Daggemiddelde_Stijn_2017",
		"Aangemaakt op" : "22/10/2018"
	},
	{
		"json_featuretype" : "Daggemiddelde_Stijn_2017",
		"Aangemaakt op" : "22/10/2018"
	},
	{
		"json_featuretype" : "Daggemiddelde_Stijn_2017",
		"Aangemaakt op" : "22/10/2018"
	},
	{
		"json_featuretype" : "Daggemiddelde_Stijn_2017",
		"Aangemaakt op" : "22/10/2018"
	},
	{
		"json_featuretype" : "Daggemiddelde_Stijn_2017",
		"Aangemaakt op" : "22/10/2018"
	},
	{
		"json_featuretype" : "Daggemiddelde_Stijn_2017",
		"Aangemaakt op" : "22/10/2018"
	},
	{
		"json_featuretype" : "Daggemiddelde_Stijn_2017",
		"Aangemaakt op" : "22/10/2018"
	},
	{
		"json_featuretype" : "Daggemiddelde_Stijn_2017",
		"Aangemaakt op" : "22/10/2018"
	},
	{
		"json_featuretype" : "Daggemiddelde_Stijn_2017",
		"Aangemaakt op" : "22/10/2018"
	},
	{
		"json_featuretype" : "Daggemiddelde_Stijn_2017",
		"Aangemaakt op" : "22/10/2018"
	},
	{
		"json_featuretype" : "Daggemiddelde_Stijn_2017",
		"Aangemaakt op" : "22/10/2018"
	},
	{
		"json_featuretype" : "Daggemiddelde_Stijn_2017",
		"Aangemaakt op" : "22/10/2018"
	},
	{
		"json_featuretype" : "Daggemiddelde_Stijn_2017",
		"Aangemaakt op" : "22/10/2018"
	},
	{
		"json_featuretype" : "Daggemiddelde_Stijn_2017",
		"Aangemaakt op" : "22/10/2018"
	},
	{
		"json_featuretype" : "Daggemiddelde_Stijn_2017",
		"Aangemaakt op" : "22/10/2018"
	},
	{
		"json_featuretype" : "Daggemiddelde_Stijn_2017",
		"Aangemaakt op" : "22/10/2018"
	},
	{
		"json_featuretype" : "Daggemiddelde_Stijn_2017",
		"Aangemaakt op" : "22/10/2018"
	},
	{
		"json_featuretype" : "Daggemiddelde_Stijn_2017",
		"Aangemaakt op" : "22/10/2018"
	},
	{
		"json_featuretype" : "Daggemiddelde_Stijn_2017",
		"Aangemaakt op" : "22/10/2018"
	},
	{
		"json_featuretype" : "Daggemiddelde_Stijn_2017",
		"Aangemaakt op" : "22/10/2018"
	},
	{
		"json_featuretype" : "Daggemiddelde_Stijn_2017",
		"Aangemaakt op" : "22/10/2018"
	},
	{
		"json_featuretype" : "Daggemiddelde_Stijn_2017",
		"Aangemaakt op" : "22/10/2018"
	},
	{
		"json_featuretype" : "Daggemiddelde_Stijn_2017",
		"Aangemaakt op" : "22/10/2018"
	},
	{
		"json_featuretype" : "Daggemiddelde_Stijn_2017",
		"Aangemaakt op" : "22/10/2018"
	},
	{
		"json_featuretype" : "Daggemiddelde_Stijn_2017",
		"Aangemaakt op" : "22/10/2018"
	},
	{
		"json_featuretype" : "Daggemiddelde_Stijn_2017",
		"Aangemaakt op" : "22/10/2018"
	},
	{
		"json_featuretype" : "Daggemiddelde_Stijn_2017",
		"Aangemaakt op" : "22/10/2018"
	},
	{
		"json_featuretype" : "Daggemiddelde_Stijn_2017",
		"Aangemaakt op" : "22/10/2018"
	},
	{
		"json_featuretype" : "Daggemiddelde_Stijn_2017",
		"Aangemaakt op" : "22/10/2018"
	},
	{
		"json_featuretype" : "Daggemiddelde_Stijn_2017",
		"Aangemaakt op" : "22/10/2018"
	},
	{
		"json_featuretype" : "Daggemiddelde_Stijn_2017",
		"Aangemaakt op" : "22/10/2018"
	},
	{
		"json_featuretype" : "Daggemiddelde_Stijn_2017",
		"Aangemaakt op" : "22/10/2018"
	},
	{
		"json_featuretype" : "Daggemiddelde_Stijn_2017",
		"Aangemaakt op" : "22/10/2018"
	},
	{
		"json_featuretype" : "Daggemiddelde_Stijn_2017",
		"Aangemaakt op" : "22/10/2018"
	},
	{
		"json_featuretype" : "Daggemiddelde_Stijn_2017",
		"Aangemaakt op" : "22/10/2018"
	},
	{
		"json_featuretype" : "Daggemiddelde_Stijn_2017",
		"Aangemaakt op" : "22/10/2018"
	},
	{
		"json_featuretype" : "Daggemiddelde_Stijn_2017",
		"Aangemaakt op" : "22/10/2018"
	},
	{
		"json_featuretype" : "Daggemiddelde_Stijn_2017",
		"Aangemaakt op" : "22/10/2018"
	},
	{
		"json_featuretype" : "Daggemiddelde_Stijn_2017",
		"Aangemaakt op" : "22/10/2018"
	},
	{
		"json_featuretype" : "Daggemiddelde_Stijn_2017",
		"Aangemaakt op" : "22/10/2018"
	},
	{
		"json_featuretype" : "Daggemiddelde_Stijn_2017",
		"Aangemaakt op" : "22/10/2018"
	},
	{
		"json_featuretype" : "Daggemiddelde_Stijn_2017",
		"Aangemaakt op" : "22/10/2018"
	},
	{
		"json_featuretype" : "Daggemiddelde_Stijn_2017",
		"Aangemaakt op" : "22/10/2018"
	},
	{
		"json_featuretype" : "Daggemiddelde_Stijn_2017",
		"Aangemaakt op" : "22/10/2018"
	},
	{
		"json_featuretype" : "Daggemiddelde_Stijn_2017",
		"Aangemaakt op" : "22/10/2018"
	},
	{
		"json_featuretype" : "Daggemiddelde_Stijn_2017",
		"Aangemaakt op" : "22/10/2018"
	},
	{
		"json_featuretype" : "Daggemiddelde_Stijn_2017",
		"Aangemaakt op" : "22/10/2018"
	},
	{
		"json_featuretype" : "Daggemiddelde_Stijn_2017",
		"Aangemaakt op" : "22/10/2018"
	},
	{
		"json_featuretype" : "Daggemiddelde_Stijn_2017",
		"Aangemaakt op" : "22/10/2018"
	},
	{
		"json_featuretype" : "Daggemiddelde_Stijn_2017",
		"Aangemaakt op" : "22/10/2018"
	},
	{
		"json_featuretype" : "Daggemiddelde_Stijn_2017",
		"Aangemaakt op" : "22/10/2018"
	},
	{
		"json_featuretype" : "Daggemiddelde_Stijn_2017",
		"Aangemaakt op" : "22/10/2018"
	},
	{
		"json_featuretype" : "Daggemiddelde_Stijn_2017",
		"Aangemaakt op" : "22/10/2018"
	},
	{
		"json_featuretype" : "Daggemiddelde_Stijn_2017",
		"Aangemaakt op" : "22/10/2018"
	},
	{
		"json_featuretype" : "Daggemiddelde_Stijn_2017",
		"Aangemaakt op" : "22/10/2018"
	},
	{
		"json_featuretype" : "Daggemiddelde_Stijn_2017",
		"Aangemaakt op" : "22/10/2018"
	},
	{
		"json_featuretype" : "Daggemiddelde_Stijn_2017",
		"Aangemaakt op" : "22/10/2018"
	}
]