[
	{
		"json_featuretype" : "Daggemiddelde_Stijn_2018",
		"Datum" : "20180101",
		"PM 1" : 3.49,
		"PM 2,5" : 5.86,
		"PM 10" : 9.64,
		"Longitude" : 3.234891,
		"Latitude" : 51.212595,
		"Aangemaakt op" : "22/10/2018"
	},
	{
		"json_featuretype" : "Daggemiddelde_Stijn_2018",
		"Datum" : "20180102",
		"PM 1" : 5.57,
		"PM 2,5" : 8.96,
		"PM 10" : 15.06,
		"Longitude" : 3.234891,
		"Latitude" : 51.212595,
		"Aangemaakt op" : "22/10/2018"
	},
	{
		"json_featuretype" : "Daggemiddelde_Stijn_2018",
		"Datum" : "20180103",
		"PM 1" : 5.88,
		"PM 2,5" : 11.57,
		"PM 10" : 19.57,
		"Longitude" : 3.234891,
		"Latitude" : 51.212595,
		"Aangemaakt op" : "22/10/2018"
	},
	{
		"json_featuretype" : "Daggemiddelde_Stijn_2018",
		"Datum" : "20180104",
		"PM 1" : 6.27,
		"PM 2,5" : 11.47,
		"PM 10" : 19.06,
		"Longitude" : 3.234891,
		"Latitude" : 51.212595,
		"Aangemaakt op" : "22/10/2018"
	},
	{
		"json_featuretype" : "Daggemiddelde_Stijn_2018",
		"Datum" : "20180105",
		"PM 1" : 4.2,
		"PM 2,5" : 7.59,
		"PM 10" : 13.44,
		"Longitude" : 3.234891,
		"Latitude" : 51.212595,
		"Aangemaakt op" : "22/10/2018"
	},
	{
		"json_featuretype" : "Daggemiddelde_Stijn_2018",
		"Datum" : "20180106",
		"PM 1" : 8.65,
		"PM 2,5" : 10.27,
		"PM 10" : 12.91,
		"Longitude" : 3.234891,
		"Latitude" : 51.212595,
		"Aangemaakt op" : "22/10/2018"
	},
	{
		"json_featuretype" : "Daggemiddelde_Stijn_2018",
		"Datum" : "20180107",
		"PM 1" : 7.14,
		"PM 2,5" : 7.6,
		"PM 10" : 8.57,
		"Longitude" : 3.234891,
		"Latitude" : 51.212595,
		"Aangemaakt op" : "22/10/2018"
	},
	{
		"json_featuretype" : "Daggemiddelde_Stijn_2018",
		"Datum" : "20180108",
		"PM 1" : 13.35,
		"PM 2,5" : 14.08,
		"PM 10" : 16.06,
		"Longitude" : 3.234891,
		"Latitude" : 51.212595,
		"Aangemaakt op" : "22/10/2018"
	},
	{
		"json_featuretype" : "Daggemiddelde_Stijn_2018",
		"Datum" : "20180109",
		"PM 1" : 22.92,
		"PM 2,5" : 25.08,
		"PM 10" : 30.41,
		"Longitude" : 3.234891,
		"Latitude" : 51.212595,
		"Aangemaakt op" : "22/10/2018"
	},
	{
		"json_featuretype" : "Daggemiddelde_Stijn_2018",
		"Datum" : "20180110",
		"PM 1" : 15.55,
		"PM 2,5" : 17.8,
		"PM 10" : 22.55,
		"Longitude" : 3.234891,
		"Latitude" : 51.212595,
		"Aangemaakt op" : "22/10/2018"
	},
	{
		"json_featuretype" : "Daggemiddelde_Stijn_2018",
		"Datum" : "20180111",
		"PM 1" : 16.86,
		"PM 2,5" : 17.83,
		"PM 10" : 19.05,
		"Longitude" : 3.234891,
		"Latitude" : 51.212595,
		"Aangemaakt op" : "22/10/2018"
	},
	{
		"json_featuretype" : "Daggemiddelde_Stijn_2018",
		"Datum" : "20180112",
		"PM 1" : 25.61,
		"PM 2,5" : 28.45,
		"PM 10" : 31.52,
		"Longitude" : 3.234891,
		"Latitude" : 51.212595,
		"Aangemaakt op" : "22/10/2018"
	},
	{
		"json_featuretype" : "Daggemiddelde_Stijn_2018",
		"Datum" : "20180113",
		"PM 1" : 29.35,
		"PM 2,5" : 31.6,
		"PM 10" : 34.57,
		"Longitude" : 3.234891,
		"Latitude" : 51.212595,
		"Aangemaakt op" : "22/10/2018"
	},
	{
		"json_featuretype" : "Daggemiddelde_Stijn_2018",
		"Datum" : "20180114",
		"PM 1" : 28.43,
		"PM 2,5" : 29.99,
		"PM 10" : 32.66,
		"Longitude" : 3.234891,
		"Latitude" : 51.212595,
		"Aangemaakt op" : "22/10/2018"
	},
	{
		"json_featuretype" : "Daggemiddelde_Stijn_2018",
		"Datum" : "20180115",
		"PM 1" : 14.62,
		"PM 2,5" : 15.94,
		"PM 10" : 18.1,
		"Longitude" : 3.234891,
		"Latitude" : 51.212595,
		"Aangemaakt op" : "22/10/2018"
	},
	{
		"json_featuretype" : "Daggemiddelde_Stijn_2018",
		"Datum" : "20180116",
		"PM 1" : 3.12,
		"PM 2,5" : 5.86,
		"PM 10" : 11.18,
		"Longitude" : 3.234891,
		"Latitude" : 51.212595,
		"Aangemaakt op" : "22/10/2018"
	},
	{
		"json_featuretype" : "Daggemiddelde_Stijn_2018",
		"Datum" : "20180117",
		"PM 1" : 3.6,
		"PM 2,5" : 7.23,
		"PM 10" : 15.18,
		"Longitude" : 3.234891,
		"Latitude" : 51.212595,
		"Aangemaakt op" : "22/10/2018"
	},
	{
		"json_featuretype" : "Daggemiddelde_Stijn_2018",
		"Datum" : "20180118",
		"PM 1" : 3.01,
		"PM 2,5" : 5.25,
		"PM 10" : 9.84,
		"Longitude" : 3.234891,
		"Latitude" : 51.212595,
		"Aangemaakt op" : "22/10/2018"
	},
	{
		"json_featuretype" : "Daggemiddelde_Stijn_2018",
		"Datum" : "20180119",
		"PM 1" : 4,
		"PM 2,5" : 6.34,
		"PM 10" : 12.1,
		"Longitude" : 3.234891,
		"Latitude" : 51.212595,
		"Aangemaakt op" : "22/10/2018"
	},
	{
		"json_featuretype" : "Daggemiddelde_Stijn_2018",
		"Datum" : "20180120",
		"PM 1" : 9.03,
		"PM 2,5" : 10.33,
		"PM 10" : 12.85,
		"Longitude" : 3.234891,
		"Latitude" : 51.212595,
		"Aangemaakt op" : "22/10/2018"
	},
	{
		"json_featuretype" : "Daggemiddelde_Stijn_2018",
		"Datum" : "20180121",
		"PM 1" : 6.46,
		"PM 2,5" : 7.79,
		"PM 10" : 10.37,
		"Longitude" : 3.234891,
		"Latitude" : 51.212595,
		"Aangemaakt op" : "22/10/2018"
	},
	{
		"json_featuretype" : "Daggemiddelde_Stijn_2018",
		"Datum" : "20180122",
		"PM 1" : 5.22,
		"PM 2,5" : 8.06,
		"PM 10" : 12.4,
		"Longitude" : 3.234891,
		"Latitude" : 51.212595,
		"Aangemaakt op" : "22/10/2018"
	},
	{
		"json_featuretype" : "Daggemiddelde_Stijn_2018",
		"Datum" : "20180123",
		"PM 1" : 4.9,
		"PM 2,5" : 6.67,
		"PM 10" : 10.19,
		"Longitude" : 3.234891,
		"Latitude" : 51.212595,
		"Aangemaakt op" : "22/10/2018"
	},
	{
		"json_featuretype" : "Daggemiddelde_Stijn_2018",
		"Datum" : "20180124",
		"PM 1" : 2.06,
		"PM 2,5" : 2.49,
		"PM 10" : 3.65,
		"Longitude" : 3.234891,
		"Latitude" : 51.212595,
		"Aangemaakt op" : "22/10/2018"
	},
	{
		"json_featuretype" : "Daggemiddelde_Stijn_2018",
		"Datum" : "20180125",
		"PM 1" : 6.42,
		"PM 2,5" : 8.96,
		"PM 10" : 14.36,
		"Longitude" : 3.234891,
		"Latitude" : 51.212595,
		"Aangemaakt op" : "22/10/2018"
	},
	{
		"json_featuretype" : "Daggemiddelde_Stijn_2018",
		"Datum" : "20180126",
		"PM 1" : 10.02,
		"PM 2,5" : 12.59,
		"PM 10" : 17.03,
		"Longitude" : 3.234891,
		"Latitude" : 51.212595,
		"Aangemaakt op" : "22/10/2018"
	},
	{
		"json_featuretype" : "Daggemiddelde_Stijn_2018",
		"Datum" : "20180127",
		"PM 1" : 15.63,
		"PM 2,5" : 16.93,
		"PM 10" : 18.83,
		"Longitude" : 3.234891,
		"Latitude" : 51.212595,
		"Aangemaakt op" : "22/10/2018"
	},
	{
		"json_featuretype" : "Daggemiddelde_Stijn_2018",
		"Datum" : "20180128",
		"PM 1" : 5.81,
		"PM 2,5" : 7.64,
		"PM 10" : 9.83,
		"Longitude" : 3.234891,
		"Latitude" : 51.212595,
		"Aangemaakt op" : "22/10/2018"
	},
	{
		"json_featuretype" : "Daggemiddelde_Stijn_2018",
		"Datum" : "20180129",
		"PM 1" : 3.48,
		"PM 2,5" : 5.87,
		"PM 10" : 10.4,
		"Longitude" : 3.234891,
		"Latitude" : 51.212595,
		"Aangemaakt op" : "22/10/2018"
	},
	{
		"json_featuretype" : "Daggemiddelde_Stijn_2018",
		"Datum" : "20180130",
		"PM 1" : 9.04,
		"PM 2,5" : 11.46,
		"PM 10" : 17.19,
		"Longitude" : 3.234891,
		"Latitude" : 51.212595,
		"Aangemaakt op" : "22/10/2018"
	},
	{
		"json_featuretype" : "Daggemiddelde_Stijn_2018",
		"Datum" : "20180131",
		"PM 1" : 2.75,
		"PM 2,5" : 4.15,
		"PM 10" : 7.2,
		"Longitude" : 3.234891,
		"Latitude" : 51.212595,
		"Aangemaakt op" : "22/10/2018"
	},
	{
		"json_featuretype" : "Daggemiddelde_Stijn_2018",
		"Datum" : "20180201",
		"PM 1" : 2.91,
		"PM 2,5" : 5.02,
		"PM 10" : 9.91,
		"Longitude" : 3.234891,
		"Latitude" : 51.212595,
		"Aangemaakt op" : "22/10/2018"
	},
	{
		"json_featuretype" : "Daggemiddelde_Stijn_2018",
		"Datum" : "20180202",
		"PM 1" : 2.96,
		"PM 2,5" : 5.45,
		"PM 10" : 10.77,
		"Longitude" : 3.234891,
		"Latitude" : 51.212595,
		"Aangemaakt op" : "22/10/2018"
	},
	{
		"json_featuretype" : "Daggemiddelde_Stijn_2018",
		"Datum" : "20180203",
		"PM 1" : 8.03,
		"PM 2,5" : 9.16,
		"PM 10" : 10.85,
		"Longitude" : 3.234891,
		"Latitude" : 51.212595,
		"Aangemaakt op" : "22/10/2018"
	},
	{
		"json_featuretype" : "Daggemiddelde_Stijn_2018",
		"Datum" : "20180204",
		"PM 1" : 6.68,
		"PM 2,5" : 7.48,
		"PM 10" : 9.34,
		"Longitude" : 3.234891,
		"Latitude" : 51.212595,
		"Aangemaakt op" : "22/10/2018"
	},
	{
		"json_featuretype" : "Daggemiddelde_Stijn_2018",
		"Datum" : "20180205",
		"PM 1" : 14.44,
		"PM 2,5" : 15.1,
		"PM 10" : 16.74,
		"Longitude" : 3.234891,
		"Latitude" : 51.212595,
		"Aangemaakt op" : "22/10/2018"
	},
	{
		"json_featuretype" : "Daggemiddelde_Stijn_2018",
		"Datum" : "20180206",
		"PM 1" : 21.32,
		"PM 2,5" : 22.36,
		"PM 10" : 25.1,
		"Longitude" : 3.234891,
		"Latitude" : 51.212595,
		"Aangemaakt op" : "22/10/2018"
	},
	{
		"json_featuretype" : "Daggemiddelde_Stijn_2018",
		"Datum" : "20180207",
		"PM 1" : 16.28,
		"PM 2,5" : 17.56,
		"PM 10" : 22.46,
		"Longitude" : 3.234891,
		"Latitude" : 51.212595,
		"Aangemaakt op" : "22/10/2018"
	},
	{
		"json_featuretype" : "Daggemiddelde_Stijn_2018",
		"Datum" : "20180208",
		"PM 1" : 18.55,
		"PM 2,5" : 20.36,
		"PM 10" : 24.97,
		"Longitude" : 3.234891,
		"Latitude" : 51.212595,
		"Aangemaakt op" : "22/10/2018"
	},
	{
		"json_featuretype" : "Daggemiddelde_Stijn_2018",
		"Datum" : "20180209",
		"PM 1" : 22.3,
		"PM 2,5" : 23.79,
		"PM 10" : 28.03,
		"Longitude" : 3.234891,
		"Latitude" : 51.212595,
		"Aangemaakt op" : "22/10/2018"
	},
	{
		"json_featuretype" : "Daggemiddelde_Stijn_2018",
		"Datum" : "20180210",
		"PM 1" : 5.38,
		"PM 2,5" : 8.01,
		"PM 10" : 13.25,
		"Longitude" : 3.234891,
		"Latitude" : 51.212595,
		"Aangemaakt op" : "22/10/2018"
	},
	{
		"json_featuretype" : "Daggemiddelde_Stijn_2018",
		"Datum" : "20180211",
		"PM 1" : 2.97,
		"PM 2,5" : 4.65,
		"PM 10" : 8.23,
		"Longitude" : 3.234891,
		"Latitude" : 51.212595,
		"Aangemaakt op" : "22/10/2018"
	},
	{
		"json_featuretype" : "Daggemiddelde_Stijn_2018",
		"Datum" : "20180212",
		"PM 1" : 4.01,
		"PM 2,5" : 6.43,
		"PM 10" : 12.63,
		"Longitude" : 3.234891,
		"Latitude" : 51.212595,
		"Aangemaakt op" : "22/10/2018"
	},
	{
		"json_featuretype" : "Daggemiddelde_Stijn_2018",
		"Datum" : "20180213",
		"PM 1" : 6.35,
		"PM 2,5" : 8.02,
		"PM 10" : 12.72,
		"Longitude" : 3.234891,
		"Latitude" : 51.212595,
		"Aangemaakt op" : "22/10/2018"
	},
	{
		"json_featuretype" : "Daggemiddelde_Stijn_2018",
		"Datum" : "20180214",
		"PM 1" : 9.21,
		"PM 2,5" : 10.69,
		"PM 10" : 15.46,
		"Longitude" : 3.234891,
		"Latitude" : 51.212595,
		"Aangemaakt op" : "22/10/2018"
	},
	{
		"json_featuretype" : "Daggemiddelde_Stijn_2018",
		"Datum" : "20180215",
		"PM 1" : 7.3,
		"PM 2,5" : 9.89,
		"PM 10" : 14.42,
		"Longitude" : 3.234891,
		"Latitude" : 51.212595,
		"Aangemaakt op" : "22/10/2018"
	},
	{
		"json_featuretype" : "Daggemiddelde_Stijn_2018",
		"Datum" : "20180216",
		"PM 1" : 8.17,
		"PM 2,5" : 11.63,
		"PM 10" : 19.09,
		"Longitude" : 3.234891,
		"Latitude" : 51.212595,
		"Aangemaakt op" : "22/10/2018"
	},
	{
		"json_featuretype" : "Daggemiddelde_Stijn_2018",
		"Datum" : "20180217",
		"PM 1" : 18.44,
		"PM 2,5" : 21.22,
		"PM 10" : 26.59,
		"Longitude" : 3.234891,
		"Latitude" : 51.212595,
		"Aangemaakt op" : "22/10/2018"
	},
	{
		"json_featuretype" : "Daggemiddelde_Stijn_2018",
		"Datum" : "20180218",
		"PM 1" : 29.96,
		"PM 2,5" : 32.52,
		"PM 10" : 36.63,
		"Longitude" : 3.234891,
		"Latitude" : 51.212595,
		"Aangemaakt op" : "22/10/2018"
	},
	{
		"json_featuretype" : "Daggemiddelde_Stijn_2018",
		"Datum" : "20180219",
		"PM 1" : 24.15,
		"PM 2,5" : 25.47,
		"PM 10" : 27.5,
		"Longitude" : 3.234891,
		"Latitude" : 51.212595,
		"Aangemaakt op" : "22/10/2018"
	},
	{
		"json_featuretype" : "Daggemiddelde_Stijn_2018",
		"Datum" : "20180220",
		"PM 1" : 33.48,
		"PM 2,5" : 35.37,
		"PM 10" : 39.1,
		"Longitude" : 3.234891,
		"Latitude" : 51.212595,
		"Aangemaakt op" : "22/10/2018"
	},
	{
		"json_featuretype" : "Daggemiddelde_Stijn_2018",
		"Datum" : "20180221",
		"PM 1" : 50.95,
		"PM 2,5" : 53.35,
		"PM 10" : 57.19,
		"Longitude" : 3.234891,
		"Latitude" : 51.212595,
		"Aangemaakt op" : "22/10/2018"
	},
	{
		"json_featuretype" : "Daggemiddelde_Stijn_2018",
		"Datum" : "20180222",
		"PM 1" : 25.56,
		"PM 2,5" : 26.83,
		"PM 10" : 30.01,
		"Longitude" : 3.234891,
		"Latitude" : 51.212595,
		"Aangemaakt op" : "22/10/2018"
	},
	{
		"json_featuretype" : "Daggemiddelde_Stijn_2018",
		"Datum" : "20180223",
		"PM 1" : 21.44,
		"PM 2,5" : 22.46,
		"PM 10" : 25.86,
		"Longitude" : 3.234891,
		"Latitude" : 51.212595,
		"Aangemaakt op" : "22/10/2018"
	},
	{
		"json_featuretype" : "Daggemiddelde_Stijn_2018",
		"Datum" : "20180224",
		"PM 1" : 16.04,
		"PM 2,5" : 17.38,
		"PM 10" : 21.98,
		"Longitude" : 3.234891,
		"Latitude" : 51.212595,
		"Aangemaakt op" : "22/10/2018"
	},
	{
		"json_featuretype" : "Daggemiddelde_Stijn_2018",
		"Datum" : "20180224",
		"PM 1" : 7.45,
		"PM 2,5" : 8.19,
		"PM 10" : 10.84,
		"Longitude" : 3.234891,
		"Latitude" : 51.212595,
		"Aangemaakt op" : "22/10/2018"
	},
	{
		"json_featuretype" : "Daggemiddelde_Stijn_2018",
		"Datum" : "20180226",
		"PM 1" : 8.74,
		"PM 2,5" : 9.44,
		"PM 10" : 12.34,
		"Longitude" : 3.234891,
		"Latitude" : 51.212595,
		"Aangemaakt op" : "22/10/2018"
	},
	{
		"json_featuretype" : "Daggemiddelde_Stijn_2018",
		"Datum" : "20180227",
		"PM 1" : 6.34,
		"PM 2,5" : 7.1,
		"PM 10" : 10.8,
		"Longitude" : 3.234891,
		"Latitude" : 51.212595,
		"Aangemaakt op" : "22/10/2018"
	},
	{
		"json_featuretype" : "Daggemiddelde_Stijn_2018",
		"Datum" : "20180228",
		"PM 1" : 21.97,
		"PM 2,5" : 24.01,
		"PM 10" : 34.27,
		"Longitude" : 3.234891,
		"Latitude" : 51.212595,
		"Aangemaakt op" : "22/10/2018"
	},
	{
		"json_featuretype" : "Daggemiddelde_Stijn_2018",
		"Datum" : "20180301",
		"PM 1" : 25.75,
		"PM 2,5" : 29.42,
		"PM 10" : 49.5,
		"Longitude" : 3.234891,
		"Latitude" : 51.212595,
		"Aangemaakt op" : "22/10/2018"
	},
	{
		"json_featuretype" : "Daggemiddelde_Stijn_2018",
		"Datum" : "20180302",
		"PM 1" : 42.15,
		"PM 2,5" : 45.5,
		"PM 10" : 57.66,
		"Longitude" : 3.234891,
		"Latitude" : 51.212595,
		"Aangemaakt op" : "22/10/2018"
	},
	{
		"json_featuretype" : "Daggemiddelde_Stijn_2018",
		"Datum" : "20180303",
		"PM 1" : 68.03,
		"PM 2,5" : 71.52,
		"PM 10" : 76.07,
		"Longitude" : 3.234891,
		"Latitude" : 51.212595,
		"Aangemaakt op" : "22/10/2018"
	},
	{
		"json_featuretype" : "Daggemiddelde_Stijn_2018",
		"Datum" : "20180304",
		"PM 1" : 20.03,
		"PM 2,5" : 21.51,
		"PM 10" : 24.09,
		"Longitude" : 3.234891,
		"Latitude" : 51.212595,
		"Aangemaakt op" : "22/10/2018"
	},
	{
		"json_featuretype" : "Daggemiddelde_Stijn_2018",
		"Datum" : "20180305",
		"PM 1" : 10.89,
		"PM 2,5" : 12.35,
		"PM 10" : 15.98,
		"Longitude" : 3.234891,
		"Latitude" : 51.212595,
		"Aangemaakt op" : "22/10/2018"
	},
	{
		"json_featuretype" : "Daggemiddelde_Stijn_2018",
		"Datum" : "20180306",
		"PM 1" : 11.32,
		"PM 2,5" : 12.68,
		"PM 10" : 17.25,
		"Longitude" : 3.234891,
		"Latitude" : 51.212595,
		"Aangemaakt op" : "22/10/2018"
	},
	{
		"json_featuretype" : "Daggemiddelde_Stijn_2018",
		"Datum" : "20180307",
		"PM 1" : 12.79,
		"PM 2,5" : 14.09,
		"PM 10" : 17.38,
		"Longitude" : 3.234891,
		"Latitude" : 51.212595,
		"Aangemaakt op" : "22/10/2018"
	},
	{
		"json_featuretype" : "Daggemiddelde_Stijn_2018",
		"Datum" : "20180308",
		"PM 1" : 4.26,
		"PM 2,5" : 6.57,
		"PM 10" : 11.45,
		"Longitude" : 3.234891,
		"Latitude" : 51.212595,
		"Aangemaakt op" : "22/10/2018"
	},
	{
		"json_featuretype" : "Daggemiddelde_Stijn_2018",
		"Datum" : "20180309",
		"PM 1" : 9.09,
		"PM 2,5" : 11.42,
		"PM 10" : 16.87,
		"Longitude" : 3.234891,
		"Latitude" : 51.212595,
		"Aangemaakt op" : "22/10/2018"
	},
	{
		"json_featuretype" : "Daggemiddelde_Stijn_2018",
		"Datum" : "20180310",
		"PM 1" : 10.24,
		"PM 2,5" : 11.24,
		"PM 10" : 14.12,
		"Longitude" : 3.234891,
		"Latitude" : 51.212595,
		"Aangemaakt op" : "22/10/2018"
	},
	{
		"json_featuretype" : "Daggemiddelde_Stijn_2018",
		"Datum" : "20180311",
		"PM 1" : 8,
		"PM 2,5" : 9.13,
		"PM 10" : 11.19,
		"Longitude" : 3.234891,
		"Latitude" : 51.212595,
		"Aangemaakt op" : "22/10/2018"
	},
	{
		"json_featuretype" : "Daggemiddelde_Stijn_2018",
		"Datum" : "20180312",
		"PM 1" : 4.37,
		"PM 2,5" : 5.43,
		"PM 10" : 7.86,
		"Longitude" : 3.234891,
		"Latitude" : 51.212595,
		"Aangemaakt op" : "22/10/2018"
	},
	{
		"json_featuretype" : "Daggemiddelde_Stijn_2018",
		"Datum" : "20180313",
		"PM 1" : 6.17,
		"PM 2,5" : 7.96,
		"PM 10" : 11.72,
		"Longitude" : 3.234891,
		"Latitude" : 51.212595,
		"Aangemaakt op" : "22/10/2018"
	},
	{
		"json_featuretype" : "Daggemiddelde_Stijn_2018",
		"Datum" : "20180314",
		"PM 1" : 11.43,
		"PM 2,5" : 12.76,
		"PM 10" : 15.77,
		"Longitude" : 3.234891,
		"Latitude" : 51.212595,
		"Aangemaakt op" : "22/10/2018"
	},
	{
		"json_featuretype" : "Daggemiddelde_Stijn_2018",
		"Datum" : "20180315",
		"PM 1" : 11.5,
		"PM 2,5" : 12.5,
		"PM 10" : 15.26,
		"Longitude" : 3.234891,
		"Latitude" : 51.212595,
		"Aangemaakt op" : "22/10/2018"
	},
	{
		"json_featuretype" : "Daggemiddelde_Stijn_2018",
		"Datum" : "20180316",
		"PM 1" : 11.74,
		"PM 2,5" : 14.3,
		"PM 10" : 19.65,
		"Longitude" : 3.234891,
		"Latitude" : 51.212595,
		"Aangemaakt op" : "22/10/2018"
	},
	{
		"json_featuretype" : "Daggemiddelde_Stijn_2018",
		"Datum" : "20180317",
		"PM 1" : 16,
		"PM 2,5" : 16.8,
		"PM 10" : 19.27,
		"Longitude" : 3.234891,
		"Latitude" : 51.212595,
		"Aangemaakt op" : "22/10/2018"
	},
	{
		"json_featuretype" : "Daggemiddelde_Stijn_2018",
		"Datum" : "20180318",
		"PM 1" : 14.6,
		"PM 2,5" : 16,
		"PM 10" : 22.48,
		"Longitude" : 3.234891,
		"Latitude" : 51.212595,
		"Aangemaakt op" : "22/10/2018"
	},
	{
		"json_featuretype" : "Daggemiddelde_Stijn_2018",
		"Datum" : "20180319",
		"PM 1" : 9.76,
		"PM 2,5" : 11.18,
		"PM 10" : 17.7,
		"Longitude" : 3.234891,
		"Latitude" : 51.212595,
		"Aangemaakt op" : "22/10/2018"
	},
	{
		"json_featuretype" : "Daggemiddelde_Stijn_2018",
		"Datum" : "20180320",
		"PM 1" : 4.65,
		"PM 2,5" : 8.94,
		"PM 10" : 19.89,
		"Longitude" : 3.234891,
		"Latitude" : 51.212595,
		"Aangemaakt op" : "22/10/2018"
	},
	{
		"json_featuretype" : "Daggemiddelde_Stijn_2018",
		"Datum" : "20180321",
		"PM 1" : 6.94,
		"PM 2,5" : 9.54,
		"PM 10" : 14.39,
		"Longitude" : 3.234891,
		"Latitude" : 51.212595,
		"Aangemaakt op" : "22/10/2018"
	},
	{
		"json_featuretype" : "Daggemiddelde_Stijn_2018",
		"Datum" : "20180322",
		"PM 1" : 11.07,
		"PM 2,5" : 14.07,
		"PM 10" : 19.19,
		"Longitude" : 3.234891,
		"Latitude" : 51.212595,
		"Aangemaakt op" : "22/10/2018"
	},
	{
		"json_featuretype" : "Daggemiddelde_Stijn_2018",
		"Datum" : "20180323",
		"PM 1" : 11.58,
		"PM 2,5" : 13.15,
		"PM 10" : 16.94,
		"Longitude" : 3.234891,
		"Latitude" : 51.212595,
		"Aangemaakt op" : "22/10/2018"
	},
	{
		"json_featuretype" : "Daggemiddelde_Stijn_2018",
		"Datum" : "20180324",
		"PM 1" : 15.45,
		"PM 2,5" : 16.37,
		"PM 10" : 18.77,
		"Longitude" : 3.234891,
		"Latitude" : 51.212595,
		"Aangemaakt op" : "22/10/2018"
	},
	{
		"json_featuretype" : "Daggemiddelde_Stijn_2018",
		"Datum" : "20180325",
		"PM 1" : 32.51,
		"PM 2,5" : 33.93,
		"PM 10" : 36.07,
		"Longitude" : 3.234891,
		"Latitude" : 51.212595,
		"Aangemaakt op" : "22/10/2018"
	},
	{
		"json_featuretype" : "Daggemiddelde_Stijn_2018",
		"Datum" : "20180326",
		"PM 1" : 14.39,
		"PM 2,5" : 15.9,
		"PM 10" : 19.11,
		"Longitude" : 3.234891,
		"Latitude" : 51.212595,
		"Aangemaakt op" : "22/10/2018"
	},
	{
		"json_featuretype" : "Daggemiddelde_Stijn_2018",
		"Datum" : "20180327",
		"PM 1" : 15.12,
		"PM 2,5" : 17.07,
		"PM 10" : 21.73,
		"Longitude" : 3.234891,
		"Latitude" : 51.212595,
		"Aangemaakt op" : "22/10/2018"
	},
	{
		"json_featuretype" : "Daggemiddelde_Stijn_2018",
		"Datum" : "20180328",
		"PM 1" : 6.23,
		"PM 2,5" : 7.88,
		"PM 10" : 10.57,
		"Longitude" : 3.234891,
		"Latitude" : 51.212595,
		"Aangemaakt op" : "22/10/2018"
	},
	{
		"json_featuretype" : "Daggemiddelde_Stijn_2018",
		"Datum" : "20180329",
		"PM 1" : 6.87,
		"PM 2,5" : 8.17,
		"PM 10" : 11.49,
		"Longitude" : 3.234891,
		"Latitude" : 51.212595,
		"Aangemaakt op" : "22/10/2018"
	},
	{
		"json_featuretype" : "Daggemiddelde_Stijn_2018",
		"Datum" : "20180330",
		"PM 1" : 4.97,
		"PM 2,5" : 5.93,
		"PM 10" : 9.11,
		"Longitude" : 3.234891,
		"Latitude" : 51.212595,
		"Aangemaakt op" : "22/10/2018"
	},
	{
		"json_featuretype" : "Daggemiddelde_Stijn_2018",
		"Datum" : "20180331",
		"PM 1" : 7.09,
		"PM 2,5" : 7.82,
		"PM 10" : 9.82,
		"Longitude" : 3.234891,
		"Latitude" : 51.212595,
		"Aangemaakt op" : "22/10/2018"
	},
	{
		"json_featuretype" : "Daggemiddelde_Stijn_2018",
		"Datum" : "20180401",
		"PM 1" : 14,
		"PM 2,5" : 15.47,
		"PM 10" : 17.56,
		"Longitude" : 3.234891,
		"Latitude" : 51.212595,
		"Aangemaakt op" : "22/10/2018"
	},
	{
		"json_featuretype" : "Daggemiddelde_Stijn_2018",
		"Datum" : "20180402",
		"PM 1" : 12.56,
		"PM 2,5" : 13.61,
		"PM 10" : 15.77,
		"Longitude" : 3.234891,
		"Latitude" : 51.212595,
		"Aangemaakt op" : "22/10/2018"
	},
	{
		"json_featuretype" : "Daggemiddelde_Stijn_2018",
		"Datum" : "20180403",
		"PM 1" : 5.88,
		"PM 2,5" : 7.02,
		"PM 10" : 9.56,
		"Longitude" : 3.234891,
		"Latitude" : 51.212595,
		"Aangemaakt op" : "22/10/2018"
	},
	{
		"json_featuretype" : "Daggemiddelde_Stijn_2018",
		"Datum" : "20180404",
		"PM 1" : 4.07,
		"PM 2,5" : 5.18,
		"PM 10" : 7.85,
		"Longitude" : 3.234891,
		"Latitude" : 51.212595,
		"Aangemaakt op" : "22/10/2018"
	},
	{
		"json_featuretype" : "Daggemiddelde_Stijn_2018",
		"Datum" : "20180405",
		"PM 1" : 4.51,
		"PM 2,5" : 6.47,
		"PM 10" : 10.39,
		"Longitude" : 3.234891,
		"Latitude" : 51.212595,
		"Aangemaakt op" : "22/10/2018"
	},
	{
		"json_featuretype" : "Daggemiddelde_Stijn_2018",
		"Datum" : "20180406",
		"PM 1" : 7.78,
		"PM 2,5" : 9.84,
		"PM 10" : 15.68,
		"Longitude" : 3.234891,
		"Latitude" : 51.212595,
		"Aangemaakt op" : "22/10/2018"
	},
	{
		"json_featuretype" : "Daggemiddelde_Stijn_2018",
		"Datum" : "20180407",
		"PM 1" : 7.96,
		"PM 2,5" : 10.37,
		"PM 10" : 16.81,
		"Longitude" : 3.234891,
		"Latitude" : 51.212595,
		"Aangemaakt op" : "22/10/2018"
	},
	{
		"json_featuretype" : "Daggemiddelde_Stijn_2018",
		"Datum" : "20180408",
		"PM 1" : 19.19,
		"PM 2,5" : 21.88,
		"PM 10" : 25.42,
		"Longitude" : 3.234891,
		"Latitude" : 51.212595,
		"Aangemaakt op" : "22/10/2018"
	},
	{
		"json_featuretype" : "Daggemiddelde_Stijn_2018",
		"Datum" : "20180409",
		"PM 1" : 21.24,
		"PM 2,5" : 24.17,
		"PM 10" : 28.91,
		"Longitude" : 3.234891,
		"Latitude" : 51.212595,
		"Aangemaakt op" : "22/10/2018"
	},
	{
		"json_featuretype" : "Daggemiddelde_Stijn_2018",
		"Datum" : "20180410",
		"PM 1" : 14.74,
		"PM 2,5" : 16.55,
		"PM 10" : 20.68,
		"Longitude" : 3.234891,
		"Latitude" : 51.212595,
		"Aangemaakt op" : "22/10/2018"
	},
	{
		"json_featuretype" : "Daggemiddelde_Stijn_2018",
		"Datum" : "20180411",
		"PM 1" : 16.34,
		"PM 2,5" : 17.86,
		"PM 10" : 21.74,
		"Longitude" : 3.234891,
		"Latitude" : 51.212595,
		"Aangemaakt op" : "22/10/2018"
	},
	{
		"json_featuretype" : "Daggemiddelde_Stijn_2018",
		"Datum" : "20180412",
		"PM 1" : 39.24,
		"PM 2,5" : 41.85,
		"PM 10" : 46.19,
		"Longitude" : 3.234891,
		"Latitude" : 51.212595,
		"Aangemaakt op" : "22/10/2018"
	},
	{
		"json_featuretype" : "Daggemiddelde_Stijn_2018",
		"Datum" : "20180413",
		"PM 1" : 23.32,
		"PM 2,5" : 25.3,
		"PM 10" : 28.46,
		"Longitude" : 3.234891,
		"Latitude" : 51.212595,
		"Aangemaakt op" : "22/10/2018"
	},
	{
		"json_featuretype" : "Daggemiddelde_Stijn_2018",
		"Datum" : "20180414",
		"PM 1" : 25.6,
		"PM 2,5" : 27.21,
		"PM 10" : 29.43,
		"Longitude" : 3.234891,
		"Latitude" : 51.212595,
		"Aangemaakt op" : "22/10/2018"
	},
	{
		"json_featuretype" : "Daggemiddelde_Stijn_2018",
		"Datum" : "20180415",
		"PM 1" : 14.84,
		"PM 2,5" : 15.9,
		"PM 10" : 17.94,
		"Longitude" : 3.234891,
		"Latitude" : 51.212595,
		"Aangemaakt op" : "22/10/2018"
	},
	{
		"json_featuretype" : "Daggemiddelde_Stijn_2018",
		"Datum" : "20180416",
		"PM 1" : 4.5,
		"PM 2,5" : 7.87,
		"PM 10" : 14.36,
		"Longitude" : 3.234891,
		"Latitude" : 51.212595,
		"Aangemaakt op" : "22/10/2018"
	},
	{
		"json_featuretype" : "Daggemiddelde_Stijn_2018",
		"Datum" : "20180417",
		"PM 1" : 7.12,
		"PM 2,5" : 10.48,
		"PM 10" : 17.87,
		"Longitude" : 3.234891,
		"Latitude" : 51.212595,
		"Aangemaakt op" : "22/10/2018"
	},
	{
		"json_featuretype" : "Daggemiddelde_Stijn_2018",
		"Datum" : "20180418",
		"PM 1" : 11.49,
		"PM 2,5" : 15.13,
		"PM 10" : 25.75,
		"Longitude" : 3.234891,
		"Latitude" : 51.212595,
		"Aangemaakt op" : "22/10/2018"
	},
	{
		"json_featuretype" : "Daggemiddelde_Stijn_2018",
		"Datum" : "20180419",
		"PM 1" : 15.05,
		"PM 2,5" : 18.35,
		"PM 10" : 32.19,
		"Longitude" : 3.234891,
		"Latitude" : 51.212595,
		"Aangemaakt op" : "22/10/2018"
	},
	{
		"json_featuretype" : "Daggemiddelde_Stijn_2018",
		"Datum" : "20180420",
		"PM 1" : 30.96,
		"PM 2,5" : 34.41,
		"PM 10" : 45,
		"Longitude" : 3.234891,
		"Latitude" : 51.212595,
		"Aangemaakt op" : "22/10/2018"
	},
	{
		"json_featuretype" : "Daggemiddelde_Stijn_2018",
		"Datum" : "20180421",
		"PM 1" : 34.23,
		"PM 2,5" : 37.65,
		"PM 10" : 45.56,
		"Longitude" : 3.234891,
		"Latitude" : 51.212595,
		"Aangemaakt op" : "22/10/2018"
	},
	{
		"json_featuretype" : "Daggemiddelde_Stijn_2018",
		"Datum" : "20180422",
		"PM 1" : 19.84,
		"PM 2,5" : 24.26,
		"PM 10" : 36.83,
		"Longitude" : 3.234891,
		"Latitude" : 51.212595,
		"Aangemaakt op" : "22/10/2018"
	},
	{
		"json_featuretype" : "Daggemiddelde_Stijn_2018",
		"Datum" : "20180423",
		"PM 1" : 6.33,
		"PM 2,5" : 8.54,
		"PM 10" : 14.64,
		"Longitude" : 3.234891,
		"Latitude" : 51.212595,
		"Aangemaakt op" : "22/10/2018"
	},
	{
		"json_featuretype" : "Daggemiddelde_Stijn_2018",
		"Datum" : "20180424",
		"PM 1" : 5.64,
		"PM 2,5" : 7.37,
		"PM 10" : 12.32,
		"Longitude" : 3.234891,
		"Latitude" : 51.212595,
		"Aangemaakt op" : "22/10/2018"
	},
	{
		"json_featuretype" : "Daggemiddelde_Stijn_2018",
		"Datum" : "20180425",
		"PM 1" : 3.66,
		"PM 2,5" : 6.13,
		"PM 10" : 13.06,
		"Longitude" : 3.234891,
		"Latitude" : 51.212595,
		"Aangemaakt op" : "22/10/2018"
	},
	{
		"json_featuretype" : "Daggemiddelde_Stijn_2018",
		"Datum" : "20180426",
		"PM 1" : 3.3,
		"PM 2,5" : 6.86,
		"PM 10" : 15.12,
		"Longitude" : 3.234891,
		"Latitude" : 51.212595,
		"Aangemaakt op" : "22/10/2018"
	},
	{
		"json_featuretype" : "Daggemiddelde_Stijn_2018",
		"Datum" : "20180427",
		"PM 1" : 4.93,
		"PM 2,5" : 8.06,
		"PM 10" : 16.83,
		"Longitude" : 3.234891,
		"Latitude" : 51.212595,
		"Aangemaakt op" : "22/10/2018"
	},
	{
		"json_featuretype" : "Daggemiddelde_Stijn_2018",
		"Datum" : "20180428",
		"PM 1" : 8.5,
		"PM 2,5" : 9.92,
		"PM 10" : 12.87,
		"Longitude" : 3.234891,
		"Latitude" : 51.212595,
		"Aangemaakt op" : "22/10/2018"
	},
	{
		"json_featuretype" : "Daggemiddelde_Stijn_2018",
		"Datum" : "20180429",
		"PM 1" : 12.23,
		"PM 2,5" : 13.25,
		"PM 10" : 14.83,
		"Longitude" : 3.234891,
		"Latitude" : 51.212595,
		"Aangemaakt op" : "22/10/2018"
	},
	{
		"json_featuretype" : "Daggemiddelde_Stijn_2018",
		"Datum" : "20180430",
		"PM 1" : 5.42,
		"PM 2,5" : 6.3,
		"PM 10" : 8.7,
		"Longitude" : 3.234891,
		"Latitude" : 51.212595,
		"Aangemaakt op" : "22/10/2018"
	},
	{
		"json_featuretype" : "Daggemiddelde_Stijn_2018",
		"Datum" : "20180501",
		"PM 1" : 4.76,
		"PM 2,5" : 6.68,
		"PM 10" : 10.87,
		"Longitude" : 3.234891,
		"Latitude" : 51.212595,
		"Aangemaakt op" : "22/10/2018"
	},
	{
		"json_featuretype" : "Daggemiddelde_Stijn_2018",
		"Datum" : "20180502",
		"PM 1" : 6.22,
		"PM 2,5" : 7.62,
		"PM 10" : 12.54,
		"Longitude" : 3.234891,
		"Latitude" : 51.212595,
		"Aangemaakt op" : "22/10/2018"
	},
	{
		"json_featuretype" : "Daggemiddelde_Stijn_2018",
		"Datum" : "20180503",
		"PM 1" : 4.31,
		"PM 2,5" : 5.87,
		"PM 10" : 8.96,
		"Longitude" : 3.234891,
		"Latitude" : 51.212595,
		"Aangemaakt op" : "22/10/2018"
	},
	{
		"json_featuretype" : "Daggemiddelde_Stijn_2018",
		"Datum" : "20180504",
		"PM 1" : 8.9,
		"PM 2,5" : 10.97,
		"PM 10" : 14.85,
		"Longitude" : 3.234891,
		"Latitude" : 51.212595,
		"Aangemaakt op" : "22/10/2018"
	},
	{
		"json_featuretype" : "Daggemiddelde_Stijn_2018",
		"Datum" : "20180505",
		"PM 1" : 12.98,
		"PM 2,5" : 15.54,
		"PM 10" : 21.42,
		"Longitude" : 3.234891,
		"Latitude" : 51.212595,
		"Aangemaakt op" : "22/10/2018"
	},
	{
		"json_featuretype" : "Daggemiddelde_Stijn_2018",
		"Datum" : "20180506",
		"PM 1" : 21.28,
		"PM 2,5" : 23.91,
		"PM 10" : 31.12,
		"Longitude" : 3.234891,
		"Latitude" : 51.212595,
		"Aangemaakt op" : "22/10/2018"
	},
	{
		"json_featuretype" : "Daggemiddelde_Stijn_2018",
		"Datum" : "20180507",
		"PM 1" : 16.14,
		"PM 2,5" : 18.45,
		"PM 10" : 27.22,
		"Longitude" : 3.234891,
		"Latitude" : 51.212595,
		"Aangemaakt op" : "22/10/2018"
	},
	{
		"json_featuretype" : "Daggemiddelde_Stijn_2018",
		"Datum" : "20180508",
		"PM 1" : 26.01,
		"PM 2,5" : 29.39,
		"PM 10" : 41.21,
		"Longitude" : 3.234891,
		"Latitude" : 51.212595,
		"Aangemaakt op" : "22/10/2018"
	},
	{
		"json_featuretype" : "Daggemiddelde_Stijn_2018",
		"Datum" : "20180509",
		"PM 1" : 17.78,
		"PM 2,5" : 20.38,
		"PM 10" : 27.05,
		"Longitude" : 3.234891,
		"Latitude" : 51.212595,
		"Aangemaakt op" : "22/10/2018"
	},
	{
		"json_featuretype" : "Daggemiddelde_Stijn_2018",
		"Datum" : "20180510",
		"PM 1" : 5.77,
		"PM 2,5" : 8.9,
		"PM 10" : 13.48,
		"Longitude" : 3.234891,
		"Latitude" : 51.212595,
		"Aangemaakt op" : "22/10/2018"
	},
	{
		"json_featuretype" : "Daggemiddelde_Stijn_2018",
		"Datum" : "20180511",
		"PM 1" : 8.47,
		"PM 2,5" : 11.22,
		"PM 10" : 17.33,
		"Longitude" : 3.234891,
		"Latitude" : 51.212595,
		"Aangemaakt op" : "22/10/2018"
	},
	{
		"json_featuretype" : "Daggemiddelde_Stijn_2018",
		"Datum" : "20180512",
		"PM 1" : 12.16,
		"PM 2,5" : 14.89,
		"PM 10" : 23.24,
		"Longitude" : 3.234891,
		"Latitude" : 51.212595,
		"Aangemaakt op" : "22/10/2018"
	},
	{
		"json_featuretype" : "Daggemiddelde_Stijn_2018",
		"Datum" : "20180513",
		"PM 1" : 11.71,
		"PM 2,5" : 13.38,
		"PM 10" : 15.86,
		"Longitude" : 3.234891,
		"Latitude" : 51.212595,
		"Aangemaakt op" : "22/10/2018"
	},
	{
		"json_featuretype" : "Daggemiddelde_Stijn_2018",
		"Datum" : "20180514",
		"PM 1" : 16.08,
		"PM 2,5" : 19.14,
		"PM 10" : 23.68,
		"Longitude" : 3.234891,
		"Latitude" : 51.212595,
		"Aangemaakt op" : "22/10/2018"
	},
	{
		"json_featuretype" : "Daggemiddelde_Stijn_2018",
		"Datum" : "20180515",
		"PM 1" : 22.39,
		"PM 2,5" : 26.45,
		"PM 10" : 37.31,
		"Longitude" : 3.234891,
		"Latitude" : 51.212595,
		"Aangemaakt op" : "22/10/2018"
	},
	{
		"json_featuretype" : "Daggemiddelde_Stijn_2018",
		"Datum" : "20180516",
		"PM 1" : 12.56,
		"PM 2,5" : 17.89,
		"PM 10" : 28.15,
		"Longitude" : 3.234891,
		"Latitude" : 51.212595,
		"Aangemaakt op" : "22/10/2018"
	},
	{
		"json_featuretype" : "Daggemiddelde_Stijn_2018",
		"Datum" : "20180517",
		"PM 1" : 5.36,
		"PM 2,5" : 11.23,
		"PM 10" : 22.71,
		"Longitude" : 3.234891,
		"Latitude" : 51.212595,
		"Aangemaakt op" : "22/10/2018"
	},
	{
		"json_featuretype" : "Daggemiddelde_Stijn_2018",
		"Datum" : "20180518",
		"PM 1" : 5.25,
		"PM 2,5" : 9.24,
		"PM 10" : 16.13,
		"Longitude" : 3.234891,
		"Latitude" : 51.212595,
		"Aangemaakt op" : "22/10/2018"
	},
	{
		"json_featuretype" : "Daggemiddelde_Stijn_2018",
		"Datum" : "20180519",
		"PM 1" : 7.95,
		"PM 2,5" : 10.72,
		"PM 10" : 14.93,
		"Longitude" : 3.234891,
		"Latitude" : 51.212595,
		"Aangemaakt op" : "22/10/2018"
	},
	{
		"json_featuretype" : "Daggemiddelde_Stijn_2018",
		"Datum" : "20180520",
		"PM 1" : 26.78,
		"PM 2,5" : 30.47,
		"PM 10" : 35.54,
		"Longitude" : 3.234891,
		"Latitude" : 51.212595,
		"Aangemaakt op" : "22/10/2018"
	},
	{
		"json_featuretype" : "Daggemiddelde_Stijn_2018",
		"Datum" : "20180521",
		"PM 1" : 20.49,
		"PM 2,5" : 22.75,
		"PM 10" : 28.5,
		"Longitude" : 3.234891,
		"Latitude" : 51.212595,
		"Aangemaakt op" : "22/10/2018"
	},
	{
		"json_featuretype" : "Daggemiddelde_Stijn_2018",
		"Datum" : "20180522",
		"PM 1" : 14.17,
		"PM 2,5" : 16.4,
		"PM 10" : 22.7,
		"Longitude" : 3.234891,
		"Latitude" : 51.212595,
		"Aangemaakt op" : "22/10/2018"
	},
	{
		"json_featuretype" : "Daggemiddelde_Stijn_2018",
		"Datum" : "20180523",
		"PM 1" : 17.13,
		"PM 2,5" : 21.28,
		"PM 10" : 29.17,
		"Longitude" : 3.234891,
		"Latitude" : 51.212595,
		"Aangemaakt op" : "22/10/2018"
	},
	{
		"json_featuretype" : "Daggemiddelde_Stijn_2018",
		"Datum" : "20180524",
		"PM 1" : 22.09,
		"PM 2,5" : 23.88,
		"PM 10" : 30.49,
		"Longitude" : 3.234891,
		"Latitude" : 51.212595,
		"Aangemaakt op" : "22/10/2018"
	},
	{
		"json_featuretype" : "Daggemiddelde_Stijn_2018",
		"Datum" : "20180525",
		"PM 1" : 41.32,
		"PM 2,5" : 44.9,
		"PM 10" : 49.39,
		"Longitude" : 3.234891,
		"Latitude" : 51.212595,
		"Aangemaakt op" : "22/10/2018"
	},
	{
		"json_featuretype" : "Daggemiddelde_Stijn_2018",
		"Datum" : "20180526",
		"PM 1" : 25.39,
		"PM 2,5" : 26.89,
		"PM 10" : 31.45,
		"Longitude" : 3.234891,
		"Latitude" : 51.212595,
		"Aangemaakt op" : "22/10/2018"
	},
	{
		"json_featuretype" : "Daggemiddelde_Stijn_2018",
		"Datum" : "20180527",
		"PM 1" : 15.55,
		"PM 2,5" : 17.7,
		"PM 10" : 24.47,
		"Longitude" : 3.234891,
		"Latitude" : 51.212595,
		"Aangemaakt op" : "22/10/2018"
	},
	{
		"json_featuretype" : "Daggemiddelde_Stijn_2018",
		"Datum" : "20180528",
		"PM 1" : 30.79,
		"PM 2,5" : 34.59,
		"PM 10" : 44.81,
		"Longitude" : 3.234891,
		"Latitude" : 51.212595,
		"Aangemaakt op" : "22/10/2018"
	},
	{
		"json_featuretype" : "Daggemiddelde_Stijn_2018",
		"Datum" : "20180529",
		"PM 1" : 38.69,
		"PM 2,5" : 43.33,
		"PM 10" : 51.72,
		"Longitude" : 3.234891,
		"Latitude" : 51.212595,
		"Aangemaakt op" : "22/10/2018"
	},
	{
		"json_featuretype" : "Daggemiddelde_Stijn_2018",
		"Datum" : "20180530",
		"PM 1" : 36.78,
		"PM 2,5" : 41.14,
		"PM 10" : 47.56,
		"Longitude" : 3.234891,
		"Latitude" : 51.212595,
		"Aangemaakt op" : "22/10/2018"
	},
	{
		"json_featuretype" : "Daggemiddelde_Stijn_2018",
		"Datum" : "20180531",
		"PM 1" : 20.86,
		"PM 2,5" : 23.32,
		"PM 10" : 28.51,
		"Longitude" : 3.234891,
		"Latitude" : 51.212595,
		"Aangemaakt op" : "22/10/2018"
	},
	{
		"json_featuretype" : "Daggemiddelde_Stijn_2018",
		"Datum" : "20180601",
		"PM 1" : 15.19,
		"PM 2,5" : 17.19,
		"PM 10" : 20.83,
		"Longitude" : 3.234891,
		"Latitude" : 51.212595,
		"Aangemaakt op" : "22/10/2018"
	},
	{
		"json_featuretype" : "Daggemiddelde_Stijn_2018",
		"Datum" : "20180602",
		"PM 1" : 10.38,
		"PM 2,5" : 11.7,
		"PM 10" : 14.29,
		"Longitude" : 3.234891,
		"Latitude" : 51.212595,
		"Aangemaakt op" : "22/10/2018"
	},
	{
		"json_featuretype" : "Daggemiddelde_Stijn_2018",
		"Datum" : "20180603",
		"PM 1" : 9.42,
		"PM 2,5" : 10.56,
		"PM 10" : 13.35,
		"Longitude" : 3.234891,
		"Latitude" : 51.212595,
		"Aangemaakt op" : "22/10/2018"
	},
	{
		"json_featuretype" : "Daggemiddelde_Stijn_2018",
		"Datum" : "20180604",
		"PM 1" : 12.32,
		"PM 2,5" : 13.77,
		"PM 10" : 17.15,
		"Longitude" : 3.234891,
		"Latitude" : 51.212595,
		"Aangemaakt op" : "22/10/2018"
	},
	{
		"json_featuretype" : "Daggemiddelde_Stijn_2018",
		"Datum" : "20180605",
		"PM 1" : 11.9,
		"PM 2,5" : 15.45,
		"PM 10" : 23.51,
		"Longitude" : 3.234891,
		"Latitude" : 51.212595,
		"Aangemaakt op" : "22/10/2018"
	},
	{
		"json_featuretype" : "Daggemiddelde_Stijn_2018",
		"Datum" : "20180606",
		"PM 1" : 11.56,
		"PM 2,5" : 18.08,
		"PM 10" : 27.73,
		"Longitude" : 3.234891,
		"Latitude" : 51.212595,
		"Aangemaakt op" : "22/10/2018"
	},
	{
		"json_featuretype" : "Daggemiddelde_Stijn_2018",
		"Datum" : "20180607",
		"PM 1" : 17.17,
		"PM 2,5" : 22.6,
		"PM 10" : 30.1,
		"Longitude" : 3.234891,
		"Latitude" : 51.212595,
		"Aangemaakt op" : "22/10/2018"
	},
	{
		"json_featuretype" : "Daggemiddelde_Stijn_2018",
		"Datum" : "20180608",
		"PM 1" : 13.75,
		"PM 2,5" : 18.05,
		"PM 10" : 24.82,
		"Longitude" : 3.234891,
		"Latitude" : 51.212595,
		"Aangemaakt op" : "22/10/2018"
	},
	{
		"json_featuretype" : "Daggemiddelde_Stijn_2018",
		"Datum" : "20180609",
		"PM 1" : 12.47,
		"PM 2,5" : 16.09,
		"PM 10" : 21.38,
		"Longitude" : 3.234891,
		"Latitude" : 51.212595,
		"Aangemaakt op" : "22/10/2018"
	},
	{
		"json_featuretype" : "Daggemiddelde_Stijn_2018",
		"Datum" : "20180610",
		"PM 1" : 11.6,
		"PM 2,5" : 14.57,
		"PM 10" : 19.64,
		"Longitude" : 3.234891,
		"Latitude" : 51.212595,
		"Aangemaakt op" : "22/10/2018"
	},
	{
		"json_featuretype" : "Daggemiddelde_Stijn_2018",
		"Datum" : "20180611",
		"PM 1" : 8.28,
		"PM 2,5" : 10.83,
		"PM 10" : 17.9,
		"Longitude" : 3.234891,
		"Latitude" : 51.212595,
		"Aangemaakt op" : "22/10/2018"
	},
	{
		"json_featuretype" : "Daggemiddelde_Stijn_2018",
		"Datum" : "20180612",
		"PM 1" : 10.51,
		"PM 2,5" : 12.34,
		"PM 10" : 17.44,
		"Longitude" : 3.234891,
		"Latitude" : 51.212595,
		"Aangemaakt op" : "22/10/2018"
	},
	{
		"json_featuretype" : "Daggemiddelde_Stijn_2018",
		"Datum" : "20180613",
		"PM 1" : 2.84,
		"PM 2,5" : 4.62,
		"PM 10" : 9.67,
		"Longitude" : 3.234891,
		"Latitude" : 51.212595,
		"Aangemaakt op" : "22/10/2018"
	},
	{
		"json_featuretype" : "Daggemiddelde_Stijn_2018",
		"Datum" : "20180614",
		"PM 1" : 6.04,
		"PM 2,5" : 7.76,
		"PM 10" : 14.22,
		"Longitude" : 3.234891,
		"Latitude" : 51.212595,
		"Aangemaakt op" : "22/10/2018"
	},
	{
		"json_featuretype" : "Daggemiddelde_Stijn_2018",
		"Datum" : "20180615",
		"PM 1" : 8.8,
		"PM 2,5" : 14.17,
		"PM 10" : 23.73,
		"Longitude" : 3.234891,
		"Latitude" : 51.212595,
		"Aangemaakt op" : "22/10/2018"
	},
	{
		"json_featuretype" : "Daggemiddelde_Stijn_2018",
		"Datum" : "20180616",
		"PM 1" : 6.1,
		"PM 2,5" : 9.14,
		"PM 10" : 15.49,
		"Longitude" : 3.234891,
		"Latitude" : 51.212595,
		"Aangemaakt op" : "22/10/2018"
	},
	{
		"json_featuretype" : "Daggemiddelde_Stijn_2018",
		"Datum" : "20180617",
		"PM 1" : 3.7,
		"PM 2,5" : 6.53,
		"PM 10" : 11.47,
		"Longitude" : 3.234891,
		"Latitude" : 51.212595,
		"Aangemaakt op" : "22/10/2018"
	},
	{
		"json_featuretype" : "Daggemiddelde_Stijn_2018",
		"Datum" : "20180618",
		"PM 1" : 2.87,
		"PM 2,5" : 4.26,
		"PM 10" : 8.02,
		"Longitude" : 3.234891,
		"Latitude" : 51.212595,
		"Aangemaakt op" : "22/10/2018"
	},
	{
		"json_featuretype" : "Daggemiddelde_Stijn_2018",
		"Datum" : "20180619",
		"PM 1" : 4.27,
		"PM 2,5" : 5.88,
		"PM 10" : 9.97,
		"Longitude" : 3.234891,
		"Latitude" : 51.212595,
		"Aangemaakt op" : "22/10/2018"
	},
	{
		"json_featuretype" : "Daggemiddelde_Stijn_2018",
		"Datum" : "20180620",
		"PM 1" : 3.02,
		"PM 2,5" : 3.91,
		"PM 10" : 8.3,
		"Longitude" : 3.234891,
		"Latitude" : 51.212595,
		"Aangemaakt op" : "22/10/2018"
	},
	{
		"json_featuretype" : "Daggemiddelde_Stijn_2018",
		"Datum" : "20180621",
		"PM 1" : 2.39,
		"PM 2,5" : 5.16,
		"PM 10" : 16.64,
		"Longitude" : 3.234891,
		"Latitude" : 51.212595,
		"Aangemaakt op" : "22/10/2018"
	},
	{
		"json_featuretype" : "Daggemiddelde_Stijn_2018",
		"Datum" : "20180622",
		"PM 1" : 2.89,
		"PM 2,5" : 6.64,
		"PM 10" : 17.3,
		"Longitude" : 3.234891,
		"Latitude" : 51.212595,
		"Aangemaakt op" : "22/10/2018"
	},
	{
		"json_featuretype" : "Daggemiddelde_Stijn_2018",
		"Datum" : "20180623",
		"PM 1" : 3.7,
		"PM 2,5" : 6.33,
		"PM 10" : 12.36,
		"Longitude" : 3.234891,
		"Latitude" : 51.212595,
		"Aangemaakt op" : "22/10/2018"
	},
	{
		"json_featuretype" : "Daggemiddelde_Stijn_2018",
		"Datum" : "20180624",
		"PM 1" : 3.93,
		"PM 2,5" : 5.59,
		"PM 10" : 9,
		"Longitude" : 3.234891,
		"Latitude" : 51.212595,
		"Aangemaakt op" : "22/10/2018"
	},
	{
		"json_featuretype" : "Daggemiddelde_Stijn_2018",
		"Datum" : "20180625",
		"PM 1" : 3.38,
		"PM 2,5" : 4.66,
		"PM 10" : 8.59,
		"Longitude" : 3.234891,
		"Latitude" : 51.212595,
		"Aangemaakt op" : "22/10/2018"
	},
	{
		"json_featuretype" : "Daggemiddelde_Stijn_2018",
		"Datum" : "20180626",
		"PM 1" : 6.85,
		"PM 2,5" : 9.35,
		"PM 10" : 15.28,
		"Longitude" : 3.234891,
		"Latitude" : 51.212595,
		"Aangemaakt op" : "22/10/2018"
	},
	{
		"json_featuretype" : "Daggemiddelde_Stijn_2018",
		"Datum" : "20180627",
		"PM 1" : 12.76,
		"PM 2,5" : 16.9,
		"PM 10" : 25.53,
		"Longitude" : 3.234891,
		"Latitude" : 51.212595,
		"Aangemaakt op" : "22/10/2018"
	},
	{
		"json_featuretype" : "Daggemiddelde_Stijn_2018",
		"Datum" : "20180628",
		"PM 1" : 9.91,
		"PM 2,5" : 13.5,
		"PM 10" : 25.2,
		"Longitude" : 3.234891,
		"Latitude" : 51.212595,
		"Aangemaakt op" : "22/10/2018"
	},
	{
		"json_featuretype" : "Daggemiddelde_Stijn_2018",
		"Datum" : "20180629",
		"PM 1" : 7.95,
		"PM 2,5" : 12.53,
		"PM 10" : 25.3,
		"Longitude" : 3.234891,
		"Latitude" : 51.212595,
		"Aangemaakt op" : "22/10/2018"
	},
	{
		"json_featuretype" : "Daggemiddelde_Stijn_2018",
		"Datum" : "20180630",
		"PM 1" : 10.92,
		"PM 2,5" : 14.7,
		"PM 10" : 23.97,
		"Longitude" : 3.234891,
		"Latitude" : 51.212595,
		"Aangemaakt op" : "22/10/2018"
	},
	{
		"json_featuretype" : "Daggemiddelde_Stijn_2018",
		"Datum" : "20180701",
		"PM 1" : 3.1,
		"PM 2,5" : 5.41,
		"PM 10" : 20.34,
		"Longitude" : 3.234891,
		"Latitude" : 51.212595,
		"Aangemaakt op" : "22/10/2018"
	},
	{
		"json_featuretype" : "Daggemiddelde_Stijn_2018",
		"Datum" : "20180702",
		"PM 1" : 3.25,
		"PM 2,5" : 5.77,
		"PM 10" : 20.96,
		"Longitude" : 3.234891,
		"Latitude" : 51.212595,
		"Aangemaakt op" : "22/10/2018"
	},
	{
		"json_featuretype" : "Daggemiddelde_Stijn_2018",
		"Datum" : "20180703",
		"PM 1" : 3.48,
		"PM 2,5" : 6.12,
		"PM 10" : 17.11,
		"Longitude" : 3.234891,
		"Latitude" : 51.212595,
		"Aangemaakt op" : "22/10/2018"
	},
	{
		"json_featuretype" : "Daggemiddelde_Stijn_2018",
		"Datum" : "20180704",
		"PM 1" : 7.17,
		"PM 2,5" : 10.03,
		"PM 10" : 18.21,
		"Longitude" : 3.234891,
		"Latitude" : 51.212595,
		"Aangemaakt op" : "22/10/2018"
	},
	{
		"json_featuretype" : "Daggemiddelde_Stijn_2018",
		"Datum" : "20180705",
		"PM 1" : 4.75,
		"PM 2,5" : 6.66,
		"PM 10" : 14.74,
		"Longitude" : 3.234891,
		"Latitude" : 51.212595,
		"Aangemaakt op" : "22/10/2018"
	},
	{
		"json_featuretype" : "Daggemiddelde_Stijn_2018",
		"Datum" : "20180706",
		"PM 1" : 11.86,
		"PM 2,5" : 14.24,
		"PM 10" : 23.18,
		"Longitude" : 3.234891,
		"Latitude" : 51.212595,
		"Aangemaakt op" : "22/10/2018"
	},
	{
		"json_featuretype" : "Daggemiddelde_Stijn_2018",
		"Datum" : "20180707",
		"PM 1" : 7.25,
		"PM 2,5" : 9.62,
		"PM 10" : 17.02,
		"Longitude" : 3.234891,
		"Latitude" : 51.212595,
		"Aangemaakt op" : "22/10/2018"
	},
	{
		"json_featuretype" : "Daggemiddelde_Stijn_2018",
		"Datum" : "20180708",
		"PM 1" : 4.77,
		"PM 2,5" : 6.46,
		"PM 10" : 13.04,
		"Longitude" : 3.234891,
		"Latitude" : 51.212595,
		"Aangemaakt op" : "22/10/2018"
	},
	{
		"json_featuretype" : "Daggemiddelde_Stijn_2018",
		"Datum" : "20180709",
		"PM 1" : 5.03,
		"PM 2,5" : 6.5,
		"PM 10" : 11.31,
		"Longitude" : 3.234891,
		"Latitude" : 51.212595,
		"Aangemaakt op" : "22/10/2018"
	},
	{
		"json_featuretype" : "Daggemiddelde_Stijn_2018",
		"Datum" : "20180710",
		"PM 1" : 3.72,
		"PM 2,5" : 6.93,
		"PM 10" : 17.57,
		"Longitude" : 3.234891,
		"Latitude" : 51.212595,
		"Aangemaakt op" : "22/10/2018"
	},
	{
		"json_featuretype" : "Daggemiddelde_Stijn_2018",
		"Datum" : "20180711",
		"PM 1" : 6.99,
		"PM 2,5" : 10.85,
		"PM 10" : 18.71,
		"Longitude" : 3.234891,
		"Latitude" : 51.212595,
		"Aangemaakt op" : "22/10/2018"
	},
	{
		"json_featuretype" : "Daggemiddelde_Stijn_2018",
		"Datum" : "20180712",
		"PM 1" : 7.51,
		"PM 2,5" : 9.81,
		"PM 10" : 15.21,
		"Longitude" : 3.234891,
		"Latitude" : 51.212595,
		"Aangemaakt op" : "22/10/2018"
	},
	{
		"json_featuretype" : "Daggemiddelde_Stijn_2018",
		"Datum" : "20180713",
		"PM 1" : 5.2,
		"PM 2,5" : 7.39,
		"PM 10" : 12.44,
		"Longitude" : 3.234891,
		"Latitude" : 51.212595,
		"Aangemaakt op" : "22/10/2018"
	},
	{
		"json_featuretype" : "Daggemiddelde_Stijn_2018",
		"Datum" : "20180714",
		"PM 1" : 6.99,
		"PM 2,5" : 8.43,
		"PM 10" : 13.6,
		"Longitude" : 3.234891,
		"Latitude" : 51.212595,
		"Aangemaakt op" : "22/10/2018"
	},
	{
		"json_featuretype" : "Daggemiddelde_Stijn_2018",
		"Datum" : "20180715",
		"PM 1" : 6.45,
		"PM 2,5" : 7.6,
		"PM 10" : 13,
		"Longitude" : 3.234891,
		"Latitude" : 51.212595,
		"Aangemaakt op" : "22/10/2018"
	},
	{
		"json_featuretype" : "Daggemiddelde_Stijn_2018",
		"Datum" : "20180716",
		"PM 1" : 10.81,
		"PM 2,5" : 12.64,
		"PM 10" : 21.65,
		"Longitude" : 3.234891,
		"Latitude" : 51.212595,
		"Aangemaakt op" : "22/10/2018"
	},
	{
		"json_featuretype" : "Daggemiddelde_Stijn_2018",
		"Datum" : "20180717",
		"PM 1" : 5.77,
		"PM 2,5" : 7.75,
		"PM 10" : 15.87,
		"Longitude" : 3.234891,
		"Latitude" : 51.212595,
		"Aangemaakt op" : "22/10/2018"
	},
	{
		"json_featuretype" : "Daggemiddelde_Stijn_2018",
		"Datum" : "20180718",
		"PM 1" : 4.02,
		"PM 2,5" : 5.89,
		"PM 10" : 12.71,
		"Longitude" : 3.234891,
		"Latitude" : 51.212595,
		"Aangemaakt op" : "22/10/2018"
	},
	{
		"json_featuretype" : "Daggemiddelde_Stijn_2018",
		"Datum" : "20180719",
		"PM 1" : 6.96,
		"PM 2,5" : 8.3,
		"PM 10" : 13.89,
		"Longitude" : 3.234891,
		"Latitude" : 51.212595,
		"Aangemaakt op" : "22/10/2018"
	},
	{
		"json_featuretype" : "Daggemiddelde_Stijn_2018",
		"Datum" : "20180720",
		"PM 1" : 8.47,
		"PM 2,5" : 10.05,
		"PM 10" : 16.41,
		"Longitude" : 3.234891,
		"Latitude" : 51.212595,
		"Aangemaakt op" : "22/10/2018"
	},
	{
		"json_featuretype" : "Daggemiddelde_Stijn_2018",
		"Datum" : "20180721",
		"PM 1" : 4.02,
		"PM 2,5" : 5.03,
		"PM 10" : 9.49,
		"Longitude" : 3.234891,
		"Latitude" : 51.212595,
		"Aangemaakt op" : "22/10/2018"
	},
	{
		"json_featuretype" : "Daggemiddelde_Stijn_2018",
		"Datum" : "20180722",
		"PM 1" : 15.68,
		"PM 2,5" : 17.16,
		"PM 10" : 21.93,
		"Longitude" : 3.234891,
		"Latitude" : 51.212595,
		"Aangemaakt op" : "22/10/2018"
	},
	{
		"json_featuretype" : "Daggemiddelde_Stijn_2018",
		"Datum" : "20180723",
		"PM 1" : 6.87,
		"PM 2,5" : 8.73,
		"PM 10" : 16.77,
		"Longitude" : 3.234891,
		"Latitude" : 51.212595,
		"Aangemaakt op" : "22/10/2018"
	},
	{
		"json_featuretype" : "Daggemiddelde_Stijn_2018",
		"Datum" : "20180724",
		"PM 1" : 4.17,
		"PM 2,5" : 5.46,
		"PM 10" : 12.02,
		"Longitude" : 3.234891,
		"Latitude" : 51.212595,
		"Aangemaakt op" : "22/10/2018"
	},
	{
		"json_featuretype" : "Daggemiddelde_Stijn_2018",
		"Datum" : "20180725",
		"PM 1" : 6.59,
		"PM 2,5" : 8.4,
		"PM 10" : 18.29,
		"Longitude" : 3.234891,
		"Latitude" : 51.212595,
		"Aangemaakt op" : "22/10/2018"
	},
	{
		"json_featuretype" : "Daggemiddelde_Stijn_2018",
		"Datum" : "20180726",
		"PM 1" : 15.37,
		"PM 2,5" : 18.27,
		"PM 10" : 33.48,
		"Longitude" : 3.234891,
		"Latitude" : 51.212595,
		"Aangemaakt op" : "22/10/2018"
	},
	{
		"json_featuretype" : "Daggemiddelde_Stijn_2018",
		"Datum" : "20180727",
		"PM 1" : 14.89,
		"PM 2,5" : 17.97,
		"PM 10" : 35.78,
		"Longitude" : 3.234891,
		"Latitude" : 51.212595,
		"Aangemaakt op" : "22/10/2018"
	},
	{
		"json_featuretype" : "Daggemiddelde_Stijn_2018",
		"Datum" : "20180728",
		"PM 1" : 6.77,
		"PM 2,5" : 9.12,
		"PM 10" : 15.17,
		"Longitude" : 3.234891,
		"Latitude" : 51.212595,
		"Aangemaakt op" : "22/10/2018"
	},
	{
		"json_featuretype" : "Daggemiddelde_Stijn_2018",
		"Datum" : "20180729",
		"PM 1" : 3.51,
		"PM 2,5" : 5.97,
		"PM 10" : 12.46,
		"Longitude" : 3.234891,
		"Latitude" : 51.212595,
		"Aangemaakt op" : "22/10/2018"
	},
	{
		"json_featuretype" : "Daggemiddelde_Stijn_2018",
		"Datum" : "20180730",
		"PM 1" : 2.48,
		"PM 2,5" : 3.92,
		"PM 10" : 8.75,
		"Longitude" : 3.234891,
		"Latitude" : 51.212595,
		"Aangemaakt op" : "22/10/2018"
	},
	{
		"json_featuretype" : "Daggemiddelde_Stijn_2018",
		"Datum" : "20180731",
		"PM 1" : 3.73,
		"PM 2,5" : 5.57,
		"PM 10" : 10.8,
		"Longitude" : 3.234891,
		"Latitude" : 51.212595,
		"Aangemaakt op" : "22/10/2018"
	},
	{
		"json_featuretype" : "Daggemiddelde_Stijn_2018",
		"Datum" : "20180801",
		"PM 1" : 3.64,
		"PM 2,5" : 5.22,
		"PM 10" : 9.89,
		"Longitude" : 3.234891,
		"Latitude" : 51.212595,
		"Aangemaakt op" : "22/10/2018"
	},
	{
		"json_featuretype" : "Daggemiddelde_Stijn_2018",
		"Datum" : "20180802",
		"PM 1" : 3.81,
		"PM 2,5" : 5.37,
		"PM 10" : 11.59,
		"Longitude" : 3.234891,
		"Latitude" : 51.212595,
		"Aangemaakt op" : "22/10/2018"
	},
	{
		"json_featuretype" : "Daggemiddelde_Stijn_2018",
		"Datum" : "20180803",
		"PM 1" : 9.73,
		"PM 2,5" : 11.75,
		"PM 10" : 19.18,
		"Longitude" : 3.234891,
		"Latitude" : 51.212595,
		"Aangemaakt op" : "22/10/2018"
	},
	{
		"json_featuretype" : "Daggemiddelde_Stijn_2018",
		"Datum" : "20180804",
		"PM 1" : 5.56,
		"PM 2,5" : 7.19,
		"PM 10" : 12.17,
		"Longitude" : 3.234891,
		"Latitude" : 51.212595,
		"Aangemaakt op" : "22/10/2018"
	},
	{
		"json_featuretype" : "Daggemiddelde_Stijn_2018",
		"Datum" : "20180805",
		"PM 1" : 2.92,
		"PM 2,5" : 4.39,
		"PM 10" : 9.12,
		"Longitude" : 3.234891,
		"Latitude" : 51.212595,
		"Aangemaakt op" : "22/10/2018"
	},
	{
		"json_featuretype" : "Daggemiddelde_Stijn_2018",
		"Datum" : "20180806",
		"PM 1" : 5.36,
		"PM 2,5" : 7.01,
		"PM 10" : 15.05,
		"Longitude" : 3.234891,
		"Latitude" : 51.212595,
		"Aangemaakt op" : "22/10/2018"
	},
	{
		"json_featuretype" : "Daggemiddelde_Stijn_2018",
		"Datum" : "20180807",
		"PM 1" : 10.32,
		"PM 2,5" : 13.36,
		"PM 10" : 29.5,
		"Longitude" : 3.234891,
		"Latitude" : 51.212595,
		"Aangemaakt op" : "22/10/2018"
	},
	{
		"json_featuretype" : "Daggemiddelde_Stijn_2018",
		"Datum" : "20180808",
		"PM 1" : 5.78,
		"PM 2,5" : 8.18,
		"PM 10" : 15.52,
		"Longitude" : 3.234891,
		"Latitude" : 51.212595,
		"Aangemaakt op" : "22/10/2018"
	},
	{
		"json_featuretype" : "Daggemiddelde_Stijn_2018",
		"Datum" : "20180809",
		"PM 1" : 5.71,
		"PM 2,5" : 7.48,
		"PM 10" : 13.52,
		"Longitude" : 3.234891,
		"Latitude" : 51.212595,
		"Aangemaakt op" : "22/10/2018"
	},
	{
		"json_featuretype" : "Daggemiddelde_Stijn_2018",
		"Datum" : "20180810",
		"PM 1" : 2.73,
		"PM 2,5" : 4.26,
		"PM 10" : 8.64,
		"Aangemaakt op" : "22/10/2018"
	},
	{
		"json_featuretype" : "Daggemiddelde_Stijn_2018",
		"Datum" : "20180811",
		"PM 1" : 3.53,
		"PM 2,5" : 4.73,
		"PM 10" : 8.18,
		"Aangemaakt op" : "22/10/2018"
	},
	{
		"json_featuretype" : "Daggemiddelde_Stijn_2018",
		"Datum" : "20180812",
		"PM 1" : 4.32,
		"PM 2,5" : 5.36,
		"PM 10" : 9.65,
		"Aangemaakt op" : "22/10/2018"
	},
	{
		"json_featuretype" : "Daggemiddelde_Stijn_2018",
		"Datum" : "20180813",
		"PM 1" : 5.42,
		"PM 2,5" : 6.91,
		"PM 10" : 10.47,
		"Aangemaakt op" : "22/10/2018"
	},
	{
		"json_featuretype" : "Daggemiddelde_Stijn_2018",
		"Datum" : "20180814",
		"PM 1" : 5.92,
		"PM 2,5" : 7.95,
		"PM 10" : 13.08,
		"Aangemaakt op" : "22/10/2018"
	},
	{
		"json_featuretype" : "Daggemiddelde_Stijn_2018",
		"Datum" : "20180815",
		"PM 1" : 6.38,
		"PM 2,5" : 8.74,
		"PM 10" : 12.87,
		"Aangemaakt op" : "22/10/2018"
	},
	{
		"json_featuretype" : "Daggemiddelde_Stijn_2018",
		"Datum" : "20180816",
		"PM 1" : 4.24,
		"PM 2,5" : 5.52,
		"PM 10" : 9.82,
		"Aangemaakt op" : "22/10/2018"
	},
	{
		"json_featuretype" : "Daggemiddelde_Stijn_2018",
		"Datum" : "20180817",
		"PM 1" : 2.59,
		"PM 2,5" : 4.31,
		"PM 10" : 8.86,
		"Aangemaakt op" : "22/10/2018"
	},
	{
		"json_featuretype" : "Daggemiddelde_Stijn_2018",
		"Datum" : "20180818",
		"PM 1" : 5.06,
		"PM 2,5" : 8.04,
		"PM 10" : 13.73,
		"Aangemaakt op" : "22/10/2018"
	},
	{
		"json_featuretype" : "Daggemiddelde_Stijn_2018",
		"Datum" : "20180819",
		"PM 1" : 6.2,
		"PM 2,5" : 8.61,
		"PM 10" : 13.14,
		"Aangemaakt op" : "22/10/2018"
	},
	{
		"json_featuretype" : "Daggemiddelde_Stijn_2018",
		"Datum" : "20180820",
		"PM 1" : 6.19,
		"PM 2,5" : 7.73,
		"PM 10" : 11.68,
		"Aangemaakt op" : "22/10/2018"
	},
	{
		"json_featuretype" : "Daggemiddelde_Stijn_2018",
		"Datum" : "20180821",
		"PM 1" : 11.88,
		"PM 2,5" : 13.68,
		"PM 10" : 18.08,
		"Aangemaakt op" : "22/10/2018"
	},
	{
		"json_featuretype" : "Daggemiddelde_Stijn_2018",
		"Datum" : "20180822",
		"PM 1" : 6.39,
		"PM 2,5" : 7.5,
		"PM 10" : 11.36,
		"Aangemaakt op" : "22/10/2018"
	},
	{
		"json_featuretype" : "Daggemiddelde_Stijn_2018",
		"Datum" : "20180823",
		"PM 1" : 6.98,
		"PM 2,5" : 8.47,
		"PM 10" : 13.41,
		"Aangemaakt op" : "22/10/2018"
	},
	{
		"json_featuretype" : "Daggemiddelde_Stijn_2018",
		"Datum" : "20180824",
		"PM 1" : 2.62,
		"PM 2,5" : 4.92,
		"PM 10" : 12,
		"Aangemaakt op" : "22/10/2018"
	},
	{
		"json_featuretype" : "Daggemiddelde_Stijn_2018",
		"Datum" : "20180825",
		"PM 1" : 1.64,
		"PM 2,5" : 2.78,
		"PM 10" : 5.69,
		"Aangemaakt op" : "22/10/2018"
	},
	{
		"json_featuretype" : "Daggemiddelde_Stijn_2018",
		"Datum" : "20180826",
		"PM 1" : 3.74,
		"PM 2,5" : 4.93,
		"PM 10" : 8.29,
		"Aangemaakt op" : "22/10/2018"
	},
	{
		"json_featuretype" : "Daggemiddelde_Stijn_2018",
		"Datum" : "20180827",
		"PM 1" : 3.32,
		"PM 2,5" : 5.03,
		"PM 10" : 8.89,
		"Aangemaakt op" : "22/10/2018"
	},
	{
		"json_featuretype" : "Daggemiddelde_Stijn_2018",
		"Datum" : "20180828",
		"PM 1" : 4.33,
		"PM 2,5" : 6.69,
		"PM 10" : 12.23,
		"Aangemaakt op" : "22/10/2018"
	},
	{
		"json_featuretype" : "Daggemiddelde_Stijn_2018",
		"Datum" : "20180829",
		"PM 1" : 13.35,
		"PM 2,5" : 15.52,
		"PM 10" : 20.81,
		"Aangemaakt op" : "22/10/2018"
	},
	{
		"json_featuretype" : "Daggemiddelde_Stijn_2018",
		"Datum" : "20180830",
		"PM 1" : 2.79,
		"PM 2,5" : 4.67,
		"PM 10" : 9.13,
		"Aangemaakt op" : "22/10/2018"
	},
	{
		"json_featuretype" : "Daggemiddelde_Stijn_2018",
		"Datum" : "20180831",
		"PM 1" : 3.92,
		"PM 2,5" : 5.86,
		"PM 10" : 10.21,
		"Aangemaakt op" : "22/10/2018"
	},
	{
		"json_featuretype" : "Daggemiddelde_Stijn_2018",
		"Datum" : "20180901",
		"PM 1" : 8.95,
		"PM 2,5" : 10.72,
		"PM 10" : 14.49,
		"Aangemaakt op" : "22/10/2018"
	},
	{
		"json_featuretype" : "Daggemiddelde_Stijn_2018",
		"Datum" : "20180902",
		"PM 1" : 11.67,
		"PM 2,5" : 13.29,
		"PM 10" : 17.56,
		"Aangemaakt op" : "22/10/2018"
	},
	{
		"json_featuretype" : "Daggemiddelde_Stijn_2018",
		"Datum" : "20180903",
		"PM 1" : 8.56,
		"PM 2,5" : 10.24,
		"PM 10" : 15.09,
		"Aangemaakt op" : "22/10/2018"
	},
	{
		"json_featuretype" : "Daggemiddelde_Stijn_2018",
		"Datum" : "20180904",
		"PM 1" : 13,
		"PM 2,5" : 16.15,
		"PM 10" : 21.81,
		"Aangemaakt op" : "22/10/2018"
	},
	{
		"json_featuretype" : "Daggemiddelde_Stijn_2018",
		"Datum" : "20180905",
		"PM 1" : 10.45,
		"PM 2,5" : 12.77,
		"PM 10" : 16.87,
		"Aangemaakt op" : "22/10/2018"
	},
	{
		"json_featuretype" : "Daggemiddelde_Stijn_2018",
		"Datum" : "20180906",
		"PM 1" : 7.12,
		"PM 2,5" : 8.89,
		"PM 10" : 12.59,
		"Aangemaakt op" : "22/10/2018"
	},
	{
		"json_featuretype" : "Daggemiddelde_Stijn_2018",
		"Datum" : "20180907",
		"PM 1" : 4.45,
		"PM 2,5" : 6.07,
		"PM 10" : 10.53,
		"Aangemaakt op" : "22/10/2018"
	},
	{
		"json_featuretype" : "Daggemiddelde_Stijn_2018",
		"Datum" : "20180908",
		"PM 1" : 3.94,
		"PM 2,5" : 5.49,
		"PM 10" : 9.94,
		"Aangemaakt op" : "22/10/2018"
	},
	{
		"json_featuretype" : "Daggemiddelde_Stijn_2018",
		"Datum" : "20180909",
		"PM 1" : 4.78,
		"PM 2,5" : 6.32,
		"PM 10" : 10.79,
		"Aangemaakt op" : "22/10/2018"
	},
	{
		"json_featuretype" : "Daggemiddelde_Stijn_2018",
		"Datum" : "20180910",
		"PM 1" : 4.41,
		"PM 2,5" : 6.84,
		"PM 10" : 12,
		"Aangemaakt op" : "22/10/2018"
	},
	{
		"json_featuretype" : "Daggemiddelde_Stijn_2018",
		"Datum" : "20180911",
		"PM 1" : 3.9,
		"PM 2,5" : 5.66,
		"PM 10" : 10.72,
		"Aangemaakt op" : "22/10/2018"
	},
	{
		"json_featuretype" : "Daggemiddelde_Stijn_2018",
		"Datum" : "20180912",
		"PM 1" : 2.57,
		"PM 2,5" : 3.56,
		"PM 10" : 5.92,
		"Aangemaakt op" : "22/10/2018"
	},
	{
		"json_featuretype" : "Daggemiddelde_Stijn_2018",
		"Datum" : "20180913",
		"PM 1" : 4.28,
		"PM 2,5" : 5.7,
		"PM 10" : 8.68,
		"Aangemaakt op" : "22/10/2018"
	},
	{
		"json_featuretype" : "Daggemiddelde_Stijn_2018",
		"Datum" : "20180914",
		"PM 1" : 5.35,
		"PM 2,5" : 6.84,
		"PM 10" : 11.44,
		"Aangemaakt op" : "22/10/2018"
	},
	{
		"json_featuretype" : "Daggemiddelde_Stijn_2018",
		"Datum" : "20180915",
		"PM 1" : 3.88,
		"PM 2,5" : 5.53,
		"PM 10" : 9.49,
		"Aangemaakt op" : "22/10/2018"
	},
	{
		"json_featuretype" : "Daggemiddelde_Stijn_2018",
		"Datum" : "20180916",
		"PM 1" : 5.46,
		"PM 2,5" : 7.13,
		"PM 10" : 12.03,
		"Aangemaakt op" : "22/10/2018"
	},
	{
		"json_featuretype" : "Daggemiddelde_Stijn_2018",
		"Datum" : "20180917",
		"PM 1" : 6.26,
		"PM 2,5" : 8.23,
		"PM 10" : 18.16,
		"Aangemaakt op" : "22/10/2018"
	},
	{
		"json_featuretype" : "Daggemiddelde_Stijn_2018",
		"Datum" : "20180918",
		"PM 1" : 5.09,
		"PM 2,5" : 8.33,
		"PM 10" : 20.75,
		"Aangemaakt op" : "22/10/2018"
	},
	{
		"json_featuretype" : "Daggemiddelde_Stijn_2018",
		"Datum" : "20180919",
		"PM 1" : 6.2,
		"PM 2,5" : 9.75,
		"PM 10" : 18.33,
		"Aangemaakt op" : "22/10/2018"
	},
	{
		"json_featuretype" : "Daggemiddelde_Stijn_2018",
		"Datum" : "20180920",
		"PM 1" : 5.86,
		"PM 2,5" : 9.37,
		"PM 10" : 19.4,
		"Aangemaakt op" : "22/10/2018"
	},
	{
		"json_featuretype" : "Daggemiddelde_Stijn_2018",
		"Datum" : "20180921",
		"PM 1" : 2.61,
		"PM 2,5" : 5.47,
		"PM 10" : 16.23,
		"Aangemaakt op" : "22/10/2018"
	},
	{
		"json_featuretype" : "Daggemiddelde_Stijn_2018",
		"Datum" : "20180922",
		"PM 1" : 3.2,
		"PM 2,5" : 5.24,
		"PM 10" : 9.7,
		"Aangemaakt op" : "22/10/2018"
	},
	{
		"json_featuretype" : "Daggemiddelde_Stijn_2018",
		"Datum" : "20180923",
		"PM 1" : 6.3,
		"PM 2,5" : 7.33,
		"PM 10" : 9.58,
		"Aangemaakt op" : "22/10/2018"
	},
	{
		"json_featuretype" : "Daggemiddelde_Stijn_2018",
		"Datum" : "20180924",
		"PM 1" : 1.67,
		"PM 2,5" : 3.27,
		"PM 10" : 8.2,
		"Aangemaakt op" : "22/10/2018"
	},
	{
		"json_featuretype" : "Daggemiddelde_Stijn_2018",
		"Datum" : "20180925",
		"PM 1" : 6.36,
		"PM 2,5" : 8.14,
		"PM 10" : 13.46,
		"Aangemaakt op" : "22/10/2018"
	},
	{
		"json_featuretype" : "Daggemiddelde_Stijn_2018",
		"Datum" : "20180926",
		"PM 1" : 9.02,
		"PM 2,5" : 10.94,
		"PM 10" : 16.43,
		"Aangemaakt op" : "22/10/2018"
	},
	{
		"json_featuretype" : "Daggemiddelde_Stijn_2018",
		"Datum" : "20180927",
		"PM 1" : 12.53,
		"PM 2,5" : 14.78,
		"PM 10" : 21.73,
		"Aangemaakt op" : "22/10/2018"
	},
	{
		"json_featuretype" : "Daggemiddelde_Stijn_2018",
		"Datum" : "20180928",
		"PM 1" : 5.1,
		"PM 2,5" : 7.97,
		"PM 10" : 14.67,
		"Aangemaakt op" : "22/10/2018"
	},
	{
		"json_featuretype" : "Daggemiddelde_Stijn_2018",
		"Datum" : "20180929",
		"PM 1" : 4.53,
		"PM 2,5" : 6.96,
		"PM 10" : 12.34,
		"Aangemaakt op" : "22/10/2018"
	},
	{
		"json_featuretype" : "Daggemiddelde_Stijn_2018",
		"Datum" : "20180930",
		"PM 1" : 7.67,
		"PM 2,5" : 9.77,
		"PM 10" : 13.73,
		"Aangemaakt op" : "22/10/2018"
	}
]