<?xml version="1.0" encoding="UTF-8"?>
<fme:xml-tables xmlns:xsi="http://www.w3.org/2001/XMLSchema-instance" xmlns:fme="http://www.safe.com/xml/xmltables" xsi:schemaLocation="http://www.safe.com/xml/xmltables Speelbossen.xsd">
<fme:Speelbossen-table>
<fme:Speelbossen>
<fme:DATUM>2008</fme:DATUM>
<fme:SECTIE>4.2</fme:SECTIE>
<fme:GEMEENTEAFDELING>Sint-Kruis</fme:GEMEENTEAFDELING>
<fme:STRAAT>Beukenlaan</fme:STRAAT>
<fme:GROENOBJECT>groenzone/speelbos</fme:GROENOBJECT>
<fme:BEHEERSOBJECT>groenzone/speelbos</fme:BEHEERSOBJECT>
<fme:OPPERVLAK>5246</fme:OPPERVLAK>
<fme:BEREKEND_OPP>5415</fme:BEREKEND_OPP>
<fme:MI_PRINX>16</fme:MI_PRINX>
<fme:Aangemaakt_op>16/03/2017</fme:Aangemaakt_op>
</fme:Speelbossen>
<fme:Speelbossen>
<fme:GEMEENTEAFDELING>Assebroek</fme:GEMEENTEAFDELING>
<fme:STRAAT>Veltemweg</fme:STRAAT>
<fme:GROENOBJECT>groenzone/speelbos</fme:GROENOBJECT>
<fme:BEHEERSOBJECT>groenzone/speelbos</fme:BEHEERSOBJECT>
<fme:OPPERVLAK>0</fme:OPPERVLAK>
<fme:BEREKEND_OPP>10295</fme:BEREKEND_OPP>
<fme:EIGENAAR>Stad Brugge</fme:EIGENAAR>
<fme:MI_PRINX>746</fme:MI_PRINX>
<fme:Aangemaakt_op>16/03/2017</fme:Aangemaakt_op>
</fme:Speelbossen>
<fme:Speelbossen>
<fme:DATUM>2008</fme:DATUM>
<fme:SECTIE>4.1</fme:SECTIE>
<fme:GEMEENTEAFDELING>Assebroek</fme:GEMEENTEAFDELING>
<fme:STRAAT>Veltemweg</fme:STRAAT>
<fme:GROENOBJECT>groenzone/speelbos</fme:GROENOBJECT>
<fme:BEHEERSOBJECT>groenzone/speelbos</fme:BEHEERSOBJECT>
<fme:OPPERVLAK>0</fme:OPPERVLAK>
<fme:BEREKEND_OPP>86506</fme:BEREKEND_OPP>
<fme:EIGENAAR>Stad Brugge-</fme:EIGENAAR>
<fme:MI_PRINX>744</fme:MI_PRINX>
<fme:Aangemaakt_op>16/03/2017</fme:Aangemaakt_op>
</fme:Speelbossen>
<fme:Speelbossen>
<fme:DATUM>2008</fme:DATUM>
<fme:GEMEENTEAFDELING>(Bergjesbos)</fme:GEMEENTEAFDELING>
<fme:STRAAT>Weidestraat</fme:STRAAT>
<fme:GROENOBJECT>groenzone/speelbos</fme:GROENOBJECT>
<fme:BEHEERSOBJECT>groenzone/speelbos</fme:BEHEERSOBJECT>
<fme:OPPERVLAK>0</fme:OPPERVLAK>
<fme:BEREKEND_OPP>8444</fme:BEREKEND_OPP>
<fme:MI_PRINX>719</fme:MI_PRINX>
<fme:Aangemaakt_op>16/03/2017</fme:Aangemaakt_op>
</fme:Speelbossen>
<fme:Speelbossen>
<fme:DATUM>2008</fme:DATUM>
<fme:SECTIE>5.2</fme:SECTIE>
<fme:GEMEENTEAFDELING>Sint-Michiels</fme:GEMEENTEAFDELING>
<fme:STRAAT>t' Speelhof</fme:STRAAT>
<fme:GROENOBJECT>groenzone/speelbos</fme:GROENOBJECT>
<fme:BEHEERSOBJECT>groenzone/speelbos</fme:BEHEERSOBJECT>
<fme:OPPERVLAK>0</fme:OPPERVLAK>
<fme:BEREKEND_OPP>10500</fme:BEREKEND_OPP>
<fme:MI_PRINX>721</fme:MI_PRINX>
<fme:Aangemaakt_op>16/03/2017</fme:Aangemaakt_op>
</fme:Speelbossen>
<fme:Speelbossen>
<fme:DATUM>2008</fme:DATUM>
<fme:SECTIE>5.3</fme:SECTIE>
<fme:GEMEENTEAFDELING>Sint-Andries (Coppieter</fme:GEMEENTEAFDELING>
<fme:STRAAT>Doornstraat</fme:STRAAT>
<fme:GROENOBJECT>groenzone/speelbos</fme:GROENOBJECT>
<fme:BEHEERSOBJECT>groenzone/speelbos</fme:BEHEERSOBJECT>
<fme:OPPERVLAK>0</fme:OPPERVLAK>
<fme:BEREKEND_OPP>33681</fme:BEREKEND_OPP>
<fme:MI_PRINX>722</fme:MI_PRINX>
<fme:Aangemaakt_op>16/03/2017</fme:Aangemaakt_op>
</fme:Speelbossen>
<fme:Speelbossen>
<fme:DATUM>2008</fme:DATUM>
<fme:SECTIE>5.2</fme:SECTIE>
<fme:GEMEENTEAFDELING>Assebroek(Paalbos</fme:GEMEENTEAFDELING>
<fme:STRAAT>Rijkeveldestraat</fme:STRAAT>
<fme:GROENOBJECT>groenzone/speelbos</fme:GROENOBJECT>
<fme:BEHEERSOBJECT>groenzone/speelbos</fme:BEHEERSOBJECT>
<fme:OPPERVLAK>0</fme:OPPERVLAK>
<fme:BEREKEND_OPP>51573</fme:BEREKEND_OPP>
<fme:MI_PRINX>723</fme:MI_PRINX>
<fme:Aangemaakt_op>16/03/2017</fme:Aangemaakt_op>
</fme:Speelbossen>
<fme:Speelbossen>
<fme:DATUM>2008</fme:DATUM>
<fme:SECTIE>5.2</fme:SECTIE>
<fme:GEMEENTEAFDELING>Sint-Michiels</fme:GEMEENTEAFDELING>
<fme:STRAAT>Rijselstraat</fme:STRAAT>
<fme:GROENOBJECT>groenzone/speelbos</fme:GROENOBJECT>
<fme:BEHEERSOBJECT>groenzone/speelbos</fme:BEHEERSOBJECT>
<fme:OPPERVLAK>0</fme:OPPERVLAK>
<fme:BEREKEND_OPP>16729</fme:BEREKEND_OPP>
<fme:MI_PRINX>725</fme:MI_PRINX>
<fme:Aangemaakt_op>16/03/2017</fme:Aangemaakt_op>
</fme:Speelbossen>
<fme:Speelbossen>
<fme:DATUM>2008</fme:DATUM>
<fme:SECTIE>5.3</fme:SECTIE>
<fme:GEMEENTEAFDELING>Sint-Andries</fme:GEMEENTEAFDELING>
<fme:STRAAT>Diksmuidse Heerweg</fme:STRAAT>
<fme:GROENOBJECT>groenzone/speelbos</fme:GROENOBJECT>
<fme:BEHEERSOBJECT>groenzone/speelbos</fme:BEHEERSOBJECT>
<fme:OPPERVLAK>0</fme:OPPERVLAK>
<fme:BEREKEND_OPP>4973</fme:BEREKEND_OPP>
<fme:MI_PRINX>727</fme:MI_PRINX>
<fme:Aangemaakt_op>16/03/2017</fme:Aangemaakt_op>
</fme:Speelbossen>
<fme:Speelbossen>
<fme:DATUM>2008</fme:DATUM>
<fme:SECTIE>3.1</fme:SECTIE>
<fme:GEMEENTEAFDELING>Sint-Pieters (Ooievaarsb</fme:GEMEENTEAFDELING>
<fme:STRAAT>Blankenbergse Steenweg</fme:STRAAT>
<fme:GROENOBJECT>bos</fme:GROENOBJECT>
<fme:BEHEERSOBJECT>grote domeinen</fme:BEHEERSOBJECT>
<fme:OPPERVLAK>0</fme:OPPERVLAK>
<fme:BEREKEND_OPP>67330</fme:BEREKEND_OPP>
<fme:EIGENAAR>Stad Brugge</fme:EIGENAAR>
<fme:MI_PRINX>741</fme:MI_PRINX>
<fme:Aangemaakt_op>16/03/2017</fme:Aangemaakt_op>
</fme:Speelbossen>
<fme:Speelbossen>
<fme:DATUM>2008</fme:DATUM>
<fme:SECTIE>3.1</fme:SECTIE>
<fme:GEMEENTEAFDELING>Sint-Pieters</fme:GEMEENTEAFDELING>
<fme:STRAAT>Duivekeetbos</fme:STRAAT>
<fme:GROENOBJECT>bos</fme:GROENOBJECT>
<fme:BEHEERSOBJECT>grote domeinen</fme:BEHEERSOBJECT>
<fme:OPPERVLAK>0</fme:OPPERVLAK>
<fme:BEREKEND_OPP>79470</fme:BEREKEND_OPP>
<fme:EIGENAAR>Stad Brugge</fme:EIGENAAR>
<fme:MI_PRINX>743</fme:MI_PRINX>
<fme:Aangemaakt_op>16/03/2017</fme:Aangemaakt_op>
</fme:Speelbossen>
<fme:Speelbossen>
<fme:OPPERVLAK>0</fme:OPPERVLAK>
<fme:BEREKEND_OPP>0</fme:BEREKEND_OPP>
<fme:MI_PRINX>0</fme:MI_PRINX>
<fme:Aangemaakt_op>16/03/2017</fme:Aangemaakt_op>
</fme:Speelbossen>
<fme:Speelbossen>
<fme:DATUM>2008</fme:DATUM>
<fme:SECTIE>4.2</fme:SECTIE>
<fme:GEMEENTEAFDELING>Sint-Kruis</fme:GEMEENTEAFDELING>
<fme:STRAAT>Geralaan</fme:STRAAT>
<fme:GROENOBJECT>sportveld</fme:GROENOBJECT>
<fme:BEHEERSOBJECT>sportveld</fme:BEHEERSOBJECT>
<fme:OPPERVLAK>51009</fme:OPPERVLAK>
<fme:BEREKEND_OPP>49696</fme:BEREKEND_OPP>
<fme:MI_PRINX>68</fme:MI_PRINX>
<fme:Aangemaakt_op>16/03/2017</fme:Aangemaakt_op>
</fme:Speelbossen>
<fme:Speelbossen>
<fme:DATUM>2008</fme:DATUM>
<fme:SECTIE>4.2</fme:SECTIE>
<fme:GEMEENTEAFDELING>Sint-Kruis</fme:GEMEENTEAFDELING>
<fme:STRAAT>Geralaan</fme:STRAAT>
<fme:GROENOBJECT>kwekerijen</fme:GROENOBJECT>
<fme:BEHEERSOBJECT>kwekerijen</fme:BEHEERSOBJECT>
<fme:OPPERVLAK>0</fme:OPPERVLAK>
<fme:BEREKEND_OPP>20589</fme:BEREKEND_OPP>
<fme:MI_PRINX>2061</fme:MI_PRINX>
<fme:Aangemaakt_op>16/03/2017</fme:Aangemaakt_op>
</fme:Speelbossen>
</fme:Speelbossen-table>
</fme:xml-tables>