<?xml version="1.0" encoding="UTF-8"?>
<fme:xml-tables xmlns:xsi="http://www.w3.org/2001/XMLSchema-instance" xmlns:fme="http://www.safe.com/xml/xmltables" xsi:schemaLocation="http://www.safe.com/xml/xmltables octopuspaalOK.xsd">
<fme:octopuspaalOK-table>
<fme:octopuspaalOK>
<fme:Id>18</fme:Id>
<fme:Straat>Sint-Lenardsstraat</fme:Straat>
<fme:School>Vrije Gesubs. Basisschool-De Lenaard</fme:School>
<fme:Type>Octopus</fme:Type>
<fme:Aant_bord>1</fme:Aant_bord>
<fme:Inplanting>voetpad</fme:Inplanting>
<fme:Foto>G:\WD\GIS wegendienst\Octopuspalen\foto\SintLenardsstraat.JPG</fme:Foto>
<fme:Zone30>ja</fme:Zone30>
<fme:Datumplaat>20060401</fme:Datumplaat>
<fme:Dgemeente>Dudzele</fme:Dgemeente>
<fme:Aangemaakt_op>15/09/2016</fme:Aangemaakt_op>
</fme:octopuspaalOK>
<fme:octopuspaalOK>
<fme:Id>20</fme:Id>
<fme:Straat>Zeebruggelaan 41</fme:Straat>
<fme:School>Vrije Gesubs. Basisschool-De Lisblomme</fme:School>
<fme:Type>Octopuspaal</fme:Type>
<fme:Aant_bord>1</fme:Aant_bord>
<fme:Inplanting>fietspad</fme:Inplanting>
<fme:Foto>foto/Zeebruggelaan.JPG</fme:Foto>
<fme:Zone30>nee</fme:Zone30>
<fme:Datumplaat>20060401</fme:Datumplaat>
<fme:Dgemeente>Lissewege</fme:Dgemeente>
<fme:Aangemaakt_op>15/09/2016</fme:Aangemaakt_op>
</fme:octopuspaalOK>
<fme:octopuspaalOK>
<fme:Id>1</fme:Id>
<fme:Straat>Gerard Davidstraat</fme:Straat>
<fme:School>Vrije Gesubs. Basisschool Sint-Lodewijkscollege - De wimpel</fme:School>
<fme:Type>Octopus</fme:Type>
<fme:Aant_bord>1</fme:Aant_bord>
<fme:Inplanting>Voetpad</fme:Inplanting>
<fme:Foto>foto/Gerard Davidstraat.PNG</fme:Foto>
<fme:Zone30>ja</fme:Zone30>
<fme:Datumplaat>20050807</fme:Datumplaat>
<fme:Dgemeente>Christus-Koning</fme:Dgemeente>
<fme:Aangemaakt_op>15/09/2016</fme:Aangemaakt_op>
</fme:octopuspaalOK>
<fme:octopuspaalOK>
<fme:Id>3</fme:Id>
<fme:Straat>Kardinaal Mercierstraat</fme:Straat>
<fme:School>Vrije Gesubs. Basisschool Sint-Lodewijkscollege - Pim pam poen</fme:School>
<fme:Type>Octopus</fme:Type>
<fme:Aant_bord>2</fme:Aant_bord>
<fme:Inplanting>Voetpad</fme:Inplanting>
<fme:Foto>foto/kardinaal merciestraat.PNG</fme:Foto>
<fme:Zone30>ja</fme:Zone30>
<fme:Datumplaat>20050811</fme:Datumplaat>
<fme:Dgemeente>Christus Koning</fme:Dgemeente>
<fme:Aangemaakt_op>15/09/2016</fme:Aangemaakt_op>
</fme:octopuspaalOK>
<fme:octopuspaalOK>
<fme:Id>2</fme:Id>
<fme:Straat>Gerard Davidstraat</fme:Straat>
<fme:School>Vrije Gesubs. Basisschool Sint-Lodewijkscollege - De wimpel</fme:School>
<fme:Type>Octopus</fme:Type>
<fme:Aant_bord>1</fme:Aant_bord>
<fme:Inplanting>voetpad</fme:Inplanting>
<fme:Foto>foto/Gerard Davidstraat 2.PNG</fme:Foto>
<fme:Zone30>ja</fme:Zone30>
<fme:Datumplaat>20050811</fme:Datumplaat>
<fme:Dgemeente>Christus Koning</fme:Dgemeente>
<fme:Aangemaakt_op>15/09/2016</fme:Aangemaakt_op>
</fme:octopuspaalOK>
<fme:octopuspaalOK>
<fme:Id>4</fme:Id>
<fme:Straat>Brugse Steenweg</fme:Straat>
<fme:School>Vrije Gesubs. Basisschool-De Smalle</fme:School>
<fme:Type>Octopus</fme:Type>
<fme:Aant_bord>1</fme:Aant_bord>
<fme:Inplanting>Beplanting naast voetpad</fme:Inplanting>
<fme:Foto>foto/smallestraat.PNG</fme:Foto>
<fme:Zone30>ja</fme:Zone30>
<fme:Datumplaat>20060401</fme:Datumplaat>
<fme:Dgemeente>Koolkerke</fme:Dgemeente>
<fme:Aangemaakt_op>15/09/2016</fme:Aangemaakt_op>
</fme:octopuspaalOK>
<fme:octopuspaalOK>
<fme:Id>5</fme:Id>
<fme:Straat>Brugse Steenweg</fme:Straat>
<fme:School>Vrije Gesubs. Basisschool-De Smalle</fme:School>
<fme:Type>Octopus</fme:Type>
<fme:Aant_bord>1</fme:Aant_bord>
<fme:Inplanting>Beplanting</fme:Inplanting>
<fme:Foto>foto/smallestraat 2.PNG</fme:Foto>
<fme:Zone30>ja</fme:Zone30>
<fme:Datumplaat>20060401</fme:Datumplaat>
<fme:Dgemeente>Koolkerke</fme:Dgemeente>
<fme:Aangemaakt_op>15/09/2016</fme:Aangemaakt_op>
</fme:octopuspaalOK>
<fme:octopuspaalOK>
<fme:Id>6</fme:Id>
<fme:Straat>Pannebekestraat</fme:Straat>
<fme:School>Basisschool Oefenschool-Pannebeke</fme:School>
<fme:Type>Octopus</fme:Type>
<fme:Aant_bord>1</fme:Aant_bord>
<fme:Inplanting>Wegversmalling</fme:Inplanting>
<fme:Foto>foto/pannebekestraat.PNG</fme:Foto>
<fme:Zone30>nee</fme:Zone30>
<fme:Datumplaat>20050812</fme:Datumplaat>
<fme:Dgemeente>Sint-Jozef</fme:Dgemeente>
<fme:Aangemaakt_op>15/09/2016</fme:Aangemaakt_op>
</fme:octopuspaalOK>
<fme:octopuspaalOK>
<fme:Id>7</fme:Id>
<fme:Straat>Ter Looigemweg</fme:Straat>
<fme:School>Basisschool Oefenschool-Pannebeke</fme:School>
<fme:Type>Octopus</fme:Type>
<fme:Aant_bord>1</fme:Aant_bord>
<fme:Inplanting>Voetpad</fme:Inplanting>
<fme:Foto>foto/ter looigemweg.PNG</fme:Foto>
<fme:Zone30>ja</fme:Zone30>
<fme:Datumplaat>20070801</fme:Datumplaat>
<fme:Dgemeente>Sint-Jozef</fme:Dgemeente>
<fme:Aangemaakt_op>15/09/2016</fme:Aangemaakt_op>
</fme:octopuspaalOK>
<fme:octopuspaalOK>
<fme:Id>8</fme:Id>
<fme:Straat>Sint-Jozefsstraat</fme:Straat>
<fme:School>Vrije Gesubs. Basisschool Parochie Sint-Jozef</fme:School>
<fme:Type>Octopus</fme:Type>
<fme:Aant_bord>1</fme:Aant_bord>
<fme:Inplanting>Voetpad</fme:Inplanting>
<fme:Foto>foto/sint-jozefstraat.PNG</fme:Foto>
<fme:Zone30>ja</fme:Zone30>
<fme:Datumplaat>20050812</fme:Datumplaat>
<fme:Dgemeente>Sint-Jozef</fme:Dgemeente>
<fme:Aangemaakt_op>15/09/2016</fme:Aangemaakt_op>
</fme:octopuspaalOK>
<fme:octopuspaalOK>
<fme:Id>8</fme:Id>
<fme:Straat>Korendragersstraat</fme:Straat>
<fme:School>Vrije Gesubs. Basisschool Parochie Sint-Jozef</fme:School>
<fme:Type>Octopus</fme:Type>
<fme:Aant_bord>1</fme:Aant_bord>
<fme:Inplanting>Wegversmalling, zebrapad</fme:Inplanting>
<fme:Foto>foto/korendragerstraat.PNG</fme:Foto>
<fme:Zone30>ja</fme:Zone30>
<fme:Datumplaat>20050812</fme:Datumplaat>
<fme:Dgemeente>Sint-jozef</fme:Dgemeente>
<fme:Aangemaakt_op>15/09/2016</fme:Aangemaakt_op>
</fme:octopuspaalOK>
<fme:octopuspaalOK>
<fme:Id>10</fme:Id>
<fme:Straat>Blankenbergse Steenweg</fme:Straat>
<fme:School>Vrije Gesubs. Basisschool Sint-Leocollege Afdeling C</fme:School>
<fme:Type>Octopus</fme:Type>
<fme:Aant_bord>2</fme:Aant_bord>
<fme:Inplanting>Middenberm</fme:Inplanting>
<fme:Foto>foto/blankenbergse steenweg.PNG</fme:Foto>
<fme:Zone30>ja</fme:Zone30>
<fme:Datumplaat>20060401</fme:Datumplaat>
<fme:Dgemeente>Sint-Pieters</fme:Dgemeente>
<fme:Aangemaakt_op>15/09/2016</fme:Aangemaakt_op>
</fme:octopuspaalOK>
<fme:octopuspaalOK>
<fme:Id>11</fme:Id>
<fme:Straat>Karel Ledeganckstraat</fme:Straat>
<fme:School>Basisschool Brugge Kust-De Regenboog</fme:School>
<fme:Type>Octopus</fme:Type>
<fme:Aant_bord>1</fme:Aant_bord>
<fme:Inplanting>Voetpad</fme:Inplanting>
<fme:Foto>foto/Karel Ledeganckstraat.PNG</fme:Foto>
<fme:Zone30>ja</fme:Zone30>
<fme:Datumplaat>20060401</fme:Datumplaat>
<fme:Dgemeente>Sint-Pieters</fme:Dgemeente>
<fme:Aangemaakt_op>15/09/2016</fme:Aangemaakt_op>
</fme:octopuspaalOK>
<fme:octopuspaalOK>
<fme:Id>12</fme:Id>
<fme:Straat>Karel Ledeganckstraat</fme:Straat>
<fme:School>Basisschool Brugge Kust-De Regenboog</fme:School>
<fme:Type>Octopus</fme:Type>
<fme:Aant_bord>1</fme:Aant_bord>
<fme:Inplanting>Voetpad</fme:Inplanting>
<fme:Foto>foto/karel ledeganckstraat 2.PNG</fme:Foto>
<fme:Zone30>ja</fme:Zone30>
<fme:Datumplaat>20060401</fme:Datumplaat>
<fme:Dgemeente>Sint-Pieters</fme:Dgemeente>
<fme:Aangemaakt_op>15/09/2016</fme:Aangemaakt_op>
</fme:octopuspaalOK>
<fme:octopuspaalOK>
<fme:Id>13</fme:Id>
<fme:Straat>Oostendse Steenweg</fme:Straat>
<fme:School>Vrije Gesubs. Basisschool Sint-Leocollege Afdeling C</fme:School>
<fme:Type>Octopus</fme:Type>
<fme:Aant_bord>2</fme:Aant_bord>
<fme:Inplanting>Middenberm</fme:Inplanting>
<fme:Foto>foto/oostendse steenweg.PNG</fme:Foto>
<fme:Zone30>ja</fme:Zone30>
<fme:Datumplaat>20060401</fme:Datumplaat>
<fme:Dgemeente>Sint-Pieters</fme:Dgemeente>
<fme:Aangemaakt_op>15/09/2016</fme:Aangemaakt_op>
</fme:octopuspaalOK>
<fme:octopuspaalOK>
<fme:Id>13</fme:Id>
<fme:Straat>Palingstraat</fme:Straat>
<fme:School>Vrije Gesubs. Basisschool Sint-Leocollege Afdeling B</fme:School>
<fme:Type>Octopus</fme:Type>
<fme:Aant_bord>1</fme:Aant_bord>
<fme:Inplanting>Voetpad (gras)</fme:Inplanting>
<fme:Foto>foto/paligstraat.PNG</fme:Foto>
<fme:Zone30>ja</fme:Zone30>
<fme:Datumplaat>20050812</fme:Datumplaat>
<fme:Dgemeente>Sint-Pieters</fme:Dgemeente>
<fme:Aangemaakt_op>15/09/2016</fme:Aangemaakt_op>
</fme:octopuspaalOK>
<fme:octopuspaalOK>
<fme:Id>15</fme:Id>
<fme:Straat>Potentestraat</fme:Straat>
<fme:School>Vrije Gesubs. Basisschool Sint-Leocollege Afdeling B</fme:School>
<fme:Type>Octopus</fme:Type>
<fme:Aant_bord>2</fme:Aant_bord>
<fme:Inplanting>Voetpad</fme:Inplanting>
<fme:Foto>foto/potentestraat.PNG</fme:Foto>
<fme:Zone30>ja</fme:Zone30>
<fme:Datumplaat>20060401</fme:Datumplaat>
<fme:Dgemeente>Sint-Pieters</fme:Dgemeente>
<fme:Aangemaakt_op>15/09/2016</fme:Aangemaakt_op>
</fme:octopuspaalOK>
<fme:octopuspaalOK>
<fme:Id>16</fme:Id>
<fme:Straat>Wilgenstraat</fme:Straat>
<fme:School>Vrije Gesubs. Basisschool Sint-Leocollege Afdeling B</fme:School>
<fme:Type>Octopus</fme:Type>
<fme:Aant_bord>1</fme:Aant_bord>
<fme:Inplanting>Beplanting (gras)</fme:Inplanting>
<fme:Foto>foto/wilgenstraat.PNG</fme:Foto>
<fme:Zone30>ja</fme:Zone30>
<fme:Datumplaat>20050812</fme:Datumplaat>
<fme:Dgemeente>Sint-Pieters</fme:Dgemeente>
<fme:Aangemaakt_op>15/09/2016</fme:Aangemaakt_op>
</fme:octopuspaalOK>
<fme:octopuspaalOK>
<fme:Id>17</fme:Id>
<fme:Straat>Damse Steenweg</fme:Straat>
<fme:School>Stedelijke Basisschool Afdeling De Bijenkorf</fme:School>
<fme:Type>Octopus</fme:Type>
<fme:Aant_bord>2</fme:Aant_bord>
<fme:Inplanting>Voetpad</fme:Inplanting>
<fme:Foto>foto/damse steenweg.PNG</fme:Foto>
<fme:Zone30>ja</fme:Zone30>
<fme:Datumplaat>20050812</fme:Datumplaat>
<fme:Dgemeente>Dudzele</fme:Dgemeente>
<fme:Aangemaakt_op>15/09/2016</fme:Aangemaakt_op>
</fme:octopuspaalOK>
<fme:octopuspaalOK>
<fme:Id>19</fme:Id>
<fme:Straat>Stationsstraat</fme:Straat>
<fme:School>Stedelijke Basisschool Afdeling Ter Poorten</fme:School>
<fme:Type>Octopus</fme:Type>
<fme:Aant_bord>1</fme:Aant_bord>
<fme:Inplanting>Voetpad</fme:Inplanting>
<fme:Foto>foto/stationsstraat.PNG</fme:Foto>
<fme:Zone30>ja</fme:Zone30>
<fme:Datumplaat>20050816</fme:Datumplaat>
<fme:Dgemeente>Lissewege</fme:Dgemeente>
<fme:Aangemaakt_op>15/09/2016</fme:Aangemaakt_op>
</fme:octopuspaalOK>
<fme:octopuspaalOK>
<fme:Id>22</fme:Id>
<fme:Straat>Ploegstraat</fme:Straat>
<fme:School>Onze-Lieve-Vrouw Ter Duinen</fme:School>
<fme:Type>Octopus</fme:Type>
<fme:Aant_bord>1</fme:Aant_bord>
<fme:Inplanting>Beplanting</fme:Inplanting>
<fme:Foto>foto/ploegstraat.PNG</fme:Foto>
<fme:Zone30>ja</fme:Zone30>
<fme:Datumplaat>20050816</fme:Datumplaat>
<fme:Dgemeente>Zeebrugge</fme:Dgemeente>
<fme:Aangemaakt_op>15/09/2016</fme:Aangemaakt_op>
</fme:octopuspaalOK>
<fme:octopuspaalOK>
<fme:Id>21</fme:Id>
<fme:Straat>Evendijk-Oost</fme:Straat>
<fme:School>Onze-Lieve-Vrouw Ter Duinen</fme:School>
<fme:Type>Octopus</fme:Type>
<fme:Aant_bord>1</fme:Aant_bord>
<fme:Inplanting>voetpad</fme:Inplanting>
<fme:Foto>foto/evendijk oost.PNG</fme:Foto>
<fme:Zone30>ja</fme:Zone30>
<fme:Datumplaat>20070801</fme:Datumplaat>
<fme:Dgemeente>Zeebrugge</fme:Dgemeente>
<fme:Aangemaakt_op>15/09/2016</fme:Aangemaakt_op>
</fme:octopuspaalOK>
<fme:octopuspaalOK>
<fme:Id>21</fme:Id>
<fme:Straat>Doornweg</fme:Straat>
<fme:School>Vrije Gesubs. Basisschool-De Lisblomme</fme:School>
<fme:Type>Octopus</fme:Type>
<fme:Aant_bord>1</fme:Aant_bord>
<fme:Inplanting>Voetpad</fme:Inplanting>
<fme:Foto>foto/doornweg.PNG</fme:Foto>
<fme:Zone30>ja</fme:Zone30>
<fme:Datumplaat>20050816</fme:Datumplaat>
<fme:Dgemeente>Zwankendamme</fme:Dgemeente>
<fme:Aangemaakt_op>15/09/2016</fme:Aangemaakt_op>
</fme:octopuspaalOK>
<fme:octopuspaalOK>
<fme:Id>25</fme:Id>
<fme:Straat>Doornstraat</fme:Straat>
<fme:School>Vrije Gesubs. Basisschool-De Lisblomme</fme:School>
<fme:Type>Octopus</fme:Type>
<fme:Aant_bord>1</fme:Aant_bord>
<fme:Inplanting>Voetpad</fme:Inplanting>
<fme:Foto>foto/doornweg 2.PNG</fme:Foto>
<fme:Zone30>ja</fme:Zone30>
<fme:Datumplaat>20050816</fme:Datumplaat>
<fme:Dgemeente>Zwankendamme</fme:Dgemeente>
<fme:Aangemaakt_op>15/09/2016</fme:Aangemaakt_op>
</fme:octopuspaalOK>
<fme:octopuspaalOK>
<fme:Id>26</fme:Id>
<fme:Straat>Beisbroekdreef</fme:Straat>
<fme:School>B.O.-school Type 3-Het Anker</fme:School>
<fme:Type>Octopus</fme:Type>
<fme:Aant_bord>1</fme:Aant_bord>
<fme:Inplanting>Beplanting</fme:Inplanting>
<fme:Foto>foto/beisbroekdreef.PNG</fme:Foto>
<fme:Zone30>ja</fme:Zone30>
<fme:Datumplaat>20050816</fme:Datumplaat>
<fme:Dgemeente>Sint Andries</fme:Dgemeente>
<fme:Aangemaakt_op>15/09/2016</fme:Aangemaakt_op>
</fme:octopuspaalOK>
<fme:octopuspaalOK>
<fme:Id>27</fme:Id>
<fme:Straat>Diksmuidse Heerweg</fme:Straat>
<fme:School>Stedelijke Basisschool-De Triangel</fme:School>
<fme:Type>Octopus</fme:Type>
<fme:Aant_bord>1</fme:Aant_bord>
<fme:Inplanting>Voetpad</fme:Inplanting>
<fme:Foto>foto/diksmuidse heerweg 2.PNG</fme:Foto>
<fme:Zone30>ja</fme:Zone30>
<fme:Datumplaat>20060401</fme:Datumplaat>
<fme:Dgemeente>Sint-Andries</fme:Dgemeente>
<fme:Aangemaakt_op>15/09/2016</fme:Aangemaakt_op>
</fme:octopuspaalOK>
<fme:octopuspaalOK>
<fme:Id>28</fme:Id>
<fme:Straat>Diksmuidse Heerweg</fme:Straat>
<fme:School>Stedelijke Basisschool-De Triangel</fme:School>
<fme:Type>Octopus</fme:Type>
<fme:Aant_bord>1</fme:Aant_bord>
<fme:Inplanting>Voetpad</fme:Inplanting>
<fme:Foto>foto/diksmuidse heerweg 3.PNG</fme:Foto>
<fme:Zone30>ja</fme:Zone30>
<fme:Datumplaat>20060401</fme:Datumplaat>
<fme:Dgemeente>Sint-Andries</fme:Dgemeente>
<fme:Aangemaakt_op>15/09/2016</fme:Aangemaakt_op>
</fme:octopuspaalOK>
<fme:octopuspaalOK>
<fme:Id>29</fme:Id>
<fme:Straat>Doornstraat</fme:Straat>
<fme:School>Vrije Gesubs. Basisschool Sint-Lodewijkscollege</fme:School>
<fme:Type>Octopus</fme:Type>
<fme:Aant_bord>1</fme:Aant_bord>
<fme:Inplanting>Voetpad</fme:Inplanting>
<fme:Foto>foto/doornstraat.PNG</fme:Foto>
<fme:Zone30>ja</fme:Zone30>
<fme:Datumplaat>20160708</fme:Datumplaat>
<fme:Dgemeente>Sint-Andries</fme:Dgemeente>
<fme:Aangemaakt_op>15/09/2016</fme:Aangemaakt_op>
</fme:octopuspaalOK>
<fme:octopuspaalOK>
<fme:Id>30</fme:Id>
<fme:Straat>Doornstraat</fme:Straat>
<fme:School>Vrije Gesubs. Basisschool Sint-Lodewijkscollege</fme:School>
<fme:Type>Octopus</fme:Type>
<fme:Aant_bord>1</fme:Aant_bord>
<fme:Inplanting>Voetpad</fme:Inplanting>
<fme:Foto>foto/doornstraat 2.PNG</fme:Foto>
<fme:Zone30>ja</fme:Zone30>
<fme:Datumplaat>20060401</fme:Datumplaat>
<fme:Dgemeente>Sint-Andries</fme:Dgemeente>
<fme:Aangemaakt_op>15/09/2016</fme:Aangemaakt_op>
</fme:octopuspaalOK>
<fme:octopuspaalOK>
<fme:Id>48</fme:Id>
<fme:Straat>Gistelse Steenweg</fme:Straat>
<fme:School>Vrije Ges. Gem. Basisschool Sint-Lodewijkscollege</fme:School>
<fme:Type>Octopus</fme:Type>
<fme:Aant_bord>1</fme:Aant_bord>
<fme:Inplanting>Voetpad</fme:Inplanting>
<fme:Foto>foto/gistelse steenweg.PNG</fme:Foto>
<fme:Zone30>ja</fme:Zone30>
<fme:Datumplaat>20060401</fme:Datumplaat>
<fme:Dgemeente>Sint-Andries</fme:Dgemeente>
<fme:Aangemaakt_op>15/09/2016</fme:Aangemaakt_op>
</fme:octopuspaalOK>
<fme:octopuspaalOK>
<fme:Id>32</fme:Id>
<fme:Straat>Jan Breydellaan</fme:Straat>
<fme:School>Vrije Gesubs. Basisschool Sint-Lodewijkscollege</fme:School>
<fme:Type>Octopus</fme:Type>
<fme:Aant_bord>2</fme:Aant_bord>
<fme:Inplanting>Naast zebrapad</fme:Inplanting>
<fme:Foto>foto/jan breydellaan.PNG</fme:Foto>
<fme:Zone30>ja</fme:Zone30>
<fme:Datumplaat>20050819</fme:Datumplaat>
<fme:Dgemeente>Sint-Andries</fme:Dgemeente>
<fme:Aangemaakt_op>15/09/2016</fme:Aangemaakt_op>
</fme:octopuspaalOK>
<fme:octopuspaalOK>
<fme:Id>33</fme:Id>
<fme:Straat>Knotwilgenlaan</fme:Straat>
<fme:School>Vrije Ges. Gem. Basisschool Sint-Lodewijkscollege-Blijmare</fme:School>
<fme:Type>Octopus</fme:Type>
<fme:Aant_bord>1</fme:Aant_bord>
<fme:Inplanting>Beplanting (plein)</fme:Inplanting>
<fme:Foto>foto/knotwilgenlaan 1.PNG</fme:Foto>
<fme:Zone30>ja</fme:Zone30>
<fme:Datumplaat>20060401</fme:Datumplaat>
<fme:Dgemeente>Sint-Andries</fme:Dgemeente>
<fme:Aangemaakt_op>15/09/2016</fme:Aangemaakt_op>
</fme:octopuspaalOK>
<fme:octopuspaalOK>
<fme:Id>34</fme:Id>
<fme:Straat>Knotwilgenlaan</fme:Straat>
<fme:School>Vrije Ges. Gem. Basisschool Sint-Lodewijkscollege-Blijmare</fme:School>
<fme:Type>Octopus</fme:Type>
<fme:Aant_bord>1</fme:Aant_bord>
<fme:Inplanting>Voetpad</fme:Inplanting>
<fme:Foto>foto/knotwilgenlaan.PNG</fme:Foto>
<fme:Zone30>ja</fme:Zone30>
<fme:Datumplaat>20060401</fme:Datumplaat>
<fme:Dgemeente>Sint-Andries</fme:Dgemeente>
<fme:Aangemaakt_op>15/09/2016</fme:Aangemaakt_op>
</fme:octopuspaalOK>
<fme:octopuspaalOK>
<fme:Id>35</fme:Id>
<fme:Straat>Koning Leopold III-laan</fme:Straat>
<fme:School>Basisschool De Boomhut</fme:School>
<fme:Type>octopus</fme:Type>
<fme:Aant_bord>2</fme:Aant_bord>
<fme:Inplanting>Voetpad</fme:Inplanting>
<fme:Foto>foto/koning leopold 3 laan.PNG</fme:Foto>
<fme:Zone30>ja</fme:Zone30>
<fme:Datumplaat>20050823</fme:Datumplaat>
<fme:Dgemeente>Sint-Andries</fme:Dgemeente>
<fme:Aangemaakt_op>15/09/2016</fme:Aangemaakt_op>
</fme:octopuspaalOK>
<fme:octopuspaalOK>
<fme:Id>36</fme:Id>
<fme:Straat>Koude-Keukenstraat</fme:Straat>
<fme:School>Vrije Ges. Gem. Basisschool Sint-Lodewijkscollege</fme:School>
<fme:Type>Octopus</fme:Type>
<fme:Aant_bord>1</fme:Aant_bord>
<fme:Inplanting>Voetpad</fme:Inplanting>
<fme:Foto>foto/koude keukenstraat.PNG</fme:Foto>
<fme:Zone30>ja</fme:Zone30>
<fme:Datumplaat>20050823</fme:Datumplaat>
<fme:Dgemeente>Sint-Andries</fme:Dgemeente>
<fme:Aangemaakt_op>15/09/2016</fme:Aangemaakt_op>
</fme:octopuspaalOK>
<fme:octopuspaalOK>
<fme:Id>37</fme:Id>
<fme:Straat>Magdalenastraat</fme:Straat>
<fme:School>Sint-Lodewijkscollege</fme:School>
<fme:Type>Octopus</fme:Type>
<fme:Aant_bord>1</fme:Aant_bord>
<fme:Inplanting>Beplanting</fme:Inplanting>
<fme:Foto>foto/magdalenastraat.PNG</fme:Foto>
<fme:Zone30>ja</fme:Zone30>
<fme:Datumplaat>20060401</fme:Datumplaat>
<fme:Dgemeente>Sint-Andries</fme:Dgemeente>
<fme:Aangemaakt_op>15/09/2016</fme:Aangemaakt_op>
</fme:octopuspaalOK>
<fme:octopuspaalOK>
<fme:Id>38</fme:Id>
<fme:Straat>Magdalenastraat</fme:Straat>
<fme:School>Sint-Lodewijkscollege</fme:School>
<fme:Type>Octopus</fme:Type>
<fme:Aant_bord>1</fme:Aant_bord>
<fme:Inplanting>Beplanting</fme:Inplanting>
<fme:Foto>foto/magdalenastraat 2.PNG</fme:Foto>
<fme:Zone30>ja</fme:Zone30>
<fme:Datumplaat>20060408</fme:Datumplaat>
<fme:Dgemeente>Sint-Andries</fme:Dgemeente>
<fme:Aangemaakt_op>15/09/2016</fme:Aangemaakt_op>
</fme:octopuspaalOK>
<fme:octopuspaalOK>
<fme:Id>39</fme:Id>
<fme:Straat>Manitobalaan</fme:Straat>
<fme:School>Sint-Lodewijkscollege</fme:School>
<fme:Type>Octopus</fme:Type>
<fme:Aant_bord>1</fme:Aant_bord>
<fme:Inplanting>Voetpad</fme:Inplanting>
<fme:Foto>foto/manitobalaan.PNG</fme:Foto>
<fme:Zone30>ja</fme:Zone30>
<fme:Datumplaat>20050817</fme:Datumplaat>
<fme:Dgemeente>Sint-Andries</fme:Dgemeente>
<fme:Aangemaakt_op>15/09/2016</fme:Aangemaakt_op>
</fme:octopuspaalOK>
<fme:octopuspaalOK>
<fme:Id>40</fme:Id>
<fme:Straat>Manitobalaan</fme:Straat>
<fme:School>Basisschool Sint-Andries-Manitoba</fme:School>
<fme:Type>Octopus</fme:Type>
<fme:Aant_bord>1</fme:Aant_bord>
<fme:Inplanting>Beplanting</fme:Inplanting>
<fme:Foto>foto/manitobalaan 2.PNG</fme:Foto>
<fme:Zone30>ja</fme:Zone30>
<fme:Datumplaat>20050823</fme:Datumplaat>
<fme:Dgemeente>Sint-Andries</fme:Dgemeente>
<fme:Aangemaakt_op>15/09/2016</fme:Aangemaakt_op>
</fme:octopuspaalOK>
<fme:octopuspaalOK>
<fme:Id>41</fme:Id>
<fme:Straat>Nieuwe St.-Annadreef</fme:Straat>
<fme:School>Bu.S.O.-De Varens</fme:School>
<fme:Type>Octopus</fme:Type>
<fme:Aant_bord>1</fme:Aant_bord>
<fme:Inplanting>Beplanting</fme:Inplanting>
<fme:Foto>foto/nieuwe sint-annadreef.PNG</fme:Foto>
<fme:Zone30>ja</fme:Zone30>
<fme:Datumplaat>20050817</fme:Datumplaat>
<fme:Dgemeente>Sint-Andries</fme:Dgemeente>
<fme:Aangemaakt_op>15/09/2016</fme:Aangemaakt_op>
</fme:octopuspaalOK>
<fme:octopuspaalOK>
<fme:Id>42</fme:Id>
<fme:Straat>Nieuwe St.-Annadreef</fme:Straat>
<fme:School>Bu.S.O.-De Varens</fme:School>
<fme:Type>Octopus</fme:Type>
<fme:Aant_bord>1</fme:Aant_bord>
<fme:Inplanting>Beplanting</fme:Inplanting>
<fme:Foto>foto/nieuwe sint-annadreef 2.PNG</fme:Foto>
<fme:Zone30>ja</fme:Zone30>
<fme:Datumplaat>20050817</fme:Datumplaat>
<fme:Dgemeente>Sint-Andries</fme:Dgemeente>
<fme:Aangemaakt_op>15/09/2016</fme:Aangemaakt_op>
</fme:octopuspaalOK>
<fme:octopuspaalOK>
<fme:Id>43</fme:Id>
<fme:Straat>Noordveldstraat</fme:Straat>
<fme:School>Vrij Gesubs. B.L.O.-Het Noordveld</fme:School>
<fme:Type>Octopus</fme:Type>
<fme:Aant_bord>1</fme:Aant_bord>
<fme:Inplanting>voetpad</fme:Inplanting>
<fme:Foto>foto/noordveldstraat.PNG</fme:Foto>
<fme:Zone30>ja</fme:Zone30>
<fme:Datumplaat>20050822</fme:Datumplaat>
<fme:Dgemeente>Sint-Andries</fme:Dgemeente>
<fme:Aangemaakt_op>15/09/2016</fme:Aangemaakt_op>
</fme:octopuspaalOK>
<fme:octopuspaalOK>
<fme:Id>44</fme:Id>
<fme:Straat>Noordveldstraat</fme:Straat>
<fme:School>Vrij Gesubs. B.L.O.-Het Noordveld</fme:School>
<fme:Type>Octopus</fme:Type>
<fme:Aant_bord>1</fme:Aant_bord>
<fme:Inplanting>Beplanting</fme:Inplanting>
<fme:Foto>foto/noordveldstraat 2.PNG</fme:Foto>
<fme:Zone30>ja</fme:Zone30>
<fme:Datumplaat>20050822</fme:Datumplaat>
<fme:Dgemeente>Sint-Andries</fme:Dgemeente>
<fme:Aangemaakt_op>15/09/2016</fme:Aangemaakt_op>
</fme:octopuspaalOK>
<fme:octopuspaalOK>
<fme:Id>45</fme:Id>
<fme:Straat>Oorlogsvrijwilligerslaan</fme:Straat>
<fme:School>Basisschool Sint-Andries-Hermitage</fme:School>
<fme:Type>Octopus</fme:Type>
<fme:Aant_bord>1</fme:Aant_bord>
<fme:Inplanting>Voetpad</fme:Inplanting>
<fme:Foto>foto/oorlogsvrijwilligerslaan.PNG</fme:Foto>
<fme:Zone30>ja</fme:Zone30>
<fme:Datumplaat>20060401</fme:Datumplaat>
<fme:Dgemeente>Sint-Andries</fme:Dgemeente>
<fme:Aangemaakt_op>15/09/2016</fme:Aangemaakt_op>
</fme:octopuspaalOK>
<fme:octopuspaalOK>
<fme:Id>46</fme:Id>
<fme:Straat>Zandstraat</fme:Straat>
<fme:School>Vrij Technisch Instituut-Zandstraat</fme:School>
<fme:Type>Octopus</fme:Type>
<fme:Aant_bord>2</fme:Aant_bord>
<fme:Inplanting>Beplanting</fme:Inplanting>
<fme:Foto>foto/zandstraat.PNG</fme:Foto>
<fme:Zone30>ja</fme:Zone30>
<fme:Datumplaat>20050817</fme:Datumplaat>
<fme:Dgemeente>Sint-Andries</fme:Dgemeente>
<fme:Aangemaakt_op>15/09/2016</fme:Aangemaakt_op>
</fme:octopuspaalOK>
<fme:octopuspaalOK>
<fme:Id>47</fme:Id>
<fme:Straat>Zandstraat</fme:Straat>
<fme:School>Vrije Gesubs. Basisschool Sint-Lodewijkscollege</fme:School>
<fme:Type>Octopus</fme:Type>
<fme:Aant_bord>2</fme:Aant_bord>
<fme:Inplanting>Voetpad</fme:Inplanting>
<fme:Foto>foto/zandstraat 2.PNG</fme:Foto>
<fme:Zone30>ja</fme:Zone30>
<fme:Datumplaat>20050822</fme:Datumplaat>
<fme:Dgemeente>Sint-Andries</fme:Dgemeente>
<fme:Aangemaakt_op>15/09/2016</fme:Aangemaakt_op>
</fme:octopuspaalOK>
<fme:octopuspaalOK>
<fme:Id>31</fme:Id>
<fme:Straat>Gistelse Steenweg</fme:Straat>
<fme:School>Vrije Ges. Gem. Basisschool Sint-Lodewijkscollege</fme:School>
<fme:Type>Octopus</fme:Type>
<fme:Aant_bord>2</fme:Aant_bord>
<fme:Inplanting>Zebrapad, rijbaan</fme:Inplanting>
<fme:Foto>foto/gistelse steenweg 2.PNG</fme:Foto>
<fme:Zone30>ja</fme:Zone30>
<fme:Datumplaat>20060401</fme:Datumplaat>
<fme:Dgemeente>Sint-Andries</fme:Dgemeente>
<fme:Aangemaakt_op>15/09/2016</fme:Aangemaakt_op>
</fme:octopuspaalOK>
<fme:octopuspaalOK>
<fme:Id>51</fme:Id>
<fme:Straat>Barrièrestraat</fme:Straat>
<fme:School>Bu.S.I.-Ravelijn</fme:School>
<fme:Type>Octopus</fme:Type>
<fme:Aant_bord>1</fme:Aant_bord>
<fme:Inplanting>Voetpad</fme:Inplanting>
<fme:Foto>foto/barrierestraat.PNG</fme:Foto>
<fme:Zone30>ja</fme:Zone30>
<fme:Datumplaat>20050823</fme:Datumplaat>
<fme:Dgemeente>Sint-Michiels</fme:Dgemeente>
<fme:Aangemaakt_op>15/09/2016</fme:Aangemaakt_op>
</fme:octopuspaalOK>
<fme:octopuspaalOK>
<fme:Id>49</fme:Id>
<fme:Straat>Gistelse Steenweg</fme:Straat>
<fme:School>Vrije Gesubs. Basisschool Sint-Lodewijkscollege</fme:School>
<fme:Type>Octopus</fme:Type>
<fme:Aant_bord>1</fme:Aant_bord>
<fme:Inplanting>Voetpad</fme:Inplanting>
<fme:Foto>foto/gistelse steenweg.PNG</fme:Foto>
<fme:Zone30>ja</fme:Zone30>
<fme:Datumplaat>20060401</fme:Datumplaat>
<fme:Dgemeente>Sint-Andries</fme:Dgemeente>
<fme:Aangemaakt_op>15/09/2016</fme:Aangemaakt_op>
</fme:octopuspaalOK>
<fme:octopuspaalOK>
<fme:Id>50</fme:Id>
<fme:Straat>Barrièrestraat</fme:Straat>
<fme:School>Bu.S.O.-Ravelijn</fme:School>
<fme:Type>Octopus</fme:Type>
<fme:Aant_bord>1</fme:Aant_bord>
<fme:Inplanting>Voetpad</fme:Inplanting>
<fme:Foto>foto/barrierestraat 2.PNG</fme:Foto>
<fme:Zone30>ja</fme:Zone30>
<fme:Datumplaat>20050401</fme:Datumplaat>
<fme:Dgemeente>Sint-Michiels</fme:Dgemeente>
<fme:Aangemaakt_op>15/09/2016</fme:Aangemaakt_op>
</fme:octopuspaalOK>
<fme:octopuspaalOK>
<fme:Id>52</fme:Id>
<fme:Straat>Kaproenenhof</fme:Straat>
<fme:School>M.P.I.-De Kaproenen</fme:School>
<fme:Type>Octopus</fme:Type>
<fme:Aant_bord>1</fme:Aant_bord>
<fme:Inplanting>Voetpad</fme:Inplanting>
<fme:Foto>foto/kaproenenhof.PNG</fme:Foto>
<fme:Zone30>nee</fme:Zone30>
<fme:Datumplaat>20060401</fme:Datumplaat>
<fme:Dgemeente>Sint-Michiels</fme:Dgemeente>
<fme:Aangemaakt_op>15/09/2016</fme:Aangemaakt_op>
</fme:octopuspaalOK>
<fme:octopuspaalOK>
<fme:Id>52</fme:Id>
<fme:Straat>Koning Albert I-laan</fme:Straat>
<fme:School>Vrije Gesubs. Basisschool B.O.-Ter Dreve</fme:School>
<fme:Type>Octopus</fme:Type>
<fme:Aant_bord>2</fme:Aant_bord>
<fme:Inplanting>Voetpad</fme:Inplanting>
<fme:Foto>foto/koning albert 1 laan.PNG</fme:Foto>
<fme:Zone30>ja</fme:Zone30>
<fme:Datumplaat>20060401</fme:Datumplaat>
<fme:Dgemeente>Sint-Michiels</fme:Dgemeente>
<fme:Aangemaakt_op>15/09/2016</fme:Aangemaakt_op>
</fme:octopuspaalOK>
<fme:octopuspaalOK>
<fme:Id>54</fme:Id>
<fme:Straat>Koningin Astridlaan</fme:Straat>
<fme:School>Vrije Gesubs. Basisschool B.O.-Ter Dreve</fme:School>
<fme:Type>Octopus</fme:Type>
<fme:Aant_bord>1</fme:Aant_bord>
<fme:Inplanting>Beplanting</fme:Inplanting>
<fme:Foto>foto/koning astridlaan.PNG</fme:Foto>
<fme:Zone30>ja</fme:Zone30>
<fme:Datumplaat>20050831</fme:Datumplaat>
<fme:Dgemeente>Sint-Michiels</fme:Dgemeente>
<fme:Aangemaakt_op>15/09/2016</fme:Aangemaakt_op>
</fme:octopuspaalOK>
<fme:octopuspaalOK>
<fme:Id>55</fme:Id>
<fme:Straat>Koningin Astridlaan</fme:Straat>
<fme:School>Vrije Gesubs. Basisschool B.O.-Ter Dreve</fme:School>
<fme:Type>Octopus</fme:Type>
<fme:Aant_bord>1</fme:Aant_bord>
<fme:Inplanting>Voetpad</fme:Inplanting>
<fme:Foto>foto/kon. astridlaan.PNG</fme:Foto>
<fme:Zone30>ja</fme:Zone30>
<fme:Datumplaat>20050831</fme:Datumplaat>
<fme:Dgemeente>Sint-Michiels</fme:Dgemeente>
<fme:Aangemaakt_op>15/09/2016</fme:Aangemaakt_op>
</fme:octopuspaalOK>
<fme:octopuspaalOK>
<fme:Id>57</fme:Id>
<fme:Straat>Rijselstraat</fme:Straat>
<fme:School>Koninklijk technisch Atheneum</fme:School>
<fme:Type>Octopus</fme:Type>
<fme:Aant_bord>1</fme:Aant_bord>
<fme:Inplanting>Voetpad</fme:Inplanting>
<fme:Foto>foto/rijselstraat.PNG</fme:Foto>
<fme:Zone30>ja</fme:Zone30>
<fme:Datumplaat>20050830</fme:Datumplaat>
<fme:Dgemeente>Sint-Michiels</fme:Dgemeente>
<fme:Aangemaakt_op>15/09/2016</fme:Aangemaakt_op>
</fme:octopuspaalOK>
<fme:octopuspaalOK>
<fme:Id>56</fme:Id>
<fme:Straat>Rijselstraat</fme:Straat>
<fme:School>Koninklijk Technisch Atheneum</fme:School>
<fme:Type>Octopus</fme:Type>
<fme:Aant_bord>1</fme:Aant_bord>
<fme:Inplanting>Voetpad</fme:Inplanting>
<fme:Foto>foto/rijselstraat 2.PNG</fme:Foto>
<fme:Zone30>ja</fme:Zone30>
<fme:Datumplaat>20060401</fme:Datumplaat>
<fme:Dgemeente>Sint-Michiels</fme:Dgemeente>
<fme:Aangemaakt_op>15/09/2016</fme:Aangemaakt_op>
</fme:octopuspaalOK>
<fme:octopuspaalOK>
<fme:Id>59</fme:Id>
<fme:Straat>Rijselstraat</fme:Straat>
<fme:School>Gemeentelijke Basisschool Afdeling A</fme:School>
<fme:Type>Octopus</fme:Type>
<fme:Aant_bord>1</fme:Aant_bord>
<fme:Inplanting>Voetpad</fme:Inplanting>
<fme:Foto>foto/rijselstraat 3.PNG</fme:Foto>
<fme:Zone30>nee</fme:Zone30>
<fme:Datumplaat>20050824</fme:Datumplaat>
<fme:Dgemeente>Sint-Michiels</fme:Dgemeente>
<fme:Aangemaakt_op>15/09/2016</fme:Aangemaakt_op>
</fme:octopuspaalOK>
<fme:octopuspaalOK>
<fme:Id>58</fme:Id>
<fme:Straat>Dorpsstraat</fme:Straat>
<fme:School>Gemeentelijke Basisschool Afdeling A</fme:School>
<fme:Type>Octopus</fme:Type>
<fme:Aant_bord>1</fme:Aant_bord>
<fme:Inplanting>Voetpad</fme:Inplanting>
<fme:Foto>foto/rijselstraat 4.PNG</fme:Foto>
<fme:Zone30>nee</fme:Zone30>
<fme:Datumplaat>20050824</fme:Datumplaat>
<fme:Dgemeente>Sint-Michiels</fme:Dgemeente>
<fme:Aangemaakt_op>15/09/2016</fme:Aangemaakt_op>
</fme:octopuspaalOK>
<fme:octopuspaalOK>
<fme:Id>60</fme:Id>
<fme:Straat>Ten Boomgaard</fme:Straat>
<fme:School>Gemeentelijke Basisschool Afdeling A</fme:School>
<fme:Type>Octopus</fme:Type>
<fme:Aant_bord>2</fme:Aant_bord>
<fme:Inplanting>Voetpad + beplanting</fme:Inplanting>
<fme:Foto>foto/ten boomgaard.PNG</fme:Foto>
<fme:Zone30>nee</fme:Zone30>
<fme:Datumplaat>20050824</fme:Datumplaat>
<fme:Dgemeente>Sint-Michiels</fme:Dgemeente>
<fme:Aangemaakt_op>15/09/2016</fme:Aangemaakt_op>
</fme:octopuspaalOK>
<fme:octopuspaalOK>
<fme:Id>61</fme:Id>
<fme:Straat>Sint-Michielslaan</fme:Straat>
<fme:School>Gemeentelijke Basisschool Afdeling B</fme:School>
<fme:Type>Octopus</fme:Type>
<fme:Aant_bord>1</fme:Aant_bord>
<fme:Inplanting>Beplanting</fme:Inplanting>
<fme:Foto>foto/sint-michielslaan.PNG</fme:Foto>
<fme:Zone30>ja</fme:Zone30>
<fme:Datumplaat>20050921</fme:Datumplaat>
<fme:Dgemeente>Sint-Michiels</fme:Dgemeente>
<fme:Aangemaakt_op>15/09/2016</fme:Aangemaakt_op>
</fme:octopuspaalOK>
<fme:octopuspaalOK>
<fme:Id>62</fme:Id>
<fme:Straat>Sint-Michielslaan</fme:Straat>
<fme:School>Gemeentelijke Basisschool Afdeling B</fme:School>
<fme:Type>Octopus</fme:Type>
<fme:Aant_bord>1</fme:Aant_bord>
<fme:Inplanting>Beplanting</fme:Inplanting>
<fme:Foto>foto/sint-michielslaan 2.PNG</fme:Foto>
<fme:Zone30>ja</fme:Zone30>
<fme:Datumplaat>20050921</fme:Datumplaat>
<fme:Dgemeente>Sint-Michiels</fme:Dgemeente>
<fme:Aangemaakt_op>15/09/2016</fme:Aangemaakt_op>
</fme:octopuspaalOK>
<fme:octopuspaalOK>
<fme:Id>63</fme:Id>
<fme:Straat>Sint-Godelievelaan</fme:Straat>
<fme:School>Gemeentelijke Basisschool Afdeling B</fme:School>
<fme:Type>Octopus</fme:Type>
<fme:Aant_bord>2</fme:Aant_bord>
<fme:Inplanting>Beplanting</fme:Inplanting>
<fme:Foto>foto/sint-godelievelaan.PNG</fme:Foto>
<fme:Zone30>nee</fme:Zone30>
<fme:Datumplaat>20060401</fme:Datumplaat>
<fme:Dgemeente>Sint-Michiels</fme:Dgemeente>
<fme:Aangemaakt_op>15/09/2016</fme:Aangemaakt_op>
</fme:octopuspaalOK>
<fme:octopuspaalOK>
<fme:Id>64</fme:Id>
<fme:Straat>Spoorwegstraat</fme:Straat>
<fme:School>K.H.B.O-Campus Sint-Michiel</fme:School>
<fme:Type>Octopus</fme:Type>
<fme:Aant_bord>1</fme:Aant_bord>
<fme:Inplanting>Voetpad</fme:Inplanting>
<fme:Foto>foto/spoorwegstraat.PNG</fme:Foto>
<fme:Zone30>ja</fme:Zone30>
<fme:Datumplaat>20060401</fme:Datumplaat>
<fme:Dgemeente>Sint-Michiels</fme:Dgemeente>
<fme:Aangemaakt_op>15/09/2016</fme:Aangemaakt_op>
</fme:octopuspaalOK>
<fme:octopuspaalOK>
<fme:Id>65</fme:Id>
<fme:Straat>Spoorwegstraat</fme:Straat>
<fme:School>Bakkerij-, Slagerij- en Hotelschool Ter Groene Poorte</fme:School>
<fme:Type>Octopus</fme:Type>
<fme:Aant_bord>1</fme:Aant_bord>
<fme:Inplanting>Voetpad</fme:Inplanting>
<fme:Foto>foto/spoorwegstraat 2.PNG</fme:Foto>
<fme:Zone30>nee</fme:Zone30>
<fme:Datumplaat>20060401</fme:Datumplaat>
<fme:Dgemeente>Sint-Michiels</fme:Dgemeente>
<fme:Aangemaakt_op>15/09/2016</fme:Aangemaakt_op>
</fme:octopuspaalOK>
<fme:octopuspaalOK>
<fme:Id>69</fme:Id>
<fme:Straat>Vijverhoflaan</fme:Straat>
<fme:School>Basisschool Sint-Andries-Vijverhof</fme:School>
<fme:Type>Octopus</fme:Type>
<fme:Aant_bord>1</fme:Aant_bord>
<fme:Inplanting>Voetpad</fme:Inplanting>
<fme:Foto>foto/vijverhoflaan.PNG</fme:Foto>
<fme:Zone30>nee</fme:Zone30>
<fme:Datumplaat>20050824</fme:Datumplaat>
<fme:Dgemeente>Sint-Michiels</fme:Dgemeente>
<fme:Aangemaakt_op>15/09/2016</fme:Aangemaakt_op>
</fme:octopuspaalOK>
<fme:octopuspaalOK>
<fme:Id>70</fme:Id>
<fme:Straat>Vijverhoflaan</fme:Straat>
<fme:School>Basisschool Sint-Andries-Vijverhof</fme:School>
<fme:Type>Octopus</fme:Type>
<fme:Aant_bord>1</fme:Aant_bord>
<fme:Inplanting>Voetpad</fme:Inplanting>
<fme:Foto>foto/vijverhoflaan 2.PNG</fme:Foto>
<fme:Zone30>nee</fme:Zone30>
<fme:Datumplaat>20050824</fme:Datumplaat>
<fme:Dgemeente>Sint-Michiels</fme:Dgemeente>
<fme:Aangemaakt_op>15/09/2016</fme:Aangemaakt_op>
</fme:octopuspaalOK>
<fme:octopuspaalOK>
<fme:Id>71</fme:Id>
<fme:Straat>Astridlaan</fme:Straat>
<fme:School>Guido Gezelleschool Steinerpedagogie</fme:School>
<fme:Type>Octopus</fme:Type>
<fme:Aant_bord>2</fme:Aant_bord>
<fme:Inplanting>Naast fietspad</fme:Inplanting>
<fme:Foto>foto/astridlaan.PNG</fme:Foto>
<fme:Zone30>ja</fme:Zone30>
<fme:Datumplaat>20060401</fme:Datumplaat>
<fme:Dgemeente>Assebroek</fme:Dgemeente>
<fme:Aangemaakt_op>15/09/2016</fme:Aangemaakt_op>
</fme:octopuspaalOK>
<fme:octopuspaalOK>
<fme:Id>72</fme:Id>
<fme:Straat>Koning Boudewijnlaan</fme:Straat>
<fme:School>Guido Gezelleschool Steinerpedagogie</fme:School>
<fme:Type>Octopus</fme:Type>
<fme:Aant_bord>2</fme:Aant_bord>
<fme:Inplanting>Voetpad</fme:Inplanting>
<fme:Foto>foto/koning boudewijlaan.PNG</fme:Foto>
<fme:Zone30>ja</fme:Zone30>
<fme:Datumplaat>20050831</fme:Datumplaat>
<fme:Dgemeente>Assebroek</fme:Dgemeente>
<fme:Aangemaakt_op>15/09/2016</fme:Aangemaakt_op>
</fme:octopuspaalOK>
<fme:octopuspaalOK>
<fme:Id>73</fme:Id>
<fme:Straat>Koning Boudewijnlaan</fme:Straat>
<fme:School>Guido Gezelleschool Steinerpedagogie</fme:School>
<fme:Type>Octopus</fme:Type>
<fme:Aant_bord>1</fme:Aant_bord>
<fme:Inplanting>Voetpad</fme:Inplanting>
<fme:Foto>foto/koning boudewijnlaan 2.PNG</fme:Foto>
<fme:Zone30>ja</fme:Zone30>
<fme:Datumplaat>20070801</fme:Datumplaat>
<fme:Dgemeente>Assebroek</fme:Dgemeente>
<fme:Aangemaakt_op>15/09/2016</fme:Aangemaakt_op>
</fme:octopuspaalOK>
<fme:octopuspaalOK>
<fme:Id>74</fme:Id>
<fme:Straat>Baron Ruzettelaan</fme:Straat>
<fme:School>Vrije Gesubs. Basisschool OLVA Afdeling Steenbrugge</fme:School>
<fme:Type>Octopus</fme:Type>
<fme:Aant_bord>1</fme:Aant_bord>
<fme:Inplanting>Voetpad</fme:Inplanting>
<fme:Foto>foto/baron ruzettelaan.PNG</fme:Foto>
<fme:Zone30>ja</fme:Zone30>
<fme:Datumplaat>20060401</fme:Datumplaat>
<fme:Dgemeente>Assebroek</fme:Dgemeente>
<fme:Aangemaakt_op>15/09/2016</fme:Aangemaakt_op>
</fme:octopuspaalOK>
<fme:octopuspaalOK>
<fme:Id>75</fme:Id>
<fme:Straat>Sint-Trudostraat</fme:Straat>
<fme:School>Vrije Gesubs. Basisschool OLVA Afdeling Steenbrugge</fme:School>
<fme:Type>Octopus</fme:Type>
<fme:Aant_bord>2</fme:Aant_bord>
<fme:Inplanting>Tussenstuk rijbaan/fietsp</fme:Inplanting>
<fme:Foto>foto/sint-trudostraat.PNG</fme:Foto>
<fme:Zone30>ja</fme:Zone30>
<fme:Datumplaat>20060401</fme:Datumplaat>
<fme:Dgemeente>Assebroek</fme:Dgemeente>
<fme:Aangemaakt_op>15/09/2016</fme:Aangemaakt_op>
</fme:octopuspaalOK>
<fme:octopuspaalOK>
<fme:Id>76</fme:Id>
<fme:Straat>Sint-Kristoffelstraat</fme:Straat>
<fme:School>Onze-Lieve-Vrouwecollege Assebroek</fme:School>
<fme:Type>Octopus</fme:Type>
<fme:Aant_bord>1</fme:Aant_bord>
<fme:Inplanting>Voetpad</fme:Inplanting>
<fme:Foto>foto/sint-kristoffelstraat.PNG</fme:Foto>
<fme:Zone30>ja</fme:Zone30>
<fme:Datumplaat>20050831</fme:Datumplaat>
<fme:Dgemeente>Assebroek</fme:Dgemeente>
<fme:Aangemaakt_op>15/09/2016</fme:Aangemaakt_op>
</fme:octopuspaalOK>
<fme:octopuspaalOK>
<fme:Id>77</fme:Id>
<fme:Straat>Collegestraat</fme:Straat>
<fme:School>Onze-Lieve-Vrouwecollege Assebroek</fme:School>
<fme:Type>Octopus</fme:Type>
<fme:Aant_bord>2</fme:Aant_bord>
<fme:Inplanting>Voetpad</fme:Inplanting>
<fme:Foto>foto/collegestraat.PNG</fme:Foto>
<fme:Zone30>ja</fme:Zone30>
<fme:Datumplaat>20050831</fme:Datumplaat>
<fme:Dgemeente>Assebroek</fme:Dgemeente>
<fme:Aangemaakt_op>15/09/2016</fme:Aangemaakt_op>
</fme:octopuspaalOK>
<fme:octopuspaalOK>
<fme:Id>78</fme:Id>
<fme:Straat>Daverlostraat</fme:Straat>
<fme:School>Basisschool Koninklijk Atheneum Assebroek</fme:School>
<fme:Type>Octopus</fme:Type>
<fme:Aant_bord>1</fme:Aant_bord>
<fme:Inplanting>Beplanting</fme:Inplanting>
<fme:Foto>foto/daverlostraat 1.PNG</fme:Foto>
<fme:Zone30>ja</fme:Zone30>
<fme:Datumplaat>20050828</fme:Datumplaat>
<fme:Dgemeente>Assebroek</fme:Dgemeente>
<fme:Aangemaakt_op>15/09/2016</fme:Aangemaakt_op>
</fme:octopuspaalOK>
<fme:octopuspaalOK>
<fme:Id>79</fme:Id>
<fme:Straat>Daverlostraat</fme:Straat>
<fme:School>Basisschool Koninklijk Atheneum Assebroek</fme:School>
<fme:Type>Octopus</fme:Type>
<fme:Aant_bord>1</fme:Aant_bord>
<fme:Inplanting>Middenstuk baan-fietspad</fme:Inplanting>
<fme:Foto>foto/daverlostraat.PNG</fme:Foto>
<fme:Zone30>ja</fme:Zone30>
<fme:Datumplaat>20050831</fme:Datumplaat>
<fme:Dgemeente>Assebroek</fme:Dgemeente>
<fme:Aangemaakt_op>15/09/2016</fme:Aangemaakt_op>
</fme:octopuspaalOK>
<fme:octopuspaalOK>
<fme:Id>80</fme:Id>
<fme:Straat>Weidestraat</fme:Straat>
<fme:School>Basisschool Koninklijk Atheneum Assebroek</fme:School>
<fme:Type>Octopus</fme:Type>
<fme:Aant_bord>1</fme:Aant_bord>
<fme:Inplanting>Beplanting</fme:Inplanting>
<fme:Foto>foto/weidestraat.PNG</fme:Foto>
<fme:Zone30>ja</fme:Zone30>
<fme:Datumplaat>20050831</fme:Datumplaat>
<fme:Dgemeente>Assebroek</fme:Dgemeente>
<fme:Aangemaakt_op>15/09/2016</fme:Aangemaakt_op>
</fme:octopuspaalOK>
<fme:octopuspaalOK>
<fme:Id>81</fme:Id>
<fme:Straat>Dries</fme:Straat>
<fme:School>Vrije Gesubs. Basisschool OLVA E-'t Sparrenhof</fme:School>
<fme:Type>Octopus</fme:Type>
<fme:Aant_bord>2</fme:Aant_bord>
<fme:Inplanting>Beplanting</fme:Inplanting>
<fme:Foto>foto/dries.PNG</fme:Foto>
<fme:Zone30>ja</fme:Zone30>
<fme:Datumplaat>20050825</fme:Datumplaat>
<fme:Dgemeente>Assebroek</fme:Dgemeente>
<fme:Aangemaakt_op>15/09/2016</fme:Aangemaakt_op>
</fme:octopuspaalOK>
<fme:octopuspaalOK>
<fme:Id>82</fme:Id>
<fme:Straat>Gemeneweideweg-Zuid</fme:Straat>
<fme:School>Basisschool Koninklijk Atheneum Assebroek-Paalbos</fme:School>
<fme:Type>Octopus</fme:Type>
<fme:Aant_bord>2</fme:Aant_bord>
<fme:Inplanting>Gras</fme:Inplanting>
<fme:Foto>foto/gemeneweideweg-zuid.PNG</fme:Foto>
<fme:Zone30>ja</fme:Zone30>
<fme:Datumplaat>20050401</fme:Datumplaat>
<fme:Dgemeente>Assebroek</fme:Dgemeente>
<fme:Aangemaakt_op>15/09/2016</fme:Aangemaakt_op>
</fme:octopuspaalOK>
<fme:octopuspaalOK>
<fme:Id>83</fme:Id>
<fme:Straat>Generaal Lemanlaan</fme:Straat>
<fme:School>Instituut Mariawende-Blydhove</fme:School>
<fme:Type>Octopus</fme:Type>
<fme:Aant_bord>2</fme:Aant_bord>
<fme:Inplanting>Parkeerplaats</fme:Inplanting>
<fme:Foto>foto/generaal lemanlaan.PNG</fme:Foto>
<fme:Zone30>ja</fme:Zone30>
<fme:Datumplaat>20060401</fme:Datumplaat>
<fme:Dgemeente>Assebroek</fme:Dgemeente>
<fme:Aangemaakt_op>15/09/2016</fme:Aangemaakt_op>
</fme:octopuspaalOK>
<fme:octopuspaalOK>
<fme:Id>84</fme:Id>
<fme:Straat>Sint-Katarinastraat</fme:Straat>
<fme:School>Vrije Gesubs. Basisschool OLVA B</fme:School>
<fme:Type>Octopus</fme:Type>
<fme:Aant_bord>2</fme:Aant_bord>
<fme:Inplanting>Voetpad</fme:Inplanting>
<fme:Foto>foto/sint-katerinastraat.PNG</fme:Foto>
<fme:Zone30>ja</fme:Zone30>
<fme:Datumplaat>20060401</fme:Datumplaat>
<fme:Dgemeente>Assebroek</fme:Dgemeente>
<fme:Aangemaakt_op>15/09/2016</fme:Aangemaakt_op>
</fme:octopuspaalOK>
<fme:octopuspaalOK>
<fme:Id>85</fme:Id>
<fme:Straat>Sint-Kristoffelstraat</fme:Straat>
<fme:School>Vrij Gesubs. B.L.O.-De Boomgaard</fme:School>
<fme:Type>Octopus</fme:Type>
<fme:Aant_bord>1</fme:Aant_bord>
<fme:Inplanting>Voetpad</fme:Inplanting>
<fme:Foto>foto/sint-kristoffelstraat 3.PNG</fme:Foto>
<fme:Zone30>ja</fme:Zone30>
<fme:Datumplaat>20050921</fme:Datumplaat>
<fme:Dgemeente>Assebroek</fme:Dgemeente>
<fme:Aangemaakt_op>15/09/2016</fme:Aangemaakt_op>
</fme:octopuspaalOK>
<fme:octopuspaalOK>
<fme:Id>86</fme:Id>
<fme:Straat>Weidestraat</fme:Straat>
<fme:School>Vrij Instituut Buitengewoon Beroepsonderwijs-Haverlo</fme:School>
<fme:Type>Octopus</fme:Type>
<fme:Aant_bord>2</fme:Aant_bord>
<fme:Inplanting>Bepanting</fme:Inplanting>
<fme:Foto>foto/weidestraat 2.PNG</fme:Foto>
<fme:Zone30>ja</fme:Zone30>
<fme:Datumplaat>20050824</fme:Datumplaat>
<fme:Dgemeente>Assebroek</fme:Dgemeente>
<fme:Aangemaakt_op>15/09/2016</fme:Aangemaakt_op>
</fme:octopuspaalOK>
<fme:octopuspaalOK>
<fme:Id>87</fme:Id>
<fme:Straat>Tulpenstraat</fme:Straat>
<fme:School>Vrij Instituut Buitengewoon Beroepsonderwijs-Haverlo</fme:School>
<fme:Type>Octopus</fme:Type>
<fme:Aant_bord>2</fme:Aant_bord>
<fme:Inplanting>Voetpad</fme:Inplanting>
<fme:Foto>foto/tulpenstraat.PNG</fme:Foto>
<fme:Zone30>ja</fme:Zone30>
<fme:Datumplaat>20050825</fme:Datumplaat>
<fme:Dgemeente>Assebroek</fme:Dgemeente>
<fme:Aangemaakt_op>15/09/2016</fme:Aangemaakt_op>
</fme:octopuspaalOK>
<fme:octopuspaalOK>
<fme:Id>88</fme:Id>
<fme:Straat>Beeweg</fme:Straat>
<fme:School>Vrije Gesubs. Basisschool Mariawende-Zonnetuin</fme:School>
<fme:Type>Octopus</fme:Type>
<fme:Aant_bord>1</fme:Aant_bord>
<fme:Inplanting>Voetpad</fme:Inplanting>
<fme:Foto>foto/beeweg.PNG</fme:Foto>
<fme:Zone30>ja</fme:Zone30>
<fme:Datumplaat>20050831</fme:Datumplaat>
<fme:Dgemeente>Sint-kruis</fme:Dgemeente>
<fme:Aangemaakt_op>15/09/2016</fme:Aangemaakt_op>
</fme:octopuspaalOK>
<fme:octopuspaalOK>
<fme:Id>89</fme:Id>
<fme:Straat>Ter Lo</fme:Straat>
<fme:School>Vrije Gesubs. Basisschool Mariawende-Zonnetuin</fme:School>
<fme:Type>Octopus</fme:Type>
<fme:Aant_bord>1</fme:Aant_bord>
<fme:Inplanting>Beplanting</fme:Inplanting>
<fme:Foto>foto/ter lo.PNG</fme:Foto>
<fme:Zone30>ja</fme:Zone30>
<fme:Datumplaat>20050831</fme:Datumplaat>
<fme:Dgemeente>Sint-Kruis</fme:Dgemeente>
<fme:Aangemaakt_op>15/09/2016</fme:Aangemaakt_op>
</fme:octopuspaalOK>
<fme:octopuspaalOK>
<fme:Id>90</fme:Id>
<fme:Straat>Boogschutterslaan</fme:Straat>
<fme:School>Instituut Mariawende-Blydhove</fme:School>
<fme:Type>Octopus</fme:Type>
<fme:Aant_bord>1</fme:Aant_bord>
<fme:Inplanting>Beplanting</fme:Inplanting>
<fme:Foto>foto/boogschutterslaan.PNG</fme:Foto>
<fme:Zone30>ja</fme:Zone30>
<fme:Datumplaat>20050831</fme:Datumplaat>
<fme:Dgemeente>Sint-Kruis</fme:Dgemeente>
<fme:Aangemaakt_op>15/09/2016</fme:Aangemaakt_op>
</fme:octopuspaalOK>
<fme:octopuspaalOK>
<fme:Id>91</fme:Id>
<fme:Straat>Boogschutterslaan</fme:Straat>
<fme:School>Instituut Mariawende-Blydhove</fme:School>
<fme:Type>Octopus</fme:Type>
<fme:Aant_bord>1</fme:Aant_bord>
<fme:Inplanting>Stuk voor parkeerplaatsen</fme:Inplanting>
<fme:Foto>foto/boogschutterslaan 2.PNG</fme:Foto>
<fme:Zone30>ja</fme:Zone30>
<fme:Datumplaat>20050831</fme:Datumplaat>
<fme:Dgemeente>Sint-Kruis</fme:Dgemeente>
<fme:Aangemaakt_op>15/09/2016</fme:Aangemaakt_op>
</fme:octopuspaalOK>
<fme:octopuspaalOK>
<fme:Id>98</fme:Id>
<fme:Straat>Pastorieweg</fme:Straat>
<fme:School>Vrije Gesubs. Basisschool-Mozaïek</fme:School>
<fme:Type>Octopus</fme:Type>
<fme:Aant_bord>1</fme:Aant_bord>
<fme:Inplanting>Voetpad</fme:Inplanting>
<fme:Foto>foto/pastorieweg.PNG</fme:Foto>
<fme:Zone30>nee</fme:Zone30>
<fme:Datumplaat>20060401</fme:Datumplaat>
<fme:Dgemeente>Sint-Kruis</fme:Dgemeente>
<fme:Aangemaakt_op>15/09/2016</fme:Aangemaakt_op>
</fme:octopuspaalOK>
<fme:octopuspaalOK>
<fme:Id>92</fme:Id>
<fme:Straat>Brieversweg</fme:Straat>
<fme:School>Basisschool Sint-Kruis-De Linde</fme:School>
<fme:Type>Octopus</fme:Type>
<fme:Aant_bord>2</fme:Aant_bord>
<fme:Inplanting>Beplanting</fme:Inplanting>
<fme:Foto>foto/brievensweg.PNG</fme:Foto>
<fme:Zone30>ja</fme:Zone30>
<fme:Datumplaat>20050831</fme:Datumplaat>
<fme:Dgemeente>Sint-Kruis</fme:Dgemeente>
<fme:Aangemaakt_op>15/09/2016</fme:Aangemaakt_op>
</fme:octopuspaalOK>
<fme:octopuspaalOK>
<fme:Id>93</fme:Id>
<fme:Straat>Vijversdreef</fme:Straat>
<fme:School>Vrije Gesubs. Lagere School OLVA G Male</fme:School>
<fme:Type>Octopus</fme:Type>
<fme:Aant_bord>1</fme:Aant_bord>
<fme:Inplanting>Beplanting</fme:Inplanting>
<fme:Foto>foto/vijversdreef.PNG</fme:Foto>
<fme:Zone30>ja</fme:Zone30>
<fme:Datumplaat>20050831</fme:Datumplaat>
<fme:Dgemeente>Sint-Kruis</fme:Dgemeente>
<fme:Aangemaakt_op>15/09/2016</fme:Aangemaakt_op>
</fme:octopuspaalOK>
<fme:octopuspaalOK>
<fme:Id>94</fme:Id>
<fme:Straat>Vijversdreef</fme:Straat>
<fme:School>Vrije Gesubs. Lagere School OLVA G Male</fme:School>
<fme:Type>Octopus</fme:Type>
<fme:Aant_bord>1</fme:Aant_bord>
<fme:Inplanting>Gras</fme:Inplanting>
<fme:Foto>foto/vijversdreef 2.PNG</fme:Foto>
<fme:Zone30>ja</fme:Zone30>
<fme:Datumplaat>20050831</fme:Datumplaat>
<fme:Dgemeente>Sint-Kruis</fme:Dgemeente>
<fme:Aangemaakt_op>15/09/2016</fme:Aangemaakt_op>
</fme:octopuspaalOK>
<fme:octopuspaalOK>
<fme:Id>95</fme:Id>
<fme:Straat>Karel van Manderstraat</fme:Straat>
<fme:School>Vrije Gesubs. Basisschool-Mozaïek</fme:School>
<fme:Type>Octopus</fme:Type>
<fme:Aant_bord>2</fme:Aant_bord>
<fme:Inplanting>Beplanting</fme:Inplanting>
<fme:Foto>foto/karel van manderstraat.PNG</fme:Foto>
<fme:Zone30>ja</fme:Zone30>
<fme:Datumplaat>20050831</fme:Datumplaat>
<fme:Dgemeente>Sint-Kruis</fme:Dgemeente>
<fme:Aangemaakt_op>15/09/2016</fme:Aangemaakt_op>
</fme:octopuspaalOK>
<fme:octopuspaalOK>
<fme:Id>96</fme:Id>
<fme:Straat>Leopold Debruynestraat</fme:Straat>
<fme:School>Basisschool De Tandem</fme:School>
<fme:Type>Octopus</fme:Type>
<fme:Aant_bord>1</fme:Aant_bord>
<fme:Inplanting>Voetpad</fme:Inplanting>
<fme:Foto>foto/leopold debruynestraat.PNG</fme:Foto>
<fme:Zone30>ja</fme:Zone30>
<fme:Datumplaat>20050831</fme:Datumplaat>
<fme:Dgemeente>Sint-Kruis</fme:Dgemeente>
<fme:Aangemaakt_op>15/09/2016</fme:Aangemaakt_op>
</fme:octopuspaalOK>
<fme:octopuspaalOK>
<fme:Id>100</fme:Id>
<fme:Straat>Prins Leopoldstraat</fme:Straat>
<fme:School>Basisschool Sint-Kruis-De Beuken</fme:School>
<fme:Type>Octopus</fme:Type>
<fme:Aant_bord>1</fme:Aant_bord>
<fme:Inplanting>Gras</fme:Inplanting>
<fme:Foto>foto/prins leopoldstraat.PNG</fme:Foto>
<fme:Zone30>ja</fme:Zone30>
<fme:Datumplaat>20050831</fme:Datumplaat>
<fme:Dgemeente>Sint-Kruis</fme:Dgemeente>
<fme:Aangemaakt_op>15/09/2016</fme:Aangemaakt_op>
</fme:octopuspaalOK>
<fme:octopuspaalOK>
<fme:Id>101</fme:Id>
<fme:Straat>Raadsherenlaan</fme:Straat>
<fme:School>Vrije Gesubs. Basisschool Mariawende-De Zonnetuin</fme:School>
<fme:Type>Octopus</fme:Type>
<fme:Aant_bord>2</fme:Aant_bord>
<fme:Inplanting>Gras</fme:Inplanting>
<fme:Foto>foto/raadsherenlaan.PNG</fme:Foto>
<fme:Zone30>ja</fme:Zone30>
<fme:Datumplaat>20050831</fme:Datumplaat>
<fme:Dgemeente>Sint-Kruis</fme:Dgemeente>
<fme:Aangemaakt_op>15/09/2016</fme:Aangemaakt_op>
</fme:octopuspaalOK>
<fme:octopuspaalOK>
<fme:Id>99</fme:Id>
<fme:Straat>Polderstraat</fme:Straat>
<fme:School>Vrij Gesubs. B.L.O.-De Spycker</fme:School>
<fme:Type>Octopus</fme:Type>
<fme:Aant_bord>2</fme:Aant_bord>
<fme:Inplanting>Gras</fme:Inplanting>
<fme:Foto>foto/polderstraat.PNG</fme:Foto>
<fme:Zone30>ja</fme:Zone30>
<fme:Datumplaat>20060401</fme:Datumplaat>
<fme:Dgemeente>Sint-Kruis</fme:Dgemeente>
<fme:Aangemaakt_op>15/09/2016</fme:Aangemaakt_op>
</fme:octopuspaalOK>
</fme:octopuspaalOK-table>
</fme:xml-tables>