<?xml version="1.0" encoding="UTF-8"?>
<fme:xml-tables xmlns:xsi="http://www.w3.org/2001/XMLSchema-instance" xmlns:fme="http://www.safe.com/xml/xmltables" xsi:schemaLocation="http://www.safe.com/xml/xmltables StatsecBrugge.xsd">
<fme:StatsecBrugge-table>
<fme:StatsecBrugge>
<fme:Oppervl>8589608.02</fme:Oppervl>
<fme:Lengte>16875.06</fme:Lengte>
<fme:Oidn>5425</fme:Oidn>
<fme:Uidn>5425</fme:Uidn>
<fme:Codsec>31005C0PA</fme:Codsec>
<fme:Niscode>31005</fme:Niscode>
<fme:Sec>C0PA</fme:Sec>
<fme:Secnaam>ACHTERHAVEN</fme:Secnaam>
<fme:NAAM>Dudzele</fme:NAAM>
<fme:OPPERVLAKTE>28363985</fme:OPPERVLAKTE>
<fme:DEELGEMEENTE_ID>13</fme:DEELGEMEENTE_ID>
<fme:DEELGEM_CODE>ZBDU</fme:DEELGEM_CODE>
<fme:Aangemaakt_op>22/06/2016</fme:Aangemaakt_op>
</fme:StatsecBrugge>
<fme:StatsecBrugge>
<fme:Oppervl>98197.91</fme:Oppervl>
<fme:Lengte>1371.17</fme:Lengte>
<fme:Oidn>5426</fme:Oidn>
<fme:Uidn>5426</fme:Uidn>
<fme:Codsec>31005C112</fme:Codsec>
<fme:Niscode>31005</fme:Niscode>
<fme:Sec>C112</fme:Sec>
<fme:Secnaam>KRUISABELE</fme:Secnaam>
<fme:NAAM>Dudzele</fme:NAAM>
<fme:OPPERVLAKTE>28363985</fme:OPPERVLAKTE>
<fme:DEELGEMEENTE_ID>13</fme:DEELGEMEENTE_ID>
<fme:DEELGEM_CODE>ZBDU</fme:DEELGEM_CODE>
<fme:Aangemaakt_op>22/06/2016</fme:Aangemaakt_op>
</fme:StatsecBrugge>
<fme:StatsecBrugge>
<fme:Oppervl>229101.05</fme:Oppervl>
<fme:Lengte>2303.96</fme:Lengte>
<fme:Oidn>5427</fme:Oidn>
<fme:Uidn>5427</fme:Uidn>
<fme:Codsec>31005D00-</fme:Codsec>
<fme:Niscode>31005</fme:Niscode>
<fme:Sec>D00-</fme:Sec>
<fme:Secnaam>KOOLKERKE-CENTRUM</fme:Secnaam>
<fme:NAAM>Koolkerke</fme:NAAM>
<fme:OPPERVLAKTE>4158230</fme:OPPERVLAKTE>
<fme:DEELGEMEENTE_ID>5</fme:DEELGEMEENTE_ID>
<fme:DEELGEM_CODE>SPKO</fme:DEELGEM_CODE>
<fme:Aangemaakt_op>22/06/2016</fme:Aangemaakt_op>
</fme:StatsecBrugge>
<fme:StatsecBrugge>
<fme:Oppervl>315727.14</fme:Oppervl>
<fme:Lengte>2886.43</fme:Lengte>
<fme:Oidn>5428</fme:Oidn>
<fme:Uidn>5428</fme:Uidn>
<fme:Codsec>31005D011</fme:Codsec>
<fme:Niscode>31005</fme:Niscode>
<fme:Sec>D011</fme:Sec>
<fme:Secnaam>ROMBAUTS - WIJK</fme:Secnaam>
<fme:NAAM>Koolkerke</fme:NAAM>
<fme:OPPERVLAKTE>4158230</fme:OPPERVLAKTE>
<fme:DEELGEMEENTE_ID>5</fme:DEELGEMEENTE_ID>
<fme:DEELGEM_CODE>SPKO</fme:DEELGEM_CODE>
<fme:Aangemaakt_op>22/06/2016</fme:Aangemaakt_op>
</fme:StatsecBrugge>
<fme:StatsecBrugge>
<fme:Oppervl>3120667.73</fme:Oppervl>
<fme:Lengte>11130.80</fme:Lengte>
<fme:Oidn>5429</fme:Oidn>
<fme:Uidn>5429</fme:Uidn>
<fme:Codsec>31005D09-</fme:Codsec>
<fme:Niscode>31005</fme:Niscode>
<fme:Sec>D09-</fme:Sec>
<fme:Secnaam>KOOLKERKE-VERSPREIDE BEWONING</fme:Secnaam>
<fme:NAAM>Koolkerke</fme:NAAM>
<fme:OPPERVLAKTE>4158230</fme:OPPERVLAKTE>
<fme:DEELGEMEENTE_ID>5</fme:DEELGEMEENTE_ID>
<fme:DEELGEM_CODE>SPKO</fme:DEELGEM_CODE>
<fme:Aangemaakt_op>22/06/2016</fme:Aangemaakt_op>
</fme:StatsecBrugge>
<fme:StatsecBrugge>
<fme:Oppervl>449810.39</fme:Oppervl>
<fme:Lengte>2800.63</fme:Lengte>
<fme:Oidn>5430</fme:Oidn>
<fme:Uidn>5430</fme:Uidn>
<fme:Codsec>31005D112</fme:Codsec>
<fme:Niscode>31005</fme:Niscode>
<fme:Sec>D112</fme:Sec>
<fme:Secnaam>KOOLKERKE-ZUID-OOST</fme:Secnaam>
<fme:NAAM>Koolkerke</fme:NAAM>
<fme:OPPERVLAKTE>4158230</fme:OPPERVLAKTE>
<fme:DEELGEMEENTE_ID>5</fme:DEELGEMEENTE_ID>
<fme:DEELGEM_CODE>SPKO</fme:DEELGEM_CODE>
<fme:Aangemaakt_op>22/06/2016</fme:Aangemaakt_op>
</fme:StatsecBrugge>
<fme:StatsecBrugge>
<fme:Oppervl>493517.30</fme:Oppervl>
<fme:Lengte>4700.50</fme:Lengte>
<fme:Oidn>5431</fme:Oidn>
<fme:Uidn>5431</fme:Uidn>
<fme:Codsec>31005E001</fme:Codsec>
<fme:Niscode>31005</fme:Niscode>
<fme:Sec>E001</fme:Sec>
<fme:Secnaam>SINT-KRUIS - CENTRUM</fme:Secnaam>
<fme:NAAM>Sint-Kruis</fme:NAAM>
<fme:OPPERVLAKTE>13984673</fme:OPPERVLAKTE>
<fme:DEELGEMEENTE_ID>9</fme:DEELGEMEENTE_ID>
<fme:DEELGEM_CODE>SK</fme:DEELGEM_CODE>
<fme:Aangemaakt_op>22/06/2016</fme:Aangemaakt_op>
</fme:StatsecBrugge>
<fme:StatsecBrugge>
<fme:Oppervl>699768.45</fme:Oppervl>
<fme:Lengte>3948.50</fme:Lengte>
<fme:Oidn>5432</fme:Oidn>
<fme:Uidn>5432</fme:Uidn>
<fme:Codsec>31005E01-</fme:Codsec>
<fme:Niscode>31005</fme:Niscode>
<fme:Sec>E01-</fme:Sec>
<fme:Secnaam>'T FORTUINTJE - VELTEM</fme:Secnaam>
<fme:NAAM>Sint-Kruis</fme:NAAM>
<fme:OPPERVLAKTE>13984673</fme:OPPERVLAKTE>
<fme:DEELGEMEENTE_ID>9</fme:DEELGEMEENTE_ID>
<fme:DEELGEM_CODE>SK</fme:DEELGEM_CODE>
<fme:Aangemaakt_op>22/06/2016</fme:Aangemaakt_op>
</fme:StatsecBrugge>
<fme:StatsecBrugge>
<fme:Oppervl>195446.00</fme:Oppervl>
<fme:Lengte>2073.26</fme:Lengte>
<fme:Oidn>5433</fme:Oidn>
<fme:Uidn>5433</fme:Uidn>
<fme:Codsec>31005E021</fme:Codsec>
<fme:Niscode>31005</fme:Niscode>
<fme:Sec>E021</fme:Sec>
<fme:Secnaam>DE MOTE</fme:Secnaam>
<fme:NAAM>Sint-Kruis</fme:NAAM>
<fme:OPPERVLAKTE>13984673</fme:OPPERVLAKTE>
<fme:DEELGEMEENTE_ID>9</fme:DEELGEMEENTE_ID>
<fme:DEELGEM_CODE>SK</fme:DEELGEM_CODE>
<fme:Aangemaakt_op>22/06/2016</fme:Aangemaakt_op>
</fme:StatsecBrugge>
<fme:StatsecBrugge>
<fme:Oppervl>747465.17</fme:Oppervl>
<fme:Lengte>4752.03</fme:Lengte>
<fme:Oidn>5434</fme:Oidn>
<fme:Uidn>5434</fme:Uidn>
<fme:Codsec>31005E030</fme:Codsec>
<fme:Niscode>31005</fme:Niscode>
<fme:Sec>E030</fme:Sec>
<fme:Secnaam>POLDERHOEK</fme:Secnaam>
<fme:NAAM>Sint-Kruis</fme:NAAM>
<fme:OPPERVLAKTE>13984673</fme:OPPERVLAKTE>
<fme:DEELGEMEENTE_ID>9</fme:DEELGEMEENTE_ID>
<fme:DEELGEM_CODE>SK</fme:DEELGEM_CODE>
<fme:Aangemaakt_op>22/06/2016</fme:Aangemaakt_op>
</fme:StatsecBrugge>
<fme:StatsecBrugge>
<fme:Oppervl>286213.72</fme:Oppervl>
<fme:Lengte>2494.42</fme:Lengte>
<fme:Oidn>5435</fme:Oidn>
<fme:Uidn>5435</fme:Uidn>
<fme:Codsec>31005E042</fme:Codsec>
<fme:Niscode>31005</fme:Niscode>
<fme:Sec>E042</fme:Sec>
<fme:Secnaam>SINT-KRUIS - KRUISPORT</fme:Secnaam>
<fme:NAAM>Sint-Kruis</fme:NAAM>
<fme:OPPERVLAKTE>13984673</fme:OPPERVLAKTE>
<fme:DEELGEMEENTE_ID>9</fme:DEELGEMEENTE_ID>
<fme:DEELGEM_CODE>SK</fme:DEELGEM_CODE>
<fme:Aangemaakt_op>22/06/2016</fme:Aangemaakt_op>
</fme:StatsecBrugge>
<fme:StatsecBrugge>
<fme:Oppervl>243476.13</fme:Oppervl>
<fme:Lengte>2584.11</fme:Lengte>
<fme:Oidn>5436</fme:Oidn>
<fme:Uidn>5436</fme:Uidn>
<fme:Codsec>31005E052</fme:Codsec>
<fme:Niscode>31005</fme:Niscode>
<fme:Sec>E052</fme:Sec>
<fme:Secnaam>FORTUINSTRAAT</fme:Secnaam>
<fme:NAAM>Sint-Kruis</fme:NAAM>
<fme:OPPERVLAKTE>13984673</fme:OPPERVLAKTE>
<fme:DEELGEMEENTE_ID>9</fme:DEELGEMEENTE_ID>
<fme:DEELGEM_CODE>SK</fme:DEELGEM_CODE>
<fme:Aangemaakt_op>22/06/2016</fme:Aangemaakt_op>
</fme:StatsecBrugge>
<fme:StatsecBrugge>
<fme:Oppervl>3545045.68</fme:Oppervl>
<fme:Lengte>9469.80</fme:Lengte>
<fme:Oidn>5437</fme:Oidn>
<fme:Uidn>5437</fme:Uidn>
<fme:Codsec>31005E091</fme:Codsec>
<fme:Niscode>31005</fme:Niscode>
<fme:Sec>E091</fme:Sec>
<fme:Secnaam>DEN BROUCK</fme:Secnaam>
<fme:NAAM>Sint-Kruis</fme:NAAM>
<fme:OPPERVLAKTE>13984673</fme:OPPERVLAKTE>
<fme:DEELGEMEENTE_ID>9</fme:DEELGEMEENTE_ID>
<fme:DEELGEM_CODE>SK</fme:DEELGEM_CODE>
<fme:Aangemaakt_op>22/06/2016</fme:Aangemaakt_op>
</fme:StatsecBrugge>
<fme:StatsecBrugge>
<fme:Oppervl>1136861.32</fme:Oppervl>
<fme:Lengte>5475.20</fme:Lengte>
<fme:Oidn>5438</fme:Oidn>
<fme:Uidn>5438</fme:Uidn>
<fme:Codsec>31005E100</fme:Codsec>
<fme:Niscode>31005</fme:Niscode>
<fme:Sec>E100</fme:Sec>
<fme:Secnaam>DE LINDE</fme:Secnaam>
<fme:NAAM>Sint-Kruis</fme:NAAM>
<fme:OPPERVLAKTE>13984673</fme:OPPERVLAKTE>
<fme:DEELGEMEENTE_ID>9</fme:DEELGEMEENTE_ID>
<fme:DEELGEM_CODE>SK</fme:DEELGEM_CODE>
<fme:Aangemaakt_op>22/06/2016</fme:Aangemaakt_op>
</fme:StatsecBrugge>
<fme:StatsecBrugge>
<fme:Oppervl>250473.97</fme:Oppervl>
<fme:Lengte>2233.89</fme:Lengte>
<fme:Oidn>5439</fme:Oidn>
<fme:Uidn>5439</fme:Uidn>
<fme:Codsec>31005E112</fme:Codsec>
<fme:Niscode>31005</fme:Niscode>
<fme:Sec>E112</fme:Sec>
<fme:Secnaam>MALEHOEK-WEST</fme:Secnaam>
<fme:NAAM>Sint-Kruis</fme:NAAM>
<fme:OPPERVLAKTE>13984673</fme:OPPERVLAKTE>
<fme:DEELGEMEENTE_ID>9</fme:DEELGEMEENTE_ID>
<fme:DEELGEM_CODE>SK</fme:DEELGEM_CODE>
<fme:Aangemaakt_op>22/06/2016</fme:Aangemaakt_op>
</fme:StatsecBrugge>
<fme:StatsecBrugge>
<fme:Oppervl>819390.17</fme:Oppervl>
<fme:Lengte>4974.95</fme:Lengte>
<fme:Oidn>5440</fme:Oidn>
<fme:Uidn>5440</fme:Uidn>
<fme:Codsec>31005E123</fme:Codsec>
<fme:Niscode>31005</fme:Niscode>
<fme:Sec>E123</fme:Sec>
<fme:Secnaam>MALEHOEK</fme:Secnaam>
<fme:NAAM>Sint-Kruis</fme:NAAM>
<fme:OPPERVLAKTE>13984673</fme:OPPERVLAKTE>
<fme:DEELGEMEENTE_ID>9</fme:DEELGEMEENTE_ID>
<fme:DEELGEM_CODE>SK</fme:DEELGEM_CODE>
<fme:Aangemaakt_op>22/06/2016</fme:Aangemaakt_op>
</fme:StatsecBrugge>
<fme:StatsecBrugge>
<fme:Oppervl>3759370.76</fme:Oppervl>
<fme:Lengte>9925.50</fme:Lengte>
<fme:Oidn>5441</fme:Oidn>
<fme:Uidn>5441</fme:Uidn>
<fme:Codsec>31005E194</fme:Codsec>
<fme:Niscode>31005</fme:Niscode>
<fme:Sec>E194</fme:Sec>
<fme:Secnaam>MALEVELD - DOOLHOF</fme:Secnaam>
<fme:NAAM>Sint-Kruis</fme:NAAM>
<fme:OPPERVLAKTE>13984673</fme:OPPERVLAKTE>
<fme:DEELGEMEENTE_ID>9</fme:DEELGEMEENTE_ID>
<fme:DEELGEM_CODE>SK</fme:DEELGEM_CODE>
<fme:Aangemaakt_op>22/06/2016</fme:Aangemaakt_op>
</fme:StatsecBrugge>
<fme:StatsecBrugge>
<fme:Oppervl>943510.25</fme:Oppervl>
<fme:Lengte>5819.22</fme:Lengte>
<fme:Oidn>5442</fme:Oidn>
<fme:Uidn>5442</fme:Uidn>
<fme:Codsec>31005E20-</fme:Codsec>
<fme:Niscode>31005</fme:Niscode>
<fme:Sec>E20-</fme:Sec>
<fme:Secnaam>VOSSENSTEERT</fme:Secnaam>
<fme:NAAM>Sint-Kruis</fme:NAAM>
<fme:OPPERVLAKTE>13984673</fme:OPPERVLAKTE>
<fme:DEELGEMEENTE_ID>9</fme:DEELGEMEENTE_ID>
<fme:DEELGEM_CODE>SK</fme:DEELGEM_CODE>
<fme:Aangemaakt_op>22/06/2016</fme:Aangemaakt_op>
</fme:StatsecBrugge>
<fme:StatsecBrugge>
<fme:Oppervl>478675.87</fme:Oppervl>
<fme:Lengte>2815.14</fme:Lengte>
<fme:Oidn>5443</fme:Oidn>
<fme:Uidn>5443</fme:Uidn>
<fme:Codsec>31005E301</fme:Codsec>
<fme:Niscode>31005</fme:Niscode>
<fme:Sec>E301</fme:Sec>
<fme:Secnaam>DAMPOORT</fme:Secnaam>
<fme:NAAM>Sint-Kruis</fme:NAAM>
<fme:OPPERVLAKTE>13984673</fme:OPPERVLAKTE>
<fme:DEELGEMEENTE_ID>9</fme:DEELGEMEENTE_ID>
<fme:DEELGEM_CODE>SK</fme:DEELGEM_CODE>
<fme:Aangemaakt_op>22/06/2016</fme:Aangemaakt_op>
</fme:StatsecBrugge>
<fme:StatsecBrugge>
<fme:Oppervl>268768.96</fme:Oppervl>
<fme:Lengte>2358.23</fme:Lengte>
<fme:Oidn>5444</fme:Oidn>
<fme:Uidn>5444</fme:Uidn>
<fme:Codsec>31005E312</fme:Codsec>
<fme:Niscode>31005</fme:Niscode>
<fme:Sec>E312</fme:Sec>
<fme:Secnaam>BLAUW HUIS</fme:Secnaam>
<fme:NAAM>Sint-Kruis</fme:NAAM>
<fme:OPPERVLAKTE>13984673</fme:OPPERVLAKTE>
<fme:DEELGEMEENTE_ID>9</fme:DEELGEMEENTE_ID>
<fme:DEELGEM_CODE>SK</fme:DEELGEM_CODE>
<fme:Aangemaakt_op>22/06/2016</fme:Aangemaakt_op>
</fme:StatsecBrugge>
<fme:StatsecBrugge>
<fme:Oppervl>360606.23</fme:Oppervl>
<fme:Lengte>2723.72</fme:Lengte>
<fme:Oidn>5445</fme:Oidn>
<fme:Uidn>5445</fme:Uidn>
<fme:Codsec>31005F001</fme:Codsec>
<fme:Niscode>31005</fme:Niscode>
<fme:Sec>F001</fme:Sec>
<fme:Secnaam>VERRE ASSEBROEK</fme:Secnaam>
<fme:NAAM>Assebroek</fme:NAAM>
<fme:OPPERVLAKTE>8846819</fme:OPPERVLAKTE>
<fme:DEELGEMEENTE_ID>8</fme:DEELGEMEENTE_ID>
<fme:DEELGEM_CODE>AB</fme:DEELGEM_CODE>
<fme:Aangemaakt_op>22/06/2016</fme:Aangemaakt_op>
</fme:StatsecBrugge>
<fme:StatsecBrugge>
<fme:Oppervl>274909.10</fme:Oppervl>
<fme:Lengte>2180.25</fme:Lengte>
<fme:Oidn>5446</fme:Oidn>
<fme:Uidn>5446</fme:Uidn>
<fme:Codsec>31005F011</fme:Codsec>
<fme:Niscode>31005</fme:Niscode>
<fme:Sec>F011</fme:Sec>
<fme:Secnaam>ENGELENDALELAAN</fme:Secnaam>
<fme:NAAM>Assebroek</fme:NAAM>
<fme:OPPERVLAKTE>8846819</fme:OPPERVLAKTE>
<fme:DEELGEMEENTE_ID>8</fme:DEELGEMEENTE_ID>
<fme:DEELGEM_CODE>AB</fme:DEELGEM_CODE>
<fme:Aangemaakt_op>22/06/2016</fme:Aangemaakt_op>
</fme:StatsecBrugge>
<fme:StatsecBrugge>
<fme:Oppervl>515873.30</fme:Oppervl>
<fme:Lengte>3516.94</fme:Lengte>
<fme:Oidn>5447</fme:Oidn>
<fme:Uidn>5447</fme:Uidn>
<fme:Codsec>31005F022</fme:Codsec>
<fme:Niscode>31005</fme:Niscode>
<fme:Sec>F022</fme:Sec>
<fme:Secnaam>MEERSENSTRAAT</fme:Secnaam>
<fme:NAAM>Assebroek</fme:NAAM>
<fme:OPPERVLAKTE>8846819</fme:OPPERVLAKTE>
<fme:DEELGEMEENTE_ID>8</fme:DEELGEMEENTE_ID>
<fme:DEELGEM_CODE>AB</fme:DEELGEM_CODE>
<fme:Aangemaakt_op>22/06/2016</fme:Aangemaakt_op>
</fme:StatsecBrugge>
<fme:StatsecBrugge>
<fme:Oppervl>458829.73</fme:Oppervl>
<fme:Lengte>4350.69</fme:Lengte>
<fme:Oidn>5448</fme:Oidn>
<fme:Uidn>5448</fme:Uidn>
<fme:Codsec>31005F033</fme:Codsec>
<fme:Niscode>31005</fme:Niscode>
<fme:Sec>F033</fme:Sec>
<fme:Secnaam>'T LEITJE</fme:Secnaam>
<fme:NAAM>Assebroek</fme:NAAM>
<fme:OPPERVLAKTE>8846819</fme:OPPERVLAKTE>
<fme:DEELGEMEENTE_ID>8</fme:DEELGEMEENTE_ID>
<fme:DEELGEM_CODE>AB</fme:DEELGEM_CODE>
<fme:Aangemaakt_op>22/06/2016</fme:Aangemaakt_op>
</fme:StatsecBrugge>
<fme:StatsecBrugge>
<fme:Oppervl>338441.21</fme:Oppervl>
<fme:Lengte>2914.08</fme:Lengte>
<fme:Oidn>5449</fme:Oidn>
<fme:Uidn>5449</fme:Uidn>
<fme:Codsec>31005F082</fme:Codsec>
<fme:Niscode>31005</fme:Niscode>
<fme:Sec>F082</fme:Sec>
<fme:Secnaam>WEIDEBEEK</fme:Secnaam>
<fme:NAAM>Assebroek</fme:NAAM>
<fme:OPPERVLAKTE>8846819</fme:OPPERVLAKTE>
<fme:DEELGEMEENTE_ID>8</fme:DEELGEMEENTE_ID>
<fme:DEELGEM_CODE>AB</fme:DEELGEM_CODE>
<fme:Aangemaakt_op>22/06/2016</fme:Aangemaakt_op>
</fme:StatsecBrugge>
<fme:StatsecBrugge>
<fme:Oppervl>1976563.58</fme:Oppervl>
<fme:Lengte>10622.31</fme:Lengte>
<fme:Oidn>5450</fme:Oidn>
<fme:Uidn>5450</fme:Uidn>
<fme:Codsec>31005F090</fme:Codsec>
<fme:Niscode>31005</fme:Niscode>
<fme:Sec>F090</fme:Sec>
<fme:Secnaam>ASSEBROEKSE MEERSEN</fme:Secnaam>
<fme:NAAM>Assebroek</fme:NAAM>
<fme:OPPERVLAKTE>8846819</fme:OPPERVLAKTE>
<fme:DEELGEMEENTE_ID>8</fme:DEELGEMEENTE_ID>
<fme:DEELGEM_CODE>AB</fme:DEELGEM_CODE>
<fme:Aangemaakt_op>22/06/2016</fme:Aangemaakt_op>
</fme:StatsecBrugge>
<fme:StatsecBrugge>
<fme:Oppervl>381157.01</fme:Oppervl>
<fme:Lengte>2532.15</fme:Lengte>
<fme:Oidn>5451</fme:Oidn>
<fme:Uidn>5451</fme:Uidn>
<fme:Codsec>31005F101</fme:Codsec>
<fme:Niscode>31005</fme:Niscode>
<fme:Sec>F101</fme:Sec>
<fme:Secnaam>ASSUMPTA</fme:Secnaam>
<fme:NAAM>Assebroek</fme:NAAM>
<fme:OPPERVLAKTE>8846819</fme:OPPERVLAKTE>
<fme:DEELGEMEENTE_ID>8</fme:DEELGEMEENTE_ID>
<fme:DEELGEM_CODE>AB</fme:DEELGEM_CODE>
<fme:Aangemaakt_op>22/06/2016</fme:Aangemaakt_op>
</fme:StatsecBrugge>
<fme:StatsecBrugge>
<fme:Oppervl>574970.28</fme:Oppervl>
<fme:Lengte>4393.77</fme:Lengte>
<fme:Oidn>5452</fme:Oidn>
<fme:Uidn>5452</fme:Uidn>
<fme:Codsec>31005F182</fme:Codsec>
<fme:Niscode>31005</fme:Niscode>
<fme:Sec>F182</fme:Sec>
<fme:Secnaam>DAVERLOO</fme:Secnaam>
<fme:NAAM>Assebroek</fme:NAAM>
<fme:OPPERVLAKTE>8846819</fme:OPPERVLAKTE>
<fme:DEELGEMEENTE_ID>8</fme:DEELGEMEENTE_ID>
<fme:DEELGEM_CODE>AB</fme:DEELGEM_CODE>
<fme:Aangemaakt_op>22/06/2016</fme:Aangemaakt_op>
</fme:StatsecBrugge>
<fme:StatsecBrugge>
<fme:Oppervl>532925.58</fme:Oppervl>
<fme:Lengte>3549.59</fme:Lengte>
<fme:Oidn>5453</fme:Oidn>
<fme:Uidn>5453</fme:Uidn>
<fme:Codsec>31005F20-</fme:Codsec>
<fme:Niscode>31005</fme:Niscode>
<fme:Sec>F20-</fme:Sec>
<fme:Secnaam>STEENBRUGGE</fme:Secnaam>
<fme:NAAM>Assebroek</fme:NAAM>
<fme:OPPERVLAKTE>8846819</fme:OPPERVLAKTE>
<fme:DEELGEMEENTE_ID>8</fme:DEELGEMEENTE_ID>
<fme:DEELGEM_CODE>AB</fme:DEELGEM_CODE>
<fme:Aangemaakt_op>22/06/2016</fme:Aangemaakt_op>
</fme:StatsecBrugge>
<fme:StatsecBrugge>
<fme:Oppervl>645400.98</fme:Oppervl>
<fme:Lengte>3812.70</fme:Lengte>
<fme:Oidn>5454</fme:Oidn>
<fme:Uidn>5454</fme:Uidn>
<fme:Codsec>31005F210</fme:Codsec>
<fme:Niscode>31005</fme:Niscode>
<fme:Sec>F210</fme:Sec>
<fme:Secnaam>ZEVENTOREN</fme:Secnaam>
<fme:NAAM>Assebroek</fme:NAAM>
<fme:OPPERVLAKTE>8846819</fme:OPPERVLAKTE>
<fme:DEELGEMEENTE_ID>8</fme:DEELGEMEENTE_ID>
<fme:DEELGEM_CODE>AB</fme:DEELGEM_CODE>
<fme:Aangemaakt_op>22/06/2016</fme:Aangemaakt_op>
</fme:StatsecBrugge>
<fme:StatsecBrugge>
<fme:Oppervl>284516.20</fme:Oppervl>
<fme:Lengte>2349.32</fme:Lengte>
<fme:Oidn>5455</fme:Oidn>
<fme:Uidn>5455</fme:Uidn>
<fme:Codsec>31005F22-</fme:Codsec>
<fme:Niscode>31005</fme:Niscode>
<fme:Sec>F22-</fme:Sec>
<fme:Secnaam>TIRE</fme:Secnaam>
<fme:NAAM>Assebroek</fme:NAAM>
<fme:OPPERVLAKTE>8846819</fme:OPPERVLAKTE>
<fme:DEELGEMEENTE_ID>8</fme:DEELGEMEENTE_ID>
<fme:DEELGEM_CODE>AB</fme:DEELGEM_CODE>
<fme:Aangemaakt_op>22/06/2016</fme:Aangemaakt_op>
</fme:StatsecBrugge>
<fme:StatsecBrugge>
<fme:Oppervl>431882.21</fme:Oppervl>
<fme:Lengte>3126.78</fme:Lengte>
<fme:Oidn>5456</fme:Oidn>
<fme:Uidn>5456</fme:Uidn>
<fme:Codsec>31005F301</fme:Codsec>
<fme:Niscode>31005</fme:Niscode>
<fme:Sec>F301</fme:Sec>
<fme:Secnaam>SINT-KATARINA - KATELIJNEPOORT</fme:Secnaam>
<fme:NAAM>Assebroek</fme:NAAM>
<fme:OPPERVLAKTE>8846819</fme:OPPERVLAKTE>
<fme:DEELGEMEENTE_ID>8</fme:DEELGEMEENTE_ID>
<fme:DEELGEM_CODE>AB</fme:DEELGEM_CODE>
<fme:Aangemaakt_op>22/06/2016</fme:Aangemaakt_op>
</fme:StatsecBrugge>
<fme:StatsecBrugge>
<fme:Oppervl>97750.42</fme:Oppervl>
<fme:Lengte>1709.06</fme:Lengte>
<fme:Oidn>5457</fme:Oidn>
<fme:Uidn>5457</fme:Uidn>
<fme:Codsec>31005F311</fme:Codsec>
<fme:Niscode>31005</fme:Niscode>
<fme:Sec>F311</fme:Sec>
<fme:Secnaam>RUBENSLAAN</fme:Secnaam>
<fme:NAAM>Assebroek</fme:NAAM>
<fme:OPPERVLAKTE>8846819</fme:OPPERVLAKTE>
<fme:DEELGEMEENTE_ID>8</fme:DEELGEMEENTE_ID>
<fme:DEELGEM_CODE>AB</fme:DEELGEM_CODE>
<fme:Aangemaakt_op>22/06/2016</fme:Aangemaakt_op>
</fme:StatsecBrugge>
<fme:StatsecBrugge>
<fme:Oppervl>341944.02</fme:Oppervl>
<fme:Lengte>2476.28</fme:Lengte>
<fme:Oidn>5458</fme:Oidn>
<fme:Uidn>5458</fme:Uidn>
<fme:Codsec>31005F322</fme:Codsec>
<fme:Niscode>31005</fme:Niscode>
<fme:Sec>F322</fme:Sec>
<fme:Secnaam>BRUGSE KERKHOF</fme:Secnaam>
<fme:NAAM>Assebroek</fme:NAAM>
<fme:OPPERVLAKTE>8846819</fme:OPPERVLAKTE>
<fme:DEELGEMEENTE_ID>8</fme:DEELGEMEENTE_ID>
<fme:DEELGEM_CODE>AB</fme:DEELGEM_CODE>
<fme:Aangemaakt_op>22/06/2016</fme:Aangemaakt_op>
</fme:StatsecBrugge>
<fme:StatsecBrugge>
<fme:Oppervl>350612.63</fme:Oppervl>
<fme:Lengte>3171.19</fme:Lengte>
<fme:Oidn>5459</fme:Oidn>
<fme:Uidn>5459</fme:Uidn>
<fme:Codsec>31005F332</fme:Codsec>
<fme:Niscode>31005</fme:Niscode>
<fme:Sec>F332</fme:Sec>
<fme:Secnaam>'T PEERDJE</fme:Secnaam>
<fme:NAAM>Assebroek</fme:NAAM>
<fme:OPPERVLAKTE>8846819</fme:OPPERVLAKTE>
<fme:DEELGEMEENTE_ID>8</fme:DEELGEMEENTE_ID>
<fme:DEELGEM_CODE>AB</fme:DEELGEM_CODE>
<fme:Aangemaakt_op>22/06/2016</fme:Aangemaakt_op>
</fme:StatsecBrugge>
<fme:StatsecBrugge>
<fme:Oppervl>713636.57</fme:Oppervl>
<fme:Lengte>4113.71</fme:Lengte>
<fme:Oidn>5460</fme:Oidn>
<fme:Uidn>5460</fme:Uidn>
<fme:Codsec>31005F401</fme:Codsec>
<fme:Niscode>31005</fme:Niscode>
<fme:Sec>F401</fme:Sec>
<fme:Secnaam>ZEVEKOTE</fme:Secnaam>
<fme:NAAM>Assebroek</fme:NAAM>
<fme:OPPERVLAKTE>8846819</fme:OPPERVLAKTE>
<fme:DEELGEMEENTE_ID>8</fme:DEELGEMEENTE_ID>
<fme:DEELGEM_CODE>AB</fme:DEELGEM_CODE>
<fme:Aangemaakt_op>22/06/2016</fme:Aangemaakt_op>
</fme:StatsecBrugge>
<fme:StatsecBrugge>
<fme:Oppervl>283077.14</fme:Oppervl>
<fme:Lengte>2196.71</fme:Lengte>
<fme:Oidn>5461</fme:Oidn>
<fme:Uidn>5461</fme:Uidn>
<fme:Codsec>31005F412</fme:Codsec>
<fme:Niscode>31005</fme:Niscode>
<fme:Sec>F412</fme:Sec>
<fme:Secnaam>RIJKSSPORTCENTRUM</fme:Secnaam>
<fme:NAAM>Assebroek</fme:NAAM>
<fme:OPPERVLAKTE>8846819</fme:OPPERVLAKTE>
<fme:DEELGEMEENTE_ID>8</fme:DEELGEMEENTE_ID>
<fme:DEELGEM_CODE>AB</fme:DEELGEM_CODE>
<fme:Aangemaakt_op>22/06/2016</fme:Aangemaakt_op>
</fme:StatsecBrugge>
<fme:StatsecBrugge>
<fme:Oppervl>215192.71</fme:Oppervl>
<fme:Lengte>2815.79</fme:Lengte>
<fme:Oidn>5462</fme:Oidn>
<fme:Uidn>5462</fme:Uidn>
<fme:Codsec>31005F510</fme:Codsec>
<fme:Niscode>31005</fme:Niscode>
<fme:Sec>F510</fme:Sec>
<fme:Secnaam>LUTGARDIS</fme:Secnaam>
<fme:NAAM>Assebroek</fme:NAAM>
<fme:OPPERVLAKTE>8846819</fme:OPPERVLAKTE>
<fme:DEELGEMEENTE_ID>8</fme:DEELGEMEENTE_ID>
<fme:DEELGEM_CODE>AB</fme:DEELGEM_CODE>
<fme:Aangemaakt_op>22/06/2016</fme:Aangemaakt_op>
</fme:StatsecBrugge>
<fme:StatsecBrugge>
<fme:Oppervl>428467.06</fme:Oppervl>
<fme:Lengte>3659.91</fme:Lengte>
<fme:Oidn>5463</fme:Oidn>
<fme:Uidn>5463</fme:Uidn>
<fme:Codsec>31005G001</fme:Codsec>
<fme:Niscode>31005</fme:Niscode>
<fme:Sec>G001</fme:Sec>
<fme:Secnaam>SINT-MICHIELS-CENTRUM</fme:Secnaam>
<fme:NAAM>Sint-Michiels</fme:NAAM>
<fme:OPPERVLAKTE>11360590</fme:OPPERVLAKTE>
<fme:DEELGEMEENTE_ID>7</fme:DEELGEMEENTE_ID>
<fme:DEELGEM_CODE>MC</fme:DEELGEM_CODE>
<fme:Aangemaakt_op>22/06/2016</fme:Aangemaakt_op>
</fme:StatsecBrugge>
<fme:StatsecBrugge>
<fme:Oppervl>496336.09</fme:Oppervl>
<fme:Lengte>3552.90</fme:Lengte>
<fme:Oidn>5464</fme:Oidn>
<fme:Uidn>5464</fme:Uidn>
<fme:Codsec>31005G010</fme:Codsec>
<fme:Niscode>31005</fme:Niscode>
<fme:Sec>G010</fme:Sec>
<fme:Secnaam>KAAS EN BROOD - DOORNHAAG</fme:Secnaam>
<fme:NAAM>Sint-Michiels</fme:NAAM>
<fme:OPPERVLAKTE>11360590</fme:OPPERVLAKTE>
<fme:DEELGEMEENTE_ID>7</fme:DEELGEMEENTE_ID>
<fme:DEELGEM_CODE>MC</fme:DEELGEM_CODE>
<fme:Aangemaakt_op>22/06/2016</fme:Aangemaakt_op>
</fme:StatsecBrugge>
<fme:StatsecBrugge>
<fme:Oppervl>3171994.67</fme:Oppervl>
<fme:Lengte>10937.78</fme:Lengte>
<fme:Oidn>5465</fme:Oidn>
<fme:Uidn>5465</fme:Uidn>
<fme:Codsec>31005G099</fme:Codsec>
<fme:Niscode>31005</fme:Niscode>
<fme:Sec>G099</fme:Sec>
<fme:Secnaam>STUIVENBERG</fme:Secnaam>
<fme:NAAM>Sint-Michiels</fme:NAAM>
<fme:OPPERVLAKTE>11360590</fme:OPPERVLAKTE>
<fme:DEELGEMEENTE_ID>7</fme:DEELGEMEENTE_ID>
<fme:DEELGEM_CODE>MC</fme:DEELGEM_CODE>
<fme:Aangemaakt_op>22/06/2016</fme:Aangemaakt_op>
</fme:StatsecBrugge>
<fme:StatsecBrugge>
<fme:Oppervl>1367018.46</fme:Oppervl>
<fme:Lengte>5836.82</fme:Lengte>
<fme:Oidn>5466</fme:Oidn>
<fme:Uidn>5466</fme:Uidn>
<fme:Codsec>31005G17-</fme:Codsec>
<fme:Niscode>31005</fme:Niscode>
<fme:Sec>G17-</fme:Sec>
<fme:Secnaam>BRUGEOISE</fme:Secnaam>
<fme:NAAM>Sint-Michiels</fme:NAAM>
<fme:OPPERVLAKTE>11360590</fme:OPPERVLAKTE>
<fme:DEELGEMEENTE_ID>7</fme:DEELGEMEENTE_ID>
<fme:DEELGEM_CODE>MC</fme:DEELGEM_CODE>
<fme:Aangemaakt_op>22/06/2016</fme:Aangemaakt_op>
</fme:StatsecBrugge>
<fme:StatsecBrugge>
<fme:Oppervl>285679.65</fme:Oppervl>
<fme:Lengte>2898.39</fme:Lengte>
<fme:Oidn>5467</fme:Oidn>
<fme:Uidn>5467</fme:Uidn>
<fme:Codsec>31005G201</fme:Codsec>
<fme:Niscode>31005</fme:Niscode>
<fme:Sec>G201</fme:Sec>
<fme:Secnaam>GODELIEVE - KERK</fme:Secnaam>
<fme:NAAM>Sint-Michiels</fme:NAAM>
<fme:OPPERVLAKTE>11360590</fme:OPPERVLAKTE>
<fme:DEELGEMEENTE_ID>7</fme:DEELGEMEENTE_ID>
<fme:DEELGEM_CODE>MC</fme:DEELGEM_CODE>
<fme:Aangemaakt_op>22/06/2016</fme:Aangemaakt_op>
</fme:StatsecBrugge>
<fme:StatsecBrugge>
<fme:Oppervl>777168.31</fme:Oppervl>
<fme:Lengte>3803.24</fme:Lengte>
<fme:Oidn>5468</fme:Oidn>
<fme:Uidn>5468</fme:Uidn>
<fme:Codsec>31005G212</fme:Codsec>
<fme:Niscode>31005</fme:Niscode>
<fme:Sec>G212</fme:Sec>
<fme:Secnaam>STOKVELDEWIJK</fme:Secnaam>
<fme:NAAM>Sint-Michiels</fme:NAAM>
<fme:OPPERVLAKTE>11360590</fme:OPPERVLAKTE>
<fme:DEELGEMEENTE_ID>7</fme:DEELGEMEENTE_ID>
<fme:DEELGEM_CODE>MC</fme:DEELGEM_CODE>
<fme:Aangemaakt_op>22/06/2016</fme:Aangemaakt_op>
</fme:StatsecBrugge>
<fme:StatsecBrugge>
<fme:Oppervl>315993.78</fme:Oppervl>
<fme:Lengte>2755.10</fme:Lengte>
<fme:Oidn>5469</fme:Oidn>
<fme:Uidn>5469</fme:Uidn>
<fme:Codsec>31005G283</fme:Codsec>
<fme:Niscode>31005</fme:Niscode>
<fme:Sec>G283</fme:Sec>
<fme:Secnaam>BOUDEWIJNPARK</fme:Secnaam>
<fme:NAAM>Sint-Michiels</fme:NAAM>
<fme:OPPERVLAKTE>11360590</fme:OPPERVLAKTE>
<fme:DEELGEMEENTE_ID>7</fme:DEELGEMEENTE_ID>
<fme:DEELGEM_CODE>MC</fme:DEELGEM_CODE>
<fme:Aangemaakt_op>22/06/2016</fme:Aangemaakt_op>
</fme:StatsecBrugge>
<fme:StatsecBrugge>
<fme:Oppervl>144694.45</fme:Oppervl>
<fme:Lengte>1742.20</fme:Lengte>
<fme:Oidn>5470</fme:Oidn>
<fme:Uidn>5470</fme:Uidn>
<fme:Codsec>31005G311</fme:Codsec>
<fme:Niscode>31005</fme:Niscode>
<fme:Sec>G311</fme:Sec>
<fme:Secnaam>DE GALGE</fme:Secnaam>
<fme:NAAM>Sint-Michiels</fme:NAAM>
<fme:OPPERVLAKTE>11360590</fme:OPPERVLAKTE>
<fme:DEELGEMEENTE_ID>7</fme:DEELGEMEENTE_ID>
<fme:DEELGEM_CODE>MC</fme:DEELGEM_CODE>
<fme:Aangemaakt_op>22/06/2016</fme:Aangemaakt_op>
</fme:StatsecBrugge>
<fme:StatsecBrugge>
<fme:Oppervl>75028.37</fme:Oppervl>
<fme:Lengte>1382.23</fme:Lengte>
<fme:Oidn>5471</fme:Oidn>
<fme:Uidn>5471</fme:Uidn>
<fme:Codsec>31005G322</fme:Codsec>
<fme:Niscode>31005</fme:Niscode>
<fme:Sec>G322</fme:Sec>
<fme:Secnaam>KAPELLEWEG</fme:Secnaam>
<fme:NAAM>Sint-Michiels</fme:NAAM>
<fme:OPPERVLAKTE>11360590</fme:OPPERVLAKTE>
<fme:DEELGEMEENTE_ID>7</fme:DEELGEMEENTE_ID>
<fme:DEELGEM_CODE>MC</fme:DEELGEM_CODE>
<fme:Aangemaakt_op>22/06/2016</fme:Aangemaakt_op>
</fme:StatsecBrugge>
<fme:StatsecBrugge>
<fme:Oppervl>1028342.22</fme:Oppervl>
<fme:Lengte>4259.89</fme:Lengte>
<fme:Oidn>5472</fme:Oidn>
<fme:Uidn>5472</fme:Uidn>
<fme:Codsec>31005G33-</fme:Codsec>
<fme:Niscode>31005</fme:Niscode>
<fme:Sec>G33-</fme:Sec>
<fme:Secnaam>VOGELZANG</fme:Secnaam>
<fme:NAAM>Sint-Michiels</fme:NAAM>
<fme:OPPERVLAKTE>11360590</fme:OPPERVLAKTE>
<fme:DEELGEMEENTE_ID>7</fme:DEELGEMEENTE_ID>
<fme:DEELGEM_CODE>MC</fme:DEELGEM_CODE>
<fme:Aangemaakt_op>22/06/2016</fme:Aangemaakt_op>
</fme:StatsecBrugge>
<fme:StatsecBrugge>
<fme:Oppervl>1752714.90</fme:Oppervl>
<fme:Lengte>7664.94</fme:Lengte>
<fme:Oidn>5473</fme:Oidn>
<fme:Uidn>5473</fme:Uidn>
<fme:Codsec>31005G349</fme:Codsec>
<fme:Niscode>31005</fme:Niscode>
<fme:Sec>G349</fme:Sec>
<fme:Secnaam>TILLEGEM</fme:Secnaam>
<fme:NAAM>Sint-Michiels</fme:NAAM>
<fme:OPPERVLAKTE>11360590</fme:OPPERVLAKTE>
<fme:DEELGEMEENTE_ID>7</fme:DEELGEMEENTE_ID>
<fme:DEELGEM_CODE>MC</fme:DEELGEM_CODE>
<fme:Aangemaakt_op>22/06/2016</fme:Aangemaakt_op>
</fme:StatsecBrugge>
<fme:StatsecBrugge>
<fme:Oppervl>419013.43</fme:Oppervl>
<fme:Lengte>3866.16</fme:Lengte>
<fme:Oidn>5474</fme:Oidn>
<fme:Uidn>5474</fme:Uidn>
<fme:Codsec>31005G402</fme:Codsec>
<fme:Niscode>31005</fme:Niscode>
<fme:Sec>G402</fme:Sec>
<fme:Secnaam>XAVERIANEN</fme:Secnaam>
<fme:NAAM>Sint-Michiels</fme:NAAM>
<fme:OPPERVLAKTE>11360590</fme:OPPERVLAKTE>
<fme:DEELGEMEENTE_ID>7</fme:DEELGEMEENTE_ID>
<fme:DEELGEM_CODE>MC</fme:DEELGEM_CODE>
<fme:Aangemaakt_op>22/06/2016</fme:Aangemaakt_op>
</fme:StatsecBrugge>
<fme:StatsecBrugge>
<fme:Oppervl>592128.17</fme:Oppervl>
<fme:Lengte>3560.91</fme:Lengte>
<fme:Oidn>5475</fme:Oidn>
<fme:Uidn>5475</fme:Uidn>
<fme:Codsec>31005G41-</fme:Codsec>
<fme:Niscode>31005</fme:Niscode>
<fme:Sec>G41-</fme:Sec>
<fme:Secnaam>DRIEHOEK</fme:Secnaam>
<fme:NAAM>Sint-Michiels</fme:NAAM>
<fme:OPPERVLAKTE>11360590</fme:OPPERVLAKTE>
<fme:DEELGEMEENTE_ID>7</fme:DEELGEMEENTE_ID>
<fme:DEELGEM_CODE>MC</fme:DEELGEM_CODE>
<fme:Aangemaakt_op>22/06/2016</fme:Aangemaakt_op>
</fme:StatsecBrugge>
<fme:StatsecBrugge>
<fme:Oppervl>181552.45</fme:Oppervl>
<fme:Lengte>1885.51</fme:Lengte>
<fme:Oidn>5476</fme:Oidn>
<fme:Uidn>5476</fme:Uidn>
<fme:Codsec>31005G423</fme:Codsec>
<fme:Niscode>31005</fme:Niscode>
<fme:Sec>G423</fme:Sec>
<fme:Secnaam>'T SPEELHOF</fme:Secnaam>
<fme:NAAM>Sint-Michiels</fme:NAAM>
<fme:OPPERVLAKTE>11360590</fme:OPPERVLAKTE>
<fme:DEELGEMEENTE_ID>7</fme:DEELGEMEENTE_ID>
<fme:DEELGEM_CODE>MC</fme:DEELGEM_CODE>
<fme:Aangemaakt_op>22/06/2016</fme:Aangemaakt_op>
</fme:StatsecBrugge>
<fme:StatsecBrugge>
<fme:Oppervl>327480.44</fme:Oppervl>
<fme:Lengte>2874.27</fme:Lengte>
<fme:Oidn>5477</fme:Oidn>
<fme:Uidn>5477</fme:Uidn>
<fme:Codsec>31005G4MJ</fme:Codsec>
<fme:Niscode>31005</fme:Niscode>
<fme:Sec>G4MJ</fme:Sec>
<fme:Secnaam>ZWANEKERKE</fme:Secnaam>
<fme:NAAM>Sint-Michiels</fme:NAAM>
<fme:OPPERVLAKTE>11360590</fme:OPPERVLAKTE>
<fme:DEELGEMEENTE_ID>7</fme:DEELGEMEENTE_ID>
<fme:DEELGEM_CODE>MC</fme:DEELGEM_CODE>
<fme:Aangemaakt_op>22/06/2016</fme:Aangemaakt_op>
</fme:StatsecBrugge>
<fme:StatsecBrugge>
<fme:Oppervl>718176.90</fme:Oppervl>
<fme:Lengte>4633.84</fme:Lengte>
<fme:Oidn>5478</fme:Oidn>
<fme:Uidn>5478</fme:Uidn>
<fme:Codsec>31005H001</fme:Codsec>
<fme:Niscode>31005</fme:Niscode>
<fme:Sec>H001</fme:Sec>
<fme:Secnaam>SINT-ANDRIES - CENTRUM</fme:Secnaam>
<fme:NAAM>Sint-Andries</fme:NAAM>
<fme:OPPERVLAKTE>19090184</fme:OPPERVLAKTE>
<fme:DEELGEMEENTE_ID>10</fme:DEELGEMEENTE_ID>
<fme:DEELGEM_CODE>AN</fme:DEELGEM_CODE>
<fme:Aangemaakt_op>22/06/2016</fme:Aangemaakt_op>
</fme:StatsecBrugge>
<fme:StatsecBrugge>
<fme:Oppervl>840052.04</fme:Oppervl>
<fme:Lengte>6146.83</fme:Lengte>
<fme:Oidn>5479</fme:Oidn>
<fme:Uidn>5479</fme:Uidn>
<fme:Codsec>31005H011</fme:Codsec>
<fme:Niscode>31005</fme:Niscode>
<fme:Sec>H011</fme:Sec>
<fme:Secnaam>SCHAAPSKLAUW</fme:Secnaam>
<fme:NAAM>Sint-Andries</fme:NAAM>
<fme:OPPERVLAKTE>19090184</fme:OPPERVLAKTE>
<fme:DEELGEMEENTE_ID>10</fme:DEELGEMEENTE_ID>
<fme:DEELGEM_CODE>AN</fme:DEELGEM_CODE>
<fme:Aangemaakt_op>22/06/2016</fme:Aangemaakt_op>
</fme:StatsecBrugge>
<fme:StatsecBrugge>
<fme:Oppervl>560723.70</fme:Oppervl>
<fme:Lengte>3823.24</fme:Lengte>
<fme:Oidn>5480</fme:Oidn>
<fme:Uidn>5480</fme:Uidn>
<fme:Codsec>31005H021</fme:Codsec>
<fme:Niscode>31005</fme:Niscode>
<fme:Sec>H021</fme:Sec>
<fme:Secnaam>PASTORIESTRAAT</fme:Secnaam>
<fme:NAAM>Sint-Andries</fme:NAAM>
<fme:OPPERVLAKTE>19090184</fme:OPPERVLAKTE>
<fme:DEELGEMEENTE_ID>10</fme:DEELGEMEENTE_ID>
<fme:DEELGEM_CODE>AN</fme:DEELGEM_CODE>
<fme:Aangemaakt_op>22/06/2016</fme:Aangemaakt_op>
</fme:StatsecBrugge>
<fme:StatsecBrugge>
<fme:Oppervl>397885.36</fme:Oppervl>
<fme:Lengte>3276.04</fme:Lengte>
<fme:Oidn>5481</fme:Oidn>
<fme:Uidn>5481</fme:Uidn>
<fme:Codsec>31005H042</fme:Codsec>
<fme:Niscode>31005</fme:Niscode>
<fme:Sec>H042</fme:Sec>
<fme:Secnaam>MOLENDORP</fme:Secnaam>
<fme:NAAM>Sint-Andries</fme:NAAM>
<fme:OPPERVLAKTE>19090184</fme:OPPERVLAKTE>
<fme:DEELGEMEENTE_ID>10</fme:DEELGEMEENTE_ID>
<fme:DEELGEM_CODE>AN</fme:DEELGEM_CODE>
<fme:Aangemaakt_op>22/06/2016</fme:Aangemaakt_op>
</fme:StatsecBrugge>
<fme:StatsecBrugge>
<fme:Oppervl>1052752.18</fme:Oppervl>
<fme:Lengte>4138.20</fme:Lengte>
<fme:Oidn>5482</fme:Oidn>
<fme:Uidn>5482</fme:Uidn>
<fme:Codsec>31005H052</fme:Codsec>
<fme:Niscode>31005</fme:Niscode>
<fme:Sec>H052</fme:Sec>
<fme:Secnaam>KOUDE KEUKEN</fme:Secnaam>
<fme:NAAM>Sint-Andries</fme:NAAM>
<fme:OPPERVLAKTE>19090184</fme:OPPERVLAKTE>
<fme:DEELGEMEENTE_ID>10</fme:DEELGEMEENTE_ID>
<fme:DEELGEM_CODE>AN</fme:DEELGEM_CODE>
<fme:Aangemaakt_op>22/06/2016</fme:Aangemaakt_op>
</fme:StatsecBrugge>
<fme:StatsecBrugge>
<fme:Oppervl>365642.31</fme:Oppervl>
<fme:Lengte>2580.92</fme:Lengte>
<fme:Oidn>5483</fme:Oidn>
<fme:Uidn>5483</fme:Uidn>
<fme:Codsec>31005H083</fme:Codsec>
<fme:Niscode>31005</fme:Niscode>
<fme:Sec>H083</fme:Sec>
<fme:Secnaam>OLYMPIAPARK</fme:Secnaam>
<fme:NAAM>Sint-Andries</fme:NAAM>
<fme:OPPERVLAKTE>19090184</fme:OPPERVLAKTE>
<fme:DEELGEMEENTE_ID>10</fme:DEELGEMEENTE_ID>
<fme:DEELGEM_CODE>AN</fme:DEELGEM_CODE>
<fme:Aangemaakt_op>22/06/2016</fme:Aangemaakt_op>
</fme:StatsecBrugge>
<fme:StatsecBrugge>
<fme:Oppervl>1526798.91</fme:Oppervl>
<fme:Lengte>11460.24</fme:Lengte>
<fme:Oidn>5484</fme:Oidn>
<fme:Uidn>5484</fme:Uidn>
<fme:Codsec>31005H0PN</fme:Codsec>
<fme:Niscode>31005</fme:Niscode>
<fme:Sec>H0PN</fme:Sec>
<fme:Secnaam>NOORDVELDE</fme:Secnaam>
<fme:NAAM>Sint-Andries</fme:NAAM>
<fme:OPPERVLAKTE>19090184</fme:OPPERVLAKTE>
<fme:DEELGEMEENTE_ID>10</fme:DEELGEMEENTE_ID>
<fme:DEELGEM_CODE>AN</fme:DEELGEM_CODE>
<fme:Aangemaakt_op>22/06/2016</fme:Aangemaakt_op>
</fme:StatsecBrugge>
<fme:StatsecBrugge>
<fme:Oppervl>785282.06</fme:Oppervl>
<fme:Lengte>4438.86</fme:Lengte>
<fme:Oidn>5485</fme:Oidn>
<fme:Uidn>5485</fme:Uidn>
<fme:Codsec>31005H101</fme:Codsec>
<fme:Niscode>31005</fme:Niscode>
<fme:Sec>H101</fme:Sec>
<fme:Secnaam>SINT-BAAFS</fme:Secnaam>
<fme:NAAM>Sint-Andries</fme:NAAM>
<fme:OPPERVLAKTE>19090184</fme:OPPERVLAKTE>
<fme:DEELGEMEENTE_ID>10</fme:DEELGEMEENTE_ID>
<fme:DEELGEM_CODE>AN</fme:DEELGEM_CODE>
<fme:Aangemaakt_op>22/06/2016</fme:Aangemaakt_op>
</fme:StatsecBrugge>
<fme:StatsecBrugge>
<fme:Oppervl>334190.54</fme:Oppervl>
<fme:Lengte>2528.52</fme:Lengte>
<fme:Oidn>5486</fme:Oidn>
<fme:Uidn>5486</fme:Uidn>
<fme:Codsec>31005H11-</fme:Codsec>
<fme:Niscode>31005</fme:Niscode>
<fme:Sec>H11-</fme:Sec>
<fme:Secnaam>LANGE VESTING</fme:Secnaam>
<fme:NAAM>Sint-Andries</fme:NAAM>
<fme:OPPERVLAKTE>19090184</fme:OPPERVLAKTE>
<fme:DEELGEMEENTE_ID>10</fme:DEELGEMEENTE_ID>
<fme:DEELGEM_CODE>AN</fme:DEELGEM_CODE>
<fme:Aangemaakt_op>22/06/2016</fme:Aangemaakt_op>
</fme:StatsecBrugge>
<fme:StatsecBrugge>
<fme:Oppervl>310164.69</fme:Oppervl>
<fme:Lengte>2631.43</fme:Lengte>
<fme:Oidn>5487</fme:Oidn>
<fme:Uidn>5487</fme:Uidn>
<fme:Codsec>31005H122</fme:Codsec>
<fme:Niscode>31005</fme:Niscode>
<fme:Sec>H122</fme:Sec>
<fme:Secnaam>SANDERSKWARTIER</fme:Secnaam>
<fme:NAAM>Sint-Andries</fme:NAAM>
<fme:OPPERVLAKTE>19090184</fme:OPPERVLAKTE>
<fme:DEELGEMEENTE_ID>10</fme:DEELGEMEENTE_ID>
<fme:DEELGEM_CODE>AN</fme:DEELGEM_CODE>
<fme:Aangemaakt_op>22/06/2016</fme:Aangemaakt_op>
</fme:StatsecBrugge>
<fme:StatsecBrugge>
<fme:Oppervl>486870.15</fme:Oppervl>
<fme:Lengte>3151.71</fme:Lengte>
<fme:Oidn>5488</fme:Oidn>
<fme:Uidn>5488</fme:Uidn>
<fme:Codsec>31005H133</fme:Codsec>
<fme:Niscode>31005</fme:Niscode>
<fme:Sec>H133</fme:Sec>
<fme:Secnaam>NOORDVELD KASTEEL</fme:Secnaam>
<fme:NAAM>Sint-Andries</fme:NAAM>
<fme:OPPERVLAKTE>19090184</fme:OPPERVLAKTE>
<fme:DEELGEMEENTE_ID>10</fme:DEELGEMEENTE_ID>
<fme:DEELGEM_CODE>AN</fme:DEELGEM_CODE>
<fme:Aangemaakt_op>22/06/2016</fme:Aangemaakt_op>
</fme:StatsecBrugge>
<fme:StatsecBrugge>
<fme:Oppervl>167482.87</fme:Oppervl>
<fme:Lengte>2395.11</fme:Lengte>
<fme:Oidn>5489</fme:Oidn>
<fme:Uidn>5489</fme:Uidn>
<fme:Codsec>31005H142</fme:Codsec>
<fme:Niscode>31005</fme:Niscode>
<fme:Sec>H142</fme:Sec>
<fme:Secnaam>MANITOBALAAN</fme:Secnaam>
<fme:NAAM>Sint-Andries</fme:NAAM>
<fme:OPPERVLAKTE>19090184</fme:OPPERVLAKTE>
<fme:DEELGEMEENTE_ID>10</fme:DEELGEMEENTE_ID>
<fme:DEELGEM_CODE>AN</fme:DEELGEM_CODE>
<fme:Aangemaakt_op>22/06/2016</fme:Aangemaakt_op>
</fme:StatsecBrugge>
<fme:StatsecBrugge>
<fme:Oppervl>823768.52</fme:Oppervl>
<fme:Lengte>4708.15</fme:Lengte>
<fme:Oidn>5490</fme:Oidn>
<fme:Uidn>5490</fme:Uidn>
<fme:Codsec>31005H170</fme:Codsec>
<fme:Niscode>31005</fme:Niscode>
<fme:Sec>H170</fme:Sec>
<fme:Secnaam>WAGGELWATER</fme:Secnaam>
<fme:NAAM>Sint-Andries</fme:NAAM>
<fme:OPPERVLAKTE>19090184</fme:OPPERVLAKTE>
<fme:DEELGEMEENTE_ID>10</fme:DEELGEMEENTE_ID>
<fme:DEELGEM_CODE>AN</fme:DEELGEM_CODE>
<fme:Aangemaakt_op>22/06/2016</fme:Aangemaakt_op>
</fme:StatsecBrugge>
<fme:StatsecBrugge>
<fme:Oppervl>2261980.52</fme:Oppervl>
<fme:Lengte>7494.36</fme:Lengte>
<fme:Oidn>5491</fme:Oidn>
<fme:Uidn>5491</fme:Uidn>
<fme:Codsec>31005H190</fme:Codsec>
<fme:Niscode>31005</fme:Niscode>
<fme:Sec>H190</fme:Sec>
<fme:Secnaam>TER LUCHT - TER WIND</fme:Secnaam>
<fme:NAAM>Sint-Andries</fme:NAAM>
<fme:OPPERVLAKTE>19090184</fme:OPPERVLAKTE>
<fme:DEELGEMEENTE_ID>10</fme:DEELGEMEENTE_ID>
<fme:DEELGEM_CODE>AN</fme:DEELGEM_CODE>
<fme:Aangemaakt_op>22/06/2016</fme:Aangemaakt_op>
</fme:StatsecBrugge>
<fme:StatsecBrugge>
<fme:Oppervl>661695.05</fme:Oppervl>
<fme:Lengte>3686.42</fme:Lengte>
<fme:Oidn>5492</fme:Oidn>
<fme:Uidn>5492</fme:Uidn>
<fme:Codsec>31005H201</fme:Codsec>
<fme:Niscode>31005</fme:Niscode>
<fme:Sec>H201</fme:Sec>
<fme:Secnaam>LEOPOLDWIJK</fme:Secnaam>
<fme:NAAM>Sint-Andries</fme:NAAM>
<fme:OPPERVLAKTE>19090184</fme:OPPERVLAKTE>
<fme:DEELGEMEENTE_ID>10</fme:DEELGEMEENTE_ID>
<fme:DEELGEM_CODE>AN</fme:DEELGEM_CODE>
<fme:Aangemaakt_op>22/06/2016</fme:Aangemaakt_op>
</fme:StatsecBrugge>
<fme:StatsecBrugge>
<fme:Oppervl>586648.43</fme:Oppervl>
<fme:Lengte>3990.40</fme:Lengte>
<fme:Oidn>5372</fme:Oidn>
<fme:Uidn>5372</fme:Uidn>
<fme:Codsec>3100514MQ</fme:Codsec>
<fme:Niscode>31005</fme:Niscode>
<fme:Sec>14MQ</fme:Sec>
<fme:Secnaam>MBZ</fme:Secnaam>
<fme:NAAM>Zeebrugge</fme:NAAM>
<fme:OPPERVLAKTE>20302262</fme:OPPERVLAKTE>
<fme:DEELGEMEENTE_ID>1</fme:DEELGEMEENTE_ID>
<fme:DEELGEM_CODE>ZBZB</fme:DEELGEM_CODE>
<fme:Aangemaakt_op>22/06/2016</fme:Aangemaakt_op>
</fme:StatsecBrugge>
<fme:StatsecBrugge>
<fme:Oppervl>8451562.00</fme:Oppervl>
<fme:Lengte>13789.55</fme:Lengte>
<fme:Oidn>5373</fme:Oidn>
<fme:Uidn>5373</fme:Uidn>
<fme:Codsec>3100597MQ</fme:Codsec>
<fme:Niscode>31005</fme:Niscode>
<fme:Sec>97MQ</fme:Sec>
<fme:Secnaam>VOORHAVEN</fme:Secnaam>
<fme:NAAM>Zeebrugge</fme:NAAM>
<fme:OPPERVLAKTE>20302262</fme:OPPERVLAKTE>
<fme:DEELGEMEENTE_ID>1</fme:DEELGEMEENTE_ID>
<fme:DEELGEM_CODE>ZBZB</fme:DEELGEM_CODE>
<fme:Aangemaakt_op>22/06/2016</fme:Aangemaakt_op>
</fme:StatsecBrugge>
<fme:StatsecBrugge>
<fme:Oppervl>238523.32</fme:Oppervl>
<fme:Lengte>2263.18</fme:Lengte>
<fme:Oidn>5374</fme:Oidn>
<fme:Uidn>5374</fme:Uidn>
<fme:Codsec>31005A001</fme:Codsec>
<fme:Niscode>31005</fme:Niscode>
<fme:Sec>A001</fme:Sec>
<fme:Secnaam>BRUGGE-CENTRUM - BELFORT</fme:Secnaam>
<fme:NAAM>Brugge-Centrum</fme:NAAM>
<fme:OPPERVLAKTE>4269702</fme:OPPERVLAKTE>
<fme:DEELGEMEENTE_ID>12</fme:DEELGEMEENTE_ID>
<fme:DEELGEM_CODE>BRBR</fme:DEELGEM_CODE>
<fme:Aangemaakt_op>22/06/2016</fme:Aangemaakt_op>
</fme:StatsecBrugge>
<fme:StatsecBrugge>
<fme:Oppervl>953330.92</fme:Oppervl>
<fme:Lengte>4371.68</fme:Lengte>
<fme:Oidn>5493</fme:Oidn>
<fme:Uidn>5493</fme:Uidn>
<fme:Codsec>31005H210</fme:Codsec>
<fme:Niscode>31005</fme:Niscode>
<fme:Sec>H210</fme:Sec>
<fme:Secnaam>ZEVENBERGEN</fme:Secnaam>
<fme:NAAM>Sint-Andries</fme:NAAM>
<fme:OPPERVLAKTE>19090184</fme:OPPERVLAKTE>
<fme:DEELGEMEENTE_ID>10</fme:DEELGEMEENTE_ID>
<fme:DEELGEM_CODE>AN</fme:DEELGEM_CODE>
<fme:Aangemaakt_op>22/06/2016</fme:Aangemaakt_op>
</fme:StatsecBrugge>
<fme:StatsecBrugge>
<fme:Oppervl>2929698.52</fme:Oppervl>
<fme:Lengte>7907.15</fme:Lengte>
<fme:Oidn>5494</fme:Oidn>
<fme:Uidn>5494</fme:Uidn>
<fme:Codsec>31005H382</fme:Codsec>
<fme:Niscode>31005</fme:Niscode>
<fme:Sec>H382</fme:Sec>
<fme:Secnaam>ABDIJ ZEVENKERKE</fme:Secnaam>
<fme:NAAM>Sint-Andries</fme:NAAM>
<fme:OPPERVLAKTE>19090184</fme:OPPERVLAKTE>
<fme:DEELGEMEENTE_ID>10</fme:DEELGEMEENTE_ID>
<fme:DEELGEM_CODE>AN</fme:DEELGEM_CODE>
<fme:Aangemaakt_op>22/06/2016</fme:Aangemaakt_op>
</fme:StatsecBrugge>
<fme:StatsecBrugge>
<fme:Oppervl>170636.62</fme:Oppervl>
<fme:Lengte>2357.99</fme:Lengte>
<fme:Oidn>5375</fme:Oidn>
<fme:Uidn>5375</fme:Uidn>
<fme:Codsec>31005A012</fme:Codsec>
<fme:Niscode>31005</fme:Niscode>
<fme:Sec>A012</fme:Sec>
<fme:Secnaam>SINT-WALBURGA</fme:Secnaam>
<fme:NAAM>Brugge-Centrum</fme:NAAM>
<fme:OPPERVLAKTE>4269702</fme:OPPERVLAKTE>
<fme:DEELGEMEENTE_ID>12</fme:DEELGEMEENTE_ID>
<fme:DEELGEM_CODE>BRBR</fme:DEELGEM_CODE>
<fme:Aangemaakt_op>22/06/2016</fme:Aangemaakt_op>
</fme:StatsecBrugge>
<fme:StatsecBrugge>
<fme:Oppervl>276467.25</fme:Oppervl>
<fme:Lengte>2824.60</fme:Lengte>
<fme:Oidn>5376</fme:Oidn>
<fme:Uidn>5376</fme:Uidn>
<fme:Codsec>31005A023</fme:Codsec>
<fme:Niscode>31005</fme:Niscode>
<fme:Sec>A023</fme:Sec>
<fme:Secnaam>SINT-SALVATOR</fme:Secnaam>
<fme:NAAM>Brugge-Centrum</fme:NAAM>
<fme:OPPERVLAKTE>4269702</fme:OPPERVLAKTE>
<fme:DEELGEMEENTE_ID>12</fme:DEELGEMEENTE_ID>
<fme:DEELGEM_CODE>BRBR</fme:DEELGEM_CODE>
<fme:Aangemaakt_op>22/06/2016</fme:Aangemaakt_op>
</fme:StatsecBrugge>
<fme:StatsecBrugge>
<fme:Oppervl>321423.70</fme:Oppervl>
<fme:Lengte>3228.87</fme:Lengte>
<fme:Oidn>5377</fme:Oidn>
<fme:Uidn>5377</fme:Uidn>
<fme:Codsec>31005A101</fme:Codsec>
<fme:Niscode>31005</fme:Niscode>
<fme:Sec>A101</fme:Sec>
<fme:Secnaam>CANADABRUG</fme:Secnaam>
<fme:NAAM>Christus-Koning</fme:NAAM>
<fme:OPPERVLAKTE>1037382</fme:OPPERVLAKTE>
<fme:DEELGEMEENTE_ID>11</fme:DEELGEMEENTE_ID>
<fme:DEELGEM_CODE>BRKK</fme:DEELGEM_CODE>
<fme:Aangemaakt_op>22/06/2016</fme:Aangemaakt_op>
</fme:StatsecBrugge>
<fme:StatsecBrugge>
<fme:Oppervl>295257.36</fme:Oppervl>
<fme:Lengte>2423.73</fme:Lengte>
<fme:Oidn>5378</fme:Oidn>
<fme:Uidn>5378</fme:Uidn>
<fme:Codsec>31005A11-</fme:Codsec>
<fme:Niscode>31005</fme:Niscode>
<fme:Sec>A11-</fme:Sec>
<fme:Secnaam>STUBBEKWARTIER</fme:Secnaam>
<fme:NAAM>Christus-Koning</fme:NAAM>
<fme:OPPERVLAKTE>1037382</fme:OPPERVLAKTE>
<fme:DEELGEMEENTE_ID>11</fme:DEELGEMEENTE_ID>
<fme:DEELGEM_CODE>BRKK</fme:DEELGEM_CODE>
<fme:Aangemaakt_op>22/06/2016</fme:Aangemaakt_op>
</fme:StatsecBrugge>
<fme:StatsecBrugge>
<fme:Oppervl>346459.89</fme:Oppervl>
<fme:Lengte>2633.93</fme:Lengte>
<fme:Oidn>5379</fme:Oidn>
<fme:Uidn>5379</fme:Uidn>
<fme:Codsec>31005A122</fme:Codsec>
<fme:Niscode>31005</fme:Niscode>
<fme:Sec>A122</fme:Sec>
<fme:Secnaam>KRISTUS-KONING</fme:Secnaam>
<fme:NAAM>Christus-Koning</fme:NAAM>
<fme:OPPERVLAKTE>1037382</fme:OPPERVLAKTE>
<fme:DEELGEMEENTE_ID>11</fme:DEELGEMEENTE_ID>
<fme:DEELGEM_CODE>BRKK</fme:DEELGEM_CODE>
<fme:Aangemaakt_op>22/06/2016</fme:Aangemaakt_op>
</fme:StatsecBrugge>
<fme:StatsecBrugge>
<fme:Oppervl>496968.93</fme:Oppervl>
<fme:Lengte>4173.29</fme:Lengte>
<fme:Oidn>5380</fme:Oidn>
<fme:Uidn>5380</fme:Uidn>
<fme:Codsec>31005A201</fme:Codsec>
<fme:Niscode>31005</fme:Niscode>
<fme:Sec>A201</fme:Sec>
<fme:Secnaam>SINT-PIETERS - WIJNENBERG</fme:Secnaam>
<fme:NAAM>Sint-Pieters</fme:NAAM>
<fme:OPPERVLAKTE>15838546</fme:OPPERVLAKTE>
<fme:DEELGEMEENTE_ID>4</fme:DEELGEMEENTE_ID>
<fme:DEELGEM_CODE>SPSP</fme:DEELGEM_CODE>
<fme:Aangemaakt_op>22/06/2016</fme:Aangemaakt_op>
</fme:StatsecBrugge>
<fme:StatsecBrugge>
<fme:Oppervl>1047313.01</fme:Oppervl>
<fme:Lengte>5048.67</fme:Lengte>
<fme:Oidn>5381</fme:Oidn>
<fme:Uidn>5381</fme:Uidn>
<fme:Codsec>31005A211</fme:Codsec>
<fme:Niscode>31005</fme:Niscode>
<fme:Sec>A211</fme:Sec>
<fme:Secnaam>SINT-PIETERS - MOLEN</fme:Secnaam>
<fme:NAAM>Sint-Pieters</fme:NAAM>
<fme:OPPERVLAKTE>15838546</fme:OPPERVLAKTE>
<fme:DEELGEMEENTE_ID>4</fme:DEELGEMEENTE_ID>
<fme:DEELGEM_CODE>SPSP</fme:DEELGEM_CODE>
<fme:Aangemaakt_op>22/06/2016</fme:Aangemaakt_op>
</fme:StatsecBrugge>
<fme:StatsecBrugge>
<fme:Oppervl>747089.94</fme:Oppervl>
<fme:Lengte>4105.87</fme:Lengte>
<fme:Oidn>5382</fme:Oidn>
<fme:Uidn>5382</fme:Uidn>
<fme:Codsec>31005A22-</fme:Codsec>
<fme:Niscode>31005</fme:Niscode>
<fme:Sec>A22-</fme:Sec>
<fme:Secnaam>SINT-PIETERS - ZEVENEKE</fme:Secnaam>
<fme:NAAM>Sint-Pieters</fme:NAAM>
<fme:OPPERVLAKTE>15838546</fme:OPPERVLAKTE>
<fme:DEELGEMEENTE_ID>4</fme:DEELGEMEENTE_ID>
<fme:DEELGEM_CODE>SPSP</fme:DEELGEM_CODE>
<fme:Aangemaakt_op>22/06/2016</fme:Aangemaakt_op>
</fme:StatsecBrugge>
<fme:StatsecBrugge>
<fme:Oppervl>203963.52</fme:Oppervl>
<fme:Lengte>2487.30</fme:Lengte>
<fme:Oidn>5383</fme:Oidn>
<fme:Uidn>5383</fme:Uidn>
<fme:Codsec>31005A232</fme:Codsec>
<fme:Niscode>31005</fme:Niscode>
<fme:Sec>A232</fme:Sec>
<fme:Secnaam>DUIVENSLAG</fme:Secnaam>
<fme:NAAM>Sint-Pieters</fme:NAAM>
<fme:OPPERVLAKTE>15838546</fme:OPPERVLAKTE>
<fme:DEELGEMEENTE_ID>4</fme:DEELGEMEENTE_ID>
<fme:DEELGEM_CODE>SPSP</fme:DEELGEM_CODE>
<fme:Aangemaakt_op>22/06/2016</fme:Aangemaakt_op>
</fme:StatsecBrugge>
<fme:StatsecBrugge>
<fme:Oppervl>454358.32</fme:Oppervl>
<fme:Lengte>3268.67</fme:Lengte>
<fme:Oidn>5384</fme:Oidn>
<fme:Uidn>5384</fme:Uidn>
<fme:Codsec>31005A242</fme:Codsec>
<fme:Niscode>31005</fme:Niscode>
<fme:Sec>A242</fme:Sec>
<fme:Secnaam>VEEMARKT</fme:Secnaam>
<fme:NAAM>Sint-Pieters</fme:NAAM>
<fme:OPPERVLAKTE>15838546</fme:OPPERVLAKTE>
<fme:DEELGEMEENTE_ID>4</fme:DEELGEMEENTE_ID>
<fme:DEELGEM_CODE>SPSP</fme:DEELGEM_CODE>
<fme:Aangemaakt_op>22/06/2016</fme:Aangemaakt_op>
</fme:StatsecBrugge>
<fme:StatsecBrugge>
<fme:Oppervl>258841.01</fme:Oppervl>
<fme:Lengte>2183.51</fme:Lengte>
<fme:Oidn>5385</fme:Oidn>
<fme:Uidn>5385</fme:Uidn>
<fme:Codsec>31005A2MA</fme:Codsec>
<fme:Niscode>31005</fme:Niscode>
<fme:Sec>A2MA</fme:Sec>
<fme:Secnaam>AZ SINT-JAN</fme:Secnaam>
<fme:NAAM>Sint-Pieters</fme:NAAM>
<fme:OPPERVLAKTE>15838546</fme:OPPERVLAKTE>
<fme:DEELGEMEENTE_ID>4</fme:DEELGEMEENTE_ID>
<fme:DEELGEM_CODE>SPSP</fme:DEELGEM_CODE>
<fme:Aangemaakt_op>22/06/2016</fme:Aangemaakt_op>
</fme:StatsecBrugge>
<fme:StatsecBrugge>
<fme:Oppervl>5538041.85</fme:Oppervl>
<fme:Lengte>12059.68</fme:Lengte>
<fme:Oidn>5386</fme:Oidn>
<fme:Uidn>5386</fme:Uidn>
<fme:Codsec>31005A2PA</fme:Codsec>
<fme:Niscode>31005</fme:Niscode>
<fme:Sec>A2PA</fme:Sec>
<fme:Secnaam>BLAUWE TOREN</fme:Secnaam>
<fme:NAAM>Sint-Pieters</fme:NAAM>
<fme:OPPERVLAKTE>15838546</fme:OPPERVLAKTE>
<fme:DEELGEMEENTE_ID>4</fme:DEELGEMEENTE_ID>
<fme:DEELGEM_CODE>SPSP</fme:DEELGEM_CODE>
<fme:Aangemaakt_op>22/06/2016</fme:Aangemaakt_op>
</fme:StatsecBrugge>
<fme:StatsecBrugge>
<fme:Oppervl>436499.34</fme:Oppervl>
<fme:Lengte>3861.62</fme:Lengte>
<fme:Oidn>5387</fme:Oidn>
<fme:Uidn>5387</fme:Uidn>
<fme:Codsec>31005A301</fme:Codsec>
<fme:Niscode>31005</fme:Niscode>
<fme:Sec>A301</fme:Sec>
<fme:Secnaam>SINT-JOZEF</fme:Secnaam>
<fme:NAAM>Sint-Jozef</fme:NAAM>
<fme:OPPERVLAKTE>2471588</fme:OPPERVLAKTE>
<fme:DEELGEMEENTE_ID>6</fme:DEELGEMEENTE_ID>
<fme:DEELGEM_CODE>SPSJ</fme:DEELGEM_CODE>
<fme:Aangemaakt_op>22/06/2016</fme:Aangemaakt_op>
</fme:StatsecBrugge>
<fme:StatsecBrugge>
<fme:Oppervl>129590.75</fme:Oppervl>
<fme:Lengte>1549.77</fme:Lengte>
<fme:Oidn>5388</fme:Oidn>
<fme:Uidn>5388</fme:Uidn>
<fme:Codsec>31005A312</fme:Codsec>
<fme:Niscode>31005</fme:Niscode>
<fme:Sec>A312</fme:Sec>
<fme:Secnaam>FORT LAPIN</fme:Secnaam>
<fme:NAAM>Sint-Jozef</fme:NAAM>
<fme:OPPERVLAKTE>2471588</fme:OPPERVLAKTE>
<fme:DEELGEMEENTE_ID>6</fme:DEELGEMEENTE_ID>
<fme:DEELGEM_CODE>SPSJ</fme:DEELGEM_CODE>
<fme:Aangemaakt_op>22/06/2016</fme:Aangemaakt_op>
</fme:StatsecBrugge>
<fme:StatsecBrugge>
<fme:Oppervl>282724.85</fme:Oppervl>
<fme:Lengte>2385.53</fme:Lengte>
<fme:Oidn>5389</fme:Oidn>
<fme:Uidn>5389</fme:Uidn>
<fme:Codsec>31005A323</fme:Codsec>
<fme:Niscode>31005</fme:Niscode>
<fme:Sec>A323</fme:Sec>
<fme:Secnaam>BOMMELBEEK</fme:Secnaam>
<fme:NAAM>Sint-Jozef</fme:NAAM>
<fme:OPPERVLAKTE>2471588</fme:OPPERVLAKTE>
<fme:DEELGEMEENTE_ID>6</fme:DEELGEMEENTE_ID>
<fme:DEELGEM_CODE>SPSJ</fme:DEELGEM_CODE>
<fme:Aangemaakt_op>22/06/2016</fme:Aangemaakt_op>
</fme:StatsecBrugge>
<fme:StatsecBrugge>
<fme:Oppervl>271684.78</fme:Oppervl>
<fme:Lengte>2478.06</fme:Lengte>
<fme:Oidn>5390</fme:Oidn>
<fme:Uidn>5390</fme:Uidn>
<fme:Codsec>31005A334</fme:Codsec>
<fme:Niscode>31005</fme:Niscode>
<fme:Sec>A334</fme:Sec>
<fme:Secnaam>NOORWEGSE KAAI</fme:Secnaam>
<fme:NAAM>Sint-Jozef</fme:NAAM>
<fme:OPPERVLAKTE>2471588</fme:OPPERVLAKTE>
<fme:DEELGEMEENTE_ID>6</fme:DEELGEMEENTE_ID>
<fme:DEELGEM_CODE>SPSJ</fme:DEELGEM_CODE>
<fme:Aangemaakt_op>22/06/2016</fme:Aangemaakt_op>
</fme:StatsecBrugge>
<fme:StatsecBrugge>
<fme:Oppervl>151964.44</fme:Oppervl>
<fme:Lengte>1577.60</fme:Lengte>
<fme:Oidn>5391</fme:Oidn>
<fme:Uidn>5391</fme:Uidn>
<fme:Codsec>31005A342</fme:Codsec>
<fme:Niscode>31005</fme:Niscode>
<fme:Sec>A342</fme:Sec>
<fme:Secnaam>KRUISABELE</fme:Secnaam>
<fme:NAAM>Sint-Jozef</fme:NAAM>
<fme:OPPERVLAKTE>2471588</fme:OPPERVLAKTE>
<fme:DEELGEMEENTE_ID>6</fme:DEELGEMEENTE_ID>
<fme:DEELGEM_CODE>SPSJ</fme:DEELGEM_CODE>
<fme:Aangemaakt_op>22/06/2016</fme:Aangemaakt_op>
</fme:StatsecBrugge>
<fme:StatsecBrugge>
<fme:Oppervl>1995945.88</fme:Oppervl>
<fme:Lengte>8391.87</fme:Lengte>
<fme:Oidn>5392</fme:Oidn>
<fme:Uidn>5392</fme:Uidn>
<fme:Codsec>31005A37-</fme:Codsec>
<fme:Niscode>31005</fme:Niscode>
<fme:Sec>A37-</fme:Sec>
<fme:Secnaam>DOKKEN</fme:Secnaam>
<fme:NAAM>Sint-Pieters</fme:NAAM>
<fme:OPPERVLAKTE>15838546</fme:OPPERVLAKTE>
<fme:DEELGEMEENTE_ID>4</fme:DEELGEMEENTE_ID>
<fme:DEELGEM_CODE>SPSP</fme:DEELGEM_CODE>
<fme:Aangemaakt_op>22/06/2016</fme:Aangemaakt_op>
</fme:StatsecBrugge>
<fme:StatsecBrugge>
<fme:Oppervl>959522.64</fme:Oppervl>
<fme:Lengte>4454.16</fme:Lengte>
<fme:Oidn>5393</fme:Oidn>
<fme:Uidn>5393</fme:Uidn>
<fme:Codsec>31005A391</fme:Codsec>
<fme:Niscode>31005</fme:Niscode>
<fme:Sec>A391</fme:Sec>
<fme:Secnaam>TEN BERGE</fme:Secnaam>
<fme:NAAM>Sint-Jozef</fme:NAAM>
<fme:OPPERVLAKTE>2471588</fme:OPPERVLAKTE>
<fme:DEELGEMEENTE_ID>6</fme:DEELGEMEENTE_ID>
<fme:DEELGEM_CODE>SPSJ</fme:DEELGEM_CODE>
<fme:Aangemaakt_op>22/06/2016</fme:Aangemaakt_op>
</fme:StatsecBrugge>
<fme:StatsecBrugge>
<fme:Oppervl>409292.63</fme:Oppervl>
<fme:Lengte>2790.53</fme:Lengte>
<fme:Oidn>5394</fme:Oidn>
<fme:Uidn>5394</fme:Uidn>
<fme:Codsec>31005A401</fme:Codsec>
<fme:Niscode>31005</fme:Niscode>
<fme:Sec>A401</fme:Sec>
<fme:Secnaam>GEZELLEKWARTIER</fme:Secnaam>
<fme:NAAM>Brugge-Centrum</fme:NAAM>
<fme:OPPERVLAKTE>4269702</fme:OPPERVLAKTE>
<fme:DEELGEMEENTE_ID>12</fme:DEELGEMEENTE_ID>
<fme:DEELGEM_CODE>BRBR</fme:DEELGEM_CODE>
<fme:Aangemaakt_op>22/06/2016</fme:Aangemaakt_op>
</fme:StatsecBrugge>
<fme:StatsecBrugge>
<fme:Oppervl>367671.07</fme:Oppervl>
<fme:Lengte>2744.90</fme:Lengte>
<fme:Oidn>5395</fme:Oidn>
<fme:Uidn>5395</fme:Uidn>
<fme:Codsec>31005A412</fme:Codsec>
<fme:Niscode>31005</fme:Niscode>
<fme:Sec>A412</fme:Sec>
<fme:Secnaam>KARTUIZERSWIJK</fme:Secnaam>
<fme:NAAM>Brugge-Centrum</fme:NAAM>
<fme:OPPERVLAKTE>4269702</fme:OPPERVLAKTE>
<fme:DEELGEMEENTE_ID>12</fme:DEELGEMEENTE_ID>
<fme:DEELGEM_CODE>BRBR</fme:DEELGEM_CODE>
<fme:Aangemaakt_op>22/06/2016</fme:Aangemaakt_op>
</fme:StatsecBrugge>
<fme:StatsecBrugge>
<fme:Oppervl>304921.05</fme:Oppervl>
<fme:Lengte>2281.11</fme:Lengte>
<fme:Oidn>5396</fme:Oidn>
<fme:Uidn>5396</fme:Uidn>
<fme:Codsec>31005A423</fme:Codsec>
<fme:Niscode>31005</fme:Niscode>
<fme:Sec>A423</fme:Sec>
<fme:Secnaam>PUTTERIE</fme:Secnaam>
<fme:NAAM>Brugge-Centrum</fme:NAAM>
<fme:OPPERVLAKTE>4269702</fme:OPPERVLAKTE>
<fme:DEELGEMEENTE_ID>12</fme:DEELGEMEENTE_ID>
<fme:DEELGEM_CODE>BRBR</fme:DEELGEM_CODE>
<fme:Aangemaakt_op>22/06/2016</fme:Aangemaakt_op>
</fme:StatsecBrugge>
<fme:StatsecBrugge>
<fme:Oppervl>470808.24</fme:Oppervl>
<fme:Lengte>3101.14</fme:Lengte>
<fme:Oidn>5397</fme:Oidn>
<fme:Uidn>5397</fme:Uidn>
<fme:Codsec>31005A501</fme:Codsec>
<fme:Niscode>31005</fme:Niscode>
<fme:Sec>A501</fme:Sec>
<fme:Secnaam>GENTWEG</fme:Secnaam>
<fme:NAAM>Brugge-Centrum</fme:NAAM>
<fme:OPPERVLAKTE>4269702</fme:OPPERVLAKTE>
<fme:DEELGEMEENTE_ID>12</fme:DEELGEMEENTE_ID>
<fme:DEELGEM_CODE>BRBR</fme:DEELGEM_CODE>
<fme:Aangemaakt_op>22/06/2016</fme:Aangemaakt_op>
</fme:StatsecBrugge>
<fme:StatsecBrugge>
<fme:Oppervl>307457.41</fme:Oppervl>
<fme:Lengte>2898.71</fme:Lengte>
<fme:Oidn>5398</fme:Oidn>
<fme:Uidn>5398</fme:Uidn>
<fme:Codsec>31005A512</fme:Codsec>
<fme:Niscode>31005</fme:Niscode>
<fme:Sec>A512</fme:Sec>
<fme:Secnaam>ASTRIDPARK</fme:Secnaam>
<fme:NAAM>Brugge-Centrum</fme:NAAM>
<fme:OPPERVLAKTE>4269702</fme:OPPERVLAKTE>
<fme:DEELGEMEENTE_ID>12</fme:DEELGEMEENTE_ID>
<fme:DEELGEM_CODE>BRBR</fme:DEELGEM_CODE>
<fme:Aangemaakt_op>22/06/2016</fme:Aangemaakt_op>
</fme:StatsecBrugge>
<fme:StatsecBrugge>
<fme:Oppervl>499536.41</fme:Oppervl>
<fme:Lengte>3899.76</fme:Lengte>
<fme:Oidn>5399</fme:Oidn>
<fme:Uidn>5399</fme:Uidn>
<fme:Codsec>31005A60-</fme:Codsec>
<fme:Niscode>31005</fme:Niscode>
<fme:Sec>A60-</fme:Sec>
<fme:Secnaam>SMEDENPOORT</fme:Secnaam>
<fme:NAAM>Brugge-Centrum</fme:NAAM>
<fme:OPPERVLAKTE>4269702</fme:OPPERVLAKTE>
<fme:DEELGEMEENTE_ID>12</fme:DEELGEMEENTE_ID>
<fme:DEELGEM_CODE>BRBR</fme:DEELGEM_CODE>
<fme:Aangemaakt_op>22/06/2016</fme:Aangemaakt_op>
</fme:StatsecBrugge>
<fme:StatsecBrugge>
<fme:Oppervl>259966.75</fme:Oppervl>
<fme:Lengte>2712.09</fme:Lengte>
<fme:Oidn>5400</fme:Oidn>
<fme:Uidn>5400</fme:Uidn>
<fme:Codsec>31005A61-</fme:Codsec>
<fme:Niscode>31005</fme:Niscode>
<fme:Sec>A61-</fme:Sec>
<fme:Secnaam>BEGIJNHOFBUURT</fme:Secnaam>
<fme:NAAM>Brugge-Centrum</fme:NAAM>
<fme:OPPERVLAKTE>4269702</fme:OPPERVLAKTE>
<fme:DEELGEMEENTE_ID>12</fme:DEELGEMEENTE_ID>
<fme:DEELGEM_CODE>BRBR</fme:DEELGEM_CODE>
<fme:Aangemaakt_op>22/06/2016</fme:Aangemaakt_op>
</fme:StatsecBrugge>
<fme:StatsecBrugge>
<fme:Oppervl>5574317.34</fme:Oppervl>
<fme:Lengte>9806.66</fme:Lengte>
<fme:Oidn>5401</fme:Oidn>
<fme:Uidn>5401</fme:Uidn>
<fme:Codsec>31005A671</fme:Codsec>
<fme:Niscode>31005</fme:Niscode>
<fme:Sec>A671</fme:Sec>
<fme:Secnaam>INDUSTRIEPARK</fme:Secnaam>
<fme:NAAM>Dudzele</fme:NAAM>
<fme:OPPERVLAKTE>28363985</fme:OPPERVLAKTE>
<fme:DEELGEMEENTE_ID>13</fme:DEELGEMEENTE_ID>
<fme:DEELGEM_CODE>ZBDU</fme:DEELGEM_CODE>
<fme:Aangemaakt_op>22/06/2016</fme:Aangemaakt_op>
</fme:StatsecBrugge>
<fme:StatsecBrugge>
<fme:Oppervl>360880.15</fme:Oppervl>
<fme:Lengte>3273.94</fme:Lengte>
<fme:Oidn>5402</fme:Oidn>
<fme:Uidn>5402</fme:Uidn>
<fme:Codsec>31005A701</fme:Codsec>
<fme:Niscode>31005</fme:Niscode>
<fme:Sec>A701</fme:Sec>
<fme:Secnaam>SINT-GILLIS</fme:Secnaam>
<fme:NAAM>Brugge-Centrum</fme:NAAM>
<fme:OPPERVLAKTE>4269702</fme:OPPERVLAKTE>
<fme:DEELGEMEENTE_ID>12</fme:DEELGEMEENTE_ID>
<fme:DEELGEM_CODE>BRBR</fme:DEELGEM_CODE>
<fme:Aangemaakt_op>22/06/2016</fme:Aangemaakt_op>
</fme:StatsecBrugge>
<fme:StatsecBrugge>
<fme:Oppervl>213350.93</fme:Oppervl>
<fme:Lengte>2293.97</fme:Lengte>
<fme:Oidn>5403</fme:Oidn>
<fme:Uidn>5403</fme:Uidn>
<fme:Codsec>31005A712</fme:Codsec>
<fme:Niscode>31005</fme:Niscode>
<fme:Sec>A712</fme:Sec>
<fme:Secnaam>BLOEDPUT</fme:Secnaam>
<fme:NAAM>Brugge-Centrum</fme:NAAM>
<fme:OPPERVLAKTE>4269702</fme:OPPERVLAKTE>
<fme:DEELGEMEENTE_ID>12</fme:DEELGEMEENTE_ID>
<fme:DEELGEM_CODE>BRBR</fme:DEELGEM_CODE>
<fme:Aangemaakt_op>22/06/2016</fme:Aangemaakt_op>
</fme:StatsecBrugge>
<fme:StatsecBrugge>
<fme:Oppervl>3788054.92</fme:Oppervl>
<fme:Lengte>8425.67</fme:Lengte>
<fme:Oidn>5495</fme:Oidn>
<fme:Uidn>5495</fme:Uidn>
<fme:Codsec>31005H391</fme:Codsec>
<fme:Niscode>31005</fme:Niscode>
<fme:Sec>H391</fme:Sec>
<fme:Secnaam>SINT-ANNA IN DE WOESTIJN</fme:Secnaam>
<fme:NAAM>Sint-Andries</fme:NAAM>
<fme:OPPERVLAKTE>19090184</fme:OPPERVLAKTE>
<fme:DEELGEMEENTE_ID>10</fme:DEELGEMEENTE_ID>
<fme:DEELGEM_CODE>AN</fme:DEELGEM_CODE>
<fme:Aangemaakt_op>22/06/2016</fme:Aangemaakt_op>
</fme:StatsecBrugge>
<fme:StatsecBrugge>
<fme:Oppervl>1886403.50</fme:Oppervl>
<fme:Lengte>7898.89</fme:Lengte>
<fme:Oidn>5496</fme:Oidn>
<fme:Uidn>5496</fme:Uidn>
<fme:Codsec>31005H490</fme:Codsec>
<fme:Niscode>31005</fme:Niscode>
<fme:Sec>H490</fme:Sec>
<fme:Secnaam>SPEIEN</fme:Secnaam>
<fme:NAAM>Sint-Pieters</fme:NAAM>
<fme:OPPERVLAKTE>15838546</fme:OPPERVLAKTE>
<fme:DEELGEMEENTE_ID>4</fme:DEELGEMEENTE_ID>
<fme:DEELGEM_CODE>SPSP</fme:DEELGEM_CODE>
<fme:Aangemaakt_op>22/06/2016</fme:Aangemaakt_op>
</fme:StatsecBrugge>
<fme:StatsecBrugge>
<fme:Oppervl>334235.09</fme:Oppervl>
<fme:Lengte>2419.90</fme:Lengte>
<fme:Oidn>5404</fme:Oidn>
<fme:Uidn>5404</fme:Uidn>
<fme:Codsec>31005A723</fme:Codsec>
<fme:Niscode>31005</fme:Niscode>
<fme:Sec>A723</fme:Sec>
<fme:Secnaam>SINT-JOZEF KLINIEK</fme:Secnaam>
<fme:NAAM>Brugge-Centrum</fme:NAAM>
<fme:OPPERVLAKTE>4269702</fme:OPPERVLAKTE>
<fme:DEELGEMEENTE_ID>12</fme:DEELGEMEENTE_ID>
<fme:DEELGEM_CODE>BRBR</fme:DEELGEM_CODE>
<fme:Aangemaakt_op>22/06/2016</fme:Aangemaakt_op>
</fme:StatsecBrugge>
<fme:StatsecBrugge>
<fme:Oppervl>231247.49</fme:Oppervl>
<fme:Lengte>3424.68</fme:Lengte>
<fme:Oidn>5405</fme:Oidn>
<fme:Uidn>5405</fme:Uidn>
<fme:Codsec>31005B00-</fme:Codsec>
<fme:Niscode>31005</fme:Niscode>
<fme:Sec>B00-</fme:Sec>
<fme:Secnaam>LISSEWEGE-CENTRUM</fme:Secnaam>
<fme:NAAM>Lissewege</fme:NAAM>
<fme:OPPERVLAKTE>8790338</fme:OPPERVLAKTE>
<fme:DEELGEMEENTE_ID>3</fme:DEELGEMEENTE_ID>
<fme:DEELGEM_CODE>ZBBW</fme:DEELGEM_CODE>
<fme:Aangemaakt_op>22/06/2016</fme:Aangemaakt_op>
</fme:StatsecBrugge>
<fme:StatsecBrugge>
<fme:Oppervl>377214.90</fme:Oppervl>
<fme:Lengte>3701.13</fme:Lengte>
<fme:Oidn>5406</fme:Oidn>
<fme:Uidn>5406</fme:Uidn>
<fme:Codsec>31005B01-</fme:Codsec>
<fme:Niscode>31005</fme:Niscode>
<fme:Sec>B01-</fme:Sec>
<fme:Secnaam>OPPERHOF</fme:Secnaam>
<fme:NAAM>Lissewege</fme:NAAM>
<fme:OPPERVLAKTE>8790338</fme:OPPERVLAKTE>
<fme:DEELGEMEENTE_ID>3</fme:DEELGEMEENTE_ID>
<fme:DEELGEM_CODE>ZBBW</fme:DEELGEM_CODE>
<fme:Aangemaakt_op>22/06/2016</fme:Aangemaakt_op>
</fme:StatsecBrugge>
<fme:StatsecBrugge>
<fme:Oppervl>2175692.98</fme:Oppervl>
<fme:Lengte>10373.93</fme:Lengte>
<fme:Oidn>5407</fme:Oidn>
<fme:Uidn>5407</fme:Uidn>
<fme:Codsec>31005B080</fme:Codsec>
<fme:Niscode>31005</fme:Niscode>
<fme:Sec>B080</fme:Sec>
<fme:Secnaam>LISSEWEGE-VERSPREIDE BEWONING</fme:Secnaam>
<fme:NAAM>Lissewege</fme:NAAM>
<fme:OPPERVLAKTE>8790338</fme:OPPERVLAKTE>
<fme:DEELGEMEENTE_ID>3</fme:DEELGEMEENTE_ID>
<fme:DEELGEM_CODE>ZBBW</fme:DEELGEM_CODE>
<fme:Aangemaakt_op>22/06/2016</fme:Aangemaakt_op>
</fme:StatsecBrugge>
<fme:StatsecBrugge>
<fme:Oppervl>2341709.10</fme:Oppervl>
<fme:Lengte>12195.69</fme:Lengte>
<fme:Oidn>5408</fme:Oidn>
<fme:Uidn>5408</fme:Uidn>
<fme:Codsec>31005B092</fme:Codsec>
<fme:Niscode>31005</fme:Niscode>
<fme:Sec>B092</fme:Sec>
<fme:Secnaam>ZEELAAN</fme:Secnaam>
<fme:NAAM>Lissewege</fme:NAAM>
<fme:OPPERVLAKTE>8790338</fme:OPPERVLAKTE>
<fme:DEELGEMEENTE_ID>3</fme:DEELGEMEENTE_ID>
<fme:DEELGEM_CODE>ZBBW</fme:DEELGEM_CODE>
<fme:Aangemaakt_op>22/06/2016</fme:Aangemaakt_op>
</fme:StatsecBrugge>
<fme:StatsecBrugge>
<fme:Oppervl>547265.10</fme:Oppervl>
<fme:Lengte>3677.36</fme:Lengte>
<fme:Oidn>5409</fme:Oidn>
<fme:Uidn>5409</fme:Uidn>
<fme:Codsec>31005B400</fme:Codsec>
<fme:Niscode>31005</fme:Niscode>
<fme:Sec>B400</fme:Sec>
<fme:Secnaam>ZEEBRUGGE - DORP</fme:Secnaam>
<fme:NAAM>Zeebrugge</fme:NAAM>
<fme:OPPERVLAKTE>20302262</fme:OPPERVLAKTE>
<fme:DEELGEMEENTE_ID>1</fme:DEELGEMEENTE_ID>
<fme:DEELGEM_CODE>ZBZB</fme:DEELGEM_CODE>
<fme:Aangemaakt_op>22/06/2016</fme:Aangemaakt_op>
</fme:StatsecBrugge>
<fme:StatsecBrugge>
<fme:Oppervl>524777.89</fme:Oppervl>
<fme:Lengte>3948.36</fme:Lengte>
<fme:Oidn>5410</fme:Oidn>
<fme:Uidn>5410</fme:Uidn>
<fme:Codsec>31005B410</fme:Codsec>
<fme:Niscode>31005</fme:Niscode>
<fme:Sec>B410</fme:Sec>
<fme:Secnaam>ZEEBRUGGE - MIJN</fme:Secnaam>
<fme:NAAM>Zeebrugge</fme:NAAM>
<fme:OPPERVLAKTE>20302262</fme:OPPERVLAKTE>
<fme:DEELGEMEENTE_ID>1</fme:DEELGEMEENTE_ID>
<fme:DEELGEM_CODE>ZBZB</fme:DEELGEM_CODE>
<fme:Aangemaakt_op>22/06/2016</fme:Aangemaakt_op>
</fme:StatsecBrugge>
<fme:StatsecBrugge>
<fme:Oppervl>203063.89</fme:Oppervl>
<fme:Lengte>2442.39</fme:Lengte>
<fme:Oidn>5411</fme:Oidn>
<fme:Uidn>5411</fme:Uidn>
<fme:Codsec>31005B42-</fme:Codsec>
<fme:Niscode>31005</fme:Niscode>
<fme:Sec>B42-</fme:Sec>
<fme:Secnaam>ZEEBRUGGE - STATION</fme:Secnaam>
<fme:NAAM>Zeebrugge</fme:NAAM>
<fme:OPPERVLAKTE>20302262</fme:OPPERVLAKTE>
<fme:DEELGEMEENTE_ID>1</fme:DEELGEMEENTE_ID>
<fme:DEELGEM_CODE>ZBZB</fme:DEELGEM_CODE>
<fme:Aangemaakt_op>22/06/2016</fme:Aangemaakt_op>
</fme:StatsecBrugge>
<fme:StatsecBrugge>
<fme:Oppervl>6078994.04</fme:Oppervl>
<fme:Lengte>13652.25</fme:Lengte>
<fme:Oidn>5412</fme:Oidn>
<fme:Uidn>5412</fme:Uidn>
<fme:Codsec>31005B479</fme:Codsec>
<fme:Niscode>31005</fme:Niscode>
<fme:Sec>B479</fme:Sec>
<fme:Secnaam>ZEEBRUGGE POLDER - STROOIEN</fme:Secnaam>
<fme:NAAM>Dudzele</fme:NAAM>
<fme:OPPERVLAKTE>28363985</fme:OPPERVLAKTE>
<fme:DEELGEMEENTE_ID>13</fme:DEELGEMEENTE_ID>
<fme:DEELGEM_CODE>ZBDU</fme:DEELGEM_CODE>
<fme:Aangemaakt_op>22/06/2016</fme:Aangemaakt_op>
</fme:StatsecBrugge>
<fme:StatsecBrugge>
<fme:Oppervl>518188.05</fme:Oppervl>
<fme:Lengte>6802.10</fme:Lengte>
<fme:Oidn>5413</fme:Oidn>
<fme:Uidn>5413</fme:Uidn>
<fme:Codsec>31005B480</fme:Codsec>
<fme:Niscode>31005</fme:Niscode>
<fme:Sec>B480</fme:Sec>
<fme:Secnaam>KANAAL-WEST ( HEIST )</fme:Secnaam>
<fme:NAAM>Zeebrugge</fme:NAAM>
<fme:OPPERVLAKTE>20302262</fme:OPPERVLAKTE>
<fme:DEELGEMEENTE_ID>1</fme:DEELGEMEENTE_ID>
<fme:DEELGEM_CODE>ZBZB</fme:DEELGEM_CODE>
<fme:Aangemaakt_op>22/06/2016</fme:Aangemaakt_op>
</fme:StatsecBrugge>
<fme:StatsecBrugge>
<fme:Oppervl>539148.78</fme:Oppervl>
<fme:Lengte>2967.65</fme:Lengte>
<fme:Oidn>5414</fme:Oidn>
<fme:Uidn>5414</fme:Uidn>
<fme:Codsec>31005B50-</fme:Codsec>
<fme:Niscode>31005</fme:Niscode>
<fme:Sec>B50-</fme:Sec>
<fme:Secnaam>ZWANKERDAMME</fme:Secnaam>
<fme:NAAM>Zwankendamme</fme:NAAM>
<fme:OPPERVLAKTE>843724</fme:OPPERVLAKTE>
<fme:DEELGEMEENTE_ID>2</fme:DEELGEMEENTE_ID>
<fme:DEELGEM_CODE>ZBZK</fme:DEELGEM_CODE>
<fme:Aangemaakt_op>22/06/2016</fme:Aangemaakt_op>
</fme:StatsecBrugge>
<fme:StatsecBrugge>
<fme:Oppervl>1736912.18</fme:Oppervl>
<fme:Lengte>9695.67</fme:Lengte>
<fme:Oidn>5415</fme:Oidn>
<fme:Uidn>5415</fme:Uidn>
<fme:Codsec>31005B571</fme:Codsec>
<fme:Niscode>31005</fme:Niscode>
<fme:Sec>B571</fme:Sec>
<fme:Secnaam>MIL.DOM.-ZEEBRUGGE-HAVENGEBIED</fme:Secnaam>
<fme:NAAM>Zeebrugge</fme:NAAM>
<fme:OPPERVLAKTE>20302262</fme:OPPERVLAKTE>
<fme:DEELGEMEENTE_ID>1</fme:DEELGEMEENTE_ID>
<fme:DEELGEM_CODE>ZBZB</fme:DEELGEM_CODE>
<fme:Aangemaakt_op>22/06/2016</fme:Aangemaakt_op>
</fme:StatsecBrugge>
<fme:StatsecBrugge>
<fme:Oppervl>189884.42</fme:Oppervl>
<fme:Lengte>2312.21</fme:Lengte>
<fme:Oidn>5416</fme:Oidn>
<fme:Uidn>5416</fme:Uidn>
<fme:Codsec>31005B70-</fme:Codsec>
<fme:Niscode>31005</fme:Niscode>
<fme:Sec>B70-</fme:Sec>
<fme:Secnaam>ZEEBRUGGE - DE MOLE</fme:Secnaam>
<fme:NAAM>Zeebrugge</fme:NAAM>
<fme:OPPERVLAKTE>20302262</fme:OPPERVLAKTE>
<fme:DEELGEMEENTE_ID>1</fme:DEELGEMEENTE_ID>
<fme:DEELGEM_CODE>ZBZB</fme:DEELGEM_CODE>
<fme:Aangemaakt_op>22/06/2016</fme:Aangemaakt_op>
</fme:StatsecBrugge>
<fme:StatsecBrugge>
<fme:Oppervl>2587120.23</fme:Oppervl>
<fme:Lengte>7037.41</fme:Lengte>
<fme:Oidn>5417</fme:Oidn>
<fme:Uidn>5417</fme:Uidn>
<fme:Codsec>31005B771</fme:Codsec>
<fme:Niscode>31005</fme:Niscode>
<fme:Sec>B771</fme:Sec>
<fme:Secnaam>BUITENHAVEN</fme:Secnaam>
<fme:NAAM>Zeebrugge</fme:NAAM>
<fme:OPPERVLAKTE>20302262</fme:OPPERVLAKTE>
<fme:DEELGEMEENTE_ID>1</fme:DEELGEMEENTE_ID>
<fme:DEELGEM_CODE>ZBZB</fme:DEELGEM_CODE>
<fme:Aangemaakt_op>22/06/2016</fme:Aangemaakt_op>
</fme:StatsecBrugge>
<fme:StatsecBrugge>
<fme:Oppervl>432104.53</fme:Oppervl>
<fme:Lengte>2528.46</fme:Lengte>
<fme:Oidn>5418</fme:Oidn>
<fme:Uidn>5418</fme:Uidn>
<fme:Codsec>31005B7MA</fme:Codsec>
<fme:Niscode>31005</fme:Niscode>
<fme:Sec>B7MA</fme:Sec>
<fme:Secnaam>BRAAMBEIERHOEK</fme:Secnaam>
<fme:NAAM>Zeebrugge</fme:NAAM>
<fme:OPPERVLAKTE>20302262</fme:OPPERVLAKTE>
<fme:DEELGEMEENTE_ID>1</fme:DEELGEMEENTE_ID>
<fme:DEELGEM_CODE>ZBZB</fme:DEELGEM_CODE>
<fme:Aangemaakt_op>22/06/2016</fme:Aangemaakt_op>
</fme:StatsecBrugge>
<fme:StatsecBrugge>
<fme:Oppervl>7110874.41</fme:Oppervl>
<fme:Lengte>24136.61</fme:Lengte>
<fme:Oidn>5419</fme:Oidn>
<fme:Uidn>5419</fme:Uidn>
<fme:Codsec>31005B7PA</fme:Codsec>
<fme:Niscode>31005</fme:Niscode>
<fme:Sec>B7PA</fme:Sec>
<fme:Secnaam>ZEEWEGE</fme:Secnaam>
<fme:NAAM>Lissewege</fme:NAAM>
<fme:OPPERVLAKTE>8790338</fme:OPPERVLAKTE>
<fme:DEELGEMEENTE_ID>3</fme:DEELGEMEENTE_ID>
<fme:DEELGEM_CODE>ZBBW</fme:DEELGEM_CODE>
<fme:Aangemaakt_op>22/06/2016</fme:Aangemaakt_op>
</fme:StatsecBrugge>
<fme:StatsecBrugge>
<fme:Oppervl>300541.63</fme:Oppervl>
<fme:Lengte>3271.72</fme:Lengte>
<fme:Oidn>5420</fme:Oidn>
<fme:Uidn>5420</fme:Uidn>
<fme:Codsec>31005C00-</fme:Codsec>
<fme:Niscode>31005</fme:Niscode>
<fme:Sec>C00-</fme:Sec>
<fme:Secnaam>DUDZELE-CENTRUM</fme:Secnaam>
<fme:NAAM>Dudzele</fme:NAAM>
<fme:OPPERVLAKTE>28363985</fme:OPPERVLAKTE>
<fme:DEELGEMEENTE_ID>13</fme:DEELGEMEENTE_ID>
<fme:DEELGEM_CODE>ZBDU</fme:DEELGEM_CODE>
<fme:Aangemaakt_op>22/06/2016</fme:Aangemaakt_op>
</fme:StatsecBrugge>
<fme:StatsecBrugge>
<fme:Oppervl>324259.56</fme:Oppervl>
<fme:Lengte>3060.87</fme:Lengte>
<fme:Oidn>5421</fme:Oidn>
<fme:Uidn>5421</fme:Uidn>
<fme:Codsec>31005C01-</fme:Codsec>
<fme:Niscode>31005</fme:Niscode>
<fme:Sec>C01-</fme:Sec>
<fme:Secnaam>WATERGANG</fme:Secnaam>
<fme:NAAM>Dudzele</fme:NAAM>
<fme:OPPERVLAKTE>28363985</fme:OPPERVLAKTE>
<fme:DEELGEMEENTE_ID>13</fme:DEELGEMEENTE_ID>
<fme:DEELGEM_CODE>ZBDU</fme:DEELGEM_CODE>
<fme:Aangemaakt_op>22/06/2016</fme:Aangemaakt_op>
</fme:StatsecBrugge>
<fme:StatsecBrugge>
<fme:Oppervl>202091.28</fme:Oppervl>
<fme:Lengte>3980.62</fme:Lengte>
<fme:Oidn>5422</fme:Oidn>
<fme:Uidn>5422</fme:Uidn>
<fme:Codsec>31005C023</fme:Codsec>
<fme:Niscode>31005</fme:Niscode>
<fme:Sec>C023</fme:Sec>
<fme:Secnaam>STATIESTRAAT</fme:Secnaam>
<fme:NAAM>Sint-Pieters</fme:NAAM>
<fme:OPPERVLAKTE>15838546</fme:OPPERVLAKTE>
<fme:DEELGEMEENTE_ID>4</fme:DEELGEMEENTE_ID>
<fme:DEELGEM_CODE>SPSP</fme:DEELGEM_CODE>
<fme:Aangemaakt_op>22/06/2016</fme:Aangemaakt_op>
</fme:StatsecBrugge>
<fme:StatsecBrugge>
<fme:Oppervl>11885963.43</fme:Oppervl>
<fme:Lengte>20572.38</fme:Lengte>
<fme:Oidn>5423</fme:Oidn>
<fme:Uidn>5423</fme:Uidn>
<fme:Codsec>31005C091</fme:Codsec>
<fme:Niscode>31005</fme:Niscode>
<fme:Sec>C091</fme:Sec>
<fme:Secnaam>DUDZEDE-VERSPR. BEWONING-ZUID</fme:Secnaam>
<fme:NAAM>Dudzele</fme:NAAM>
<fme:OPPERVLAKTE>28363985</fme:OPPERVLAKTE>
<fme:DEELGEMEENTE_ID>13</fme:DEELGEMEENTE_ID>
<fme:DEELGEM_CODE>ZBDU</fme:DEELGEM_CODE>
<fme:Aangemaakt_op>22/06/2016</fme:Aangemaakt_op>
</fme:StatsecBrugge>
<fme:StatsecBrugge>
<fme:Oppervl>295206.99</fme:Oppervl>
<fme:Lengte>2639.75</fme:Lengte>
<fme:Oidn>5424</fme:Oidn>
<fme:Uidn>5424</fme:Uidn>
<fme:Codsec>31005C0MA</fme:Codsec>
<fme:Niscode>31005</fme:Niscode>
<fme:Sec>C0MA</fme:Sec>
<fme:Secnaam>PEAK-SHAVING</fme:Secnaam>
<fme:NAAM>Dudzele</fme:NAAM>
<fme:OPPERVLAKTE>28363985</fme:OPPERVLAKTE>
<fme:DEELGEMEENTE_ID>13</fme:DEELGEMEENTE_ID>
<fme:DEELGEM_CODE>ZBDU</fme:DEELGEM_CODE>
<fme:Aangemaakt_op>22/06/2016</fme:Aangemaakt_op>
</fme:StatsecBrugge>
</fme:StatsecBrugge-table>
</fme:xml-tables>