<?xml version="1.0" encoding="UTF-8"?>
<fme:xml-tables xmlns:xsi="http://www.w3.org/2001/XMLSchema-instance" xmlns:fme="http://www.safe.com/xml/xmltables" xsi:schemaLocation="http://www.safe.com/xml/xmltables Brug.xsd">
<fme:Brug-table>
<fme:Brug>
<fme:Functie>Brug</fme:Functie>
<fme:Objectnaam>Herdersbrug</fme:Objectnaam>
<fme:HMpunt>-9999</fme:HMpunt>
<fme:Naam_locatie>Dudzele</fme:Naam_locatie>
<fme:Naam_waterweg>Kanaal Brugge-Zeebrugge</fme:Naam_waterweg>
<fme:LatWGS84>51.269866</fme:LatWGS84>
<fme:LoWGS84>3.21294</fme:LoWGS84>
<fme:Aangemaakt_op>22/06/2016</fme:Aangemaakt_op>
</fme:Brug>
<fme:Brug>
<fme:Functie>Brug</fme:Functie>
<fme:Objectnaam>Pierre Vandammusluis: Brug NO</fme:Objectnaam>
<fme:HMpunt>-9999</fme:HMpunt>
<fme:Naam_locatie>Zeebrugge</fme:Naam_locatie>
<fme:Naam_waterweg>Pierre Vandammesluis - CDNB</fme:Naam_waterweg>
<fme:LatWGS84>51.336399</fme:LatWGS84>
<fme:LoWGS84>3.215039</fme:LoWGS84>
<fme:Aangemaakt_op>22/06/2016</fme:Aangemaakt_op>
</fme:Brug>
<fme:Brug>
<fme:Functie>Brug</fme:Functie>
<fme:Objectnaam>Pierre Vandammusluis: Brug NW</fme:Objectnaam>
<fme:HMpunt>-9999</fme:HMpunt>
<fme:Naam_locatie>Zeebrugge</fme:Naam_locatie>
<fme:Naam_waterweg>Pierre Vandammesluis - CDNB</fme:Naam_waterweg>
<fme:LatWGS84>51.336549</fme:LatWGS84>
<fme:LoWGS84>3.214902</fme:LoWGS84>
<fme:Aangemaakt_op>22/06/2016</fme:Aangemaakt_op>
</fme:Brug>
<fme:Brug>
<fme:Functie>Brug</fme:Functie>
<fme:Objectnaam>Pierre Vandammusluis: Brug ZO</fme:Objectnaam>
<fme:HMpunt>-9999</fme:HMpunt>
<fme:Naam_locatie>Zeebrugge</fme:Naam_locatie>
<fme:Naam_waterweg>Pierre Vandammesluis - CDNB</fme:Naam_waterweg>
<fme:LatWGS84>51.331362</fme:LatWGS84>
<fme:LoWGS84>3.219452</fme:LoWGS84>
<fme:Aangemaakt_op>22/06/2016</fme:Aangemaakt_op>
</fme:Brug>
<fme:Brug>
<fme:Functie>Brug</fme:Functie>
<fme:Objectnaam>Pierre Vandammusluis: Brug ZW</fme:Objectnaam>
<fme:HMpunt>-9999</fme:HMpunt>
<fme:Naam_locatie>Zeebrugge</fme:Naam_locatie>
<fme:Naam_waterweg>Pierre Vandammesluis - CDNB</fme:Naam_waterweg>
<fme:LatWGS84>51.331537</fme:LatWGS84>
<fme:LoWGS84>3.219306</fme:LoWGS84>
<fme:Aangemaakt_op>22/06/2016</fme:Aangemaakt_op>
</fme:Brug>
<fme:Brug>
<fme:Functie>Brug</fme:Functie>
<fme:Objectnaam>Spoorwegbrug</fme:Objectnaam>
<fme:HMpunt>-9999</fme:HMpunt>
<fme:Naam_locatie>Dudzele</fme:Naam_locatie>
<fme:Naam_waterweg>Kanaal Brugge-Zeebrugge</fme:Naam_waterweg>
<fme:LatWGS84>51.27442</fme:LatWGS84>
<fme:LoWGS84>3.212032</fme:LoWGS84>
<fme:Aangemaakt_op>22/06/2016</fme:Aangemaakt_op>
</fme:Brug>
<fme:Brug>
<fme:Functie>Brug</fme:Functie>
<fme:Objectnaam>Visartsluis: Straussbrug</fme:Objectnaam>
<fme:HMpunt>-9999</fme:HMpunt>
<fme:Naam_locatie>Zeebrugge</fme:Naam_locatie>
<fme:Naam_waterweg>Visartsluis - CDNB</fme:Naam_waterweg>
<fme:LatWGS84>51.326851</fme:LatWGS84>
<fme:LoWGS84>3.198398</fme:LoWGS84>
<fme:Aangemaakt_op>22/06/2016</fme:Aangemaakt_op>
</fme:Brug>
<fme:Brug>
<fme:Functie>Brug</fme:Functie>
<fme:Objectnaam>Visartsluis: wegbrug N</fme:Objectnaam>
<fme:HMpunt>-9999</fme:HMpunt>
<fme:Naam_locatie>Zeebrugge</fme:Naam_locatie>
<fme:Naam_waterweg>Visartsluis - CDNB</fme:Naam_waterweg>
<fme:LatWGS84>51.32864</fme:LatWGS84>
<fme:LoWGS84>3.197946</fme:LoWGS84>
<fme:Aangemaakt_op>22/06/2016</fme:Aangemaakt_op>
</fme:Brug>
</fme:Brug-table>
</fme:xml-tables>