<?xml version="1.0" encoding="UTF-8"?>
<fme:xml-tables xmlns:xsi="http://www.w3.org/2001/XMLSchema-instance" xmlns:fme="http://www.safe.com/xml/xmltables" xsi:schemaLocation="http://www.safe.com/xml/xmltables Dok.xsd">
<fme:Dok-table>
<fme:Dok>
<fme:Functie>Dok</fme:Functie>
<fme:Objectnaam>1ste Militair Tijdok</fme:Objectnaam>
<fme:HMpunt>-9999</fme:HMpunt>
<fme:Naam_locatie>Zeebrugge</fme:Naam_locatie>
<fme:Naam_waterweg>Visartsluis - CDNB</fme:Naam_waterweg>
<fme:LatWGS84>51.338409</fme:LatWGS84>
<fme:LoWGS84>3.204717</fme:LoWGS84>
<fme:Aangemaakt_op>22/06/2016</fme:Aangemaakt_op>
</fme:Dok>
<fme:Dok>
<fme:Functie>Dok</fme:Functie>
<fme:Objectnaam>2de Militair Tijdok</fme:Objectnaam>
<fme:HMpunt>-9999</fme:HMpunt>
<fme:Naam_locatie>Zeebrugge</fme:Naam_locatie>
<fme:Naam_waterweg>Visartsluis - CDNB</fme:Naam_waterweg>
<fme:LatWGS84>51.335469</fme:LatWGS84>
<fme:LoWGS84>3.199227</fme:LoWGS84>
<fme:Aangemaakt_op>22/06/2016</fme:Aangemaakt_op>
</fme:Dok>
<fme:Dok>
<fme:Functie>Dok</fme:Functie>
<fme:Objectnaam>Albert II-dok</fme:Objectnaam>
<fme:HMpunt>-9999</fme:HMpunt>
<fme:Naam_locatie>Zeebrugge</fme:Naam_locatie>
<fme:Naam_waterweg>Albert II dok</fme:Naam_waterweg>
<fme:LatWGS84>51.348565</fme:LatWGS84>
<fme:LoWGS84>3.187507</fme:LoWGS84>
<fme:Aangemaakt_op>22/06/2016</fme:Aangemaakt_op>
</fme:Dok>
<fme:Dok>
<fme:Functie>Dok</fme:Functie>
<fme:Objectnaam>Brittanniadok</fme:Objectnaam>
<fme:HMpunt>-9999</fme:HMpunt>
<fme:Naam_locatie>Zeebrugge</fme:Naam_locatie>
<fme:Naam_waterweg>Brittaniadok</fme:Naam_waterweg>
<fme:LatWGS84>51.342859</fme:LatWGS84>
<fme:LoWGS84>3.216617</fme:LoWGS84>
<fme:Aangemaakt_op>22/06/2016</fme:Aangemaakt_op>
</fme:Dok>
<fme:Dok>
<fme:Functie>Dok</fme:Functie>
<fme:Objectnaam>Groot Handelsdok</fme:Objectnaam>
<fme:HMpunt>-9999</fme:HMpunt>
<fme:Naam_locatie>Brugge</fme:Naam_locatie>
<fme:Naam_waterweg>Kanaal Brugge-Zeebrugge</fme:Naam_waterweg>
<fme:LatWGS84>51.22671</fme:LatWGS84>
<fme:LoWGS84>3.222397</fme:LoWGS84>
<fme:Aangemaakt_op>22/06/2016</fme:Aangemaakt_op>
</fme:Dok>
<fme:Dok>
<fme:Functie>Dok</fme:Functie>
<fme:Objectnaam>Klein Handelsdok</fme:Objectnaam>
<fme:HMpunt>-9999</fme:HMpunt>
<fme:Naam_locatie>Brugge</fme:Naam_locatie>
<fme:Naam_waterweg>Klein Handelsdok</fme:Naam_waterweg>
<fme:LatWGS84>51.229682</fme:LatWGS84>
<fme:LoWGS84>3.224623</fme:LoWGS84>
<fme:Aangemaakt_op>22/06/2016</fme:Aangemaakt_op>
</fme:Dok>
<fme:Dok>
<fme:Functie>Dok</fme:Functie>
<fme:Objectnaam>LNG dok</fme:Objectnaam>
<fme:HMpunt>-9999</fme:HMpunt>
<fme:Naam_locatie>Zeebrugge</fme:Naam_locatie>
<fme:Naam_waterweg>LNG</fme:Naam_waterweg>
<fme:LatWGS84>51.35041</fme:LatWGS84>
<fme:LoWGS84>3.214654</fme:LoWGS84>
<fme:Aangemaakt_op>22/06/2016</fme:Aangemaakt_op>
</fme:Dok>
<fme:Dok>
<fme:Functie>Dok</fme:Functie>
<fme:Objectnaam>Nijverheidsdok</fme:Objectnaam>
<fme:HMpunt>-9999</fme:HMpunt>
<fme:Naam_locatie>Brugge</fme:Naam_locatie>
<fme:Naam_waterweg>Nijverheidsdok</fme:Naam_waterweg>
<fme:LatWGS84>51.229171</fme:LatWGS84>
<fme:LoWGS84>3.21706</fme:LoWGS84>
<fme:Aangemaakt_op>22/06/2016</fme:Aangemaakt_op>
</fme:Dok>
<fme:Dok>
<fme:Functie>Dok</fme:Functie>
<fme:Objectnaam>Noordelijk Insteekdok</fme:Objectnaam>
<fme:HMpunt>-9999</fme:HMpunt>
<fme:Naam_locatie>Zeebrugge</fme:Naam_locatie>
<fme:Naam_waterweg>Noordelijk Insteekdok</fme:Naam_waterweg>
<fme:LatWGS84>51.320636</fme:LatWGS84>
<fme:LoWGS84>3.213113</fme:LoWGS84>
<fme:Aangemaakt_op>22/06/2016</fme:Aangemaakt_op>
</fme:Dok>
<fme:Dok>
<fme:Functie>Dok</fme:Functie>
<fme:Objectnaam>Oud Ferrydok</fme:Objectnaam>
<fme:HMpunt>-9999</fme:HMpunt>
<fme:Naam_locatie>Zeebrugge</fme:Naam_locatie>
<fme:Naam_waterweg>Oud Ferrydok</fme:Naam_waterweg>
<fme:LatWGS84>51.319049</fme:LatWGS84>
<fme:LoWGS84>3.197945</fme:LoWGS84>
<fme:Aangemaakt_op>22/06/2016</fme:Aangemaakt_op>
</fme:Dok>
<fme:Dok>
<fme:Functie>Dok</fme:Functie>
<fme:Objectnaam>Prins Filipsdok</fme:Objectnaam>
<fme:HMpunt>-9999</fme:HMpunt>
<fme:Naam_locatie>Zeebrugge</fme:Naam_locatie>
<fme:Naam_waterweg>Prins Filipsdok</fme:Naam_waterweg>
<fme:LatWGS84>51.322193</fme:LatWGS84>
<fme:LoWGS84>3.195048</fme:LoWGS84>
<fme:Aangemaakt_op>22/06/2016</fme:Aangemaakt_op>
</fme:Dok>
<fme:Dok>
<fme:Functie>Dok</fme:Functie>
<fme:Objectnaam>Verbindingsdok</fme:Objectnaam>
<fme:HMpunt>-9999</fme:HMpunt>
<fme:Naam_locatie>Zeebrugge</fme:Naam_locatie>
<fme:Naam_waterweg>Verbindingsdok</fme:Naam_waterweg>
<fme:LatWGS84>51.316562</fme:LatWGS84>
<fme:LoWGS84>3.222016</fme:LoWGS84>
<fme:Aangemaakt_op>22/06/2016</fme:Aangemaakt_op>
</fme:Dok>
<fme:Dok>
<fme:Functie>Dok</fme:Functie>
<fme:Objectnaam>Wielingendok</fme:Objectnaam>
<fme:HMpunt>-9999</fme:HMpunt>
<fme:Naam_locatie>Zeebrugge</fme:Naam_locatie>
<fme:Naam_waterweg>Wielingendok</fme:Naam_waterweg>
<fme:LatWGS84>51.357765</fme:LatWGS84>
<fme:LoWGS84>3.182202</fme:LoWGS84>
<fme:Aangemaakt_op>22/06/2016</fme:Aangemaakt_op>
</fme:Dok>
<fme:Dok>
<fme:Functie>Dok</fme:Functie>
<fme:Objectnaam>Zuidelijk Insteekdok</fme:Objectnaam>
<fme:HMpunt>-9999</fme:HMpunt>
<fme:Naam_locatie>Zeebrugge</fme:Naam_locatie>
<fme:Naam_waterweg>Zuidelijk Insteekdok</fme:Naam_waterweg>
<fme:LatWGS84>51.307349</fme:LatWGS84>
<fme:LoWGS84>3.229586</fme:LoWGS84>
<fme:Aangemaakt_op>22/06/2016</fme:Aangemaakt_op>
</fme:Dok>
</fme:Dok-table>
</fme:xml-tables>