<?xml version="1.0" encoding="UTF-8"?>
<fme:xml-tables xmlns:xsi="http://www.w3.org/2001/XMLSchema-instance" xmlns:fme="http://www.safe.com/xml/xmltables" xsi:schemaLocation="http://www.safe.com/xml/xmltables Havengbied.xsd">
<fme:Havengbied-table>
<fme:Havengbied>
<fme:Functie>Havengebied</fme:Functie>
<fme:Objectnaam>Havengebied 1</fme:Objectnaam>
<fme:HMpunt>-9999</fme:HMpunt>
<fme:Naam_locatie>Zeebrugge</fme:Naam_locatie>
<fme:Naam_waterweg>Albert II dok</fme:Naam_waterweg>
<fme:LatWGS84>51.349144</fme:LatWGS84>
<fme:LoWGS84>3.185063</fme:LoWGS84>
<fme:Aangemaakt_op>22/06/2016</fme:Aangemaakt_op>
</fme:Havengbied>
<fme:Havengbied>
<fme:Functie>Havengebied</fme:Functie>
<fme:Objectnaam>Havengebied 2</fme:Objectnaam>
<fme:HMpunt>-9999</fme:HMpunt>
<fme:Naam_locatie>Zeebrugge</fme:Naam_locatie>
<fme:Naam_waterweg>Visartsluis - CDNB</fme:Naam_waterweg>
<fme:LatWGS84>51.335354</fme:LatWGS84>
<fme:LoWGS84>3.19325</fme:LoWGS84>
<fme:Aangemaakt_op>22/06/2016</fme:Aangemaakt_op>
</fme:Havengbied>
<fme:Havengbied>
<fme:Functie>Havengebied</fme:Functie>
<fme:Objectnaam>Havengebied 3</fme:Objectnaam>
<fme:HMpunt>-9999</fme:HMpunt>
<fme:Naam_locatie>Zeebrugge</fme:Naam_locatie>
<fme:Naam_waterweg>Prins Filipsdok</fme:Naam_waterweg>
<fme:LatWGS84>51.32168</fme:LatWGS84>
<fme:LoWGS84>3.194355</fme:LoWGS84>
<fme:Aangemaakt_op>22/06/2016</fme:Aangemaakt_op>
</fme:Havengbied>
<fme:Havengbied>
<fme:Functie>Havengebied</fme:Functie>
<fme:Objectnaam>Havengebied 4</fme:Objectnaam>
<fme:HMpunt>-9999</fme:HMpunt>
<fme:Naam_locatie>Zeebrugge</fme:Naam_locatie>
<fme:Naam_waterweg>Noordelijk Insteekdok</fme:Naam_waterweg>
<fme:LatWGS84>51.321666</fme:LatWGS84>
<fme:LoWGS84>3.210039</fme:LoWGS84>
<fme:Aangemaakt_op>22/06/2016</fme:Aangemaakt_op>
</fme:Havengbied>
<fme:Havengbied>
<fme:Functie>Havengebied</fme:Functie>
<fme:Objectnaam>Havengebied 5</fme:Objectnaam>
<fme:HMpunt>-9999</fme:HMpunt>
<fme:Naam_locatie>Zeebrugge</fme:Naam_locatie>
<fme:Naam_waterweg>Zuidelijk Insteekdok</fme:Naam_waterweg>
<fme:LatWGS84>51.303632</fme:LatWGS84>
<fme:LoWGS84>3.22649</fme:LoWGS84>
<fme:Aangemaakt_op>22/06/2016</fme:Aangemaakt_op>
</fme:Havengbied>
<fme:Havengbied>
<fme:Functie>Havengebied</fme:Functie>
<fme:Objectnaam>Havengebied 6</fme:Objectnaam>
<fme:HMpunt>-9999</fme:HMpunt>
<fme:Naam_locatie>Zeebrugge</fme:Naam_locatie>
<fme:Naam_waterweg>LNG</fme:Naam_waterweg>
<fme:LatWGS84>51.352381</fme:LatWGS84>
<fme:LoWGS84>3.216301</fme:LoWGS84>
<fme:Aangemaakt_op>22/06/2016</fme:Aangemaakt_op>
</fme:Havengbied>
<fme:Havengbied>
<fme:Functie>Havengebied</fme:Functie>
<fme:Objectnaam>Havengebied 7</fme:Objectnaam>
<fme:HMpunt>-9999</fme:HMpunt>
<fme:Naam_locatie>Zeebrugge</fme:Naam_locatie>
<fme:Naam_waterweg>Visartsluis - CDNB</fme:Naam_waterweg>
<fme:LatWGS84>51.339812</fme:LatWGS84>
<fme:LoWGS84>3.205674</fme:LoWGS84>
<fme:Aangemaakt_op>22/06/2016</fme:Aangemaakt_op>
</fme:Havengbied>
<fme:Havengbied>
<fme:Functie>Havengebied</fme:Functie>
<fme:Objectnaam>Havengebied 8</fme:Objectnaam>
<fme:HMpunt>-9999</fme:HMpunt>
<fme:Naam_locatie>Lissewege</fme:Naam_locatie>
<fme:Naam_waterweg>Kanaal Brugge-Zeebrugge</fme:Naam_waterweg>
<fme:LatWGS84>51.294423</fme:LatWGS84>
<fme:LoWGS84>3.206573</fme:LoWGS84>
<fme:Aangemaakt_op>22/06/2016</fme:Aangemaakt_op>
</fme:Havengbied>
<fme:Havengbied>
<fme:Functie>Havengebied</fme:Functie>
<fme:Objectnaam>Havengebied 9</fme:Objectnaam>
<fme:HMpunt>-9999</fme:HMpunt>
<fme:Naam_locatie>Brugge</fme:Naam_locatie>
<fme:Naam_waterweg>Kanaal Brugge-Zeebrugge</fme:Naam_waterweg>
<fme:LatWGS84>51.247972</fme:LatWGS84>
<fme:LoWGS84>3.213829</fme:LoWGS84>
<fme:Aangemaakt_op>22/06/2016</fme:Aangemaakt_op>
</fme:Havengbied>
</fme:Havengbied-table>
</fme:xml-tables>