<?xml version="1.0" encoding="UTF-8"?>
<fme:xml-tables xmlns:xsi="http://www.w3.org/2001/XMLSchema-instance" xmlns:fme="http://www.safe.com/xml/xmltables" xsi:schemaLocation="http://www.safe.com/xml/xmltables Ligplaats.xsd">
<fme:Ligplaats-table>
<fme:Ligplaats>
<fme:Functie>Ligplaats zonder overslag</fme:Functie>
<fme:Objectnaam>Ligplaats 108</fme:Objectnaam>
<fme:HMpunt>-9999</fme:HMpunt>
<fme:KadeNR>108</fme:KadeNR>
<fme:Naam_locatie>Zeebrugge</fme:Naam_locatie>
<fme:Naam_waterweg>Geul West - ZP1</fme:Naam_waterweg>
<fme:LatWGS84>51.33906</fme:LatWGS84>
<fme:LoWGS84>3.187479</fme:LoWGS84>
<fme:Aangemaakt_op>22/06/2016</fme:Aangemaakt_op>
</fme:Ligplaats>
<fme:Ligplaats>
<fme:Functie>Ligplaats zonder overslag</fme:Functie>
<fme:Objectnaam>Ligplaats 109</fme:Objectnaam>
<fme:HMpunt>-9999</fme:HMpunt>
<fme:KadeNR>109</fme:KadeNR>
<fme:Naam_locatie>Zeebrugge</fme:Naam_locatie>
<fme:Naam_waterweg>Geul West - ZP1</fme:Naam_waterweg>
<fme:LatWGS84>51.338161</fme:LatWGS84>
<fme:LoWGS84>3.186819</fme:LoWGS84>
<fme:Aangemaakt_op>22/06/2016</fme:Aangemaakt_op>
</fme:Ligplaats>
<fme:Ligplaats>
<fme:Functie>Ligplaats zonder overslag</fme:Functie>
<fme:Objectnaam>Ligplaats 110</fme:Objectnaam>
<fme:HMpunt>-9999</fme:HMpunt>
<fme:KadeNR>110</fme:KadeNR>
<fme:Naam_locatie>Zeebrugge</fme:Naam_locatie>
<fme:Naam_waterweg>Geul West - ZP1</fme:Naam_waterweg>
<fme:LatWGS84>51.337352</fme:LatWGS84>
<fme:LoWGS84>3.186404</fme:LoWGS84>
<fme:Aangemaakt_op>22/06/2016</fme:Aangemaakt_op>
</fme:Ligplaats>
<fme:Ligplaats>
<fme:Functie>Ligplaats zonder overslag</fme:Functie>
<fme:Objectnaam>Ligplaats 111</fme:Objectnaam>
<fme:HMpunt>-9999</fme:HMpunt>
<fme:KadeNR>111</fme:KadeNR>
<fme:Naam_locatie>Zeebrugge</fme:Naam_locatie>
<fme:Naam_waterweg>Geul West - ZP1</fme:Naam_waterweg>
<fme:LatWGS84>51.334877</fme:LatWGS84>
<fme:LoWGS84>3.186587</fme:LoWGS84>
<fme:Aangemaakt_op>22/06/2016</fme:Aangemaakt_op>
</fme:Ligplaats>
<fme:Ligplaats>
<fme:Functie>Ligplaats zonder overslag</fme:Functie>
<fme:Objectnaam>Ligplaats 112</fme:Objectnaam>
<fme:HMpunt>-9999</fme:HMpunt>
<fme:KadeNR>112</fme:KadeNR>
<fme:Naam_locatie>Zeebrugge</fme:Naam_locatie>
<fme:Naam_waterweg>Geul West - ZP1</fme:Naam_waterweg>
<fme:LatWGS84>51.334856</fme:LatWGS84>
<fme:LoWGS84>3.186696</fme:LoWGS84>
<fme:Aangemaakt_op>22/06/2016</fme:Aangemaakt_op>
</fme:Ligplaats>
<fme:Ligplaats>
<fme:Functie>Ligplaats zonder overslag</fme:Functie>
<fme:Objectnaam>Ligplaats 125</fme:Objectnaam>
<fme:HMpunt>-9999</fme:HMpunt>
<fme:KadeNR>125</fme:KadeNR>
<fme:Naam_locatie>Zeebrugge</fme:Naam_locatie>
<fme:Naam_waterweg>Albert II dok</fme:Naam_waterweg>
<fme:LatWGS84>51.346068</fme:LatWGS84>
<fme:LoWGS84>3.178072</fme:LoWGS84>
<fme:Aangemaakt_op>22/06/2016</fme:Aangemaakt_op>
</fme:Ligplaats>
<fme:Ligplaats>
<fme:Functie>Ligplaats zonder overslag</fme:Functie>
<fme:Objectnaam>Ligplaats 126</fme:Objectnaam>
<fme:HMpunt>-9999</fme:HMpunt>
<fme:KadeNR>126</fme:KadeNR>
<fme:Naam_locatie>Zeebrugge</fme:Naam_locatie>
<fme:Naam_waterweg>Albert II dok</fme:Naam_waterweg>
<fme:LatWGS84>51.347759</fme:LatWGS84>
<fme:LoWGS84>3.18142</fme:LoWGS84>
<fme:Aangemaakt_op>22/06/2016</fme:Aangemaakt_op>
</fme:Ligplaats>
<fme:Ligplaats>
<fme:Functie>Ligplaats zonder overslag</fme:Functie>
<fme:Objectnaam>Ligplaats 127</fme:Objectnaam>
<fme:HMpunt>-9999</fme:HMpunt>
<fme:KadeNR>127</fme:KadeNR>
<fme:Naam_locatie>Zeebrugge</fme:Naam_locatie>
<fme:Naam_waterweg>Albert II dok</fme:Naam_waterweg>
<fme:LatWGS84>51.34945</fme:LatWGS84>
<fme:LoWGS84>3.184769</fme:LoWGS84>
<fme:Aangemaakt_op>22/06/2016</fme:Aangemaakt_op>
</fme:Ligplaats>
<fme:Ligplaats>
<fme:Functie>Ligplaats zonder overslag</fme:Functie>
<fme:Objectnaam>Ligplaats 202</fme:Objectnaam>
<fme:HMpunt>-9999</fme:HMpunt>
<fme:KadeNR>202</fme:KadeNR>
<fme:Naam_locatie>Zeebrugge</fme:Naam_locatie>
<fme:Naam_waterweg>Geul West - ZP1</fme:Naam_waterweg>
<fme:LatWGS84>51.336768</fme:LatWGS84>
<fme:LoWGS84>3.190421</fme:LoWGS84>
<fme:Aangemaakt_op>22/06/2016</fme:Aangemaakt_op>
</fme:Ligplaats>
<fme:Ligplaats>
<fme:Functie>Ligplaats zonder overslag</fme:Functie>
<fme:Objectnaam>Ligplaats 203</fme:Objectnaam>
<fme:HMpunt>-9999</fme:HMpunt>
<fme:KadeNR>203</fme:KadeNR>
<fme:Naam_locatie>Zeebrugge</fme:Naam_locatie>
<fme:Naam_waterweg>Geul West - ZP1</fme:Naam_waterweg>
<fme:LatWGS84>51.33933</fme:LatWGS84>
<fme:LoWGS84>3.192291</fme:LoWGS84>
<fme:Aangemaakt_op>22/06/2016</fme:Aangemaakt_op>
</fme:Ligplaats>
<fme:Ligplaats>
<fme:Functie>Ligplaats zonder overslag</fme:Functie>
<fme:Objectnaam>Ligplaats 204</fme:Objectnaam>
<fme:HMpunt>-9999</fme:HMpunt>
<fme:KadeNR>204</fme:KadeNR>
<fme:Naam_locatie>Zeebrugge</fme:Naam_locatie>
<fme:Naam_waterweg>Visartsluis - CDNB</fme:Naam_waterweg>
<fme:LatWGS84>51.340089</fme:LatWGS84>
<fme:LoWGS84>3.194315</fme:LoWGS84>
<fme:Aangemaakt_op>22/06/2016</fme:Aangemaakt_op>
</fme:Ligplaats>
<fme:Ligplaats>
<fme:Functie>Ligplaats zonder overslag</fme:Functie>
<fme:Objectnaam>Ligplaats 208</fme:Objectnaam>
<fme:HMpunt>-9999</fme:HMpunt>
<fme:KadeNR>208</fme:KadeNR>
<fme:Naam_locatie>Zeebrugge</fme:Naam_locatie>
<fme:Naam_waterweg>Visartsluis - CDNB</fme:Naam_waterweg>
<fme:LatWGS84>51.330719</fme:LatWGS84>
<fme:LoWGS84>3.195176</fme:LoWGS84>
<fme:Aangemaakt_op>22/06/2016</fme:Aangemaakt_op>
</fme:Ligplaats>
<fme:Ligplaats>
<fme:Functie>Ligplaats zonder overslag</fme:Functie>
<fme:Objectnaam>Ligplaats 210</fme:Objectnaam>
<fme:HMpunt>-9999</fme:HMpunt>
<fme:KadeNR>210</fme:KadeNR>
<fme:Naam_locatie>Zeebrugge</fme:Naam_locatie>
<fme:Naam_waterweg>Visartsluis - CDNB</fme:Naam_waterweg>
<fme:LatWGS84>51.330057</fme:LatWGS84>
<fme:LoWGS84>3.196881</fme:LoWGS84>
<fme:Aangemaakt_op>22/06/2016</fme:Aangemaakt_op>
</fme:Ligplaats>
<fme:Ligplaats>
<fme:Functie>Ligplaats zonder overslag</fme:Functie>
<fme:Objectnaam>Ligplaats 211</fme:Objectnaam>
<fme:HMpunt>-9999</fme:HMpunt>
<fme:KadeNR>211</fme:KadeNR>
<fme:Naam_locatie>Zeebrugge</fme:Naam_locatie>
<fme:Naam_waterweg>Visartsluis - CDNB</fme:Naam_waterweg>
<fme:LatWGS84>51.329401</fme:LatWGS84>
<fme:LoWGS84>3.19706</fme:LoWGS84>
<fme:Aangemaakt_op>22/06/2016</fme:Aangemaakt_op>
</fme:Ligplaats>
<fme:Ligplaats>
<fme:Functie>Ligplaats zonder overslag</fme:Functie>
<fme:Objectnaam>Ligplaats 222</fme:Objectnaam>
<fme:HMpunt>-9999</fme:HMpunt>
<fme:KadeNR>222</fme:KadeNR>
<fme:Naam_locatie>Zeebrugge</fme:Naam_locatie>
<fme:Naam_waterweg>Visartsluis - CDNB</fme:Naam_waterweg>
<fme:LatWGS84>51.331705</fme:LatWGS84>
<fme:LoWGS84>3.2005</fme:LoWGS84>
<fme:Aangemaakt_op>22/06/2016</fme:Aangemaakt_op>
</fme:Ligplaats>
<fme:Ligplaats>
<fme:Functie>Ligplaats zonder overslag</fme:Functie>
<fme:Objectnaam>Ligplaats 301</fme:Objectnaam>
<fme:HMpunt>-9999</fme:HMpunt>
<fme:KadeNR>301</fme:KadeNR>
<fme:Naam_locatie>Zeebrugge</fme:Naam_locatie>
<fme:Naam_waterweg>Kanaal Brugge-Zeebrugge</fme:Naam_waterweg>
<fme:LatWGS84>51.325374</fme:LatWGS84>
<fme:LoWGS84>3.19812</fme:LoWGS84>
<fme:Aangemaakt_op>22/06/2016</fme:Aangemaakt_op>
</fme:Ligplaats>
<fme:Ligplaats>
<fme:Functie>Ligplaats zonder overslag</fme:Functie>
<fme:Objectnaam>Ligplaats 302</fme:Objectnaam>
<fme:HMpunt>-9999</fme:HMpunt>
<fme:KadeNR>302</fme:KadeNR>
<fme:Naam_locatie>Zeebrugge</fme:Naam_locatie>
<fme:Naam_waterweg>Prins Filipsdok</fme:Naam_waterweg>
<fme:LatWGS84>51.323396</fme:LatWGS84>
<fme:LoWGS84>3.195946</fme:LoWGS84>
<fme:Aangemaakt_op>22/06/2016</fme:Aangemaakt_op>
</fme:Ligplaats>
<fme:Ligplaats>
<fme:Functie>Ligplaats zonder overslag</fme:Functie>
<fme:Objectnaam>Ligplaats 305</fme:Objectnaam>
<fme:HMpunt>-9999</fme:HMpunt>
<fme:KadeNR>305</fme:KadeNR>
<fme:Naam_locatie>Zeebrugge</fme:Naam_locatie>
<fme:Naam_waterweg>Prins Filipsdok</fme:Naam_waterweg>
<fme:LatWGS84>51.320403</fme:LatWGS84>
<fme:LoWGS84>3.191864</fme:LoWGS84>
<fme:Aangemaakt_op>22/06/2016</fme:Aangemaakt_op>
</fme:Ligplaats>
<fme:Ligplaats>
<fme:Functie>Ligplaats zonder overslag</fme:Functie>
<fme:Objectnaam>Ligplaats 306</fme:Objectnaam>
<fme:HMpunt>-9999</fme:HMpunt>
<fme:KadeNR>306</fme:KadeNR>
<fme:Naam_locatie>Zeebrugge</fme:Naam_locatie>
<fme:Naam_waterweg>Prins Filipsdok</fme:Naam_waterweg>
<fme:LatWGS84>51.320133</fme:LatWGS84>
<fme:LoWGS84>3.192983</fme:LoWGS84>
<fme:Aangemaakt_op>22/06/2016</fme:Aangemaakt_op>
</fme:Ligplaats>
<fme:Ligplaats>
<fme:Functie>Ligplaats zonder overslag</fme:Functie>
<fme:Objectnaam>Ligplaats 307</fme:Objectnaam>
<fme:HMpunt>-9999</fme:HMpunt>
<fme:KadeNR>307</fme:KadeNR>
<fme:Naam_locatie>Zeebrugge</fme:Naam_locatie>
<fme:Naam_waterweg>Prins Filipsdok</fme:Naam_waterweg>
<fme:LatWGS84>51.320911</fme:LatWGS84>
<fme:LoWGS84>3.194653</fme:LoWGS84>
<fme:Aangemaakt_op>22/06/2016</fme:Aangemaakt_op>
</fme:Ligplaats>
<fme:Ligplaats>
<fme:Functie>Ligplaats zonder overslag</fme:Functie>
<fme:Objectnaam>Ligplaats 308</fme:Objectnaam>
<fme:HMpunt>-9999</fme:HMpunt>
<fme:KadeNR>308</fme:KadeNR>
<fme:Naam_locatie>Zeebrugge</fme:Naam_locatie>
<fme:Naam_waterweg>Prins Filipsdok</fme:Naam_waterweg>
<fme:LatWGS84>51.321839</fme:LatWGS84>
<fme:LoWGS84>3.196612</fme:LoWGS84>
<fme:Aangemaakt_op>22/06/2016</fme:Aangemaakt_op>
</fme:Ligplaats>
<fme:Ligplaats>
<fme:Functie>Ligplaats zonder overslag</fme:Functie>
<fme:Objectnaam>Ligplaats 309</fme:Objectnaam>
<fme:HMpunt>-9999</fme:HMpunt>
<fme:KadeNR>309</fme:KadeNR>
<fme:Naam_locatie>Zeebrugge</fme:Naam_locatie>
<fme:Naam_waterweg>Oud Ferrydok</fme:Naam_waterweg>
<fme:LatWGS84>51.31962</fme:LatWGS84>
<fme:LoWGS84>3.197729</fme:LoWGS84>
<fme:Aangemaakt_op>22/06/2016</fme:Aangemaakt_op>
</fme:Ligplaats>
<fme:Ligplaats>
<fme:Functie>Ligplaats zonder overslag</fme:Functie>
<fme:Objectnaam>Ligplaats 310</fme:Objectnaam>
<fme:HMpunt>-9999</fme:HMpunt>
<fme:KadeNR>310</fme:KadeNR>
<fme:Naam_locatie>Zeebrugge</fme:Naam_locatie>
<fme:Naam_waterweg>Oud Ferrydok</fme:Naam_waterweg>
<fme:LatWGS84>51.317714</fme:LatWGS84>
<fme:LoWGS84>3.195538</fme:LoWGS84>
<fme:Aangemaakt_op>22/06/2016</fme:Aangemaakt_op>
</fme:Ligplaats>
<fme:Ligplaats>
<fme:Functie>Ligplaats zonder overslag</fme:Functie>
<fme:Objectnaam>Ligplaats 311</fme:Objectnaam>
<fme:HMpunt>-9999</fme:HMpunt>
<fme:KadeNR>311</fme:KadeNR>
<fme:Naam_locatie>Zeebrugge</fme:Naam_locatie>
<fme:Naam_waterweg>Oud Ferrydok</fme:Naam_waterweg>
<fme:LatWGS84>51.317345</fme:LatWGS84>
<fme:LoWGS84>3.196613</fme:LoWGS84>
<fme:Aangemaakt_op>22/06/2016</fme:Aangemaakt_op>
</fme:Ligplaats>
<fme:Ligplaats>
<fme:Functie>Ligplaats zonder overslag</fme:Functie>
<fme:Objectnaam>Ligplaats 312</fme:Objectnaam>
<fme:HMpunt>-9999</fme:HMpunt>
<fme:KadeNR>312</fme:KadeNR>
<fme:Naam_locatie>Zeebrugge</fme:Naam_locatie>
<fme:Naam_waterweg>Oud Ferrydok</fme:Naam_waterweg>
<fme:LatWGS84>51.318543</fme:LatWGS84>
<fme:LoWGS84>3.197967</fme:LoWGS84>
<fme:Aangemaakt_op>22/06/2016</fme:Aangemaakt_op>
</fme:Ligplaats>
<fme:Ligplaats>
<fme:Functie>Ligplaats zonder overslag</fme:Functie>
<fme:Objectnaam>Ligplaats 313</fme:Objectnaam>
<fme:HMpunt>-9999</fme:HMpunt>
<fme:KadeNR>313</fme:KadeNR>
<fme:Naam_locatie>Zeebrugge</fme:Naam_locatie>
<fme:Naam_waterweg>Kanaal Brugge-Zeebrugge</fme:Naam_waterweg>
<fme:LatWGS84>51.315433</fme:LatWGS84>
<fme:LoWGS84>3.200846</fme:LoWGS84>
<fme:Aangemaakt_op>22/06/2016</fme:Aangemaakt_op>
</fme:Ligplaats>
<fme:Ligplaats>
<fme:Functie>Ligplaats zonder overslag</fme:Functie>
<fme:Objectnaam>Ligplaats 314</fme:Objectnaam>
<fme:HMpunt>-9999</fme:HMpunt>
<fme:KadeNR>314</fme:KadeNR>
<fme:Naam_locatie>Zeebrugge</fme:Naam_locatie>
<fme:Naam_waterweg>Kanaal Brugge-Zeebrugge</fme:Naam_waterweg>
<fme:LatWGS84>51.313457</fme:LatWGS84>
<fme:LoWGS84>3.20133</fme:LoWGS84>
<fme:Aangemaakt_op>22/06/2016</fme:Aangemaakt_op>
</fme:Ligplaats>
<fme:Ligplaats>
<fme:Functie>Ligplaats zonder overslag</fme:Functie>
<fme:Objectnaam>Ligplaats 440</fme:Objectnaam>
<fme:HMpunt>-9999</fme:HMpunt>
<fme:KadeNR>440</fme:KadeNR>
<fme:Naam_locatie>Zeebrugge</fme:Naam_locatie>
<fme:Naam_waterweg>Kanaal Brugge-Zeebrugge</fme:Naam_waterweg>
<fme:LatWGS84>51.321667</fme:LatWGS84>
<fme:LoWGS84>3.202629</fme:LoWGS84>
<fme:Aangemaakt_op>22/06/2016</fme:Aangemaakt_op>
</fme:Ligplaats>
<fme:Ligplaats>
<fme:Functie>Ligplaats zonder overslag</fme:Functie>
<fme:Objectnaam>Ligplaats 441</fme:Objectnaam>
<fme:HMpunt>-9999</fme:HMpunt>
<fme:KadeNR>441</fme:KadeNR>
<fme:Naam_locatie>Zeebrugge</fme:Naam_locatie>
<fme:Naam_waterweg>Kanaal Brugge-Zeebrugge</fme:Naam_waterweg>
<fme:LatWGS84>51.32221</fme:LatWGS84>
<fme:LoWGS84>3.202981</fme:LoWGS84>
<fme:Aangemaakt_op>22/06/2016</fme:Aangemaakt_op>
</fme:Ligplaats>
<fme:Ligplaats>
<fme:Functie>Ligplaats zonder overslag</fme:Functie>
<fme:Objectnaam>Ligplaats 443</fme:Objectnaam>
<fme:HMpunt>-9999</fme:HMpunt>
<fme:KadeNR>443</fme:KadeNR>
<fme:Naam_locatie>Zeebrugge</fme:Naam_locatie>
<fme:Naam_waterweg>Kanaal Brugge-Zeebrugge</fme:Naam_waterweg>
<fme:LatWGS84>51.322637</fme:LatWGS84>
<fme:LoWGS84>3.202718</fme:LoWGS84>
<fme:Aangemaakt_op>22/06/2016</fme:Aangemaakt_op>
</fme:Ligplaats>
<fme:Ligplaats>
<fme:Functie>Ligplaats zonder overslag</fme:Functie>
<fme:Objectnaam>Ligplaats 444</fme:Objectnaam>
<fme:HMpunt>-9999</fme:HMpunt>
<fme:KadeNR>444</fme:KadeNR>
<fme:Naam_locatie>Zeebrugge</fme:Naam_locatie>
<fme:Naam_waterweg>Kanaal Brugge-Zeebrugge</fme:Naam_waterweg>
<fme:LatWGS84>51.323447</fme:LatWGS84>
<fme:LoWGS84>3.201096</fme:LoWGS84>
<fme:Aangemaakt_op>22/06/2016</fme:Aangemaakt_op>
</fme:Ligplaats>
<fme:Ligplaats>
<fme:Functie>Ligplaats zonder overslag</fme:Functie>
<fme:Objectnaam>Ligplaats 501</fme:Objectnaam>
<fme:HMpunt>-9999</fme:HMpunt>
<fme:KadeNR>501</fme:KadeNR>
<fme:Naam_locatie>Zeebrugge</fme:Naam_locatie>
<fme:Naam_waterweg>Verbindingsdok</fme:Naam_waterweg>
<fme:LatWGS84>51.309429</fme:LatWGS84>
<fme:LoWGS84>3.204647</fme:LoWGS84>
<fme:Aangemaakt_op>22/06/2016</fme:Aangemaakt_op>
</fme:Ligplaats>
<fme:Ligplaats>
<fme:Functie>Ligplaats zonder overslag</fme:Functie>
<fme:Objectnaam>Ligplaats 502</fme:Objectnaam>
<fme:HMpunt>-9999</fme:HMpunt>
<fme:KadeNR>502</fme:KadeNR>
<fme:Naam_locatie>Zeebrugge</fme:Naam_locatie>
<fme:Naam_waterweg>Verbindingsdok</fme:Naam_waterweg>
<fme:LatWGS84>51.310142</fme:LatWGS84>
<fme:LoWGS84>3.20805</fme:LoWGS84>
<fme:Aangemaakt_op>22/06/2016</fme:Aangemaakt_op>
</fme:Ligplaats>
<fme:Ligplaats>
<fme:Functie>Ligplaats zonder overslag</fme:Functie>
<fme:Objectnaam>Ligplaats 503</fme:Objectnaam>
<fme:HMpunt>-9999</fme:HMpunt>
<fme:KadeNR>503</fme:KadeNR>
<fme:Naam_locatie>Zeebrugge</fme:Naam_locatie>
<fme:Naam_waterweg>Verbindingsdok</fme:Naam_waterweg>
<fme:LatWGS84>51.31092</fme:LatWGS84>
<fme:LoWGS84>3.211457</fme:LoWGS84>
<fme:Aangemaakt_op>22/06/2016</fme:Aangemaakt_op>
</fme:Ligplaats>
<fme:Ligplaats>
<fme:Functie>Ligplaats zonder overslag</fme:Functie>
<fme:Objectnaam>Ligplaats 506</fme:Objectnaam>
<fme:HMpunt>-9999</fme:HMpunt>
<fme:KadeNR>506</fme:KadeNR>
<fme:Naam_locatie>Zeebrugge</fme:Naam_locatie>
<fme:Naam_waterweg>Verbindingsdok</fme:Naam_waterweg>
<fme:LatWGS84>51.312758</fme:LatWGS84>
<fme:LoWGS84>3.220044</fme:LoWGS84>
<fme:Aangemaakt_op>22/06/2016</fme:Aangemaakt_op>
</fme:Ligplaats>
<fme:Ligplaats>
<fme:Functie>Ligplaats zonder overslag</fme:Functie>
<fme:Objectnaam>Ligplaats 513</fme:Objectnaam>
<fme:HMpunt>-9999</fme:HMpunt>
<fme:KadeNR>513</fme:KadeNR>
<fme:Naam_locatie>Zeebrugge</fme:Naam_locatie>
<fme:Naam_waterweg>Zuidelijk Insteekdok</fme:Naam_waterweg>
<fme:LatWGS84>51.29988</fme:LatWGS84>
<fme:LoWGS84>3.232706</fme:LoWGS84>
<fme:Aangemaakt_op>22/06/2016</fme:Aangemaakt_op>
</fme:Ligplaats>
<fme:Ligplaats>
<fme:Functie>Ligplaats zonder overslag</fme:Functie>
<fme:Objectnaam>Ligplaats 514</fme:Objectnaam>
<fme:HMpunt>-9999</fme:HMpunt>
<fme:KadeNR>514</fme:KadeNR>
<fme:Naam_locatie>Zeebrugge</fme:Naam_locatie>
<fme:Naam_waterweg>Zuidelijk Insteekdok</fme:Naam_waterweg>
<fme:LatWGS84>51.297905</fme:LatWGS84>
<fme:LoWGS84>3.234336</fme:LoWGS84>
<fme:Aangemaakt_op>22/06/2016</fme:Aangemaakt_op>
</fme:Ligplaats>
<fme:Ligplaats>
<fme:Functie>Ligplaats zonder overslag</fme:Functie>
<fme:Objectnaam>Ligplaats 515</fme:Objectnaam>
<fme:HMpunt>-9999</fme:HMpunt>
<fme:KadeNR>515</fme:KadeNR>
<fme:Naam_locatie>Zeebrugge</fme:Naam_locatie>
<fme:Naam_waterweg>Zuidelijk Insteekdok</fme:Naam_waterweg>
<fme:LatWGS84>51.295906</fme:LatWGS84>
<fme:LoWGS84>3.235953</fme:LoWGS84>
<fme:Aangemaakt_op>22/06/2016</fme:Aangemaakt_op>
</fme:Ligplaats>
<fme:Ligplaats>
<fme:Functie>Ligplaats zonder overslag</fme:Functie>
<fme:Objectnaam>Ligplaats 516</fme:Objectnaam>
<fme:HMpunt>-9999</fme:HMpunt>
<fme:KadeNR>516</fme:KadeNR>
<fme:Naam_locatie>Zeebrugge</fme:Naam_locatie>
<fme:Naam_waterweg>Zuidelijk Insteekdok</fme:Naam_waterweg>
<fme:LatWGS84>51.293879</fme:LatWGS84>
<fme:LoWGS84>3.237586</fme:LoWGS84>
<fme:Aangemaakt_op>22/06/2016</fme:Aangemaakt_op>
</fme:Ligplaats>
<fme:Ligplaats>
<fme:Functie>Ligplaats zonder overslag</fme:Functie>
<fme:Objectnaam>Ligplaats 517</fme:Objectnaam>
<fme:HMpunt>-9999</fme:HMpunt>
<fme:KadeNR>517</fme:KadeNR>
<fme:Naam_locatie>Zeebrugge</fme:Naam_locatie>
<fme:Naam_waterweg>Zuidelijk Insteekdok</fme:Naam_waterweg>
<fme:LatWGS84>51.293436</fme:LatWGS84>
<fme:LoWGS84>3.239038</fme:LoWGS84>
<fme:Aangemaakt_op>22/06/2016</fme:Aangemaakt_op>
</fme:Ligplaats>
<fme:Ligplaats>
<fme:Functie>Ligplaats zonder overslag</fme:Functie>
<fme:Objectnaam>Ligplaats 518</fme:Objectnaam>
<fme:HMpunt>-9999</fme:HMpunt>
<fme:KadeNR>518</fme:KadeNR>
<fme:Naam_locatie>Zeebrugge</fme:Naam_locatie>
<fme:Naam_waterweg>Zuidelijk Insteekdok</fme:Naam_waterweg>
<fme:LatWGS84>51.293895</fme:LatWGS84>
<fme:LoWGS84>3.240441</fme:LoWGS84>
<fme:Aangemaakt_op>22/06/2016</fme:Aangemaakt_op>
</fme:Ligplaats>
<fme:Ligplaats>
<fme:Functie>Ligplaats zonder overslag</fme:Functie>
<fme:Objectnaam>Ligplaats 519</fme:Objectnaam>
<fme:HMpunt>-9999</fme:HMpunt>
<fme:KadeNR>519</fme:KadeNR>
<fme:Naam_locatie>Zeebrugge</fme:Naam_locatie>
<fme:Naam_waterweg>Zuidelijk Insteekdok</fme:Naam_waterweg>
<fme:LatWGS84>51.294351</fme:LatWGS84>
<fme:LoWGS84>3.241646</fme:LoWGS84>
<fme:Aangemaakt_op>22/06/2016</fme:Aangemaakt_op>
</fme:Ligplaats>
<fme:Ligplaats>
<fme:Functie>Ligplaats zonder overslag</fme:Functie>
<fme:Objectnaam>Ligplaats 520</fme:Objectnaam>
<fme:HMpunt>-9999</fme:HMpunt>
<fme:KadeNR>520</fme:KadeNR>
<fme:Naam_locatie>Zeebrugge</fme:Naam_locatie>
<fme:Naam_waterweg>Zuidelijk Insteekdok</fme:Naam_waterweg>
<fme:LatWGS84>51.295521</fme:LatWGS84>
<fme:LoWGS84>3.241904</fme:LoWGS84>
<fme:Aangemaakt_op>22/06/2016</fme:Aangemaakt_op>
</fme:Ligplaats>
<fme:Ligplaats>
<fme:Functie>Ligplaats zonder overslag</fme:Functie>
<fme:Objectnaam>Ligplaats 524</fme:Objectnaam>
<fme:HMpunt>-9999</fme:HMpunt>
<fme:KadeNR>524</fme:KadeNR>
<fme:Naam_locatie>Zeebrugge</fme:Naam_locatie>
<fme:Naam_waterweg>Zuidelijk Insteekdok</fme:Naam_waterweg>
<fme:LatWGS84>51.302961</fme:LatWGS84>
<fme:LoWGS84>3.235169</fme:LoWGS84>
<fme:Aangemaakt_op>22/06/2016</fme:Aangemaakt_op>
</fme:Ligplaats>
<fme:Ligplaats>
<fme:Functie>Ligplaats zonder overslag</fme:Functie>
<fme:Objectnaam>Ligplaats 526</fme:Objectnaam>
<fme:HMpunt>-9999</fme:HMpunt>
<fme:KadeNR>526</fme:KadeNR>
<fme:Naam_locatie>Zeebrugge</fme:Naam_locatie>
<fme:Naam_waterweg>Zuidelijk Insteekdok</fme:Naam_waterweg>
<fme:LatWGS84>51.306885</fme:LatWGS84>
<fme:LoWGS84>3.232848</fme:LoWGS84>
<fme:Aangemaakt_op>22/06/2016</fme:Aangemaakt_op>
</fme:Ligplaats>
<fme:Ligplaats>
<fme:Functie>Ligplaats zonder overslag</fme:Functie>
<fme:Objectnaam>Ligplaats 528</fme:Objectnaam>
<fme:HMpunt>-9999</fme:HMpunt>
<fme:KadeNR>528</fme:KadeNR>
<fme:Naam_locatie>Zeebrugge</fme:Naam_locatie>
<fme:Naam_waterweg>Zuidelijk Insteekdok</fme:Naam_waterweg>
<fme:LatWGS84>51.309156</fme:LatWGS84>
<fme:LoWGS84>3.230148</fme:LoWGS84>
<fme:Aangemaakt_op>22/06/2016</fme:Aangemaakt_op>
</fme:Ligplaats>
<fme:Ligplaats>
<fme:Functie>Ligplaats zonder overslag</fme:Functie>
<fme:Objectnaam>Ligplaats 605</fme:Objectnaam>
<fme:HMpunt>-9999</fme:HMpunt>
<fme:KadeNR>605</fme:KadeNR>
<fme:Naam_locatie>Zeebrugge</fme:Naam_locatie>
<fme:Naam_waterweg>Pierre Vandammesluis - CDNB</fme:Naam_waterweg>
<fme:LatWGS84>51.337889</fme:LatWGS84>
<fme:LoWGS84>3.214604</fme:LoWGS84>
<fme:Aangemaakt_op>22/06/2016</fme:Aangemaakt_op>
</fme:Ligplaats>
<fme:Ligplaats>
<fme:Functie>Ligplaats zonder overslag</fme:Functie>
<fme:Objectnaam>Ligplaats 606</fme:Objectnaam>
<fme:HMpunt>-9999</fme:HMpunt>
<fme:KadeNR>606</fme:KadeNR>
<fme:Naam_locatie>Zeebrugge</fme:Naam_locatie>
<fme:Naam_waterweg>Pierre Vandammesluis - CDNB</fme:Naam_waterweg>
<fme:LatWGS84>51.339488</fme:LatWGS84>
<fme:LoWGS84>3.213646</fme:LoWGS84>
<fme:Aangemaakt_op>22/06/2016</fme:Aangemaakt_op>
</fme:Ligplaats>
<fme:Ligplaats>
<fme:Functie>Ligplaats zonder overslag</fme:Functie>
<fme:Objectnaam>Ligplaats 607</fme:Objectnaam>
<fme:HMpunt>-9999</fme:HMpunt>
<fme:KadeNR>607</fme:KadeNR>
<fme:Naam_locatie>Zeebrugge</fme:Naam_locatie>
<fme:Naam_waterweg>Pierre Vandammesluis - CDNB</fme:Naam_waterweg>
<fme:LatWGS84>51.341171</fme:LatWGS84>
<fme:LoWGS84>3.21265</fme:LoWGS84>
<fme:Aangemaakt_op>22/06/2016</fme:Aangemaakt_op>
</fme:Ligplaats>
<fme:Ligplaats>
<fme:Functie>Ligplaats zonder overslag</fme:Functie>
<fme:Objectnaam>Ligplaats 612</fme:Objectnaam>
<fme:HMpunt>-9999</fme:HMpunt>
<fme:KadeNR>612</fme:KadeNR>
<fme:Naam_locatie>Zeebrugge</fme:Naam_locatie>
<fme:Naam_waterweg>Brittaniadok</fme:Naam_waterweg>
<fme:LatWGS84>51.343427</fme:LatWGS84>
<fme:LoWGS84>3.221052</fme:LoWGS84>
<fme:Aangemaakt_op>22/06/2016</fme:Aangemaakt_op>
</fme:Ligplaats>
<fme:Ligplaats>
<fme:Functie>Ligplaats zonder overslag</fme:Functie>
<fme:Objectnaam>Ligplaats 701</fme:Objectnaam>
<fme:HMpunt>-9999</fme:HMpunt>
<fme:KadeNR>701</fme:KadeNR>
<fme:Naam_locatie>Zeebrugge</fme:Naam_locatie>
<fme:Naam_waterweg>Visartsluis - CDNB</fme:Naam_waterweg>
<fme:LatWGS84>51.340822</fme:LatWGS84>
<fme:LoWGS84>3.203896</fme:LoWGS84>
<fme:Aangemaakt_op>22/06/2016</fme:Aangemaakt_op>
</fme:Ligplaats>
<fme:Ligplaats>
<fme:Functie>Ligplaats zonder overslag</fme:Functie>
<fme:Objectnaam>Ligplaats 711</fme:Objectnaam>
<fme:HMpunt>-9999</fme:HMpunt>
<fme:KadeNR>711</fme:KadeNR>
<fme:Naam_locatie>Zeebrugge</fme:Naam_locatie>
<fme:Naam_waterweg>Visartsluis - CDNB</fme:Naam_waterweg>
<fme:LatWGS84>51.337772</fme:LatWGS84>
<fme:LoWGS84>3.20414</fme:LoWGS84>
<fme:Aangemaakt_op>22/06/2016</fme:Aangemaakt_op>
</fme:Ligplaats>
<fme:Ligplaats>
<fme:Functie>Ligplaats zonder overslag</fme:Functie>
<fme:Objectnaam>Ligplaats 712</fme:Objectnaam>
<fme:HMpunt>-9999</fme:HMpunt>
<fme:KadeNR>712</fme:KadeNR>
<fme:Naam_locatie>Zeebrugge</fme:Naam_locatie>
<fme:Naam_waterweg>Visartsluis - CDNB</fme:Naam_waterweg>
<fme:LatWGS84>51.336909</fme:LatWGS84>
<fme:LoWGS84>3.205463</fme:LoWGS84>
<fme:Aangemaakt_op>22/06/2016</fme:Aangemaakt_op>
</fme:Ligplaats>
<fme:Ligplaats>
<fme:Functie>Ligplaats zonder overslag</fme:Functie>
<fme:Objectnaam>Ligplaats 713</fme:Objectnaam>
<fme:HMpunt>-9999</fme:HMpunt>
<fme:KadeNR>713</fme:KadeNR>
<fme:Naam_locatie>Zeebrugge</fme:Naam_locatie>
<fme:Naam_waterweg>Visartsluis - CDNB</fme:Naam_waterweg>
<fme:LatWGS84>51.337961</fme:LatWGS84>
<fme:LoWGS84>3.207047</fme:LoWGS84>
<fme:Aangemaakt_op>22/06/2016</fme:Aangemaakt_op>
</fme:Ligplaats>
<fme:Ligplaats>
<fme:Functie>Ligplaats zonder overslag</fme:Functie>
<fme:Objectnaam>Ligplaats 714</fme:Objectnaam>
<fme:HMpunt>-9999</fme:HMpunt>
<fme:KadeNR>714</fme:KadeNR>
<fme:Naam_locatie>Zeebrugge</fme:Naam_locatie>
<fme:Naam_waterweg>Visartsluis - CDNB</fme:Naam_waterweg>
<fme:LatWGS84>51.33883</fme:LatWGS84>
<fme:LoWGS84>3.205721</fme:LoWGS84>
<fme:Aangemaakt_op>22/06/2016</fme:Aangemaakt_op>
</fme:Ligplaats>
<fme:Ligplaats>
<fme:Functie>Ligplaats zonder overslag</fme:Functie>
<fme:Objectnaam>Ligplaats 715</fme:Objectnaam>
<fme:HMpunt>-9999</fme:HMpunt>
<fme:KadeNR>715</fme:KadeNR>
<fme:Naam_locatie>Zeebrugge</fme:Naam_locatie>
<fme:Naam_waterweg>Visartsluis - CDNB</fme:Naam_waterweg>
<fme:LatWGS84>51.339847</fme:LatWGS84>
<fme:LoWGS84>3.204147</fme:LoWGS84>
<fme:Aangemaakt_op>22/06/2016</fme:Aangemaakt_op>
</fme:Ligplaats>
<fme:Ligplaats>
<fme:Functie>Ligplaats zonder overslag</fme:Functie>
<fme:Objectnaam>Ligplaats 901</fme:Objectnaam>
<fme:HMpunt>-9999</fme:HMpunt>
<fme:KadeNR>901</fme:KadeNR>
<fme:Naam_locatie>Brugge</fme:Naam_locatie>
<fme:Naam_waterweg>Kanaal Brugge-Zeebrugge</fme:Naam_waterweg>
<fme:LatWGS84>51.268703</fme:LatWGS84>
<fme:LoWGS84>3.213688</fme:LoWGS84>
<fme:Aangemaakt_op>22/06/2016</fme:Aangemaakt_op>
</fme:Ligplaats>
<fme:Ligplaats>
<fme:Functie>Ligplaats zonder overslag</fme:Functie>
<fme:Objectnaam>Ligplaats 903</fme:Objectnaam>
<fme:HMpunt>-9999</fme:HMpunt>
<fme:KadeNR>903</fme:KadeNR>
<fme:Naam_locatie>Brugge</fme:Naam_locatie>
<fme:Naam_waterweg>Kanaal Brugge-Zeebrugge</fme:Naam_waterweg>
<fme:LatWGS84>51.264894</fme:LatWGS84>
<fme:LoWGS84>3.214602</fme:LoWGS84>
<fme:Aangemaakt_op>22/06/2016</fme:Aangemaakt_op>
</fme:Ligplaats>
<fme:Ligplaats>
<fme:Functie>Ligplaats zonder overslag</fme:Functie>
<fme:Objectnaam>Ligplaats 904</fme:Objectnaam>
<fme:HMpunt>-9999</fme:HMpunt>
<fme:KadeNR>904</fme:KadeNR>
<fme:Naam_locatie>Brugge</fme:Naam_locatie>
<fme:Naam_waterweg>Kanaal Brugge-Zeebrugge</fme:Naam_waterweg>
<fme:LatWGS84>51.262416</fme:LatWGS84>
<fme:LoWGS84>3.21529</fme:LoWGS84>
<fme:Aangemaakt_op>22/06/2016</fme:Aangemaakt_op>
</fme:Ligplaats>
<fme:Ligplaats>
<fme:Functie>Ligplaats zonder overslag</fme:Functie>
<fme:Objectnaam>Ligplaats 905</fme:Objectnaam>
<fme:HMpunt>-9999</fme:HMpunt>
<fme:KadeNR>905</fme:KadeNR>
<fme:Naam_locatie>Brugge</fme:Naam_locatie>
<fme:Naam_waterweg>Kanaal Brugge-Zeebrugge</fme:Naam_waterweg>
<fme:LatWGS84>51.260432</fme:LatWGS84>
<fme:LoWGS84>3.215803</fme:LoWGS84>
<fme:Aangemaakt_op>22/06/2016</fme:Aangemaakt_op>
</fme:Ligplaats>
<fme:Ligplaats>
<fme:Functie>Ligplaats zonder overslag</fme:Functie>
<fme:Objectnaam>Ligplaats 906</fme:Objectnaam>
<fme:HMpunt>-9999</fme:HMpunt>
<fme:KadeNR>906</fme:KadeNR>
<fme:Naam_locatie>Brugge</fme:Naam_locatie>
<fme:Naam_waterweg>Kanaal Brugge-Zeebrugge</fme:Naam_waterweg>
<fme:LatWGS84>51.258336</fme:LatWGS84>
<fme:LoWGS84>3.216342</fme:LoWGS84>
<fme:Aangemaakt_op>22/06/2016</fme:Aangemaakt_op>
</fme:Ligplaats>
<fme:Ligplaats>
<fme:Functie>Ligplaats zonder overslag</fme:Functie>
<fme:Objectnaam>Ligplaats 907</fme:Objectnaam>
<fme:HMpunt>-9999</fme:HMpunt>
<fme:KadeNR>907</fme:KadeNR>
<fme:Naam_locatie>Brugge</fme:Naam_locatie>
<fme:Naam_waterweg>Kanaal Brugge-Zeebrugge</fme:Naam_waterweg>
<fme:LatWGS84>51.256066</fme:LatWGS84>
<fme:LoWGS84>3.216935</fme:LoWGS84>
<fme:Aangemaakt_op>22/06/2016</fme:Aangemaakt_op>
</fme:Ligplaats>
<fme:Ligplaats>
<fme:Functie>Ligplaats zonder overslag</fme:Functie>
<fme:Objectnaam>Ligplaats 908</fme:Objectnaam>
<fme:HMpunt>-9999</fme:HMpunt>
<fme:KadeNR>908</fme:KadeNR>
<fme:Naam_locatie>Brugge</fme:Naam_locatie>
<fme:Naam_waterweg>Kanaal Brugge-Zeebrugge</fme:Naam_waterweg>
<fme:LatWGS84>51.253886</fme:LatWGS84>
<fme:LoWGS84>3.217485</fme:LoWGS84>
<fme:Aangemaakt_op>22/06/2016</fme:Aangemaakt_op>
</fme:Ligplaats>
<fme:Ligplaats>
<fme:Functie>Ligplaats zonder overslag</fme:Functie>
<fme:Objectnaam>Ligplaats 909</fme:Objectnaam>
<fme:HMpunt>-9999</fme:HMpunt>
<fme:KadeNR>909</fme:KadeNR>
<fme:Naam_locatie>Brugge</fme:Naam_locatie>
<fme:Naam_waterweg>Kanaal Brugge-Zeebrugge</fme:Naam_waterweg>
<fme:LatWGS84>51.251118</fme:LatWGS84>
<fme:LoWGS84>3.218184</fme:LoWGS84>
<fme:Aangemaakt_op>22/06/2016</fme:Aangemaakt_op>
</fme:Ligplaats>
<fme:Ligplaats>
<fme:Functie>Ligplaats zonder overslag</fme:Functie>
<fme:Objectnaam>Ligplaats 910</fme:Objectnaam>
<fme:HMpunt>-9999</fme:HMpunt>
<fme:KadeNR>910</fme:KadeNR>
<fme:Naam_locatie>Brugge</fme:Naam_locatie>
<fme:Naam_waterweg>Kanaal Brugge-Zeebrugge</fme:Naam_waterweg>
<fme:LatWGS84>51.249274</fme:LatWGS84>
<fme:LoWGS84>3.218639</fme:LoWGS84>
<fme:Aangemaakt_op>22/06/2016</fme:Aangemaakt_op>
</fme:Ligplaats>
<fme:Ligplaats>
<fme:Functie>Ligplaats zonder overslag</fme:Functie>
<fme:Objectnaam>Ligplaats 914</fme:Objectnaam>
<fme:HMpunt>-9999</fme:HMpunt>
<fme:KadeNR>914</fme:KadeNR>
<fme:Naam_locatie>Brugge</fme:Naam_locatie>
<fme:Naam_waterweg>Kanaal Brugge-Zeebrugge</fme:Naam_waterweg>
<fme:LatWGS84>51.242086</fme:LatWGS84>
<fme:LoWGS84>3.220459</fme:LoWGS84>
<fme:Aangemaakt_op>22/06/2016</fme:Aangemaakt_op>
</fme:Ligplaats>
<fme:Ligplaats>
<fme:Functie>Ligplaats zonder overslag</fme:Functie>
<fme:Objectnaam>Ligplaats 915</fme:Objectnaam>
<fme:HMpunt>-9999</fme:HMpunt>
<fme:KadeNR>915</fme:KadeNR>
<fme:Naam_locatie>Brugge</fme:Naam_locatie>
<fme:Naam_waterweg>Kanaal Brugge-Zeebrugge</fme:Naam_waterweg>
<fme:LatWGS84>51.240371</fme:LatWGS84>
<fme:LoWGS84>3.220909</fme:LoWGS84>
<fme:Aangemaakt_op>22/06/2016</fme:Aangemaakt_op>
</fme:Ligplaats>
<fme:Ligplaats>
<fme:Functie>Ligplaats zonder overslag</fme:Functie>
<fme:Objectnaam>Ligplaats 918</fme:Objectnaam>
<fme:HMpunt>-9999</fme:HMpunt>
<fme:KadeNR>918</fme:KadeNR>
<fme:Naam_locatie>Brugge</fme:Naam_locatie>
<fme:Naam_waterweg>Kanaal Brugge-Zeebrugge</fme:Naam_waterweg>
<fme:LatWGS84>51.234489</fme:LatWGS84>
<fme:LoWGS84>3.22242</fme:LoWGS84>
<fme:Aangemaakt_op>22/06/2016</fme:Aangemaakt_op>
</fme:Ligplaats>
<fme:Ligplaats>
<fme:Functie>Ligplaats zonder overslag</fme:Functie>
<fme:Objectnaam>Ligplaats 919</fme:Objectnaam>
<fme:HMpunt>-9999</fme:HMpunt>
<fme:KadeNR>919</fme:KadeNR>
<fme:Naam_locatie>Brugge</fme:Naam_locatie>
<fme:Naam_waterweg>Kanaal Brugge-Zeebrugge</fme:Naam_waterweg>
<fme:LatWGS84>51.232477</fme:LatWGS84>
<fme:LoWGS84>3.222784</fme:LoWGS84>
<fme:Aangemaakt_op>22/06/2016</fme:Aangemaakt_op>
</fme:Ligplaats>
<fme:Ligplaats>
<fme:Functie>Ligplaats zonder overslag</fme:Functie>
<fme:Objectnaam>Ligplaats 920</fme:Objectnaam>
<fme:HMpunt>-9999</fme:HMpunt>
<fme:KadeNR>920</fme:KadeNR>
<fme:Naam_locatie>Brugge</fme:Naam_locatie>
<fme:Naam_waterweg>Klein Handelsdok</fme:Naam_waterweg>
<fme:LatWGS84>51.231083</fme:LatWGS84>
<fme:LoWGS84>3.224159</fme:LoWGS84>
<fme:Aangemaakt_op>22/06/2016</fme:Aangemaakt_op>
</fme:Ligplaats>
<fme:Ligplaats>
<fme:Functie>Ligplaats zonder overslag</fme:Functie>
<fme:Objectnaam>Ligplaats 930</fme:Objectnaam>
<fme:HMpunt>-9999</fme:HMpunt>
<fme:KadeNR>930</fme:KadeNR>
<fme:Naam_locatie>Brugge</fme:Naam_locatie>
<fme:Naam_waterweg>Kanaal Brugge-Zeebrugge</fme:Naam_waterweg>
<fme:LatWGS84>51.225106</fme:LatWGS84>
<fme:LoWGS84>3.223396</fme:LoWGS84>
<fme:Aangemaakt_op>22/06/2016</fme:Aangemaakt_op>
</fme:Ligplaats>
<fme:Ligplaats>
<fme:Functie>Ligplaats zonder overslag</fme:Functie>
<fme:Objectnaam>Ligplaats 948</fme:Objectnaam>
<fme:HMpunt>-9999</fme:HMpunt>
<fme:KadeNR>948</fme:KadeNR>
<fme:Naam_locatie>Brugge</fme:Naam_locatie>
<fme:Naam_waterweg>Nijverheidsdok</fme:Naam_waterweg>
<fme:LatWGS84>51.232484</fme:LatWGS84>
<fme:LoWGS84>3.218119</fme:LoWGS84>
<fme:Aangemaakt_op>22/06/2016</fme:Aangemaakt_op>
</fme:Ligplaats>
<fme:Ligplaats>
<fme:Functie>Ligplaats zonder overslag</fme:Functie>
<fme:Objectnaam>Ligplaats 949</fme:Objectnaam>
<fme:HMpunt>-9999</fme:HMpunt>
<fme:KadeNR>949</fme:KadeNR>
<fme:Naam_locatie>Brugge</fme:Naam_locatie>
<fme:Naam_waterweg>Nijverheidsdok</fme:Naam_waterweg>
<fme:LatWGS84>51.230405</fme:LatWGS84>
<fme:LoWGS84>3.217333</fme:LoWGS84>
<fme:Aangemaakt_op>22/06/2016</fme:Aangemaakt_op>
</fme:Ligplaats>
<fme:Ligplaats>
<fme:Functie>Ligplaats zonder overslag</fme:Functie>
<fme:Objectnaam>Ligplaats 950</fme:Objectnaam>
<fme:HMpunt>-9999</fme:HMpunt>
<fme:KadeNR>950</fme:KadeNR>
<fme:Naam_locatie>Brugge</fme:Naam_locatie>
<fme:Naam_waterweg>Nijverheidsdok</fme:Naam_waterweg>
<fme:LatWGS84>51.22862</fme:LatWGS84>
<fme:LoWGS84>3.217837</fme:LoWGS84>
<fme:Aangemaakt_op>22/06/2016</fme:Aangemaakt_op>
</fme:Ligplaats>
<fme:Ligplaats>
<fme:Functie>Ligplaats zonder overslag</fme:Functie>
<fme:Objectnaam>Ligplaats 951</fme:Objectnaam>
<fme:HMpunt>-9999</fme:HMpunt>
<fme:KadeNR>951</fme:KadeNR>
<fme:Naam_locatie>Brugge</fme:Naam_locatie>
<fme:Naam_waterweg>Nijverheidsdok</fme:Naam_waterweg>
<fme:LatWGS84>51.226565</fme:LatWGS84>
<fme:LoWGS84>3.218373</fme:LoWGS84>
<fme:Aangemaakt_op>22/06/2016</fme:Aangemaakt_op>
</fme:Ligplaats>
<fme:Ligplaats>
<fme:Functie>Ligplaats zonder overslag</fme:Functie>
<fme:Objectnaam>Ligplaats 952</fme:Objectnaam>
<fme:HMpunt>-9999</fme:HMpunt>
<fme:KadeNR>952</fme:KadeNR>
<fme:Naam_locatie>Brugge</fme:Naam_locatie>
<fme:Naam_waterweg>Nijverheidsdok</fme:Naam_waterweg>
<fme:LatWGS84>51.226427</fme:LatWGS84>
<fme:LoWGS84>3.217151</fme:LoWGS84>
<fme:Aangemaakt_op>22/06/2016</fme:Aangemaakt_op>
</fme:Ligplaats>
<fme:Ligplaats>
<fme:Functie>Ligplaats zonder overslag</fme:Functie>
<fme:Objectnaam>Ligplaats 953</fme:Objectnaam>
<fme:HMpunt>-9999</fme:HMpunt>
<fme:KadeNR>953</fme:KadeNR>
<fme:Naam_locatie>Brugge</fme:Naam_locatie>
<fme:Naam_waterweg>Nijverheidsdok</fme:Naam_waterweg>
<fme:LatWGS84>51.228486</fme:LatWGS84>
<fme:LoWGS84>3.216622</fme:LoWGS84>
<fme:Aangemaakt_op>22/06/2016</fme:Aangemaakt_op>
</fme:Ligplaats>
<fme:Ligplaats>
<fme:Functie>Ligplaats zonder overslag</fme:Functie>
<fme:Objectnaam>Ligplaats 955</fme:Objectnaam>
<fme:HMpunt>-9999</fme:HMpunt>
<fme:KadeNR>955</fme:KadeNR>
<fme:Naam_locatie>Brugge</fme:Naam_locatie>
<fme:Naam_waterweg>Nijverheidsdok</fme:Naam_waterweg>
<fme:LatWGS84>51.232572</fme:LatWGS84>
<fme:LoWGS84>3.21651</fme:LoWGS84>
<fme:Aangemaakt_op>22/06/2016</fme:Aangemaakt_op>
</fme:Ligplaats>
<fme:Ligplaats>
<fme:Functie>Ligplaats zonder overslag</fme:Functie>
<fme:Objectnaam>Ligplaats 956</fme:Objectnaam>
<fme:HMpunt>-9999</fme:HMpunt>
<fme:KadeNR>956</fme:KadeNR>
<fme:Naam_locatie>Brugge</fme:Naam_locatie>
<fme:Naam_waterweg>Nijverheidsdok</fme:Naam_waterweg>
<fme:LatWGS84>51.234083</fme:LatWGS84>
<fme:LoWGS84>3.21826</fme:LoWGS84>
<fme:Aangemaakt_op>22/06/2016</fme:Aangemaakt_op>
</fme:Ligplaats>
<fme:Ligplaats>
<fme:Functie>Ligplaats zonder overslag</fme:Functie>
<fme:Objectnaam>Ligplaats 957</fme:Objectnaam>
<fme:HMpunt>-9999</fme:HMpunt>
<fme:KadeNR>957</fme:KadeNR>
<fme:Naam_locatie>Brugge</fme:Naam_locatie>
<fme:Naam_waterweg>Nijverheidsdok</fme:Naam_waterweg>
<fme:LatWGS84>51.235375</fme:LatWGS84>
<fme:LoWGS84>3.219861</fme:LoWGS84>
<fme:Aangemaakt_op>22/06/2016</fme:Aangemaakt_op>
</fme:Ligplaats>
<fme:Ligplaats>
<fme:Functie>Ligplaats zonder overslag</fme:Functie>
<fme:Objectnaam>Ligplaats 958</fme:Objectnaam>
<fme:HMpunt>-9999</fme:HMpunt>
<fme:KadeNR>958</fme:KadeNR>
<fme:Naam_locatie>Brugge</fme:Naam_locatie>
<fme:Naam_waterweg>Kanaal Brugge-Zeebrugge</fme:Naam_waterweg>
<fme:LatWGS84>51.238106</fme:LatWGS84>
<fme:LoWGS84>3.220012</fme:LoWGS84>
<fme:Aangemaakt_op>22/06/2016</fme:Aangemaakt_op>
</fme:Ligplaats>
<fme:Ligplaats>
<fme:Functie>Ligplaats zonder overslag</fme:Functie>
<fme:Objectnaam>Ligplaats 959</fme:Objectnaam>
<fme:HMpunt>-9999</fme:HMpunt>
<fme:KadeNR>959</fme:KadeNR>
<fme:Naam_locatie>Brugge</fme:Naam_locatie>
<fme:Naam_waterweg>Kanaal Brugge-Zeebrugge</fme:Naam_waterweg>
<fme:LatWGS84>51.240108</fme:LatWGS84>
<fme:LoWGS84>3.219535</fme:LoWGS84>
<fme:Aangemaakt_op>22/06/2016</fme:Aangemaakt_op>
</fme:Ligplaats>
<fme:Ligplaats>
<fme:Functie>Ligplaats zonder overslag</fme:Functie>
<fme:Objectnaam>Ligplaats 960</fme:Objectnaam>
<fme:HMpunt>-9999</fme:HMpunt>
<fme:KadeNR>960</fme:KadeNR>
<fme:Naam_locatie>Brugge</fme:Naam_locatie>
<fme:Naam_waterweg>Kanaal Brugge-Zeebrugge</fme:Naam_waterweg>
<fme:LatWGS84>51.24208</fme:LatWGS84>
<fme:LoWGS84>3.219005</fme:LoWGS84>
<fme:Aangemaakt_op>22/06/2016</fme:Aangemaakt_op>
</fme:Ligplaats>
<fme:Ligplaats>
<fme:Functie>Ligplaats zonder overslag</fme:Functie>
<fme:Objectnaam>Ligplaats 961</fme:Objectnaam>
<fme:HMpunt>-9999</fme:HMpunt>
<fme:KadeNR>961</fme:KadeNR>
<fme:Naam_locatie>Brugge</fme:Naam_locatie>
<fme:Naam_waterweg>Kanaal Brugge-Zeebrugge</fme:Naam_waterweg>
<fme:LatWGS84>51.244081</fme:LatWGS84>
<fme:LoWGS84>3.218503</fme:LoWGS84>
<fme:Aangemaakt_op>22/06/2016</fme:Aangemaakt_op>
</fme:Ligplaats>
<fme:Ligplaats>
<fme:Functie>Ligplaats zonder overslag</fme:Functie>
<fme:Objectnaam>Ligplaats 962</fme:Objectnaam>
<fme:HMpunt>-9999</fme:HMpunt>
<fme:KadeNR>962</fme:KadeNR>
<fme:Naam_locatie>Brugge</fme:Naam_locatie>
<fme:Naam_waterweg>Kanaal Brugge-Zeebrugge</fme:Naam_waterweg>
<fme:LatWGS84>51.246025</fme:LatWGS84>
<fme:LoWGS84>3.218019</fme:LoWGS84>
<fme:Aangemaakt_op>22/06/2016</fme:Aangemaakt_op>
</fme:Ligplaats>
<fme:Ligplaats>
<fme:Functie>Ligplaats zonder overslag</fme:Functie>
<fme:Objectnaam>Ligplaats 964</fme:Objectnaam>
<fme:HMpunt>-9999</fme:HMpunt>
<fme:KadeNR>964</fme:KadeNR>
<fme:Naam_locatie>Brugge</fme:Naam_locatie>
<fme:Naam_waterweg>Kanaal Brugge-Zeebrugge</fme:Naam_waterweg>
<fme:LatWGS84>51.249945</fme:LatWGS84>
<fme:LoWGS84>3.217017</fme:LoWGS84>
<fme:Aangemaakt_op>22/06/2016</fme:Aangemaakt_op>
</fme:Ligplaats>
<fme:Ligplaats>
<fme:Functie>Ligplaats zonder overslag</fme:Functie>
<fme:Objectnaam>Ligplaats 965</fme:Objectnaam>
<fme:HMpunt>-9999</fme:HMpunt>
<fme:KadeNR>965</fme:KadeNR>
<fme:Naam_locatie>Brugge</fme:Naam_locatie>
<fme:Naam_waterweg>Kanaal Brugge-Zeebrugge</fme:Naam_waterweg>
<fme:LatWGS84>51.251909</fme:LatWGS84>
<fme:LoWGS84>3.216494</fme:LoWGS84>
<fme:Aangemaakt_op>22/06/2016</fme:Aangemaakt_op>
</fme:Ligplaats>
<fme:Ligplaats>
<fme:Functie>Ligplaats zonder overslag</fme:Functie>
<fme:Objectnaam>Ligplaats 966</fme:Objectnaam>
<fme:HMpunt>-9999</fme:HMpunt>
<fme:KadeNR>966</fme:KadeNR>
<fme:Naam_locatie>Brugge</fme:Naam_locatie>
<fme:Naam_waterweg>Kanaal Brugge-Zeebrugge</fme:Naam_waterweg>
<fme:LatWGS84>51.2539</fme:LatWGS84>
<fme:LoWGS84>3.215992</fme:LoWGS84>
<fme:Aangemaakt_op>22/06/2016</fme:Aangemaakt_op>
</fme:Ligplaats>
<fme:Ligplaats>
<fme:Functie>Ligplaats zonder overslag</fme:Functie>
<fme:Objectnaam>Ligplaats 969</fme:Objectnaam>
<fme:HMpunt>-9999</fme:HMpunt>
<fme:KadeNR>969</fme:KadeNR>
<fme:Naam_locatie>Brugge</fme:Naam_locatie>
<fme:Naam_waterweg>Kanaal Brugge-Zeebrugge</fme:Naam_waterweg>
<fme:LatWGS84>51.2598</fme:LatWGS84>
<fme:LoWGS84>3.214518</fme:LoWGS84>
<fme:Aangemaakt_op>22/06/2016</fme:Aangemaakt_op>
</fme:Ligplaats>
<fme:Ligplaats>
<fme:Functie>Ligplaats zonder overslag</fme:Functie>
<fme:Objectnaam>Ligplaats 970</fme:Objectnaam>
<fme:HMpunt>-9999</fme:HMpunt>
<fme:KadeNR>970</fme:KadeNR>
<fme:Naam_locatie>Brugge</fme:Naam_locatie>
<fme:Naam_waterweg>Kanaal Brugge-Zeebrugge</fme:Naam_waterweg>
<fme:LatWGS84>51.261778</fme:LatWGS84>
<fme:LoWGS84>3.214018</fme:LoWGS84>
<fme:Aangemaakt_op>22/06/2016</fme:Aangemaakt_op>
</fme:Ligplaats>
<fme:Ligplaats>
<fme:Functie>Ligplaats zonder overslag</fme:Functie>
<fme:Objectnaam>Ligplaats 971</fme:Objectnaam>
<fme:HMpunt>-9999</fme:HMpunt>
<fme:KadeNR>971</fme:KadeNR>
<fme:Naam_locatie>Brugge</fme:Naam_locatie>
<fme:Naam_waterweg>Kanaal Brugge-Zeebrugge</fme:Naam_waterweg>
<fme:LatWGS84>51.26376</fme:LatWGS84>
<fme:LoWGS84>3.213499</fme:LoWGS84>
<fme:Aangemaakt_op>22/06/2016</fme:Aangemaakt_op>
</fme:Ligplaats>
<fme:Ligplaats>
<fme:Functie>Ligplaats zonder overslag</fme:Functie>
<fme:Objectnaam>Ligplaats 973</fme:Objectnaam>
<fme:HMpunt>-9999</fme:HMpunt>
<fme:KadeNR>973</fme:KadeNR>
<fme:Naam_locatie>Brugge</fme:Naam_locatie>
<fme:Naam_waterweg>Kanaal Brugge-Zeebrugge</fme:Naam_waterweg>
<fme:LatWGS84>51.267692</fme:LatWGS84>
<fme:LoWGS84>3.212498</fme:LoWGS84>
<fme:Aangemaakt_op>22/06/2016</fme:Aangemaakt_op>
</fme:Ligplaats>
<fme:Ligplaats>
<fme:Functie>Ligplaats zonder overslag</fme:Functie>
<fme:Objectnaam>Ligplaats Leopold II-dam</fme:Objectnaam>
<fme:HMpunt>-9999</fme:HMpunt>
<fme:Naam_locatie>Zeebrugge</fme:Naam_locatie>
<fme:Naam_waterweg>Geul West - ZP1</fme:Naam_waterweg>
<fme:LatWGS84>51.342811</fme:LatWGS84>
<fme:LoWGS84>3.192403</fme:LoWGS84>
<fme:Aangemaakt_op>22/06/2016</fme:Aangemaakt_op>
</fme:Ligplaats>
</fme:Ligplaats-table>
</fme:xml-tables>