<?xml version="1.0" encoding="UTF-8"?>
<fme:xml-tables xmlns:xsi="http://www.w3.org/2001/XMLSchema-instance" xmlns:fme="http://www.safe.com/xml/xmltables" xsi:schemaLocation="http://www.safe.com/xml/xmltables Terminal.xsd">
<fme:Terminal-table>
<fme:Terminal>
<fme:Functie>Terminal</fme:Functie>
<fme:Objectnaam>Alzagri</fme:Objectnaam>
<fme:HMpunt>-9999</fme:HMpunt>
<fme:Naam_locatie>Brugge</fme:Naam_locatie>
<fme:Naam_waterweg>Kanaal Brugge-Zeebrugge</fme:Naam_waterweg>
<fme:LatWGS84>51.243851</fme:LatWGS84>
<fme:LoWGS84>3.220393</fme:LoWGS84>
<fme:Aangemaakt_op>22/06/2016</fme:Aangemaakt_op>
</fme:Terminal>
<fme:Terminal>
<fme:Functie>Terminal</fme:Functie>
<fme:Objectnaam>APM Terminals</fme:Objectnaam>
<fme:HMpunt>-9999</fme:HMpunt>
<fme:Naam_locatie>Zeebrugge</fme:Naam_locatie>
<fme:Naam_waterweg>Albert II dok</fme:Naam_waterweg>
<fme:LatWGS84>51.347417</fme:LatWGS84>
<fme:LoWGS84>3.18975</fme:LoWGS84>
<fme:Aangemaakt_op>22/06/2016</fme:Aangemaakt_op>
</fme:Terminal>
<fme:Terminal>
<fme:Functie>Terminal</fme:Functie>
<fme:Objectnaam>Argos</fme:Objectnaam>
<fme:HMpunt>-9999</fme:HMpunt>
<fme:Naam_locatie>Brugge</fme:Naam_locatie>
<fme:Naam_waterweg>Nijverheidsdok</fme:Naam_waterweg>
<fme:LatWGS84>51.230732</fme:LatWGS84>
<fme:LoWGS84>3.215816</fme:LoWGS84>
<fme:Aangemaakt_op>22/06/2016</fme:Aangemaakt_op>
</fme:Terminal>
<fme:Terminal>
<fme:Functie>Terminal</fme:Functie>
<fme:Objectnaam>Azpa</fme:Objectnaam>
<fme:HMpunt>-9999</fme:HMpunt>
<fme:Naam_locatie>Brugge</fme:Naam_locatie>
<fme:Naam_waterweg>Kanaal Brugge-Zeebrugge</fme:Naam_waterweg>
<fme:LatWGS84>51.225287</fme:LatWGS84>
<fme:LoWGS84>3.221771</fme:LoWGS84>
<fme:Aangemaakt_op>22/06/2016</fme:Aangemaakt_op>
</fme:Terminal>
<fme:Terminal>
<fme:Functie>Terminal</fme:Functie>
<fme:Objectnaam>BNFW, Belgian New Food Wharf</fme:Objectnaam>
<fme:HMpunt>-9999</fme:HMpunt>
<fme:Naam_locatie>Zeebrugge</fme:Naam_locatie>
<fme:Naam_waterweg>Noordelijk Insteekdok</fme:Naam_waterweg>
<fme:LatWGS84>51.319907</fme:LatWGS84>
<fme:LoWGS84>3.215649</fme:LoWGS84>
<fme:Aangemaakt_op>22/06/2016</fme:Aangemaakt_op>
</fme:Terminal>
<fme:Terminal>
<fme:Functie>Terminal</fme:Functie>
<fme:Objectnaam>Borlix</fme:Objectnaam>
<fme:HMpunt>-9999</fme:HMpunt>
<fme:Naam_locatie>Zeebrugge</fme:Naam_locatie>
<fme:Naam_waterweg>Prins Filipsdok</fme:Naam_waterweg>
<fme:LatWGS84>51.322971</fme:LatWGS84>
<fme:LoWGS84>3.194313</fme:LoWGS84>
<fme:Aangemaakt_op>22/06/2016</fme:Aangemaakt_op>
</fme:Terminal>
<fme:Terminal>
<fme:Functie>Terminal</fme:Functie>
<fme:Objectnaam>Bridgestone</fme:Objectnaam>
<fme:HMpunt>-9999</fme:HMpunt>
<fme:Naam_locatie>Zeebrugge</fme:Naam_locatie>
<fme:Naam_waterweg>Zuidelijk Insteekdok</fme:Naam_waterweg>
<fme:LatWGS84>51.300773</fme:LatWGS84>
<fme:LoWGS84>3.251428</fme:LoWGS84>
<fme:Aangemaakt_op>22/06/2016</fme:Aangemaakt_op>
</fme:Terminal>
<fme:Terminal>
<fme:Functie>Terminal</fme:Functie>
<fme:Objectnaam>Brit European Transport</fme:Objectnaam>
<fme:HMpunt>-9999</fme:HMpunt>
<fme:Naam_locatie>Zeebrugge</fme:Naam_locatie>
<fme:Naam_waterweg>Oud Ferrydok</fme:Naam_waterweg>
<fme:LatWGS84>51.320913</fme:LatWGS84>
<fme:LoWGS84>3.197238</fme:LoWGS84>
<fme:Aangemaakt_op>22/06/2016</fme:Aangemaakt_op>
</fme:Terminal>
<fme:Terminal>
<fme:Functie>Terminal</fme:Functie>
<fme:Objectnaam>C.ro Ports (Brittanniadok) ligplaats 609</fme:Objectnaam>
<fme:HMpunt>-9999</fme:HMpunt>
<fme:Naam_locatie>Zeebrugge</fme:Naam_locatie>
<fme:Naam_waterweg>Hermespier</fme:Naam_waterweg>
<fme:LatWGS84>51.339705</fme:LatWGS84>
<fme:LoWGS84>3.214491</fme:LoWGS84>
<fme:Aangemaakt_op>22/06/2016</fme:Aangemaakt_op>
</fme:Terminal>
<fme:Terminal>
<fme:Functie>Terminal</fme:Functie>
<fme:Objectnaam>C.ro Ports (Brittanniadok) ligplaats 612</fme:Objectnaam>
<fme:HMpunt>-9999</fme:HMpunt>
<fme:Naam_locatie>Zeebrugge</fme:Naam_locatie>
<fme:Naam_waterweg>Brittaniadok</fme:Naam_waterweg>
<fme:LatWGS84>51.340407</fme:LatWGS84>
<fme:LoWGS84>3.221559</fme:LoWGS84>
<fme:Aangemaakt_op>22/06/2016</fme:Aangemaakt_op>
</fme:Terminal>
<fme:Terminal>
<fme:Functie>Terminal</fme:Functie>
<fme:Objectnaam>C.ro Ports Canada // Wallenius ligplaats 507</fme:Objectnaam>
<fme:HMpunt>-9999</fme:HMpunt>
<fme:Naam_locatie>Zeebrugge</fme:Naam_locatie>
<fme:Naam_waterweg>Zuidelijk Insteekdok</fme:Naam_waterweg>
<fme:LatWGS84>51.30767</fme:LatWGS84>
<fme:LoWGS84>3.233202</fme:LoWGS84>
<fme:Aangemaakt_op>22/06/2016</fme:Aangemaakt_op>
</fme:Terminal>
<fme:Terminal>
<fme:Functie>Terminal</fme:Functie>
<fme:Objectnaam>C.ro Ports Canada // Wallenius ligplaats 530</fme:Objectnaam>
<fme:HMpunt>-9999</fme:HMpunt>
<fme:Naam_locatie>Zeebrugge</fme:Naam_locatie>
<fme:Naam_waterweg>Zuidelijk Insteekdok</fme:Naam_waterweg>
<fme:LatWGS84>51.312758</fme:LatWGS84>
<fme:LoWGS84>3.229118</fme:LoWGS84>
<fme:Aangemaakt_op>22/06/2016</fme:Aangemaakt_op>
</fme:Terminal>
<fme:Terminal>
<fme:Functie>Terminal</fme:Functie>
<fme:Objectnaam>C.ro Ports Canada // Wallenius ligplaats 532</fme:Objectnaam>
<fme:HMpunt>-9999</fme:HMpunt>
<fme:Naam_locatie>Zeebrugge</fme:Naam_locatie>
<fme:Naam_waterweg>Zuidelijk Insteekdok</fme:Naam_waterweg>
<fme:LatWGS84>51.316304</fme:LatWGS84>
<fme:LoWGS84>3.226428</fme:LoWGS84>
<fme:Aangemaakt_op>22/06/2016</fme:Aangemaakt_op>
</fme:Terminal>
<fme:Terminal>
<fme:Functie>Terminal</fme:Functie>
<fme:Objectnaam>C.ro Ports Minerva plein Pierre Vandammesluis</fme:Objectnaam>
<fme:HMpunt>-9999</fme:HMpunt>
<fme:Naam_locatie>Zeebrugge</fme:Naam_locatie>
<fme:Naam_waterweg>Pierre Vandammesluis - CDNB</fme:Naam_waterweg>
<fme:LatWGS84>51.335494</fme:LatWGS84>
<fme:LoWGS84>3.222608</fme:LoWGS84>
<fme:Aangemaakt_op>22/06/2016</fme:Aangemaakt_op>
</fme:Terminal>
<fme:Terminal>
<fme:Functie>Terminal</fme:Functie>
<fme:Objectnaam>C.ro Ports Minerva plein Verbindingsdok</fme:Objectnaam>
<fme:HMpunt>-9999</fme:HMpunt>
<fme:Naam_locatie>Zeebrugge</fme:Naam_locatie>
<fme:Naam_waterweg>Verbindingsdok</fme:Naam_waterweg>
<fme:LatWGS84>51.332632</fme:LatWGS84>
<fme:LoWGS84>3.224678</fme:LoWGS84>
<fme:Aangemaakt_op>22/06/2016</fme:Aangemaakt_op>
</fme:Terminal>
<fme:Terminal>
<fme:Functie>Terminal</fme:Functie>
<fme:Objectnaam>C.ro Ports Zweedse kaai</fme:Objectnaam>
<fme:HMpunt>-9999</fme:HMpunt>
<fme:Naam_locatie>Zeebrugge</fme:Naam_locatie>
<fme:Naam_waterweg>Pierre Vandammesluis - CDNB</fme:Naam_waterweg>
<fme:LatWGS84>51.338418</fme:LatWGS84>
<fme:LoWGS84>3.208574</fme:LoWGS84>
<fme:Aangemaakt_op>22/06/2016</fme:Aangemaakt_op>
</fme:Terminal>
<fme:Terminal>
<fme:Functie>Terminal</fme:Functie>
<fme:Objectnaam>De Loof</fme:Objectnaam>
<fme:HMpunt>-9999</fme:HMpunt>
<fme:Naam_locatie>Brugge</fme:Naam_locatie>
<fme:Naam_waterweg>Kanaal Brugge-Zeebrugge</fme:Naam_waterweg>
<fme:LatWGS84>51.224657</fme:LatWGS84>
<fme:LoWGS84>3.22406</fme:LoWGS84>
<fme:Aangemaakt_op>22/06/2016</fme:Aangemaakt_op>
</fme:Terminal>
<fme:Terminal>
<fme:Functie>Terminal</fme:Functie>
<fme:Objectnaam>Decloedt Dredging</fme:Objectnaam>
<fme:HMpunt>-9999</fme:HMpunt>
<fme:Naam_locatie>Zeebrugge</fme:Naam_locatie>
<fme:Naam_waterweg>Kanaal Brugge-Zeebrugge</fme:Naam_waterweg>
<fme:LatWGS84>51.315766</fme:LatWGS84>
<fme:LoWGS84>3.203246</fme:LoWGS84>
<fme:Aangemaakt_op>22/06/2016</fme:Aangemaakt_op>
</fme:Terminal>
<fme:Terminal>
<fme:Functie>Terminal</fme:Functie>
<fme:Objectnaam>DFDS Seaways</fme:Objectnaam>
<fme:HMpunt>-9999</fme:HMpunt>
<fme:Naam_locatie>Zeebrugge</fme:Naam_locatie>
<fme:Naam_waterweg>Wielingendok</fme:Naam_waterweg>
<fme:LatWGS84>51.351714</fme:LatWGS84>
<fme:LoWGS84>3.172178</fme:LoWGS84>
<fme:Aangemaakt_op>22/06/2016</fme:Aangemaakt_op>
</fme:Terminal>
<fme:Terminal>
<fme:Functie>Terminal</fme:Functie>
<fme:Objectnaam>European fish center</fme:Objectnaam>
<fme:HMpunt>-9999</fme:HMpunt>
<fme:Naam_locatie>Zeebrugge</fme:Naam_locatie>
<fme:Naam_waterweg>Kanaal Brugge-Zeebrugge</fme:Naam_waterweg>
<fme:LatWGS84>51.323789</fme:LatWGS84>
<fme:LoWGS84>3.201537</fme:LoWGS84>
<fme:Aangemaakt_op>22/06/2016</fme:Aangemaakt_op>
</fme:Terminal>
<fme:Terminal>
<fme:Functie>Terminal</fme:Functie>
<fme:Objectnaam>Galloo</fme:Objectnaam>
<fme:HMpunt>-9999</fme:HMpunt>
<fme:Naam_locatie>Brugge</fme:Naam_locatie>
<fme:Naam_waterweg>Kanaal Brugge-Zeebrugge</fme:Naam_waterweg>
<fme:LatWGS84>51.238989</fme:LatWGS84>
<fme:LoWGS84>3.221625</fme:LoWGS84>
<fme:Aangemaakt_op>22/06/2016</fme:Aangemaakt_op>
</fme:Terminal>
<fme:Terminal>
<fme:Functie>Terminal</fme:Functie>
<fme:Objectnaam>Gassco</fme:Objectnaam>
<fme:HMpunt>-9999</fme:HMpunt>
<fme:Naam_locatie>Zeebrugge</fme:Naam_locatie>
<fme:Naam_waterweg>Zuidelijk Insteekdok</fme:Naam_waterweg>
<fme:LatWGS84>51.306668</fme:LatWGS84>
<fme:LoWGS84>3.24084</fme:LoWGS84>
<fme:Aangemaakt_op>22/06/2016</fme:Aangemaakt_op>
</fme:Terminal>
<fme:Terminal>
<fme:Functie>Terminal</fme:Functie>
<fme:Objectnaam>ICO (kaai 504)</fme:Objectnaam>
<fme:HMpunt>-9999</fme:HMpunt>
<fme:Naam_locatie>Zeebrugge</fme:Naam_locatie>
<fme:Naam_waterweg>Verbindingsdok</fme:Naam_waterweg>
<fme:LatWGS84>51.311771</fme:LatWGS84>
<fme:LoWGS84>3.214597</fme:LoWGS84>
<fme:Aangemaakt_op>22/06/2016</fme:Aangemaakt_op>
</fme:Terminal>
<fme:Terminal>
<fme:Functie>Terminal</fme:Functie>
<fme:Objectnaam>ICO RoRo Noordelijk Insteekdok</fme:Objectnaam>
<fme:HMpunt>-9999</fme:HMpunt>
<fme:Naam_locatie>Zeebrugge</fme:Naam_locatie>
<fme:Naam_waterweg>Noordelijk Insteekdok</fme:Naam_waterweg>
<fme:LatWGS84>51.31934</fme:LatWGS84>
<fme:LoWGS84>3.211327</fme:LoWGS84>
<fme:Aangemaakt_op>22/06/2016</fme:Aangemaakt_op>
</fme:Terminal>
<fme:Terminal>
<fme:Functie>Terminal</fme:Functie>
<fme:Objectnaam>ICO RoRo Noordelijk Insteekdok</fme:Objectnaam>
<fme:HMpunt>-9999</fme:HMpunt>
<fme:Naam_locatie>Zeebrugge</fme:Naam_locatie>
<fme:Naam_waterweg>Noordelijk Insteekdok</fme:Naam_waterweg>
<fme:LatWGS84>51.325417</fme:LatWGS84>
<fme:LoWGS84>3.210787</fme:LoWGS84>
<fme:Aangemaakt_op>22/06/2016</fme:Aangemaakt_op>
</fme:Terminal>
<fme:Terminal>
<fme:Functie>Terminal</fme:Functie>
<fme:Objectnaam>ICO RoRo Noordelijk Insteekdok</fme:Objectnaam>
<fme:HMpunt>-9999</fme:HMpunt>
<fme:Naam_locatie>Zeebrugge</fme:Naam_locatie>
<fme:Naam_waterweg>Noordelijk Insteekdok</fme:Naam_waterweg>
<fme:LatWGS84>51.324462</fme:LatWGS84>
<fme:LoWGS84>3.21362</fme:LoWGS84>
<fme:Aangemaakt_op>22/06/2016</fme:Aangemaakt_op>
</fme:Terminal>
<fme:Terminal>
<fme:Functie>Terminal</fme:Functie>
<fme:Objectnaam>Klasmann Deilmann Belgie</fme:Objectnaam>
<fme:HMpunt>-9999</fme:HMpunt>
<fme:Naam_locatie>Brugge</fme:Naam_locatie>
<fme:Naam_waterweg>Kanaal Brugge-Zeebrugge</fme:Naam_waterweg>
<fme:LatWGS84>51.226074</fme:LatWGS84>
<fme:LoWGS84>3.221204</fme:LoWGS84>
<fme:Aangemaakt_op>22/06/2016</fme:Aangemaakt_op>
</fme:Terminal>
<fme:Terminal>
<fme:Functie>Terminal</fme:Functie>
<fme:Objectnaam>LNG Terminal Fluxys</fme:Objectnaam>
<fme:HMpunt>-9999</fme:HMpunt>
<fme:Naam_locatie>Zeebrugge</fme:Naam_locatie>
<fme:Naam_waterweg>LNG</fme:Naam_waterweg>
<fme:LatWGS84>51.352381</fme:LatWGS84>
<fme:LoWGS84>3.216301</fme:LoWGS84>
<fme:Aangemaakt_op>22/06/2016</fme:Aangemaakt_op>
</fme:Terminal>
<fme:Terminal>
<fme:Functie>Terminal</fme:Functie>
<fme:Objectnaam>LNG Terminal Fluxys</fme:Objectnaam>
<fme:HMpunt>-9999</fme:HMpunt>
<fme:Naam_locatie>Zeebrugge</fme:Naam_locatie>
<fme:Naam_waterweg>Zuidelijk Insteekdok</fme:Naam_waterweg>
<fme:LatWGS84>51.305553</fme:LatWGS84>
<fme:LoWGS84>3.238285</fme:LoWGS84>
<fme:Aangemaakt_op>22/06/2016</fme:Aangemaakt_op>
</fme:Terminal>
<fme:Terminal>
<fme:Functie>Terminal</fme:Functie>
<fme:Objectnaam>Marpos</fme:Objectnaam>
<fme:HMpunt>-9999</fme:HMpunt>
<fme:Naam_locatie>Brugge</fme:Naam_locatie>
<fme:Naam_waterweg>Kanaal Brugge-Zeebrugge</fme:Naam_waterweg>
<fme:LatWGS84>51.226909</fme:LatWGS84>
<fme:LoWGS84>3.214483</fme:LoWGS84>
<fme:Aangemaakt_op>22/06/2016</fme:Aangemaakt_op>
</fme:Terminal>
<fme:Terminal>
<fme:Functie>Terminal</fme:Functie>
<fme:Objectnaam>Marpos</fme:Objectnaam>
<fme:HMpunt>-9999</fme:HMpunt>
<fme:Naam_locatie>Brugge</fme:Naam_locatie>
<fme:Naam_waterweg>Kanaal Brugge-Zeebrugge</fme:Naam_waterweg>
<fme:LatWGS84>51.265405</fme:LatWGS84>
<fme:LoWGS84>3.214996</fme:LoWGS84>
<fme:Aangemaakt_op>22/06/2016</fme:Aangemaakt_op>
</fme:Terminal>
<fme:Terminal>
<fme:Functie>Terminal</fme:Functie>
<fme:Objectnaam>Meta Paint Snauwaert</fme:Objectnaam>
<fme:HMpunt>-9999</fme:HMpunt>
<fme:Naam_locatie>Brugge</fme:Naam_locatie>
<fme:Naam_waterweg>Klein Handelsdok</fme:Naam_waterweg>
<fme:LatWGS84>51.229753</fme:LatWGS84>
<fme:LoWGS84>3.226502</fme:LoWGS84>
<fme:Aangemaakt_op>22/06/2016</fme:Aangemaakt_op>
</fme:Terminal>
<fme:Terminal>
<fme:Functie>Terminal</fme:Functie>
<fme:Objectnaam>Minne Port Services (M.P.S.)</fme:Objectnaam>
<fme:HMpunt>-9999</fme:HMpunt>
<fme:Naam_locatie>Brugge</fme:Naam_locatie>
<fme:Naam_waterweg>Klein Handelsdok</fme:Naam_waterweg>
<fme:LatWGS84>51.227521</fme:LatWGS84>
<fme:LoWGS84>3.225094</fme:LoWGS84>
<fme:Aangemaakt_op>22/06/2016</fme:Aangemaakt_op>
</fme:Terminal>
<fme:Terminal>
<fme:Functie>Terminal</fme:Functie>
<fme:Objectnaam>Minne Port Services (M.P.S.)</fme:Objectnaam>
<fme:HMpunt>-9999</fme:HMpunt>
<fme:Naam_locatie>Brugge</fme:Naam_locatie>
<fme:Naam_waterweg>Kanaal Brugge-Zeebrugge</fme:Naam_waterweg>
<fme:LatWGS84>51.227017</fme:LatWGS84>
<fme:LoWGS84>3.223536</fme:LoWGS84>
<fme:Aangemaakt_op>22/06/2016</fme:Aangemaakt_op>
</fme:Terminal>
<fme:Terminal>
<fme:Functie>Terminal</fme:Functie>
<fme:Objectnaam>Minne Port Services (M.P.S.)</fme:Objectnaam>
<fme:HMpunt>-9999</fme:HMpunt>
<fme:Naam_locatie>Brugge</fme:Naam_locatie>
<fme:Naam_waterweg>Kanaal Brugge-Zeebrugge</fme:Naam_waterweg>
<fme:LatWGS84>51.227882</fme:LatWGS84>
<fme:LoWGS84>3.223372</fme:LoWGS84>
<fme:Aangemaakt_op>22/06/2016</fme:Aangemaakt_op>
</fme:Terminal>
<fme:Terminal>
<fme:Functie>Terminal</fme:Functie>
<fme:Objectnaam>Nieuwpoortse Handelsmaatschappij</fme:Objectnaam>
<fme:HMpunt>-9999</fme:HMpunt>
<fme:Naam_locatie>Brugge</fme:Naam_locatie>
<fme:Naam_waterweg>Kanaal Brugge-Zeebrugge</fme:Naam_waterweg>
<fme:LatWGS84>51.266459</fme:LatWGS84>
<fme:LoWGS84>3.212436</fme:LoWGS84>
<fme:Aangemaakt_op>22/06/2016</fme:Aangemaakt_op>
</fme:Terminal>
<fme:Terminal>
<fme:Functie>Terminal</fme:Functie>
<fme:Objectnaam>NV Demaecker &amp; Van Haecke</fme:Objectnaam>
<fme:HMpunt>-9999</fme:HMpunt>
<fme:Naam_locatie>Brugge</fme:Naam_locatie>
<fme:Naam_waterweg>Kanaal Brugge-Zeebrugge</fme:Naam_waterweg>
<fme:LatWGS84>51.231932</fme:LatWGS84>
<fme:LoWGS84>3.219576</fme:LoWGS84>
<fme:Aangemaakt_op>22/06/2016</fme:Aangemaakt_op>
</fme:Terminal>
<fme:Terminal>
<fme:Functie>Terminal</fme:Functie>
<fme:Objectnaam>Oiltank Terminal Brugge</fme:Objectnaam>
<fme:HMpunt>-9999</fme:HMpunt>
<fme:Naam_locatie>Brugge</fme:Naam_locatie>
<fme:Naam_waterweg>Kanaal Brugge-Zeebrugge</fme:Naam_waterweg>
<fme:LatWGS84>51.250204</fme:LatWGS84>
<fme:LoWGS84>3.218644</fme:LoWGS84>
<fme:Aangemaakt_op>22/06/2016</fme:Aangemaakt_op>
</fme:Terminal>
<fme:Terminal>
<fme:Functie>Terminal</fme:Functie>
<fme:Objectnaam>P&amp;O Ferries Terminal</fme:Objectnaam>
<fme:HMpunt>-9999</fme:HMpunt>
<fme:Naam_locatie>Zeebrugge</fme:Naam_locatie>
<fme:Naam_waterweg>Geul West - ZP1</fme:Naam_waterweg>
<fme:LatWGS84>51.339554</fme:LatWGS84>
<fme:LoWGS84>3.187453</fme:LoWGS84>
<fme:Aangemaakt_op>22/06/2016</fme:Aangemaakt_op>
</fme:Terminal>
<fme:Terminal>
<fme:Functie>Terminal</fme:Functie>
<fme:Objectnaam>Sagrex ligplaats 304</fme:Objectnaam>
<fme:HMpunt>-9999</fme:HMpunt>
<fme:Naam_locatie>Zeebrugge</fme:Naam_locatie>
<fme:Naam_waterweg>Prins Filipsdok</fme:Naam_waterweg>
<fme:LatWGS84>51.32185</fme:LatWGS84>
<fme:LoWGS84>3.192045</fme:LoWGS84>
<fme:Aangemaakt_op>22/06/2016</fme:Aangemaakt_op>
</fme:Terminal>
<fme:Terminal>
<fme:Functie>Terminal</fme:Functie>
<fme:Objectnaam>Sagrex ligplaats 912</fme:Objectnaam>
<fme:HMpunt>-9999</fme:HMpunt>
<fme:Naam_locatie>Brugge</fme:Naam_locatie>
<fme:Naam_waterweg>Kanaal Brugge-Zeebrugge</fme:Naam_waterweg>
<fme:LatWGS84>51.245645</fme:LatWGS84>
<fme:LoWGS84>3.219932</fme:LoWGS84>
<fme:Aangemaakt_op>22/06/2016</fme:Aangemaakt_op>
</fme:Terminal>
<fme:Terminal>
<fme:Functie>Terminal</fme:Functie>
<fme:Objectnaam>Sea Invest, Flanders cold center, Tropicana</fme:Objectnaam>
<fme:HMpunt>-9999</fme:HMpunt>
<fme:Naam_locatie>Zeebrugge</fme:Naam_locatie>
<fme:Naam_waterweg>Noordelijk Insteekdok</fme:Naam_waterweg>
<fme:LatWGS84>51.315704</fme:LatWGS84>
<fme:LoWGS84>3.211177</fme:LoWGS84>
<fme:Aangemaakt_op>22/06/2016</fme:Aangemaakt_op>
</fme:Terminal>
<fme:Terminal>
<fme:Functie>Terminal</fme:Functie>
<fme:Objectnaam>Solid</fme:Objectnaam>
<fme:HMpunt>-9999</fme:HMpunt>
<fme:Naam_locatie>Brugge</fme:Naam_locatie>
<fme:Naam_waterweg>Kanaal Brugge-Zeebrugge</fme:Naam_waterweg>
<fme:LatWGS84>51.225736</fme:LatWGS84>
<fme:LoWGS84>3.223731</fme:LoWGS84>
<fme:Aangemaakt_op>22/06/2016</fme:Aangemaakt_op>
</fme:Terminal>
<fme:Terminal>
<fme:Functie>Terminal</fme:Functie>
<fme:Objectnaam>SST (Seaport Shipping and Trading) ligplaats 921</fme:Objectnaam>
<fme:HMpunt>-9999</fme:HMpunt>
<fme:Naam_locatie>Brugge</fme:Naam_locatie>
<fme:Naam_waterweg>Klein Handelsdok</fme:Naam_waterweg>
<fme:LatWGS84>51.230608</fme:LatWGS84>
<fme:LoWGS84>3.225513</fme:LoWGS84>
<fme:Aangemaakt_op>22/06/2016</fme:Aangemaakt_op>
</fme:Terminal>
<fme:Terminal>
<fme:Functie>Terminal</fme:Functie>
<fme:Objectnaam>SST (Seaport Shipping and Trading) ligplaats 922</fme:Objectnaam>
<fme:HMpunt>-9999</fme:HMpunt>
<fme:Naam_locatie>Brugge</fme:Naam_locatie>
<fme:Naam_waterweg>Klein Handelsdok</fme:Naam_waterweg>
<fme:LatWGS84>51.228909</fme:LatWGS84>
<fme:LoWGS84>3.226052</fme:LoWGS84>
<fme:Aangemaakt_op>22/06/2016</fme:Aangemaakt_op>
</fme:Terminal>
<fme:Terminal>
<fme:Functie>Terminal</fme:Functie>
<fme:Objectnaam>SST (Seaport Shipping and Trading) ligplaats 927</fme:Objectnaam>
<fme:HMpunt>-9999</fme:HMpunt>
<fme:Naam_locatie>Brugge</fme:Naam_locatie>
<fme:Naam_waterweg>Kanaal Brugge-Zeebrugge</fme:Naam_waterweg>
<fme:LatWGS84>51.228865</fme:LatWGS84>
<fme:LoWGS84>3.223129</fme:LoWGS84>
<fme:Aangemaakt_op>22/06/2016</fme:Aangemaakt_op>
</fme:Terminal>
<fme:Terminal>
<fme:Functie>Terminal</fme:Functie>
<fme:Objectnaam>Stevens</fme:Objectnaam>
<fme:HMpunt>-9999</fme:HMpunt>
<fme:Naam_locatie>Brugge</fme:Naam_locatie>
<fme:Naam_waterweg>Klein Handelsdok</fme:Naam_waterweg>
<fme:LatWGS84>51.230246</fme:LatWGS84>
<fme:LoWGS84>3.226325</fme:LoWGS84>
<fme:Aangemaakt_op>22/06/2016</fme:Aangemaakt_op>
</fme:Terminal>
<fme:Terminal>
<fme:Functie>Terminal</fme:Functie>
<fme:Objectnaam>Tate &amp; Lyle Molasses (Tameco)</fme:Objectnaam>
<fme:HMpunt>-9999</fme:HMpunt>
<fme:Naam_locatie>Zeebrugge</fme:Naam_locatie>
<fme:Naam_waterweg>Verbindingsdok</fme:Naam_waterweg>
<fme:LatWGS84>51.313496</fme:LatWGS84>
<fme:LoWGS84>3.20709</fme:LoWGS84>
<fme:Aangemaakt_op>22/06/2016</fme:Aangemaakt_op>
</fme:Terminal>
<fme:Terminal>
<fme:Functie>Terminal</fme:Functie>
<fme:Objectnaam>Terminals Euroservices</fme:Objectnaam>
<fme:HMpunt>-9999</fme:HMpunt>
<fme:Naam_locatie>Zeebrugge</fme:Naam_locatie>
<fme:Naam_waterweg>Geul West - ZP1</fme:Naam_waterweg>
<fme:LatWGS84>51.345815</fme:LatWGS84>
<fme:LoWGS84>3.198131</fme:LoWGS84>
<fme:Aangemaakt_op>22/06/2016</fme:Aangemaakt_op>
</fme:Terminal>
<fme:Terminal>
<fme:Functie>Terminal</fme:Functie>
<fme:Objectnaam>Tomar Coal</fme:Objectnaam>
<fme:HMpunt>-9999</fme:HMpunt>
<fme:Naam_locatie>Brugge</fme:Naam_locatie>
<fme:Naam_waterweg>Kanaal Brugge-Zeebrugge</fme:Naam_waterweg>
<fme:LatWGS84>51.224133</fme:LatWGS84>
<fme:LoWGS84>3.22181</fme:LoWGS84>
<fme:Aangemaakt_op>22/06/2016</fme:Aangemaakt_op>
</fme:Terminal>
<fme:Terminal>
<fme:Functie>Terminal</fme:Functie>
<fme:Objectnaam>Total Fina</fme:Objectnaam>
<fme:HMpunt>-9999</fme:HMpunt>
<fme:Naam_locatie>Brugge</fme:Naam_locatie>
<fme:Naam_waterweg>Kanaal Brugge-Zeebrugge</fme:Naam_waterweg>
<fme:LatWGS84>51.225145</fme:LatWGS84>
<fme:LoWGS84>3.220854</fme:LoWGS84>
<fme:Aangemaakt_op>22/06/2016</fme:Aangemaakt_op>
</fme:Terminal>
<fme:Terminal>
<fme:Functie>Terminal</fme:Functie>
<fme:Objectnaam>Toyota</fme:Objectnaam>
<fme:HMpunt>-9999</fme:HMpunt>
<fme:Naam_locatie>Zeebrugge</fme:Naam_locatie>
<fme:Naam_waterweg>Zuidelijk Insteekdok</fme:Naam_waterweg>
<fme:LatWGS84>51.298848</fme:LatWGS84>
<fme:LoWGS84>3.245126</fme:LoWGS84>
<fme:Aangemaakt_op>22/06/2016</fme:Aangemaakt_op>
</fme:Terminal>
<fme:Terminal>
<fme:Functie>Terminal</fme:Functie>
<fme:Objectnaam>Toyota // ICO</fme:Objectnaam>
<fme:HMpunt>-9999</fme:HMpunt>
<fme:Naam_locatie>Zeebrugge</fme:Naam_locatie>
<fme:Naam_waterweg>Zuidelijk Insteekdok</fme:Naam_waterweg>
<fme:LatWGS84>51.303933</fme:LatWGS84>
<fme:LoWGS84>3.236334</fme:LoWGS84>
<fme:Aangemaakt_op>22/06/2016</fme:Aangemaakt_op>
</fme:Terminal>
<fme:Terminal>
<fme:Functie>Terminal</fme:Functie>
<fme:Objectnaam>Van De Geuchte</fme:Objectnaam>
<fme:HMpunt>-9999</fme:HMpunt>
<fme:Naam_locatie>Brugge</fme:Naam_locatie>
<fme:Naam_waterweg>Klein Handelsdok</fme:Naam_waterweg>
<fme:LatWGS84>51.227311</fme:LatWGS84>
<fme:LoWGS84>3.227286</fme:LoWGS84>
<fme:Aangemaakt_op>22/06/2016</fme:Aangemaakt_op>
</fme:Terminal>
<fme:Terminal>
<fme:Functie>Terminal</fme:Functie>
<fme:Objectnaam>Verbrugge Terminals</fme:Objectnaam>
<fme:HMpunt>-9999</fme:HMpunt>
<fme:Naam_locatie>Zeebrugge</fme:Naam_locatie>
<fme:Naam_waterweg>Albert II dok</fme:Naam_waterweg>
<fme:LatWGS84>51.344388</fme:LatWGS84>
<fme:LoWGS84>3.17702</fme:LoWGS84>
<fme:Aangemaakt_op>22/06/2016</fme:Aangemaakt_op>
</fme:Terminal>
<fme:Terminal>
<fme:Functie>Terminal</fme:Functie>
<fme:Objectnaam>Westhoofd Oost</fme:Objectnaam>
<fme:HMpunt>-9999</fme:HMpunt>
<fme:Naam_locatie>Zeebrugge</fme:Naam_locatie>
<fme:Naam_waterweg>Visartsluis - CDNB</fme:Naam_waterweg>
<fme:LatWGS84>51.336221</fme:LatWGS84>
<fme:LoWGS84>3.192322</fme:LoWGS84>
<fme:Aangemaakt_op>22/06/2016</fme:Aangemaakt_op>
</fme:Terminal>
<fme:Terminal>
<fme:Functie>Terminal</fme:Functie>
<fme:Objectnaam>Zeebrugge Food Logistics</fme:Objectnaam>
<fme:HMpunt>-9999</fme:HMpunt>
<fme:Naam_locatie>Zeebrugge</fme:Naam_locatie>
<fme:Naam_waterweg>Kanaal Brugge-Zeebrugge</fme:Naam_waterweg>
<fme:LatWGS84>51.325265</fme:LatWGS84>
<fme:LoWGS84>3.204809</fme:LoWGS84>
<fme:Aangemaakt_op>22/06/2016</fme:Aangemaakt_op>
</fme:Terminal>
<fme:Terminal>
<fme:Functie>Terminal</fme:Functie>
<fme:Objectnaam>Zeebrugge International Port</fme:Objectnaam>
<fme:HMpunt>-9999</fme:HMpunt>
<fme:Naam_locatie>Zeebrugge</fme:Naam_locatie>
<fme:Naam_waterweg>Albert II dok</fme:Naam_waterweg>
<fme:LatWGS84>51.352017</fme:LatWGS84>
<fme:LoWGS84>3.181788</fme:LoWGS84>
<fme:Aangemaakt_op>22/06/2016</fme:Aangemaakt_op>
</fme:Terminal>
<fme:Terminal>
<fme:Functie>Terminal</fme:Functie>
<fme:Objectnaam>ZIP (Zeebrugge International Port) ligplaats 128-129</fme:Objectnaam>
<fme:HMpunt>-9999</fme:HMpunt>
<fme:Naam_locatie>Zeebrugge</fme:Naam_locatie>
<fme:Naam_waterweg>Albert II dok</fme:Naam_waterweg>
<fme:LatWGS84>51.352494</fme:LatWGS84>
<fme:LoWGS84>3.1899</fme:LoWGS84>
<fme:Aangemaakt_op>22/06/2016</fme:Aangemaakt_op>
</fme:Terminal>
<fme:Terminal>
<fme:Functie>Terminal</fme:Functie>
<fme:Objectnaam>ZIP (Zeebrugge International Port) ligplaats 141</fme:Objectnaam>
<fme:HMpunt>-9999</fme:HMpunt>
<fme:Naam_locatie>Zeebrugge</fme:Naam_locatie>
<fme:Naam_waterweg>Wielingendok</fme:Naam_waterweg>
<fme:LatWGS84>51.35387</fme:LatWGS84>
<fme:LoWGS84>3.179178</fme:LoWGS84>
<fme:Aangemaakt_op>22/06/2016</fme:Aangemaakt_op>
</fme:Terminal>
</fme:Terminal-table>
</fme:xml-tables>