<?xml version="1.0" encoding="UTF-8"?>
<fme:xml-tables xmlns:xsi="http://www.w3.org/2001/XMLSchema-instance" xmlns:fme="http://www.safe.com/xml/xmltables" xsi:schemaLocation="http://www.safe.com/xml/xmltables Kinderopvang.xsd">
<fme:Kinderopvang-table>
<fme:Kinderopvang>
<fme:Naam>Persoone Geertrui</fme:Naam>
<fme:Adres>18-Oktoberstraat 9</fme:Adres>
<fme:Stad>Sint-Andries</fme:Stad>
<fme:Tarief>Inkomenstarief</fme:Tarief>
<fme:Aangemaakt_op>16/03/2017</fme:Aangemaakt_op>
</fme:Kinderopvang>
<fme:Kinderopvang>
<fme:Naam>Verschaeve Lutgard</fme:Naam>
<fme:Adres>Aanborgersstraat 8</fme:Adres>
<fme:Stad>Assebroek</fme:Stad>
<fme:Tarief>Vrije prijs</fme:Tarief>
<fme:Aangemaakt_op>16/03/2017</fme:Aangemaakt_op>
</fme:Kinderopvang>
<fme:Kinderopvang>
<fme:Naam>Javier Teresa</fme:Naam>
<fme:Adres>Alfons De Baeckestraat 45</fme:Adres>
<fme:Stad>Sint-Michiels</fme:Stad>
<fme:Tarief>Inkomenstarief</fme:Tarief>
<fme:Aangemaakt_op>16/03/2017</fme:Aangemaakt_op>
</fme:Kinderopvang>
<fme:Kinderopvang>
<fme:Naam>Kaspers Brigitta</fme:Naam>
<fme:Adres>Andre Van Wassenhovestraat 1</fme:Adres>
<fme:Stad>Assebroek</fme:Stad>
<fme:Tarief>Inkomenstarief</fme:Tarief>
<fme:Aangemaakt_op>16/03/2017</fme:Aangemaakt_op>
</fme:Kinderopvang>
<fme:Kinderopvang>
<fme:Naam>Kadee</fme:Naam>
<fme:Adres>Astridlaan 103</fme:Adres>
<fme:Stad>Assebroek</fme:Stad>
<fme:Tarief>Vrije prijs</fme:Tarief>
<fme:Aangemaakt_op>16/03/2017</fme:Aangemaakt_op>
</fme:Kinderopvang>
<fme:Kinderopvang>
<fme:Naam>Mestdagh Maggeline</fme:Naam>
<fme:Adres>Astridlaan 169</fme:Adres>
<fme:Stad>Assebroek</fme:Stad>
<fme:Tarief>Inkomenstarief</fme:Tarief>
<fme:Aangemaakt_op>16/03/2017</fme:Aangemaakt_op>
</fme:Kinderopvang>
<fme:Kinderopvang>
<fme:Naam>t Kriebeltje</fme:Naam>
<fme:Adres>Astridlaan 220</fme:Adres>
<fme:Stad>Assebroek</fme:Stad>
<fme:Tarief>Inkomenstarief</fme:Tarief>
<fme:Aangemaakt_op>16/03/2017</fme:Aangemaakt_op>
</fme:Kinderopvang>
<fme:Kinderopvang>
<fme:Naam>Vierstraete Joke</fme:Naam>
<fme:Adres>Astridlaan 319</fme:Adres>
<fme:Stad>Assebroek</fme:Stad>
<fme:Tarief>Inkomenstarief</fme:Tarief>
<fme:Aangemaakt_op>16/03/2017</fme:Aangemaakt_op>
</fme:Kinderopvang>
<fme:Kinderopvang>
<fme:Naam>t Zonnetje kinderdagverblijf</fme:Naam>
<fme:Adres>Astridlaan 546</fme:Adres>
<fme:Stad>Assebroek</fme:Stad>
<fme:Tarief>Inkomenstarief</fme:Tarief>
<fme:Aangemaakt_op>16/03/2017</fme:Aangemaakt_op>
</fme:Kinderopvang>
<fme:Kinderopvang>
<fme:Naam>Bam Bam Kids</fme:Naam>
<fme:Adres>Astridlaan 88</fme:Adres>
<fme:Stad>Assebroek</fme:Stad>
<fme:Tarief>Inkomenstarief</fme:Tarief>
<fme:Aangemaakt_op>16/03/2017</fme:Aangemaakt_op>
</fme:Kinderopvang>
<fme:Kinderopvang>
<fme:Naam>Pimpampoeltjes</fme:Naam>
<fme:Adres>Baron De Maerelaan 155</fme:Adres>
<fme:Stad>Zeebrugge</fme:Stad>
<fme:Tarief>Vrije prijs</fme:Tarief>
<fme:Aangemaakt_op>16/03/2017</fme:Aangemaakt_op>
</fme:Kinderopvang>
<fme:Kinderopvang>
<fme:Naam>Denecker Bernadette</fme:Naam>
<fme:Adres>Baron De Serretstraat 65</fme:Adres>
<fme:Stad>Sint-Michiels</fme:Stad>
<fme:Tarief>Inkomenstarief</fme:Tarief>
<fme:Aangemaakt_op>16/03/2017</fme:Aangemaakt_op>
</fme:Kinderopvang>
<fme:Kinderopvang>
<fme:Naam>Vanden Broucke Christie</fme:Naam>
<fme:Adres>Baron Ruzettelaan 129</fme:Adres>
<fme:Stad>Assebroek</fme:Stad>
<fme:Tarief>Inkomenstarief</fme:Tarief>
<fme:Aangemaakt_op>16/03/2017</fme:Aangemaakt_op>
</fme:Kinderopvang>
<fme:Kinderopvang>
<fme:Naam>Decoutere Mireille</fme:Naam>
<fme:Adres>Barrierestraat 14</fme:Adres>
<fme:Stad>Sint-Michiels</fme:Stad>
<fme:Tarief>Inkomenstarief</fme:Tarief>
<fme:Aangemaakt_op>16/03/2017</fme:Aangemaakt_op>
</fme:Kinderopvang>
<fme:Kinderopvang>
<fme:Naam>Cardinael Sabine</fme:Naam>
<fme:Adres>Beenhouwersstraat 29</fme:Adres>
<fme:Stad>Brugge</fme:Stad>
<fme:Tarief>Inkomenstarief</fme:Tarief>
<fme:Aangemaakt_op>16/03/2017</fme:Aangemaakt_op>
</fme:Kinderopvang>
<fme:Kinderopvang>
<fme:Naam>Deschacht Dorine</fme:Naam>
<fme:Adres>Begoniastraat 45</fme:Adres>
<fme:Stad>Assebroek</fme:Stad>
<fme:Tarief>Inkomenstarief</fme:Tarief>
<fme:Aangemaakt_op>16/03/2017</fme:Aangemaakt_op>
</fme:Kinderopvang>
<fme:Kinderopvang>
<fme:Naam>Blanckaert Rita</fme:Naam>
<fme:Adres>Berkenstraat 104</fme:Adres>
<fme:Stad>Brugge</fme:Stad>
<fme:Tarief>Inkomenstarief</fme:Tarief>
<fme:Aangemaakt_op>16/03/2017</fme:Aangemaakt_op>
</fme:Kinderopvang>
<fme:Kinderopvang>
<fme:Naam>Scherrens Micheline</fme:Naam>
<fme:Adres>Berkenstraat 62</fme:Adres>
<fme:Stad>Brugge</fme:Stad>
<fme:Tarief>Inkomenstarief</fme:Tarief>
<fme:Aangemaakt_op>16/03/2017</fme:Aangemaakt_op>
</fme:Kinderopvang>
<fme:Kinderopvang>
<fme:Naam>Vanhaeren Betty</fme:Naam>
<fme:Adres>Beukemarestraat 40</fme:Adres>
<fme:Stad>Lissewege</fme:Stad>
<fme:Tarief>Inkomenstarief</fme:Tarief>
<fme:Aangemaakt_op>16/03/2017</fme:Aangemaakt_op>
</fme:Kinderopvang>
<fme:Kinderopvang>
<fme:Naam>Kinderopvang Stampertje</fme:Naam>
<fme:Adres>Blankenbergse Steenweg 198</fme:Adres>
<fme:Stad>Brugge</fme:Stad>
<fme:Tarief>Inkomenstarief</fme:Tarief>
<fme:Aangemaakt_op>16/03/2017</fme:Aangemaakt_op>
</fme:Kinderopvang>
<fme:Kinderopvang>
<fme:Naam>Piepeloe</fme:Naam>
<fme:Adres>Blankenbergse Steenweg 254</fme:Adres>
<fme:Stad>Brugge</fme:Stad>
<fme:Tarief>Inkomenstarief</fme:Tarief>
<fme:Aangemaakt_op>16/03/2017</fme:Aangemaakt_op>
</fme:Kinderopvang>
<fme:Kinderopvang>
<fme:Naam>Vansteenkiste Sandra</fme:Naam>
<fme:Adres>Blauwe Poort 48</fme:Adres>
<fme:Stad>Brugge</fme:Stad>
<fme:Tarief>Inkomenstarief</fme:Tarief>
<fme:Aangemaakt_op>16/03/2017</fme:Aangemaakt_op>
</fme:Kinderopvang>
<fme:Kinderopvang>
<fme:Naam>Dekimpe Mieke en Kerkhof Jan</fme:Naam>
<fme:Adres>Blauwe Poort 73</fme:Adres>
<fme:Stad>Brugge</fme:Stad>
<fme:Tarief>Inkomenstarief</fme:Tarief>
<fme:Aangemaakt_op>16/03/2017</fme:Aangemaakt_op>
</fme:Kinderopvang>
<fme:Kinderopvang>
<fme:Naam>Kevin en Inne</fme:Naam>
<fme:Adres>Blauwvoetstraat 22</fme:Adres>
<fme:Stad>Assebroek</fme:Stad>
<fme:Tarief>Inkomenstarief</fme:Tarief>
<fme:Aangemaakt_op>16/03/2017</fme:Aangemaakt_op>
</fme:Kinderopvang>
<fme:Kinderopvang>
<fme:Naam>Piratenkids</fme:Naam>
<fme:Adres>Blekerijstraat 25</fme:Adres>
<fme:Stad>Assebroek</fme:Stad>
<fme:Tarief>Inkomenstarief</fme:Tarief>
<fme:Aangemaakt_op>16/03/2017</fme:Aangemaakt_op>
</fme:Kinderopvang>
<fme:Kinderopvang>
<fme:Naam>Allaert Veronique</fme:Naam>
<fme:Adres>Blekerijstraat 73</fme:Adres>
<fme:Stad>Assebroek</fme:Stad>
<fme:Tarief>Inkomenstarief</fme:Tarief>
<fme:Aangemaakt_op>16/03/2017</fme:Aangemaakt_op>
</fme:Kinderopvang>
<fme:Kinderopvang>
<fme:Naam>Vanderyse Vera</fme:Naam>
<fme:Adres>Bossiersgoed 7</fme:Adres>
<fme:Stad>Dudzele</fme:Stad>
<fme:Tarief>Inkomenstarief</fme:Tarief>
<fme:Aangemaakt_op>16/03/2017</fme:Aangemaakt_op>
</fme:Kinderopvang>
<fme:Kinderopvang>
<fme:Naam>Schollaert Véronique</fme:Naam>
<fme:Adres>Bossuytlaan 6</fme:Adres>
<fme:Stad>Assebroek</fme:Stad>
<fme:Tarief>Inkomenstarief</fme:Tarief>
<fme:Aangemaakt_op>16/03/2017</fme:Aangemaakt_op>
</fme:Kinderopvang>
<fme:Kinderopvang>
<fme:Naam>Verbeke Monique</fme:Naam>
<fme:Adres>Breeweg 8</fme:Adres>
<fme:Stad>Sint-Kruis</fme:Stad>
<fme:Tarief>Inkomenstarief</fme:Tarief>
<fme:Aangemaakt_op>16/03/2017</fme:Aangemaakt_op>
</fme:Kinderopvang>
<fme:Kinderopvang>
<fme:Naam>De Lindebloesem</fme:Naam>
<fme:Adres>Brieversweg 185</fme:Adres>
<fme:Stad>Sint-Kruis</fme:Stad>
<fme:Tarief>Inkomenstarief</fme:Tarief>
<fme:Aangemaakt_op>16/03/2017</fme:Aangemaakt_op>
</fme:Kinderopvang>
<fme:Kinderopvang>
<fme:Naam>Vermeesch Melissa</fme:Naam>
<fme:Adres>Brieversweg 285</fme:Adres>
<fme:Stad>Sint-Kruis</fme:Stad>
<fme:Tarief>Inkomenstarief</fme:Tarief>
<fme:Aangemaakt_op>16/03/2017</fme:Aangemaakt_op>
</fme:Kinderopvang>
<fme:Kinderopvang>
<fme:Naam>Markey Hilde</fme:Naam>
<fme:Adres>Camiel Van Den Busschestraat 54</fme:Adres>
<fme:Stad>Assebroek</fme:Stad>
<fme:Tarief>Inkomenstarief</fme:Tarief>
<fme:Aangemaakt_op>16/03/2017</fme:Aangemaakt_op>
</fme:Kinderopvang>
<fme:Kinderopvang>
<fme:Naam>Biccler Valerie</fme:Naam>
<fme:Adres>Cesar Gezellestraat 18</fme:Adres>
<fme:Stad>Assebroek</fme:Stad>
<fme:Tarief>Inkomenstarief</fme:Tarief>
<fme:Aangemaakt_op>16/03/2017</fme:Aangemaakt_op>
</fme:Kinderopvang>
<fme:Kinderopvang>
<fme:Naam>Nijntje</fme:Naam>
<fme:Adres>Daverlostraat 132</fme:Adres>
<fme:Stad>Assebroek</fme:Stad>
<fme:Tarief>Inkomenstarief</fme:Tarief>
<fme:Aangemaakt_op>16/03/2017</fme:Aangemaakt_op>
</fme:Kinderopvang>
<fme:Kinderopvang>
<fme:Naam>Schoutteet Barbara</fme:Naam>
<fme:Adres>Diksmuidse Heerweg 108</fme:Adres>
<fme:Stad>Sint-Andries</fme:Stad>
<fme:Tarief>Inkomenstarief</fme:Tarief>
<fme:Aangemaakt_op>16/03/2017</fme:Aangemaakt_op>
</fme:Kinderopvang>
<fme:Kinderopvang>
<fme:Naam>Peutertuin De Zonnebloem</fme:Naam>
<fme:Adres>Diksmuidse Heerweg 157</fme:Adres>
<fme:Stad>Sint-Andries</fme:Stad>
<fme:Tarief>Inkomenstarief</fme:Tarief>
<fme:Aangemaakt_op>16/03/2017</fme:Aangemaakt_op>
</fme:Kinderopvang>
<fme:Kinderopvang>
<fme:Naam>Kinderopvang Doremitje</fme:Naam>
<fme:Adres>Diksmuidse Heerweg 184</fme:Adres>
<fme:Stad>Sint-Andries</fme:Stad>
<fme:Tarief>Vrije prijs</fme:Tarief>
<fme:Aangemaakt_op>16/03/2017</fme:Aangemaakt_op>
</fme:Kinderopvang>
<fme:Kinderopvang>
<fme:Naam>Sprankeltuin</fme:Naam>
<fme:Adres>Diksmuidse Heerweg 192</fme:Adres>
<fme:Stad>Sint-Andries</fme:Stad>
<fme:Tarief>Inkomenstarief</fme:Tarief>
<fme:Aangemaakt_op>16/03/2017</fme:Aangemaakt_op>
</fme:Kinderopvang>
<fme:Kinderopvang>
<fme:Naam>Van Halme Michelle</fme:Naam>
<fme:Adres>Diksmuidse Heerweg 251</fme:Adres>
<fme:Stad>Sint-Andries</fme:Stad>
<fme:Tarief>Inkomenstarief</fme:Tarief>
<fme:Aangemaakt_op>16/03/2017</fme:Aangemaakt_op>
</fme:Kinderopvang>
<fme:Kinderopvang>
<fme:Naam>Feys Melissa</fme:Naam>
<fme:Adres>Dorpsplein 11</fme:Adres>
<fme:Stad>Dudzele</fme:Stad>
<fme:Tarief>Inkomenstarief</fme:Tarief>
<fme:Aangemaakt_op>16/03/2017</fme:Aangemaakt_op>
</fme:Kinderopvang>
<fme:Kinderopvang>
<fme:Naam>Pupe Anja</fme:Naam>
<fme:Adres>Eikenlaan 43</fme:Adres>
<fme:Stad>Sint-Andries</fme:Stad>
<fme:Tarief>Inkomenstarief</fme:Tarief>
<fme:Aangemaakt_op>16/03/2017</fme:Aangemaakt_op>
</fme:Kinderopvang>
<fme:Kinderopvang>
<fme:Naam>Ollivier Myriam</fme:Naam>
<fme:Adres>Emiel Vanderveldestraat 3</fme:Adres>
<fme:Stad>Sint-Michiels</fme:Stad>
<fme:Tarief>Inkomenstarief</fme:Tarief>
<fme:Aangemaakt_op>16/03/2017</fme:Aangemaakt_op>
</fme:Kinderopvang>
<fme:Kinderopvang>
<fme:Naam>Boone Sally-Anne</fme:Naam>
<fme:Adres>Evendijk-Oost 38</fme:Adres>
<fme:Stad>Zeebrugge</fme:Stad>
<fme:Tarief>Inkomenstarief</fme:Tarief>
<fme:Aangemaakt_op>16/03/2017</fme:Aangemaakt_op>
</fme:Kinderopvang>
<fme:Kinderopvang>
<fme:Naam>Droomhuisje</fme:Naam>
<fme:Adres>Garenmarkt 1</fme:Adres>
<fme:Stad>Brugge</fme:Stad>
<fme:Tarief>Inkomenstarief</fme:Tarief>
<fme:Aangemaakt_op>16/03/2017</fme:Aangemaakt_op>
</fme:Kinderopvang>
<fme:Kinderopvang>
<fme:Naam>Droomhuisje</fme:Naam>
<fme:Adres>Garenmarkt 8</fme:Adres>
<fme:Stad>Brugge</fme:Stad>
<fme:Tarief>Inkomenstarief</fme:Tarief>
<fme:Aangemaakt_op>16/03/2017</fme:Aangemaakt_op>
</fme:Kinderopvang>
<fme:Kinderopvang>
<fme:Naam>Blydhove Speelkasteel</fme:Naam>
<fme:Adres>Generaal Lemanlaan 145A</fme:Adres>
<fme:Stad>Assebroek</fme:Stad>
<fme:Tarief>Inkomenstarief</fme:Tarief>
<fme:Aangemaakt_op>16/03/2017</fme:Aangemaakt_op>
</fme:Kinderopvang>
<fme:Kinderopvang>
<fme:Naam>Tijskens Krista</fme:Naam>
<fme:Adres>Genthof 38</fme:Adres>
<fme:Stad>Brugge</fme:Stad>
<fme:Tarief>Inkomenstarief</fme:Tarief>
<fme:Aangemaakt_op>16/03/2017</fme:Aangemaakt_op>
</fme:Kinderopvang>
<fme:Kinderopvang>
<fme:Naam>Snoezelhoek</fme:Naam>
<fme:Adres>Gentpoortstraat 1</fme:Adres>
<fme:Stad>Brugge</fme:Stad>
<fme:Tarief>Inkomenstarief</fme:Tarief>
<fme:Aangemaakt_op>16/03/2017</fme:Aangemaakt_op>
</fme:Kinderopvang>
<fme:Kinderopvang>
<fme:Naam>Dhoore Godelieve</fme:Naam>
<fme:Adres>Gentpoortstraat 16</fme:Adres>
<fme:Stad>Brugge</fme:Stad>
<fme:Tarief>Inkomenstarief</fme:Tarief>
<fme:Aangemaakt_op>16/03/2017</fme:Aangemaakt_op>
</fme:Kinderopvang>
<fme:Kinderopvang>
<fme:Naam>Van Es Tamira</fme:Naam>
<fme:Adres>Genuastraat 27</fme:Adres>
<fme:Stad>Zeebrugge</fme:Stad>
<fme:Tarief>Inkomenstarief</fme:Tarief>
<fme:Aangemaakt_op>16/03/2017</fme:Aangemaakt_op>
</fme:Kinderopvang>
<fme:Kinderopvang>
<fme:Naam>Bubbeltje</fme:Naam>
<fme:Adres>Gerard Davidstraat 12</fme:Adres>
<fme:Stad>Brugge</fme:Stad>
<fme:Tarief>Inkomenstarief</fme:Tarief>
<fme:Aangemaakt_op>16/03/2017</fme:Aangemaakt_op>
</fme:Kinderopvang>
<fme:Kinderopvang>
<fme:Naam>Bubbel</fme:Naam>
<fme:Adres>Gerard Davidstraat 4</fme:Adres>
<fme:Stad>Brugge</fme:Stad>
<fme:Tarief>Inkomenstarief</fme:Tarief>
<fme:Aangemaakt_op>16/03/2017</fme:Aangemaakt_op>
</fme:Kinderopvang>
<fme:Kinderopvang>
<fme:Naam>De Kikker 4</fme:Naam>
<fme:Adres>Gistelse Steenweg 185</fme:Adres>
<fme:Stad>Sint-Andries</fme:Stad>
<fme:Tarief>Inkomenstarief</fme:Tarief>
<fme:Aangemaakt_op>16/03/2017</fme:Aangemaakt_op>
</fme:Kinderopvang>
<fme:Kinderopvang>
<fme:Naam>Bral Lucrese</fme:Naam>
<fme:Adres>Gistelse Steenweg 188</fme:Adres>
<fme:Stad>Sint-Andries</fme:Stad>
<fme:Tarief>Inkomenstarief</fme:Tarief>
<fme:Aangemaakt_op>16/03/2017</fme:Aangemaakt_op>
</fme:Kinderopvang>
<fme:Kinderopvang>
<fme:Naam>Peuterslapen st. lodewijks</fme:Naam>
<fme:Adres>Gistelse Steenweg 440</fme:Adres>
<fme:Stad>Sint-Andries</fme:Stad>
<fme:Tarief>Inkomenstarief</fme:Tarief>
<fme:Aangemaakt_op>16/03/2017</fme:Aangemaakt_op>
</fme:Kinderopvang>
<fme:Kinderopvang>
<fme:Naam>Sprankeltop</fme:Naam>
<fme:Adres>Gistelse Steenweg 440</fme:Adres>
<fme:Stad>Sint-Andries</fme:Stad>
<fme:Tarief>Inkomenstarief</fme:Tarief>
<fme:Aangemaakt_op>16/03/2017</fme:Aangemaakt_op>
</fme:Kinderopvang>
<fme:Kinderopvang>
<fme:Naam>Ukkepuk</fme:Naam>
<fme:Adres>Gistelse Steenweg 519</fme:Adres>
<fme:Stad>Sint-Andries</fme:Stad>
<fme:Tarief>Inkomenstarief</fme:Tarief>
<fme:Aangemaakt_op>16/03/2017</fme:Aangemaakt_op>
</fme:Kinderopvang>
<fme:Kinderopvang>
<fme:Naam>Kinderdagverblijf Pinguin</fme:Naam>
<fme:Adres>Graaf Jansdijk 1</fme:Adres>
<fme:Stad>Zeebrugge</fme:Stad>
<fme:Tarief>Vrije prijs</fme:Tarief>
<fme:Aangemaakt_op>16/03/2017</fme:Aangemaakt_op>
</fme:Kinderopvang>
<fme:Kinderopvang>
<fme:Naam>Van Dycke Trees</fme:Naam>
<fme:Adres>Grote Ede 6</fme:Adres>
<fme:Stad>Sint-Andries</fme:Stad>
<fme:Tarief>Vrije prijs</fme:Tarief>
<fme:Aangemaakt_op>16/03/2017</fme:Aangemaakt_op>
</fme:Kinderopvang>
<fme:Kinderopvang>
<fme:Naam>1Strotkamp Christiane</fme:Naam>
<fme:Adres>Gulden-Peerdenstraat 103</fme:Adres>
<fme:Stad>Assebroek</fme:Stad>
<fme:Tarief>Inkomenstarief</fme:Tarief>
<fme:Aangemaakt_op>16/03/2017</fme:Aangemaakt_op>
</fme:Kinderopvang>
<fme:Kinderopvang>
<fme:Naam>Booy Caroline</fme:Naam>
<fme:Adres>Hagedoornlaan 7</fme:Adres>
<fme:Stad>Sint-Kruis</fme:Stad>
<fme:Tarief>Inkomenstarief</fme:Tarief>
<fme:Aangemaakt_op>16/03/2017</fme:Aangemaakt_op>
</fme:Kinderopvang>
<fme:Kinderopvang>
<fme:Naam>De Kikker II</fme:Naam>
<fme:Adres>Heidelbergstraat 1</fme:Adres>
<fme:Stad>Sint-Michiels</fme:Stad>
<fme:Tarief>Inkomenstarief</fme:Tarief>
<fme:Aangemaakt_op>16/03/2017</fme:Aangemaakt_op>
</fme:Kinderopvang>
<fme:Kinderopvang>
<fme:Naam>Vanmaele Angélique</fme:Naam>
<fme:Adres>Heidelbergstraat 53</fme:Adres>
<fme:Stad>Sint-Michiels</fme:Stad>
<fme:Tarief>Inkomenstarief</fme:Tarief>
<fme:Aangemaakt_op>16/03/2017</fme:Aangemaakt_op>
</fme:Kinderopvang>
<fme:Kinderopvang>
<fme:Naam>Neyt Julie</fme:Naam>
<fme:Adres>Heidelbergstraat 69</fme:Adres>
<fme:Stad>Sint-Michiels</fme:Stad>
<fme:Tarief>Inkomenstarief</fme:Tarief>
<fme:Aangemaakt_op>16/03/2017</fme:Aangemaakt_op>
</fme:Kinderopvang>
<fme:Kinderopvang>
<fme:Naam>Verschoore Marijke</fme:Naam>
<fme:Adres>Heidelbergstraat 94</fme:Adres>
<fme:Stad>Sint-Michiels</fme:Stad>
<fme:Tarief>Inkomenstarief</fme:Tarief>
<fme:Aangemaakt_op>16/03/2017</fme:Aangemaakt_op>
</fme:Kinderopvang>
<fme:Kinderopvang>
<fme:Naam>De Kikker</fme:Naam>
<fme:Adres>Heiststraat 131</fme:Adres>
<fme:Stad>Zeebrugge</fme:Stad>
<fme:Tarief>Inkomenstarief</fme:Tarief>
<fme:Aangemaakt_op>16/03/2017</fme:Aangemaakt_op>
</fme:Kinderopvang>
<fme:Kinderopvang>
<fme:Naam>Janssens Belinda</fme:Naam>
<fme:Adres>Hogeweg 39</fme:Adres>
<fme:Stad>Sint-Andries</fme:Stad>
<fme:Tarief>Inkomenstarief</fme:Tarief>
<fme:Aangemaakt_op>16/03/2017</fme:Aangemaakt_op>
</fme:Kinderopvang>
<fme:Kinderopvang>
<fme:Naam>Broeckaert Miriam</fme:Naam>
<fme:Adres>Hubrecht De Croockstraat 7</fme:Adres>
<fme:Stad>Sint-Andries</fme:Stad>
<fme:Tarief>Inkomenstarief</fme:Tarief>
<fme:Aangemaakt_op>16/03/2017</fme:Aangemaakt_op>
</fme:Kinderopvang>
<fme:Kinderopvang>
<fme:Naam>Decoster Lieve</fme:Naam>
<fme:Adres>Jacobus Roelofstraat 19</fme:Adres>
<fme:Stad>Assebroek</fme:Stad>
<fme:Tarief>Inkomenstarief</fme:Tarief>
<fme:Aangemaakt_op>16/03/2017</fme:Aangemaakt_op>
</fme:Kinderopvang>
<fme:Kinderopvang>
<fme:Naam>Vandromme Iris</fme:Naam>
<fme:Adres>Julius Delaplacestraat 133</fme:Adres>
<fme:Stad>Sint-Kruis</fme:Stad>
<fme:Tarief>Inkomenstarief</fme:Tarief>
<fme:Aangemaakt_op>16/03/2017</fme:Aangemaakt_op>
</fme:Kinderopvang>
<fme:Kinderopvang>
<fme:Naam>De Volder Friedel</fme:Naam>
<fme:Adres>Karel Cartonstraat 29</fme:Adres>
<fme:Stad>Sint-Michiels</fme:Stad>
<fme:Tarief>Inkomenstarief</fme:Tarief>
<fme:Aangemaakt_op>16/03/2017</fme:Aangemaakt_op>
</fme:Kinderopvang>
<fme:Kinderopvang>
<fme:Naam>Vandevyver Mieke</fme:Naam>
<fme:Adres>Karel De Stoutelaan 112</fme:Adres>
<fme:Stad>Brugge</fme:Stad>
<fme:Tarief>Inkomenstarief</fme:Tarief>
<fme:Aangemaakt_op>16/03/2017</fme:Aangemaakt_op>
</fme:Kinderopvang>
<fme:Kinderopvang>
<fme:Naam>Van Maele Mira</fme:Naam>
<fme:Adres>Karel Mestdaghstraat 87</fme:Adres>
<fme:Stad>Brugge</fme:Stad>
<fme:Tarief>Inkomenstarief</fme:Tarief>
<fme:Aangemaakt_op>16/03/2017</fme:Aangemaakt_op>
</fme:Kinderopvang>
<fme:Kinderopvang>
<fme:Naam>Vantieghem Katrien</fme:Naam>
<fme:Adres>Kasteelhoevestraat 20</fme:Adres>
<fme:Stad>Sint-Andries</fme:Stad>
<fme:Tarief>Inkomenstarief</fme:Tarief>
<fme:Aangemaakt_op>16/03/2017</fme:Aangemaakt_op>
</fme:Kinderopvang>
<fme:Kinderopvang>
<fme:Naam>Pietje Pek</fme:Naam>
<fme:Adres>Katelijnestraat 115</fme:Adres>
<fme:Stad>Brugge</fme:Stad>
<fme:Tarief>Inkomenstarief</fme:Tarief>
<fme:Aangemaakt_op>16/03/2017</fme:Aangemaakt_op>
</fme:Kinderopvang>
<fme:Kinderopvang>
<fme:Naam>Babyhuis-Pietje Pek VZW</fme:Naam>
<fme:Adres>Katelijnestraat 117A</fme:Adres>
<fme:Stad>Brugge</fme:Stad>
<fme:Tarief>Inkomenstarief</fme:Tarief>
<fme:Aangemaakt_op>16/03/2017</fme:Aangemaakt_op>
</fme:Kinderopvang>
<fme:Kinderopvang>
<fme:Naam>Peuterhuis Pietje Pek vzw</fme:Naam>
<fme:Adres>Katelijnestraat 119</fme:Adres>
<fme:Stad>Brugge</fme:Stad>
<fme:Tarief>Inkomenstarief</fme:Tarief>
<fme:Aangemaakt_op>16/03/2017</fme:Aangemaakt_op>
</fme:Kinderopvang>
<fme:Kinderopvang>
<fme:Naam>Kinderdagverblijf ons tuintje</fme:Naam>
<fme:Adres>Keizerstraat 14</fme:Adres>
<fme:Stad>Sint-Kruis</fme:Stad>
<fme:Tarief>Inkomenstarief</fme:Tarief>
<fme:Aangemaakt_op>16/03/2017</fme:Aangemaakt_op>
</fme:Kinderopvang>
<fme:Kinderopvang>
<fme:Naam>VZW KDV Mariawende afd. Ons Huisje</fme:Naam>
<fme:Adres>Keizerstraat 14</fme:Adres>
<fme:Stad>Sint-Kruis</fme:Stad>
<fme:Tarief>Inkomenstarief</fme:Tarief>
<fme:Aangemaakt_op>16/03/2017</fme:Aangemaakt_op>
</fme:Kinderopvang>
<fme:Kinderopvang>
<fme:Naam>Vantieghem Christel en Dewyndt Geert</fme:Naam>
<fme:Adres>Klippestraat 2</fme:Adres>
<fme:Stad>Brugge</fme:Stad>
<fme:Tarief>Inkomenstarief</fme:Tarief>
<fme:Aangemaakt_op>16/03/2017</fme:Aangemaakt_op>
</fme:Kinderopvang>
<fme:Kinderopvang>
<fme:Naam>Sprankeltje</fme:Naam>
<fme:Adres>Knotwilgenlaan 24</fme:Adres>
<fme:Stad>Sint-Andries</fme:Stad>
<fme:Tarief>Inkomenstarief</fme:Tarief>
<fme:Aangemaakt_op>16/03/2017</fme:Aangemaakt_op>
</fme:Kinderopvang>
<fme:Kinderopvang>
<fme:Naam>Ghisquiere Carine</fme:Naam>
<fme:Adres>Knotwilgenlaan 86</fme:Adres>
<fme:Stad>Sint-Andries</fme:Stad>
<fme:Tarief>Inkomenstarief</fme:Tarief>
<fme:Aangemaakt_op>16/03/2017</fme:Aangemaakt_op>
</fme:Kinderopvang>
<fme:Kinderopvang>
<fme:Naam>Baby Garden</fme:Naam>
<fme:Adres>Koning Albert I-Laan 193</fme:Adres>
<fme:Stad>Sint-Michiels</fme:Stad>
<fme:Tarief>Vrije prijs</fme:Tarief>
<fme:Aangemaakt_op>16/03/2017</fme:Aangemaakt_op>
</fme:Kinderopvang>
<fme:Kinderopvang>
<fme:Naam>Het Bengeltje</fme:Naam>
<fme:Adres>Koning Leopold Iii-Laan 100</fme:Adres>
<fme:Stad>Sint-Andries</fme:Stad>
<fme:Tarief>Inkomenstarief</fme:Tarief>
<fme:Aangemaakt_op>16/03/2017</fme:Aangemaakt_op>
</fme:Kinderopvang>
<fme:Kinderopvang>
<fme:Naam>t Pimpeloentje</fme:Naam>
<fme:Adres>Koolstuk 24</fme:Adres>
<fme:Stad>Sint-Kruis</fme:Stad>
<fme:Tarief>Vrije prijs</fme:Tarief>
<fme:Aangemaakt_op>16/03/2017</fme:Aangemaakt_op>
</fme:Kinderopvang>
<fme:Kinderopvang>
<fme:Naam>Blydhove NoNo</fme:Naam>
<fme:Adres>Korendragersstraat 26 bus B</fme:Adres>
<fme:Stad>Brugge</fme:Stad>
<fme:Tarief>Inkomenstarief</fme:Tarief>
<fme:Aangemaakt_op>16/03/2017</fme:Aangemaakt_op>
</fme:Kinderopvang>
<fme:Kinderopvang>
<fme:Naam>Goetgeluck Katia en Debruyne Jo</fme:Naam>
<fme:Adres>Krekenstraat 26</fme:Adres>
<fme:Stad>Dudzele</fme:Stad>
<fme:Tarief>Inkomenstarief</fme:Tarief>
<fme:Aangemaakt_op>16/03/2017</fme:Aangemaakt_op>
</fme:Kinderopvang>
<fme:Kinderopvang>
<fme:Naam>McKenzie Theresa</fme:Naam>
<fme:Adres>Krekenstraat 57</fme:Adres>
<fme:Stad>Dudzele</fme:Stad>
<fme:Tarief>Inkomenstarief</fme:Tarief>
<fme:Aangemaakt_op>16/03/2017</fme:Aangemaakt_op>
</fme:Kinderopvang>
<fme:Kinderopvang>
<fme:Naam>Vande Ginste Els</fme:Naam>
<fme:Adres>Kroosmeers 16</fme:Adres>
<fme:Stad>Assebroek</fme:Stad>
<fme:Tarief>Inkomenstarief</fme:Tarief>
<fme:Aangemaakt_op>16/03/2017</fme:Aangemaakt_op>
</fme:Kinderopvang>
<fme:Kinderopvang>
<fme:Naam>Hoevenaegel Marcella</fme:Naam>
<fme:Adres>Legeweg 124B</fme:Adres>
<fme:Stad>Sint-Andries</fme:Stad>
<fme:Tarief>Inkomenstarief</fme:Tarief>
<fme:Aangemaakt_op>16/03/2017</fme:Aangemaakt_op>
</fme:Kinderopvang>
<fme:Kinderopvang>
<fme:Naam>Brouckaert Sara</fme:Naam>
<fme:Adres>Leiselestraat 4</fme:Adres>
<fme:Stad>Sint-Michiels</fme:Stad>
<fme:Tarief>Inkomenstarief</fme:Tarief>
<fme:Aangemaakt_op>16/03/2017</fme:Aangemaakt_op>
</fme:Kinderopvang>
<fme:Kinderopvang>
<fme:Naam>Kinderdagverblijf La Luna</fme:Naam>
<fme:Adres>Leiselestraat 73</fme:Adres>
<fme:Stad>Sint-Michiels</fme:Stad>
<fme:Tarief>Inkomenstarief</fme:Tarief>
<fme:Aangemaakt_op>16/03/2017</fme:Aangemaakt_op>
</fme:Kinderopvang>
<fme:Kinderopvang>
<fme:Naam>Crappe Greta</fme:Naam>
<fme:Adres>Leon De Foerestraat 6</fme:Adres>
<fme:Stad>Brugge</fme:Stad>
<fme:Tarief>Inkomenstarief</fme:Tarief>
<fme:Aangemaakt_op>16/03/2017</fme:Aangemaakt_op>
</fme:Kinderopvang>
<fme:Kinderopvang>
<fme:Naam>Van Waeleghem Mieke</fme:Naam>
<fme:Adres>Lobbrechtstraat 34</fme:Adres>
<fme:Stad>Brugge</fme:Stad>
<fme:Tarief>Inkomenstarief</fme:Tarief>
<fme:Aangemaakt_op>16/03/2017</fme:Aangemaakt_op>
</fme:Kinderopvang>
<fme:Kinderopvang>
<fme:Naam>Blydhove Veltem</fme:Naam>
<fme:Adres>Maalse Steenweg 321</fme:Adres>
<fme:Stad>Sint-Kruis</fme:Stad>
<fme:Tarief>Inkomenstarief</fme:Tarief>
<fme:Aangemaakt_op>16/03/2017</fme:Aangemaakt_op>
</fme:Kinderopvang>
<fme:Kinderopvang>
<fme:Naam>Minitoba</fme:Naam>
<fme:Adres>Manitobalaan 48</fme:Adres>
<fme:Stad>Sint-Andries</fme:Stad>
<fme:Tarief>Vrije prijs</fme:Tarief>
<fme:Aangemaakt_op>16/03/2017</fme:Aangemaakt_op>
</fme:Kinderopvang>
<fme:Kinderopvang>
<fme:Naam>t Babyhuisje aan de waterkant</fme:Naam>
<fme:Adres>Maria Van Bourgondielaan 6</fme:Adres>
<fme:Stad>Brugge</fme:Stad>
<fme:Tarief>Inkomenstarief</fme:Tarief>
<fme:Aangemaakt_op>16/03/2017</fme:Aangemaakt_op>
</fme:Kinderopvang>
<fme:Kinderopvang>
<fme:Naam>Blondeel Lutgardis</fme:Naam>
<fme:Adres>Meiboomlaan 11</fme:Adres>
<fme:Stad>Sint-Andries</fme:Stad>
<fme:Tarief>Inkomenstarief</fme:Tarief>
<fme:Aangemaakt_op>16/03/2017</fme:Aangemaakt_op>
</fme:Kinderopvang>
<fme:Kinderopvang>
<fme:Naam>Hermelijn</fme:Naam>
<fme:Adres>Molenwiekstraat-West 30</fme:Adres>
<fme:Stad>Sint-Andries</fme:Stad>
<fme:Tarief>Inkomenstarief</fme:Tarief>
<fme:Aangemaakt_op>16/03/2017</fme:Aangemaakt_op>
</fme:Kinderopvang>
<fme:Kinderopvang>
<fme:Naam>Mini-Palet</fme:Naam>
<fme:Adres>Nieuwstraat 6</fme:Adres>
<fme:Stad>Brugge</fme:Stad>
<fme:Tarief>Inkomenstarief</fme:Tarief>
<fme:Aangemaakt_op>16/03/2017</fme:Aangemaakt_op>
</fme:Kinderopvang>
<fme:Kinderopvang>
<fme:Naam>Vanhee Katrien</fme:Naam>
<fme:Adres>Noordveldstraat 21</fme:Adres>
<fme:Stad>Sint-Andries</fme:Stad>
<fme:Tarief>Inkomenstarief</fme:Tarief>
<fme:Aangemaakt_op>16/03/2017</fme:Aangemaakt_op>
</fme:Kinderopvang>
<fme:Kinderopvang>
<fme:Naam>Lagauw Christine</fme:Naam>
<fme:Adres>Oorlogsvrijwilligerslaan 24</fme:Adres>
<fme:Stad>Sint-Andries</fme:Stad>
<fme:Tarief>Inkomenstarief</fme:Tarief>
<fme:Aangemaakt_op>16/03/2017</fme:Aangemaakt_op>
</fme:Kinderopvang>
<fme:Kinderopvang>
<fme:Naam>Broeckaert Marleen</fme:Naam>
<fme:Adres>Oostmeers 11</fme:Adres>
<fme:Stad>Brugge</fme:Stad>
<fme:Tarief>Inkomenstarief</fme:Tarief>
<fme:Aangemaakt_op>16/03/2017</fme:Aangemaakt_op>
</fme:Kinderopvang>
<fme:Kinderopvang>
<fme:Naam>Van Lysebetten Ilse</fme:Naam>
<fme:Adres>Oude Hoogweg 70</fme:Adres>
<fme:Stad>Sint-Kruis</fme:Stad>
<fme:Tarief>Inkomenstarief</fme:Tarief>
<fme:Aangemaakt_op>16/03/2017</fme:Aangemaakt_op>
</fme:Kinderopvang>
<fme:Kinderopvang>
<fme:Naam>Ranson Jeaninne</fme:Naam>
<fme:Adres>Pannebekestraat 61</fme:Adres>
<fme:Stad>Brugge</fme:Stad>
<fme:Tarief>Vrije prijs</fme:Tarief>
<fme:Aangemaakt_op>16/03/2017</fme:Aangemaakt_op>
</fme:Kinderopvang>
<fme:Kinderopvang>
<fme:Naam>Meskens Anje</fme:Naam>
<fme:Adres>Pastoriestraat 109</fme:Adres>
<fme:Stad>Sint-Andries</fme:Stad>
<fme:Tarief>Inkomenstarief</fme:Tarief>
<fme:Aangemaakt_op>16/03/2017</fme:Aangemaakt_op>
</fme:Kinderopvang>
<fme:Kinderopvang>
<fme:Naam>Verbauwhede Carine</fme:Naam>
<fme:Adres>Pastoriestraat 138 bus 2</fme:Adres>
<fme:Stad>Sint-Andries</fme:Stad>
<fme:Tarief>Inkomenstarief</fme:Tarief>
<fme:Aangemaakt_op>16/03/2017</fme:Aangemaakt_op>
</fme:Kinderopvang>
<fme:Kinderopvang>
<fme:Naam>Descamps Angeline</fme:Naam>
<fme:Adres>Pastoriestraat 152</fme:Adres>
<fme:Stad>Sint-Andries</fme:Stad>
<fme:Tarief>Inkomenstarief</fme:Tarief>
<fme:Aangemaakt_op>16/03/2017</fme:Aangemaakt_op>
</fme:Kinderopvang>
<fme:Kinderopvang>
<fme:Naam>De Marque Virginie</fme:Naam>
<fme:Adres>Patentestraat 63</fme:Adres>
<fme:Stad>Lissewege</fme:Stad>
<fme:Tarief>Inkomenstarief</fme:Tarief>
<fme:Aangemaakt_op>16/03/2017</fme:Aangemaakt_op>
</fme:Kinderopvang>
<fme:Kinderopvang>
<fme:Naam>De Sieze</fme:Naam>
<fme:Adres>Pieter De Conincklaan 56</fme:Adres>
<fme:Stad>Sint-Andries</fme:Stad>
<fme:Tarief>Inkomenstarief</fme:Tarief>
<fme:Aangemaakt_op>16/03/2017</fme:Aangemaakt_op>
</fme:Kinderopvang>
<fme:Kinderopvang>
<fme:Naam>Vanhollebeke Wendy</fme:Naam>
<fme:Adres>Ploegstraat 30</fme:Adres>
<fme:Stad>Zeebrugge</fme:Stad>
<fme:Tarief>Inkomenstarief</fme:Tarief>
<fme:Aangemaakt_op>16/03/2017</fme:Aangemaakt_op>
</fme:Kinderopvang>
<fme:Kinderopvang>
<fme:Naam>Floréal Linda</fme:Naam>
<fme:Adres>Prins Karellaan 36</fme:Adres>
<fme:Stad>Assebroek</fme:Stad>
<fme:Tarief>Vrije prijs</fme:Tarief>
<fme:Aangemaakt_op>16/03/2017</fme:Aangemaakt_op>
</fme:Kinderopvang>
<fme:Kinderopvang>
<fme:Naam>Kinderdagverblijf Beukenfee</fme:Naam>
<fme:Adres>Prins Leopoldstraat 42</fme:Adres>
<fme:Stad>Sint-Kruis</fme:Stad>
<fme:Tarief>Inkomenstarief</fme:Tarief>
<fme:Aangemaakt_op>16/03/2017</fme:Aangemaakt_op>
</fme:Kinderopvang>
<fme:Kinderopvang>
<fme:Naam>De Kikker 3</fme:Naam>
<fme:Adres>Rademakerstraat 20</fme:Adres>
<fme:Stad>Zeebrugge</fme:Stad>
<fme:Tarief>Inkomenstarief</fme:Tarief>
<fme:Aangemaakt_op>16/03/2017</fme:Aangemaakt_op>
</fme:Kinderopvang>
<fme:Kinderopvang>
<fme:Naam>Bonnaerens Hilde</fme:Naam>
<fme:Adres>Rapaertstraat 20B</fme:Adres>
<fme:Stad>Assebroek</fme:Stad>
<fme:Tarief>Inkomenstarief</fme:Tarief>
<fme:Aangemaakt_op>16/03/2017</fme:Aangemaakt_op>
</fme:Kinderopvang>
<fme:Kinderopvang>
<fme:Naam>De Meyer Marie-Anne</fme:Naam>
<fme:Adres>Reigersnesten 9</fme:Adres>
<fme:Stad>Brugge</fme:Stad>
<fme:Tarief>Inkomenstarief</fme:Tarief>
<fme:Aangemaakt_op>16/03/2017</fme:Aangemaakt_op>
</fme:Kinderopvang>
<fme:Kinderopvang>
<fme:Naam>Vande Walle Priska</fme:Naam>
<fme:Adres>Rietlaan 80</fme:Adres>
<fme:Stad>Sint-Michiels</fme:Stad>
<fme:Tarief>Inkomenstarief</fme:Tarief>
<fme:Aangemaakt_op>16/03/2017</fme:Aangemaakt_op>
</fme:Kinderopvang>
<fme:Kinderopvang>
<fme:Naam>Peutertuin Oogappel</fme:Naam>
<fme:Adres>Rijselstraat 69</fme:Adres>
<fme:Stad>Sint-Michiels</fme:Stad>
<fme:Tarief>Inkomenstarief</fme:Tarief>
<fme:Aangemaakt_op>16/03/2017</fme:Aangemaakt_op>
</fme:Kinderopvang>
<fme:Kinderopvang>
<fme:Naam>De Blauwe Lelie</fme:Naam>
<fme:Adres>Ruddershove 5</fme:Adres>
<fme:Stad>Brugge</fme:Stad>
<fme:Tarief>Inkomenstarief</fme:Tarief>
<fme:Aangemaakt_op>16/03/2017</fme:Aangemaakt_op>
</fme:Kinderopvang>
<fme:Kinderopvang>
<fme:Naam>kinderdagverblijf Knuffel</fme:Naam>
<fme:Adres>Ruddershove 5 bus A</fme:Adres>
<fme:Stad>Brugge</fme:Stad>
<fme:Tarief>Inkomenstarief</fme:Tarief>
<fme:Aangemaakt_op>16/03/2017</fme:Aangemaakt_op>
</fme:Kinderopvang>
<fme:Kinderopvang>
<fme:Naam>Debruyne Lobke</fme:Naam>
<fme:Adres>Sint-Lenardsstraat 58</fme:Adres>
<fme:Stad>Dudzele</fme:Stad>
<fme:Tarief>Inkomenstarief</fme:Tarief>
<fme:Aangemaakt_op>16/03/2017</fme:Aangemaakt_op>
</fme:Kinderopvang>
<fme:Kinderopvang>
<fme:Naam>t Hobbelpaard</fme:Naam>
<fme:Adres>Spoorwegstraat 250</fme:Adres>
<fme:Stad>Sint-Michiels</fme:Stad>
<fme:Tarief>Vrije prijs</fme:Tarief>
<fme:Aangemaakt_op>16/03/2017</fme:Aangemaakt_op>
</fme:Kinderopvang>
<fme:Kinderopvang>
<fme:Naam>Van Torre Andrea en Barbier Etienne</fme:Naam>
<fme:Adres>Stationsstraat 21</fme:Adres>
<fme:Stad>Lissewege</fme:Stad>
<fme:Tarief>Inkomenstarief</fme:Tarief>
<fme:Aangemaakt_op>16/03/2017</fme:Aangemaakt_op>
</fme:Kinderopvang>
<fme:Kinderopvang>
<fme:Naam>Van Roon Agnetha</fme:Naam>
<fme:Adres>'T Speelhof 6</fme:Adres>
<fme:Stad>Sint-Michiels</fme:Stad>
<fme:Tarief>Inkomenstarief</fme:Tarief>
<fme:Aangemaakt_op>16/03/2017</fme:Aangemaakt_op>
</fme:Kinderopvang>
<fme:Kinderopvang>
<fme:Naam>De Marque Virginie</fme:Naam>
<fme:Adres>Tapuitstraat 10</fme:Adres>
<fme:Stad>Lissewege</fme:Stad>
<fme:Tarief>Inkomenstarief</fme:Tarief>
<fme:Aangemaakt_op>16/03/2017</fme:Aangemaakt_op>
</fme:Kinderopvang>
<fme:Kinderopvang>
<fme:Naam>Degrande Marie Christine</fme:Naam>
<fme:Adres>Ter Lo 85</fme:Adres>
<fme:Stad>Sint-Kruis</fme:Stad>
<fme:Tarief>Inkomenstarief</fme:Tarief>
<fme:Aangemaakt_op>16/03/2017</fme:Aangemaakt_op>
</fme:Kinderopvang>
<fme:Kinderopvang>
<fme:Naam>Roels Joan</fme:Naam>
<fme:Adres>Tijl Uilenspiegelstraat 22</fme:Adres>
<fme:Stad>Brugge</fme:Stad>
<fme:Tarief>Inkomenstarief</fme:Tarief>
<fme:Aangemaakt_op>16/03/2017</fme:Aangemaakt_op>
</fme:Kinderopvang>
<fme:Kinderopvang>
<fme:Naam>De bezige bijtjes</fme:Naam>
<fme:Adres>Tijl Uilenspiegelstraat 34</fme:Adres>
<fme:Stad>Brugge</fme:Stad>
<fme:Tarief>Inkomenstarief</fme:Tarief>
<fme:Aangemaakt_op>16/03/2017</fme:Aangemaakt_op>
</fme:Kinderopvang>
<fme:Kinderopvang>
<fme:Naam>Wallaert Berlinda</fme:Naam>
<fme:Adres>Tijl Uilenspiegelstraat 5</fme:Adres>
<fme:Stad>Brugge</fme:Stad>
<fme:Tarief>Vrije prijs</fme:Tarief>
<fme:Aangemaakt_op>16/03/2017</fme:Aangemaakt_op>
</fme:Kinderopvang>
<fme:Kinderopvang>
<fme:Naam>Bachviooltje</fme:Naam>
<fme:Adres>Titecastraat 19</fme:Adres>
<fme:Stad>Sint-Michiels</fme:Stad>
<fme:Tarief>Inkomenstarief</fme:Tarief>
<fme:Aangemaakt_op>16/03/2017</fme:Aangemaakt_op>
</fme:Kinderopvang>
<fme:Kinderopvang>
<fme:Naam>Het Baby Bengeltje</fme:Naam>
<fme:Adres>Torhoutse Steenweg 358</fme:Adres>
<fme:Stad>Sint-Andries</fme:Stad>
<fme:Tarief>Inkomenstarief</fme:Tarief>
<fme:Aangemaakt_op>16/03/2017</fme:Aangemaakt_op>
</fme:Kinderopvang>
<fme:Kinderopvang>
<fme:Naam>Van Nieuwenhuyse Dominique</fme:Naam>
<fme:Adres>Torhoutse Steenweg 453</fme:Adres>
<fme:Stad>Sint-Michiels</fme:Stad>
<fme:Tarief>Inkomenstarief</fme:Tarief>
<fme:Aangemaakt_op>16/03/2017</fme:Aangemaakt_op>
</fme:Kinderopvang>
<fme:Kinderopvang>
<fme:Naam>De Poppenkast</fme:Naam>
<fme:Adres>Torhoutse Steenweg 9</fme:Adres>
<fme:Stad>Sint-Andries</fme:Stad>
<fme:Tarief>Inkomenstarief</fme:Tarief>
<fme:Aangemaakt_op>16/03/2017</fme:Aangemaakt_op>
</fme:Kinderopvang>
<fme:Kinderopvang>
<fme:Naam>Aucoin Oline</fme:Naam>
<fme:Adres>Van Leeg Tot Zand 21</fme:Adres>
<fme:Stad>Sint-Andries</fme:Stad>
<fme:Tarief>Inkomenstarief</fme:Tarief>
<fme:Aangemaakt_op>16/03/2017</fme:Aangemaakt_op>
</fme:Kinderopvang>
<fme:Kinderopvang>
<fme:Naam>De Clerck Lisa</fme:Naam>
<fme:Adres>Van Steenestraat 23</fme:Adres>
<fme:Stad>Assebroek</fme:Stad>
<fme:Tarief>Inkomenstarief</fme:Tarief>
<fme:Aangemaakt_op>16/03/2017</fme:Aangemaakt_op>
</fme:Kinderopvang>
<fme:Kinderopvang>
<fme:Naam>Vervisch Regine</fme:Naam>
<fme:Adres>Vier Uitersten 19</fme:Adres>
<fme:Stad>Sint-Andries</fme:Stad>
<fme:Tarief>Inkomenstarief</fme:Tarief>
<fme:Aangemaakt_op>16/03/2017</fme:Aangemaakt_op>
</fme:Kinderopvang>
<fme:Kinderopvang>
<fme:Naam>t Vlindertje</fme:Naam>
<fme:Adres>Vijversdreef 10</fme:Adres>
<fme:Stad>Sint-Kruis</fme:Stad>
<fme:Tarief>Inkomenstarief</fme:Tarief>
<fme:Aangemaakt_op>16/03/2017</fme:Aangemaakt_op>
</fme:Kinderopvang>
<fme:Kinderopvang>
<fme:Naam>Casteleyn Kim</fme:Naam>
<fme:Adres>Vossensteert 7</fme:Adres>
<fme:Stad>Assebroek</fme:Stad>
<fme:Tarief>Inkomenstarief</fme:Tarief>
<fme:Aangemaakt_op>16/03/2017</fme:Aangemaakt_op>
</fme:Kinderopvang>
<fme:Kinderopvang>
<fme:Naam>Bootje</fme:Naam>
<fme:Adres>Vrijheidsstraat 12</fme:Adres>
<fme:Stad>Assebroek</fme:Stad>
<fme:Tarief>Inkomenstarief</fme:Tarief>
<fme:Aangemaakt_op>16/03/2017</fme:Aangemaakt_op>
</fme:Kinderopvang>
<fme:Kinderopvang>
<fme:Naam>Kiekeboe</fme:Naam>
<fme:Adres>Vrijheidsstraat 2</fme:Adres>
<fme:Stad>Assebroek</fme:Stad>
<fme:Tarief>Inkomenstarief</fme:Tarief>
<fme:Aangemaakt_op>16/03/2017</fme:Aangemaakt_op>
</fme:Kinderopvang>
<fme:Kinderopvang>
<fme:Naam>Debruyne Pascale</fme:Naam>
<fme:Adres>Vrijheidsstraat 46</fme:Adres>
<fme:Stad>Assebroek</fme:Stad>
<fme:Tarief>Inkomenstarief</fme:Tarief>
<fme:Aangemaakt_op>16/03/2017</fme:Aangemaakt_op>
</fme:Kinderopvang>
<fme:Kinderopvang>
<fme:Naam>Vanhove Magda</fme:Naam>
<fme:Adres>Vrijheidsstraat 49</fme:Adres>
<fme:Stad>Assebroek</fme:Stad>
<fme:Tarief>Inkomenstarief</fme:Tarief>
<fme:Aangemaakt_op>16/03/2017</fme:Aangemaakt_op>
</fme:Kinderopvang>
<fme:Kinderopvang>
<fme:Naam>Sprankelnest</fme:Naam>
<fme:Adres>Wagenbruggelaan 18 bus A</fme:Adres>
<fme:Stad>Sint-Michiels</fme:Stad>
<fme:Tarief>Inkomenstarief</fme:Tarief>
<fme:Aangemaakt_op>16/03/2017</fme:Aangemaakt_op>
</fme:Kinderopvang>
<fme:Kinderopvang>
<fme:Naam>Van Houcke Anneke</fme:Naam>
<fme:Adres>Wijnenburgstraat 75</fme:Adres>
<fme:Stad>Brugge</fme:Stad>
<fme:Tarief>Inkomenstarief</fme:Tarief>
<fme:Aangemaakt_op>16/03/2017</fme:Aangemaakt_op>
</fme:Kinderopvang>
<fme:Kinderopvang>
<fme:Naam>Verstraete Marijke</fme:Naam>
<fme:Adres>Wittemolenstraat 42</fme:Adres>
<fme:Stad>Sint-Michiels</fme:Stad>
<fme:Tarief>Inkomenstarief</fme:Tarief>
<fme:Aangemaakt_op>16/03/2017</fme:Aangemaakt_op>
</fme:Kinderopvang>
<fme:Kinderopvang>
<fme:Naam>Brandt Nancy en Debaenst Werner</fme:Naam>
<fme:Adres>Zandstraat 133</fme:Adres>
<fme:Stad>Sint-Andries</fme:Stad>
<fme:Tarief>Inkomenstarief</fme:Tarief>
<fme:Aangemaakt_op>16/03/2017</fme:Aangemaakt_op>
</fme:Kinderopvang>
<fme:Kinderopvang>
<fme:Naam>Bolleke Beer</fme:Naam>
<fme:Adres>Zandstraat 71</fme:Adres>
<fme:Stad>Sint-Andries</fme:Stad>
<fme:Tarief>Inkomenstarief</fme:Tarief>
<fme:Aangemaakt_op>16/03/2017</fme:Aangemaakt_op>
</fme:Kinderopvang>
<fme:Kinderopvang>
<fme:Naam>Pharasyn Dominique en Bigler Jacky</fme:Naam>
<fme:Adres>Zandwege 32</fme:Adres>
<fme:Stad>Brugge</fme:Stad>
<fme:Tarief>Inkomenstarief</fme:Tarief>
<fme:Aangemaakt_op>16/03/2017</fme:Aangemaakt_op>
</fme:Kinderopvang>
<fme:Kinderopvang>
<fme:Naam>Spriet Heidi en De Crop Robby</fme:Naam>
<fme:Adres>Zandwege 38</fme:Adres>
<fme:Stad>Brugge</fme:Stad>
<fme:Tarief>Inkomenstarief</fme:Tarief>
<fme:Aangemaakt_op>16/03/2017</fme:Aangemaakt_op>
</fme:Kinderopvang>
<fme:Kinderopvang>
<fme:Naam>De Clercq Pascale</fme:Naam>
<fme:Adres>Zeebruggelaan 100</fme:Adres>
<fme:Stad>Lissewege</fme:Stad>
<fme:Tarief>Inkomenstarief</fme:Tarief>
<fme:Aangemaakt_op>16/03/2017</fme:Aangemaakt_op>
</fme:Kinderopvang>
<fme:Kinderopvang>
<fme:Naam>De Groote Heidi</fme:Naam>
<fme:Adres>Zeebruggelaan 7</fme:Adres>
<fme:Stad>Lissewege</fme:Stad>
<fme:Tarief>Inkomenstarief</fme:Tarief>
<fme:Aangemaakt_op>16/03/2017</fme:Aangemaakt_op>
</fme:Kinderopvang>
<fme:Kinderopvang>
<fme:Naam>Z8 dromen XL</fme:Naam>
<fme:Adres>Zilverstraat 26</fme:Adres>
<fme:Stad>Brugge</fme:Stad>
<fme:Tarief>Inkomenstarief</fme:Tarief>
<fme:Aangemaakt_op>16/03/2017</fme:Aangemaakt_op>
</fme:Kinderopvang>
<fme:Kinderopvang>
<fme:Naam>Bilaey Nancy</fme:Naam>
<fme:Adres>Zuiderakker 9</fme:Adres>
<fme:Stad>Assebroek</fme:Stad>
<fme:Tarief>Inkomenstarief</fme:Tarief>
<fme:Aangemaakt_op>16/03/2017</fme:Aangemaakt_op>
</fme:Kinderopvang>
<fme:Kinderopvang>
<fme:Naam>De Peuterhaven</fme:Naam>
<fme:Adres>Zustersstraat 11</fme:Adres>
<fme:Stad>Zeebrugge</fme:Stad>
<fme:Tarief>Inkomenstarief</fme:Tarief>
<fme:Aangemaakt_op>16/03/2017</fme:Aangemaakt_op>
</fme:Kinderopvang>
<fme:Kinderopvang>
<fme:Naam>Blydhove BamBam</fme:Naam>
<fme:Adres>Astridlaan 88</fme:Adres>
<fme:Stad>Assebroek</fme:Stad>
<fme:Tarief>Inkomenstarief</fme:Tarief>
<fme:Aangemaakt_op>16/03/2017</fme:Aangemaakt_op>
</fme:Kinderopvang>
<fme:Kinderopvang>
<fme:Naam>Blydhove Piraat</fme:Naam>
<fme:Adres>Blekerijstraat 25</fme:Adres>
<fme:Stad>Assebroek</fme:Stad>
<fme:Tarief>Inkomenstarief</fme:Tarief>
<fme:Aangemaakt_op>16/03/2017</fme:Aangemaakt_op>
</fme:Kinderopvang>
<fme:Kinderopvang>
<fme:Naam>Rinkelbel</fme:Naam>
<fme:Adres>Prins Leopoldstraat 42</fme:Adres>
<fme:Stad>Sint-Kruis</fme:Stad>
<fme:Tarief>Inkomenstarief</fme:Tarief>
<fme:Aangemaakt_op>16/03/2017</fme:Aangemaakt_op>
</fme:Kinderopvang>
<fme:Kinderopvang>
<fme:Naam>Sprankelpoort</fme:Naam>
<fme:Adres>Spoorwegstraat 250</fme:Adres>
<fme:Stad>Sint-Michiels</fme:Stad>
<fme:Tarief>Vrije prijs</fme:Tarief>
<fme:Aangemaakt_op>16/03/2017</fme:Aangemaakt_op>
</fme:Kinderopvang>
<fme:Kinderopvang>
<fme:Naam>Paideia vzw</fme:Naam>
<fme:Adres>Molenwiekstraat-West 30</fme:Adres>
<fme:Stad>Sint-Andries</fme:Stad>
<fme:Tarief>Inkomenstarief</fme:Tarief>
<fme:Aangemaakt_op>16/03/2017</fme:Aangemaakt_op>
</fme:Kinderopvang>
<fme:Kinderopvang>
<fme:Naam>Moesje</fme:Naam>
<fme:Adres>Zustersstraat 11</fme:Adres>
<fme:Stad>Zeebrugge</fme:Stad>
<fme:Tarief>Inkomenstarief</fme:Tarief>
<fme:Aangemaakt_op>16/03/2017</fme:Aangemaakt_op>
</fme:Kinderopvang>
<fme:Kinderopvang>
<fme:Naam>Dedullen Anne-Mie</fme:Naam>
<fme:Adres>Aanborgersstraat 4</fme:Adres>
<fme:Stad>Assebroek</fme:Stad>
<fme:Tarief>Vrije prijs</fme:Tarief>
<fme:Aangemaakt_op>16/03/2017</fme:Aangemaakt_op>
</fme:Kinderopvang>
<fme:Kinderopvang>
<fme:Naam>'t Ravotterke</fme:Naam>
<fme:Adres>Dries 2</fme:Adres>
<fme:Stad>Assebroek</fme:Stad>
<fme:Aangemaakt_op>16/03/2017</fme:Aangemaakt_op>
</fme:Kinderopvang>
<fme:Kinderopvang>
<fme:Naam>Kiekeboe Speelhuis</fme:Naam>
<fme:Adres>Evert Van 't Padstraat 27</fme:Adres>
<fme:Stad>Assebroek</fme:Stad>
<fme:Aangemaakt_op>16/03/2017</fme:Aangemaakt_op>
</fme:Kinderopvang>
<fme:Kinderopvang>
<fme:Naam>Pietje Pek vzw</fme:Naam>
<fme:Adres>Peterseliestraat 23</fme:Adres>
<fme:Stad>Brugge</fme:Stad>
<fme:Aangemaakt_op>16/03/2017</fme:Aangemaakt_op>
</fme:Kinderopvang>
<fme:Kinderopvang>
<fme:Naam>Kakelbont - Paideia</fme:Naam>
<fme:Adres>Koude Keukenstraat 8B</fme:Adres>
<fme:Stad>Sint-Andries</fme:Stad>
<fme:Aangemaakt_op>16/03/2017</fme:Aangemaakt_op>
</fme:Kinderopvang>
<fme:Kinderopvang>
<fme:Naam>De Paddestoel</fme:Naam>
<fme:Adres>Sint-Arnolduslaan 26</fme:Adres>
<fme:Stad>Sint-Michiels</fme:Stad>
<fme:Aangemaakt_op>16/03/2017</fme:Aangemaakt_op>
</fme:Kinderopvang>
<fme:Kinderopvang>
<fme:Naam>Kakelbont - Paideia</fme:Naam>
<fme:Adres>Oudekerkstraat 23A</fme:Adres>
<fme:Stad>Sint-Michiels</fme:Stad>
<fme:Aangemaakt_op>16/03/2017</fme:Aangemaakt_op>
</fme:Kinderopvang>
<fme:Kinderopvang>
<fme:Naam>Kinderwerking Sint-Jozef</fme:Naam>
<fme:Adres>Gandiplein 25</fme:Adres>
<fme:Stad>Sint-Jozef</fme:Stad>
<fme:Aangemaakt_op>16/03/2017</fme:Aangemaakt_op>
</fme:Kinderopvang>
<fme:Kinderopvang>
<fme:Naam>Lissewege De Zocjes</fme:Naam>
<fme:Adres>Stationsstraat 25</fme:Adres>
<fme:Stad>Lissewege</fme:Stad>
<fme:Aangemaakt_op>16/03/2017</fme:Aangemaakt_op>
</fme:Kinderopvang>
<fme:Kinderopvang>
<fme:Naam>Kinderwerking De Zocjes</fme:Naam>
<fme:Adres>Evendijk-Oost 246</fme:Adres>
<fme:Stad>Zeebrugge</fme:Stad>
<fme:Aangemaakt_op>16/03/2017</fme:Aangemaakt_op>
</fme:Kinderopvang>
<fme:Kinderopvang>
<fme:Naam>De Plonsjes</fme:Naam>
<fme:Adres>Heiststraat 134</fme:Adres>
<fme:Stad>Zeebrugge</fme:Stad>
<fme:Aangemaakt_op>16/03/2017</fme:Aangemaakt_op>
</fme:Kinderopvang>
<fme:Kinderopvang>
<fme:Naam>Mariawende - 't Speelhuis</fme:Naam>
<fme:Adres>Boogschutterslaan 25</fme:Adres>
<fme:Stad>Sint-Kruis</fme:Stad>
<fme:Aangemaakt_op>16/03/2017</fme:Aangemaakt_op>
</fme:Kinderopvang>
<fme:Kinderopvang>
<fme:Naam>Mariawende Minihuis Male</fme:Naam>
<fme:Adres>Raadsherenlaan 42</fme:Adres>
<fme:Stad>Sint-Kruis</fme:Stad>
<fme:Aangemaakt_op>16/03/2017</fme:Aangemaakt_op>
</fme:Kinderopvang>
</fme:Kinderopvang-table>
</fme:xml-tables>