<?xml version="1.0" encoding="UTF-8"?>
<fme:xml-tables xmlns:xsi="http://www.w3.org/2001/XMLSchema-instance" xmlns:fme="http://www.safe.com/xml/xmltables" xsi:schemaLocation="http://www.safe.com/xml/xmltables WM_fietsoverstekenOK.xsd">
<fme:WM_fietsoverstekenOK-table>
<fme:WM_fietsoverstekenOK>
<fme:Id>1</fme:Id>
<fme:Materiaal>verf</fme:Materiaal>
<fme:Beheerder>stad</fme:Beheerder>
<fme:Aangemaakt_op>15/09/2016</fme:Aangemaakt_op>
</fme:WM_fietsoverstekenOK>
<fme:WM_fietsoverstekenOK>
<fme:Id>2</fme:Id>
<fme:Materiaal>verf</fme:Materiaal>
<fme:Beheerder>Stad</fme:Beheerder>
<fme:Aangemaakt_op>15/09/2016</fme:Aangemaakt_op>
</fme:WM_fietsoverstekenOK>
<fme:WM_fietsoverstekenOK>
<fme:Id>3</fme:Id>
<fme:Materiaal>verf</fme:Materiaal>
<fme:Beheerder>Satd</fme:Beheerder>
<fme:Aangemaakt_op>15/09/2016</fme:Aangemaakt_op>
</fme:WM_fietsoverstekenOK>
<fme:WM_fietsoverstekenOK>
<fme:Id>4</fme:Id>
<fme:Materiaal>verf</fme:Materiaal>
<fme:Beheerder>Stad</fme:Beheerder>
<fme:Aangemaakt_op>15/09/2016</fme:Aangemaakt_op>
</fme:WM_fietsoverstekenOK>
<fme:WM_fietsoverstekenOK>
<fme:Id>5</fme:Id>
<fme:Materiaal>thermoplast</fme:Materiaal>
<fme:Beheerder>Stad</fme:Beheerder>
<fme:Aangemaakt_op>15/09/2016</fme:Aangemaakt_op>
</fme:WM_fietsoverstekenOK>
<fme:WM_fietsoverstekenOK>
<fme:Id>6</fme:Id>
<fme:Materiaal>verf</fme:Materiaal>
<fme:Beheerder>Stad</fme:Beheerder>
<fme:Aangemaakt_op>15/09/2016</fme:Aangemaakt_op>
</fme:WM_fietsoverstekenOK>
<fme:WM_fietsoverstekenOK>
<fme:Id>7</fme:Id>
<fme:Materiaal>verf</fme:Materiaal>
<fme:Beheerder>Stad</fme:Beheerder>
<fme:Aangemaakt_op>15/09/2016</fme:Aangemaakt_op>
</fme:WM_fietsoverstekenOK>
<fme:WM_fietsoverstekenOK>
<fme:Id>8</fme:Id>
<fme:Materiaal>verf</fme:Materiaal>
<fme:Beheerder>Stad</fme:Beheerder>
<fme:Aangemaakt_op>15/09/2016</fme:Aangemaakt_op>
</fme:WM_fietsoverstekenOK>
<fme:WM_fietsoverstekenOK>
<fme:Id>9</fme:Id>
<fme:Materiaal>thermoplast</fme:Materiaal>
<fme:Beheerder>Stad</fme:Beheerder>
<fme:Aangemaakt_op>15/09/2016</fme:Aangemaakt_op>
</fme:WM_fietsoverstekenOK>
<fme:WM_fietsoverstekenOK>
<fme:Id>10</fme:Id>
<fme:Beheerder>Stad</fme:Beheerder>
<fme:Aangemaakt_op>15/09/2016</fme:Aangemaakt_op>
</fme:WM_fietsoverstekenOK>
<fme:WM_fietsoverstekenOK>
<fme:Id>11</fme:Id>
<fme:Beheerder>Stad</fme:Beheerder>
<fme:Aangemaakt_op>15/09/2016</fme:Aangemaakt_op>
</fme:WM_fietsoverstekenOK>
<fme:WM_fietsoverstekenOK>
<fme:Id>12</fme:Id>
<fme:Beheerder>Stad</fme:Beheerder>
<fme:Aangemaakt_op>15/09/2016</fme:Aangemaakt_op>
</fme:WM_fietsoverstekenOK>
<fme:WM_fietsoverstekenOK>
<fme:Id>13</fme:Id>
<fme:Beheerder>Stad</fme:Beheerder>
<fme:Aangemaakt_op>15/09/2016</fme:Aangemaakt_op>
</fme:WM_fietsoverstekenOK>
<fme:WM_fietsoverstekenOK>
<fme:Id>14</fme:Id>
<fme:Materiaal>thermoplast</fme:Materiaal>
<fme:Beheerder>Stad</fme:Beheerder>
<fme:Aangemaakt_op>15/09/2016</fme:Aangemaakt_op>
</fme:WM_fietsoverstekenOK>
<fme:WM_fietsoverstekenOK>
<fme:Id>15</fme:Id>
<fme:Materiaal>thermoplast</fme:Materiaal>
<fme:Beheerder>stad</fme:Beheerder>
<fme:Aangemaakt_op>15/09/2016</fme:Aangemaakt_op>
</fme:WM_fietsoverstekenOK>
<fme:WM_fietsoverstekenOK>
<fme:Id>16</fme:Id>
<fme:Materiaal>thermoplast</fme:Materiaal>
<fme:Beheerder>Stad</fme:Beheerder>
<fme:Aangemaakt_op>15/09/2016</fme:Aangemaakt_op>
</fme:WM_fietsoverstekenOK>
<fme:WM_fietsoverstekenOK>
<fme:Id>17</fme:Id>
<fme:Materiaal>verf</fme:Materiaal>
<fme:Beheerder>Stad</fme:Beheerder>
<fme:Aangemaakt_op>15/09/2016</fme:Aangemaakt_op>
</fme:WM_fietsoverstekenOK>
<fme:WM_fietsoverstekenOK>
<fme:Id>18</fme:Id>
<fme:Beheerder>Stad</fme:Beheerder>
<fme:Aangemaakt_op>15/09/2016</fme:Aangemaakt_op>
</fme:WM_fietsoverstekenOK>
<fme:WM_fietsoverstekenOK>
<fme:Id>19</fme:Id>
<fme:Beheerder>Stad</fme:Beheerder>
<fme:Aangemaakt_op>15/09/2016</fme:Aangemaakt_op>
</fme:WM_fietsoverstekenOK>
<fme:WM_fietsoverstekenOK>
<fme:Id>20</fme:Id>
<fme:Beheerder>Stad</fme:Beheerder>
<fme:Aangemaakt_op>15/09/2016</fme:Aangemaakt_op>
</fme:WM_fietsoverstekenOK>
<fme:WM_fietsoverstekenOK>
<fme:Id>21</fme:Id>
<fme:Materiaal>thermoplast</fme:Materiaal>
<fme:Beheerder>Stad</fme:Beheerder>
<fme:Aangemaakt_op>15/09/2016</fme:Aangemaakt_op>
</fme:WM_fietsoverstekenOK>
<fme:WM_fietsoverstekenOK>
<fme:Id>22</fme:Id>
<fme:Materiaal>verf</fme:Materiaal>
<fme:Beheerder>Stad</fme:Beheerder>
<fme:Aangemaakt_op>15/09/2016</fme:Aangemaakt_op>
</fme:WM_fietsoverstekenOK>
<fme:WM_fietsoverstekenOK>
<fme:Id>23</fme:Id>
<fme:Materiaal>verf</fme:Materiaal>
<fme:Beheerder>Stad</fme:Beheerder>
<fme:Aangemaakt_op>15/09/2016</fme:Aangemaakt_op>
</fme:WM_fietsoverstekenOK>
<fme:WM_fietsoverstekenOK>
<fme:Id>24</fme:Id>
<fme:Materiaal>thermoplast</fme:Materiaal>
<fme:Beheerder>Stad</fme:Beheerder>
<fme:Aangemaakt_op>15/09/2016</fme:Aangemaakt_op>
</fme:WM_fietsoverstekenOK>
<fme:WM_fietsoverstekenOK>
<fme:Id>24</fme:Id>
<fme:Materiaal>thermoplast</fme:Materiaal>
<fme:Beheerder>Stad</fme:Beheerder>
<fme:Aangemaakt_op>15/09/2016</fme:Aangemaakt_op>
</fme:WM_fietsoverstekenOK>
<fme:WM_fietsoverstekenOK>
<fme:Id>26</fme:Id>
<fme:Materiaal>thermoplast</fme:Materiaal>
<fme:Beheerder>Stad</fme:Beheerder>
<fme:Aangemaakt_op>15/09/2016</fme:Aangemaakt_op>
</fme:WM_fietsoverstekenOK>
<fme:WM_fietsoverstekenOK>
<fme:Id>27</fme:Id>
<fme:Materiaal>thermoplast</fme:Materiaal>
<fme:Beheerder>Stad</fme:Beheerder>
<fme:Aangemaakt_op>15/09/2016</fme:Aangemaakt_op>
</fme:WM_fietsoverstekenOK>
<fme:WM_fietsoverstekenOK>
<fme:Id>28</fme:Id>
<fme:Materiaal>thermoplast</fme:Materiaal>
<fme:Aangemaakt_op>15/09/2016</fme:Aangemaakt_op>
</fme:WM_fietsoverstekenOK>
<fme:WM_fietsoverstekenOK>
<fme:Id>29</fme:Id>
<fme:Materiaal>verf</fme:Materiaal>
<fme:Beheerder>Stad</fme:Beheerder>
<fme:Aangemaakt_op>15/09/2016</fme:Aangemaakt_op>
</fme:WM_fietsoverstekenOK>
<fme:WM_fietsoverstekenOK>
<fme:Id>30</fme:Id>
<fme:Materiaal>verf</fme:Materiaal>
<fme:Beheerder>Stad</fme:Beheerder>
<fme:Aangemaakt_op>15/09/2016</fme:Aangemaakt_op>
</fme:WM_fietsoverstekenOK>
<fme:WM_fietsoverstekenOK>
<fme:Id>31</fme:Id>
<fme:Materiaal>verf</fme:Materiaal>
<fme:Beheerder>Stad</fme:Beheerder>
<fme:Aangemaakt_op>15/09/2016</fme:Aangemaakt_op>
</fme:WM_fietsoverstekenOK>
<fme:WM_fietsoverstekenOK>
<fme:Id>32</fme:Id>
<fme:Materiaal>verf</fme:Materiaal>
<fme:Beheerder>Stad</fme:Beheerder>
<fme:Aangemaakt_op>15/09/2016</fme:Aangemaakt_op>
</fme:WM_fietsoverstekenOK>
<fme:WM_fietsoverstekenOK>
<fme:Id>33</fme:Id>
<fme:Materiaal>verf</fme:Materiaal>
<fme:Beheerder>Stad</fme:Beheerder>
<fme:Aangemaakt_op>15/09/2016</fme:Aangemaakt_op>
</fme:WM_fietsoverstekenOK>
<fme:WM_fietsoverstekenOK>
<fme:Id>34</fme:Id>
<fme:Materiaal>verf</fme:Materiaal>
<fme:Beheerder>Stad</fme:Beheerder>
<fme:Aangemaakt_op>15/09/2016</fme:Aangemaakt_op>
</fme:WM_fietsoverstekenOK>
<fme:WM_fietsoverstekenOK>
<fme:Id>35</fme:Id>
<fme:Materiaal>verf</fme:Materiaal>
<fme:Beheerder>Stad</fme:Beheerder>
<fme:Aangemaakt_op>15/09/2016</fme:Aangemaakt_op>
</fme:WM_fietsoverstekenOK>
<fme:WM_fietsoverstekenOK>
<fme:Id>36</fme:Id>
<fme:Beheerder>Stad</fme:Beheerder>
<fme:Aangemaakt_op>15/09/2016</fme:Aangemaakt_op>
</fme:WM_fietsoverstekenOK>
<fme:WM_fietsoverstekenOK>
<fme:Id>37</fme:Id>
<fme:Beheerder>Stad</fme:Beheerder>
<fme:Aangemaakt_op>15/09/2016</fme:Aangemaakt_op>
</fme:WM_fietsoverstekenOK>
<fme:WM_fietsoverstekenOK>
<fme:Id>38</fme:Id>
<fme:Materiaal>thermoplast</fme:Materiaal>
<fme:Beheerder>Stad</fme:Beheerder>
<fme:Aangemaakt_op>15/09/2016</fme:Aangemaakt_op>
</fme:WM_fietsoverstekenOK>
<fme:WM_fietsoverstekenOK>
<fme:Id>39</fme:Id>
<fme:Materiaal>thermoplast</fme:Materiaal>
<fme:Beheerder>Stad</fme:Beheerder>
<fme:Aangemaakt_op>15/09/2016</fme:Aangemaakt_op>
</fme:WM_fietsoverstekenOK>
<fme:WM_fietsoverstekenOK>
<fme:Id>40</fme:Id>
<fme:Materiaal>verf</fme:Materiaal>
<fme:Beheerder>Stad</fme:Beheerder>
<fme:Aangemaakt_op>15/09/2016</fme:Aangemaakt_op>
</fme:WM_fietsoverstekenOK>
<fme:WM_fietsoverstekenOK>
<fme:Id>41</fme:Id>
<fme:Materiaal>thermoplast</fme:Materiaal>
<fme:Beheerder>Stad</fme:Beheerder>
<fme:Aangemaakt_op>15/09/2016</fme:Aangemaakt_op>
</fme:WM_fietsoverstekenOK>
<fme:WM_fietsoverstekenOK>
<fme:Id>42</fme:Id>
<fme:Materiaal>betonstraatstenen</fme:Materiaal>
<fme:Beheerder>Stad</fme:Beheerder>
<fme:Aangemaakt_op>15/09/2016</fme:Aangemaakt_op>
</fme:WM_fietsoverstekenOK>
<fme:WM_fietsoverstekenOK>
<fme:Id>43</fme:Id>
<fme:Materiaal>betonstraatstenen</fme:Materiaal>
<fme:Beheerder>Stad</fme:Beheerder>
<fme:Aangemaakt_op>15/09/2016</fme:Aangemaakt_op>
</fme:WM_fietsoverstekenOK>
<fme:WM_fietsoverstekenOK>
<fme:Id>44</fme:Id>
<fme:Materiaal>thermoplast</fme:Materiaal>
<fme:Beheerder>Stad</fme:Beheerder>
<fme:Aangemaakt_op>15/09/2016</fme:Aangemaakt_op>
</fme:WM_fietsoverstekenOK>
<fme:WM_fietsoverstekenOK>
<fme:Id>45</fme:Id>
<fme:Beheerder>Stad</fme:Beheerder>
<fme:Aangemaakt_op>15/09/2016</fme:Aangemaakt_op>
</fme:WM_fietsoverstekenOK>
<fme:WM_fietsoverstekenOK>
<fme:Id>46</fme:Id>
<fme:Materiaal>verf</fme:Materiaal>
<fme:Beheerder>Stad</fme:Beheerder>
<fme:Aangemaakt_op>15/09/2016</fme:Aangemaakt_op>
</fme:WM_fietsoverstekenOK>
<fme:WM_fietsoverstekenOK>
<fme:Id>47</fme:Id>
<fme:Materiaal>verf</fme:Materiaal>
<fme:Beheerder>Stad</fme:Beheerder>
<fme:Aangemaakt_op>15/09/2016</fme:Aangemaakt_op>
</fme:WM_fietsoverstekenOK>
<fme:WM_fietsoverstekenOK>
<fme:Id>48</fme:Id>
<fme:Materiaal>verf</fme:Materiaal>
<fme:Beheerder>Stad</fme:Beheerder>
<fme:Aangemaakt_op>15/09/2016</fme:Aangemaakt_op>
</fme:WM_fietsoverstekenOK>
<fme:WM_fietsoverstekenOK>
<fme:Id>49</fme:Id>
<fme:Materiaal>verf</fme:Materiaal>
<fme:Beheerder>Stad</fme:Beheerder>
<fme:Aangemaakt_op>15/09/2016</fme:Aangemaakt_op>
</fme:WM_fietsoverstekenOK>
<fme:WM_fietsoverstekenOK>
<fme:Id>50</fme:Id>
<fme:Materiaal>verf</fme:Materiaal>
<fme:Beheerder>Stad</fme:Beheerder>
<fme:Aangemaakt_op>15/09/2016</fme:Aangemaakt_op>
</fme:WM_fietsoverstekenOK>
<fme:WM_fietsoverstekenOK>
<fme:Id>51</fme:Id>
<fme:Materiaal>verf</fme:Materiaal>
<fme:Beheerder>Stad</fme:Beheerder>
<fme:Aangemaakt_op>15/09/2016</fme:Aangemaakt_op>
</fme:WM_fietsoverstekenOK>
<fme:WM_fietsoverstekenOK>
<fme:Id>52</fme:Id>
<fme:Beheerder>Stad</fme:Beheerder>
<fme:Aangemaakt_op>15/09/2016</fme:Aangemaakt_op>
</fme:WM_fietsoverstekenOK>
<fme:WM_fietsoverstekenOK>
<fme:Id>53</fme:Id>
<fme:Materiaal>thermoplast</fme:Materiaal>
<fme:Beheerder>Stad</fme:Beheerder>
<fme:Aangemaakt_op>15/09/2016</fme:Aangemaakt_op>
</fme:WM_fietsoverstekenOK>
<fme:WM_fietsoverstekenOK>
<fme:Id>54</fme:Id>
<fme:Beheerder>Stad</fme:Beheerder>
<fme:Aangemaakt_op>15/09/2016</fme:Aangemaakt_op>
</fme:WM_fietsoverstekenOK>
<fme:WM_fietsoverstekenOK>
<fme:Id>55</fme:Id>
<fme:Beheerder>Stad</fme:Beheerder>
<fme:Aangemaakt_op>15/09/2016</fme:Aangemaakt_op>
</fme:WM_fietsoverstekenOK>
<fme:WM_fietsoverstekenOK>
<fme:Id>56</fme:Id>
<fme:Beheerder>Stad</fme:Beheerder>
<fme:Aangemaakt_op>15/09/2016</fme:Aangemaakt_op>
</fme:WM_fietsoverstekenOK>
<fme:WM_fietsoverstekenOK>
<fme:Id>57</fme:Id>
<fme:Beheerder>Stad</fme:Beheerder>
<fme:Aangemaakt_op>15/09/2016</fme:Aangemaakt_op>
</fme:WM_fietsoverstekenOK>
<fme:WM_fietsoverstekenOK>
<fme:Id>58</fme:Id>
<fme:Materiaal>thermoplast</fme:Materiaal>
<fme:Beheerder>Stad</fme:Beheerder>
<fme:Aangemaakt_op>15/09/2016</fme:Aangemaakt_op>
</fme:WM_fietsoverstekenOK>
<fme:WM_fietsoverstekenOK>
<fme:Id>59</fme:Id>
<fme:Materiaal>thermoplast</fme:Materiaal>
<fme:Beheerder>Stad</fme:Beheerder>
<fme:Aangemaakt_op>15/09/2016</fme:Aangemaakt_op>
</fme:WM_fietsoverstekenOK>
</fme:WM_fietsoverstekenOK-table>
</fme:xml-tables>