<?xml version="1.0" encoding="UTF-8"?>
<fme:xml-tables xmlns:xsi="http://www.w3.org/2001/XMLSchema-instance" xmlns:fme="http://www.safe.com/xml/xmltables" xsi:schemaLocation="http://www.safe.com/xml/xmltables Tellingen_aug2013_Totaal.xsd">
<fme:Tellingen_aug2013_Totaal-table>
<fme:Tellingen_aug2013_Totaal>
<fme:Id>0</fme:Id>
<fme:Id_1>1</fme:Id_1>
<fme:Naam_straa>Wijk 1 Beenhouwersstraat</fme:Naam_straa>
<fme:Parkeercap>376</fme:Parkeercap>
<fme:Bewoner_aa>204</fme:Bewoner_aa>
<fme:Buitenland>11</fme:Buitenland>
<fme:Andere_aan>114</fme:Andere_aan>
<fme:Totaal_aan>329</fme:Totaal_aan>
<fme:Vrije_park>47</fme:Vrije_park>
<fme:Proc_bezet>0.875</fme:Proc_bezet>
<fme:Proc_bewon>0.620061</fme:Proc_bewon>
<fme:Proc_buite>0.033435</fme:Proc_buite>
<fme:Proc_ander>0.346505</fme:Proc_ander>
<fme:Aangemaakt_op>07/07/2016</fme:Aangemaakt_op>
</fme:Tellingen_aug2013_Totaal>
<fme:Tellingen_aug2013_Totaal>
<fme:Id>0</fme:Id>
<fme:Id_1>2</fme:Id_1>
<fme:Naam_straa>Wijk 2 Ezelstraat  - Vlamingdam</fme:Naam_straa>
<fme:Parkeercap>416</fme:Parkeercap>
<fme:Bewoner_aa>162</fme:Bewoner_aa>
<fme:Buitenland>13</fme:Buitenland>
<fme:Andere_aan>123</fme:Andere_aan>
<fme:Totaal_aan>298</fme:Totaal_aan>
<fme:Vrije_park>118</fme:Vrije_park>
<fme:Proc_bezet>0.716346</fme:Proc_bezet>
<fme:Proc_bewon>0.543624</fme:Proc_bewon>
<fme:Proc_buite>0.043624</fme:Proc_buite>
<fme:Proc_ander>0.412752</fme:Proc_ander>
<fme:Aangemaakt_op>07/07/2016</fme:Aangemaakt_op>
</fme:Tellingen_aug2013_Totaal>
<fme:Tellingen_aug2013_Totaal>
<fme:Id>0</fme:Id>
<fme:Id_1>3</fme:Id_1>
<fme:Naam_straa>Wijk 3: Sint-Gilliswijk</fme:Naam_straa>
<fme:Parkeercap>886</fme:Parkeercap>
<fme:Bewoner_aa>346</fme:Bewoner_aa>
<fme:Buitenland>43</fme:Buitenland>
<fme:Andere_aan>245</fme:Andere_aan>
<fme:Totaal_aan>634</fme:Totaal_aan>
<fme:Vrije_park>252</fme:Vrije_park>
<fme:Proc_bezet>0.715576</fme:Proc_bezet>
<fme:Proc_bewon>0.545741</fme:Proc_bewon>
<fme:Proc_buite>0.067823</fme:Proc_buite>
<fme:Proc_ander>0.386435</fme:Proc_ander>
<fme:Aangemaakt_op>07/07/2016</fme:Aangemaakt_op>
</fme:Tellingen_aug2013_Totaal>
<fme:Tellingen_aug2013_Totaal>
<fme:Id>0</fme:Id>
<fme:Id_1>4</fme:Id_1>
<fme:Naam_straa>Wijk 4: Seminariewijk</fme:Naam_straa>
<fme:Parkeercap>646</fme:Parkeercap>
<fme:Bewoner_aa>181</fme:Bewoner_aa>
<fme:Buitenland>17</fme:Buitenland>
<fme:Andere_aan>146</fme:Andere_aan>
<fme:Totaal_aan>344</fme:Totaal_aan>
<fme:Vrije_park>302</fme:Vrije_park>
<fme:Proc_bezet>0.532508</fme:Proc_bezet>
<fme:Proc_bewon>0.526163</fme:Proc_bewon>
<fme:Proc_buite>0.049419</fme:Proc_buite>
<fme:Proc_ander>0.424419</fme:Proc_ander>
<fme:Aangemaakt_op>07/07/2016</fme:Aangemaakt_op>
</fme:Tellingen_aug2013_Totaal>
<fme:Tellingen_aug2013_Totaal>
<fme:Id>0</fme:Id>
<fme:Id_1>5</fme:Id_1>
<fme:Naam_straa>wijk 5: Sint-Annawijk</fme:Naam_straa>
<fme:Parkeercap>561</fme:Parkeercap>
<fme:Bewoner_aa>246</fme:Bewoner_aa>
<fme:Buitenland>9</fme:Buitenland>
<fme:Andere_aan>122</fme:Andere_aan>
<fme:Totaal_aan>377</fme:Totaal_aan>
<fme:Vrije_park>184</fme:Vrije_park>
<fme:Proc_bezet>0.672014</fme:Proc_bezet>
<fme:Proc_bewon>0.65252</fme:Proc_bewon>
<fme:Proc_buite>0.023873</fme:Proc_buite>
<fme:Proc_ander>0.323607</fme:Proc_ander>
<fme:Aangemaakt_op>07/07/2016</fme:Aangemaakt_op>
</fme:Tellingen_aug2013_Totaal>
<fme:Tellingen_aug2013_Totaal>
<fme:Id>0</fme:Id>
<fme:Id_1>6</fme:Id_1>
<fme:Naam_straa>Wijk 6: Gerechtshofwijk</fme:Naam_straa>
<fme:Parkeercap>553</fme:Parkeercap>
<fme:Bewoner_aa>245</fme:Bewoner_aa>
<fme:Buitenland>17</fme:Buitenland>
<fme:Andere_aan>149</fme:Andere_aan>
<fme:Totaal_aan>411</fme:Totaal_aan>
<fme:Vrije_park>142</fme:Vrije_park>
<fme:Proc_bezet>0.743219</fme:Proc_bezet>
<fme:Proc_bewon>0.596107</fme:Proc_bewon>
<fme:Proc_buite>0.041363</fme:Proc_buite>
<fme:Proc_ander>0.36253</fme:Proc_ander>
<fme:Aangemaakt_op>07/07/2016</fme:Aangemaakt_op>
</fme:Tellingen_aug2013_Totaal>
<fme:Tellingen_aug2013_Totaal>
<fme:Id>0</fme:Id>
<fme:Id_1>7</fme:Id_1>
<fme:Naam_straa>Wijk 7: Magdalenawijk</fme:Naam_straa>
<fme:Parkeercap>535</fme:Parkeercap>
<fme:Bewoner_aa>208</fme:Bewoner_aa>
<fme:Buitenland>55</fme:Buitenland>
<fme:Andere_aan>200</fme:Andere_aan>
<fme:Totaal_aan>463</fme:Totaal_aan>
<fme:Vrije_park>72</fme:Vrije_park>
<fme:Proc_bezet>0.865421</fme:Proc_bezet>
<fme:Proc_bewon>0.449244</fme:Proc_bewon>
<fme:Proc_buite>0.11879</fme:Proc_buite>
<fme:Proc_ander>0.431965</fme:Proc_ander>
<fme:Aangemaakt_op>07/07/2016</fme:Aangemaakt_op>
</fme:Tellingen_aug2013_Totaal>
<fme:Tellingen_aug2013_Totaal>
<fme:Id>0</fme:Id>
<fme:Id_1>8</fme:Id_1>
<fme:Naam_straa>Wijk 8: Wijk Oude Gentweg</fme:Naam_straa>
<fme:Parkeercap>423</fme:Parkeercap>
<fme:Bewoner_aa>147</fme:Bewoner_aa>
<fme:Buitenland>35</fme:Buitenland>
<fme:Andere_aan>156</fme:Andere_aan>
<fme:Totaal_aan>338</fme:Totaal_aan>
<fme:Vrije_park>85</fme:Vrije_park>
<fme:Proc_bezet>0.799054</fme:Proc_bezet>
<fme:Proc_bewon>0.434911</fme:Proc_bewon>
<fme:Proc_buite>0.10355</fme:Proc_buite>
<fme:Proc_ander>0.461538</fme:Proc_ander>
<fme:Aangemaakt_op>07/07/2016</fme:Aangemaakt_op>
</fme:Tellingen_aug2013_Totaal>
<fme:Tellingen_aug2013_Totaal>
<fme:Id>0</fme:Id>
<fme:Id_1>12</fme:Id_1>
<fme:Naam_straa>Wijk 12: Wijk Burg</fme:Naam_straa>
<fme:Parkeercap>254</fme:Parkeercap>
<fme:Bewoner_aa>114</fme:Bewoner_aa>
<fme:Buitenland>31</fme:Buitenland>
<fme:Andere_aan>67</fme:Andere_aan>
<fme:Totaal_aan>212</fme:Totaal_aan>
<fme:Vrije_park>42</fme:Vrije_park>
<fme:Proc_bezet>0.834646</fme:Proc_bezet>
<fme:Proc_bewon>0.537736</fme:Proc_bewon>
<fme:Proc_buite>0.146226</fme:Proc_buite>
<fme:Proc_ander>0.316038</fme:Proc_ander>
<fme:Aangemaakt_op>07/07/2016</fme:Aangemaakt_op>
</fme:Tellingen_aug2013_Totaal>
<fme:Tellingen_aug2013_Totaal>
<fme:Id>0</fme:Id>
<fme:Id_1>11</fme:Id_1>
<fme:Naam_straa>Wijk 11: Wijk Steenstraat</fme:Naam_straa>
<fme:Parkeercap>116</fme:Parkeercap>
<fme:Bewoner_aa>51</fme:Bewoner_aa>
<fme:Buitenland>14</fme:Buitenland>
<fme:Andere_aan>47</fme:Andere_aan>
<fme:Totaal_aan>112</fme:Totaal_aan>
<fme:Vrije_park>4</fme:Vrije_park>
<fme:Proc_bezet>0.965517</fme:Proc_bezet>
<fme:Proc_bewon>0.455357</fme:Proc_bewon>
<fme:Proc_buite>0.125</fme:Proc_buite>
<fme:Proc_ander>0.419643</fme:Proc_ander>
<fme:Aangemaakt_op>07/07/2016</fme:Aangemaakt_op>
</fme:Tellingen_aug2013_Totaal>
<fme:Tellingen_aug2013_Totaal>
<fme:Id>0</fme:Id>
<fme:Id_1>9</fme:Id_1>
<fme:Naam_straa>Wijk 9: Begijnhofwijk</fme:Naam_straa>
<fme:Parkeercap>259</fme:Parkeercap>
<fme:Bewoner_aa>112</fme:Bewoner_aa>
<fme:Buitenland>4</fme:Buitenland>
<fme:Andere_aan>28</fme:Andere_aan>
<fme:Totaal_aan>144</fme:Totaal_aan>
<fme:Vrije_park>115</fme:Vrije_park>
<fme:Proc_bezet>0.555985</fme:Proc_bezet>
<fme:Proc_bewon>0.777778</fme:Proc_bewon>
<fme:Proc_buite>0.027778</fme:Proc_buite>
<fme:Proc_ander>0.194444</fme:Proc_ander>
<fme:Aangemaakt_op>07/07/2016</fme:Aangemaakt_op>
</fme:Tellingen_aug2013_Totaal>
<fme:Tellingen_aug2013_Totaal>
<fme:Id>0</fme:Id>
<fme:Id_1>10</fme:Id_1>
<fme:Naam_straa>Wijk 10: West-Brugge</fme:Naam_straa>
<fme:Parkeercap>587</fme:Parkeercap>
<fme:Bewoner_aa>155</fme:Bewoner_aa>
<fme:Buitenland>13</fme:Buitenland>
<fme:Andere_aan>103</fme:Andere_aan>
<fme:Totaal_aan>271</fme:Totaal_aan>
<fme:Vrije_park>316</fme:Vrije_park>
<fme:Proc_bezet>0.46167</fme:Proc_bezet>
<fme:Proc_bewon>0.571956</fme:Proc_bewon>
<fme:Proc_buite>0.04797</fme:Proc_buite>
<fme:Proc_ander>0.380074</fme:Proc_ander>
<fme:Aangemaakt_op>07/07/2016</fme:Aangemaakt_op>
</fme:Tellingen_aug2013_Totaal>
</fme:Tellingen_aug2013_Totaal-table>
</fme:xml-tables>