Functie;Objectnaam;HMpunt;KadeNR;Naam_locatie;Naam_waterweg;LatWGS84;LoWGS84;latWGS84;loWGS84;Aangemaakt op
Brug;Pierre Vandammusluis: Brug ZW;-9999;;Zeebrugge;Pierre Vandammesluis - CDNB;51.331537;3.219306;51.3315369997723;3.21930599944099;22/06/2016
Brug;Herdersbrug;-9999;;Dudzele;Kanaal Brugge-Zeebrugge;51.269866;3.21294;51.2698660000637;3.21293999928709;22/06/2016
Brug;Pierre Vandammusluis: Brug ZO;-9999;;Zeebrugge;Pierre Vandammesluis - CDNB;51.331362;3.219452;51.3313620006249;3.21945200064104;22/06/2016
Brug;Visartsluis: wegbrug N;-9999;;Zeebrugge;Visartsluis - CDNB;51.32864;3.197946;51.3286399997828;3.19794600014214;22/06/2016
Brug;Visartsluis: Straussbrug;-9999;;Zeebrugge;Visartsluis - CDNB;51.326851;3.198398;51.3268510000881;3.19839800059651;22/06/2016
Brug;Pierre Vandammusluis: Brug NO;-9999;;Zeebrugge;Pierre Vandammesluis - CDNB;51.336399;3.215039;51.336399000656;3.21503899962958;22/06/2016
Brug;Pierre Vandammusluis: Brug NW;-9999;;Zeebrugge;Pierre Vandammesluis - CDNB;51.336549;3.214902;51.3365490002751;3.21490199927425;22/06/2016
Brug;Spoorwegbrug;-9999;;Dudzele;Kanaal Brugge-Zeebrugge;51.27442;3.212032;51.2744200002406;3.21203199933186;22/06/2016
