Functie;Objectnaam;HMpunt;KadeNR;Naam_locatie;Naam_waterweg;LatWGS84;LoWGS84;latWGS84;loWGS84;Aangemaakt op
Dok;Nijverheidsdok;-9999;;Brugge;Nijverheidsdok;51.229171;3.21706;51.2291710001302;3.21706000066892;22/06/2016
Dok;2de Militair Tijdok;-9999;;Zeebrugge;Visartsluis - CDNB;51.335469;3.199227;51.3354690000246;3.1992270002211;22/06/2016
Dok;Prins Filipsdok;-9999;;Zeebrugge;Prins Filipsdok;51.322193;3.195048;51.3221930001176;3.19504799994778;22/06/2016
Dok;Verbindingsdok;-9999;;Zeebrugge;Verbindingsdok;51.316562;3.222016;51.3165619998495;3.22201599900079;22/06/2016
Dok;Brittanniadok;-9999;;Zeebrugge;Brittaniadok;51.342859;3.216617;51.3428589999313;3.21661700081682;22/06/2016
Dok;Albert II-dok;-9999;;Zeebrugge;Albert II dok;51.348565;3.187507;51.3485650004933;3.18750700007306;22/06/2016
Dok;Zuidelijk Insteekdok;-9999;;Zeebrugge;Zuidelijk Insteekdok;51.307349;3.229586;51.3073489994325;3.22958600092931;22/06/2016
Dok;Oud Ferrydok;-9999;;Zeebrugge;Oud Ferrydok;51.319049;3.197945;51.3190489994003;3.1979449993781;22/06/2016
Dok;LNG dok;-9999;;Zeebrugge;LNG;51.35041;3.214654;51.3504100002716;3.21465399918878;22/06/2016
Dok;Wielingendok;-9999;;Zeebrugge;Wielingendok;51.357765;3.182202;51.357764999893;3.18220199891937;22/06/2016
Dok;Noordelijk Insteekdok;-9999;;Zeebrugge;Noordelijk Insteekdok;51.320636;3.213113;51.3206359995553;3.21311299910749;22/06/2016
Dok;1ste Militair Tijdok;-9999;;Zeebrugge;Visartsluis - CDNB;51.338409;3.204717;51.3384090004265;3.20471700102715;22/06/2016
Dok;Groot Handelsdok;-9999;;Brugge;Kanaal Brugge-Zeebrugge;51.22671;3.222397;51.226709999352;3.22239699977271;22/06/2016
Dok;Klein Handelsdok;-9999;;Brugge;Klein Handelsdok;51.229682;3.224623;51.2296819994652;3.22462300030678;22/06/2016
