Functie;Objectnaam;HMpunt;KadeNR;Naam_locatie;Naam_waterweg;LatWGS84;LoWGS84;latWGS84;loWGS84;Aangemaakt op
Havengebied;Havengebied 2;-9999;;Zeebrugge;Visartsluis - CDNB;51.335354;3.19325;51.3353540004022;3.19324999988142;22/06/2016
Havengebied;Havengebied 6;-9999;;Zeebrugge;LNG;51.352381;3.216301;51.3523809995276;3.2163009990991;22/06/2016
Havengebied;Havengebied 9;-9999;;Brugge;Kanaal Brugge-Zeebrugge;51.247972;3.213829;51.2479719995378;3.21382900107108;22/06/2016
Havengebied;Havengebied 5;-9999;;Zeebrugge;Zuidelijk Insteekdok;51.303632;3.22649;51.3036320005965;3.22648999915433;22/06/2016
Havengebied;Havengebied 4;-9999;;Zeebrugge;Noordelijk Insteekdok;51.321666;3.210039;51.3216659994971;3.21003899959026;22/06/2016
Havengebied;Havengebied 7;-9999;;Zeebrugge;Visartsluis - CDNB;51.339812;3.205674;51.3398120004994;3.20567399874288;22/06/2016
Havengebied;Havengebied 1;-9999;;Zeebrugge;Albert II dok;51.349144;3.185063;51.3491440003218;3.18506299962376;22/06/2016
Havengebied;Havengebied 8;-9999;;Lissewege;Kanaal Brugge-Zeebrugge;51.294423;3.206573;51.2944229996288;3.20657300115586;22/06/2016
Havengebied;Havengebied 3;-9999;;Zeebrugge;Prins Filipsdok;51.32168;3.194355;51.3216799999461;3.194354998754;22/06/2016
