Functie;Objectnaam;HMpunt;KadeNR;Naam_locatie;Naam_waterweg;LatWGS84;LoWGS84;latWGS84;loWGS84;Aangemaakt op
Ligplaats zonder overslag;Ligplaats 908;-9999;908;Brugge;Kanaal Brugge-Zeebrugge;51.253886;3.217485;51.2538860001191;3.21748499897857;22/06/2016
Ligplaats zonder overslag;Ligplaats 714;-9999;714;Zeebrugge;Visartsluis - CDNB;51.33883;3.205721;51.3388299994191;3.20572099964348;22/06/2016
Ligplaats zonder overslag;Ligplaats 311;-9999;311;Zeebrugge;Oud Ferrydok;51.317345;3.196613;51.3173450005503;3.19661299886937;22/06/2016
Ligplaats zonder overslag;Ligplaats 949;-9999;949;Brugge;Nijverheidsdok;51.230405;3.217333;51.2304050001291;3.21733300020243;22/06/2016
Ligplaats zonder overslag;Ligplaats 965;-9999;965;Brugge;Kanaal Brugge-Zeebrugge;51.251909;3.216494;51.2519089997795;3.216493999566;22/06/2016
Ligplaats zonder overslag;Ligplaats 606;-9999;606;Zeebrugge;Pierre Vandammesluis - CDNB;51.339488;3.213646;51.339487999597;3.21364599968895;22/06/2016
Ligplaats zonder overslag;Ligplaats 518;-9999;518;Zeebrugge;Zuidelijk Insteekdok;51.293895;3.240441;51.2938949994563;3.24044099893736;22/06/2016
Ligplaats zonder overslag;Ligplaats 918;-9999;918;Brugge;Kanaal Brugge-Zeebrugge;51.234489;3.22242;51.2344889994686;3.22242000041171;22/06/2016
Ligplaats zonder overslag;Ligplaats 959;-9999;959;Brugge;Kanaal Brugge-Zeebrugge;51.240108;3.219535;51.2401079997098;3.21953500064056;22/06/2016
Ligplaats zonder overslag;Ligplaats 907;-9999;907;Brugge;Kanaal Brugge-Zeebrugge;51.256066;3.216935;51.2560659996555;3.21693499979502;22/06/2016
Ligplaats zonder overslag;Ligplaats 514;-9999;514;Zeebrugge;Zuidelijk Insteekdok;51.297905;3.234336;51.2979049997605;3.2343360012742;22/06/2016
Ligplaats zonder overslag;Ligplaats 903;-9999;903;Brugge;Kanaal Brugge-Zeebrugge;51.264894;3.214602;51.2648940006428;3.21460199964244;22/06/2016
Ligplaats zonder overslag;Ligplaats 712;-9999;712;Zeebrugge;Visartsluis - CDNB;51.336909;3.205463;51.3369089993858;3.20546300041895;22/06/2016
Ligplaats zonder overslag;Ligplaats 306;-9999;306;Zeebrugge;Prins Filipsdok;51.320133;3.192983;51.3201330007115;3.19298300120034;22/06/2016
Ligplaats zonder overslag;Ligplaats 524;-9999;524;Zeebrugge;Zuidelijk Insteekdok;51.302961;3.235169;51.3029610002048;3.23516899942288;22/06/2016
Ligplaats zonder overslag;Ligplaats 948;-9999;948;Brugge;Nijverheidsdok;51.232484;3.218119;51.2324839994191;3.21811899941238;22/06/2016
Ligplaats zonder overslag;Ligplaats 210;-9999;210;Zeebrugge;Visartsluis - CDNB;51.330057;3.196881;51.3300570003469;3.19688100026625;22/06/2016
Ligplaats zonder overslag;Ligplaats 441;-9999;441;Zeebrugge;Kanaal Brugge-Zeebrugge;51.32221;3.202981;51.3222100002346;3.2029809989579;22/06/2016
Ligplaats zonder overslag;Ligplaats 971;-9999;971;Brugge;Kanaal Brugge-Zeebrugge;51.26376;3.213499;51.2637599995561;3.21349899979851;22/06/2016
Ligplaats zonder overslag;Ligplaats 308;-9999;308;Zeebrugge;Prins Filipsdok;51.321839;3.196612;51.3218390006227;3.19661199970644;22/06/2016
Ligplaats zonder overslag;Ligplaats 910;-9999;910;Brugge;Kanaal Brugge-Zeebrugge;51.249274;3.218639;51.2492740004175;3.21863900004551;22/06/2016
Ligplaats zonder overslag;Ligplaats 204;-9999;204;Zeebrugge;Visartsluis - CDNB;51.340089;3.194315;51.3400889994223;3.19431500125486;22/06/2016
Ligplaats zonder overslag;Ligplaats 302;-9999;302;Zeebrugge;Prins Filipsdok;51.323396;3.195946;51.3233960006648;3.19594600023611;22/06/2016
Ligplaats zonder overslag;Ligplaats 222;-9999;222;Zeebrugge;Visartsluis - CDNB;51.331705;3.2005;51.3317050000718;3.20050000065928;22/06/2016
Ligplaats zonder overslag;Ligplaats 904;-9999;904;Brugge;Kanaal Brugge-Zeebrugge;51.262416;3.21529;51.2624160003116;3.21529000002138;22/06/2016
Ligplaats zonder overslag;Ligplaats 969;-9999;969;Brugge;Kanaal Brugge-Zeebrugge;51.2598;3.214518;51.2597999992936;3.21451800077755;22/06/2016
Ligplaats zonder overslag;Ligplaats 112;-9999;112;Zeebrugge;Geul West - ZP1;51.334856;3.186696;51.3348559994103;3.18669600086187;22/06/2016
Ligplaats zonder overslag;Ligplaats 973;-9999;973;Brugge;Kanaal Brugge-Zeebrugge;51.267692;3.212498;51.2676920004466;3.21249800113288;22/06/2016
Ligplaats zonder overslag;Ligplaats 515;-9999;515;Zeebrugge;Zuidelijk Insteekdok;51.295906;3.235953;51.295905999415;3.23595299900311;22/06/2016
Ligplaats zonder overslag;Ligplaats 905;-9999;905;Brugge;Kanaal Brugge-Zeebrugge;51.260432;3.215803;51.2604319993646;3.21580299888769;22/06/2016
Ligplaats zonder overslag;Ligplaats 607;-9999;607;Zeebrugge;Pierre Vandammesluis - CDNB;51.341171;3.21265;51.3411710002121;3.21265000101099;22/06/2016
Ligplaats zonder overslag;Ligplaats 526;-9999;526;Zeebrugge;Zuidelijk Insteekdok;51.306885;3.232848;51.3068849999011;3.23284800003122;22/06/2016
Ligplaats zonder overslag;Ligplaats 713;-9999;713;Zeebrugge;Visartsluis - CDNB;51.337961;3.207047;51.3379610001508;3.20704700070966;22/06/2016
Ligplaats zonder overslag;Ligplaats 111;-9999;111;Zeebrugge;Geul West - ZP1;51.334877;3.186587;51.3348770002142;3.18658699930393;22/06/2016
Ligplaats zonder overslag;Ligplaats 901;-9999;901;Brugge;Kanaal Brugge-Zeebrugge;51.268703;3.213688;51.2687030001754;3.2136879990663;22/06/2016
Ligplaats zonder overslag;Ligplaats 502;-9999;502;Zeebrugge;Verbindingsdok;51.310142;3.20805;51.3101419996545;3.20805000085117;22/06/2016
Ligplaats zonder overslag;Ligplaats 314;-9999;314;Zeebrugge;Kanaal Brugge-Zeebrugge;51.313457;3.20133;51.3134570004661;3.20133000101444;22/06/2016
Ligplaats zonder overslag;Ligplaats 313;-9999;313;Zeebrugge;Kanaal Brugge-Zeebrugge;51.315433;3.200846;51.3154330004047;3.20084599909761;22/06/2016
Ligplaats zonder overslag;Ligplaats 520;-9999;520;Zeebrugge;Zuidelijk Insteekdok;51.295521;3.241904;51.2955209996519;3.24190400113243;22/06/2016
Ligplaats zonder overslag;Ligplaats 919;-9999;919;Brugge;Kanaal Brugge-Zeebrugge;51.232477;3.222784;51.2324770004813;3.22278400092195;22/06/2016
Ligplaats zonder overslag;Ligplaats 956;-9999;956;Brugge;Nijverheidsdok;51.234083;3.21826;51.2340829996146;3.21826000038906;22/06/2016
Ligplaats zonder overslag;Ligplaats 715;-9999;715;Zeebrugge;Visartsluis - CDNB;51.339847;3.204147;51.33984700007;3.20414700110514;22/06/2016
Ligplaats zonder overslag;Ligplaats 970;-9999;970;Brugge;Kanaal Brugge-Zeebrugge;51.261778;3.214018;51.2617779995852;3.21401799897168;22/06/2016
Ligplaats zonder overslag;Ligplaats 953;-9999;953;Brugge;Nijverheidsdok;51.228486;3.216622;51.2284860006782;3.21662199882421;22/06/2016
Ligplaats zonder overslag;Ligplaats 612;-9999;612;Zeebrugge;Brittaniadok;51.343427;3.221052;51.3434269993574;3.2210520002669;22/06/2016
Ligplaats zonder overslag;Ligplaats 208;-9999;208;Zeebrugge;Visartsluis - CDNB;51.330719;3.195176;51.3307190002343;3.19517600075026;22/06/2016
Ligplaats zonder overslag;Ligplaats 440;-9999;440;Zeebrugge;Kanaal Brugge-Zeebrugge;51.321667;3.202629;51.3216669996891;3.20262900025591;22/06/2016
Ligplaats zonder overslag;Ligplaats 307;-9999;307;Zeebrugge;Prins Filipsdok;51.320911;3.194653;51.3209109996742;3.19465300035305;22/06/2016
Ligplaats zonder overslag;Ligplaats 915;-9999;915;Brugge;Kanaal Brugge-Zeebrugge;51.240371;3.220909;51.2403710002459;3.22090899872458;22/06/2016
Ligplaats zonder overslag;Ligplaats 920;-9999;920;Brugge;Klein Handelsdok;51.231083;3.224159;51.2310830002646;3.22415900119458;22/06/2016
Ligplaats zonder overslag;Ligplaats 519;-9999;519;Zeebrugge;Zuidelijk Insteekdok;51.294351;3.241646;51.2943509997582;3.24164599956934;22/06/2016
Ligplaats zonder overslag;Ligplaats 203;-9999;203;Zeebrugge;Geul West - ZP1;51.33933;3.192291;51.3393299993716;3.19229099897524;22/06/2016
Ligplaats zonder overslag;Ligplaats 211;-9999;211;Zeebrugge;Visartsluis - CDNB;51.329401;3.19706;51.3294009994659;3.19705999961208;22/06/2016
Ligplaats zonder overslag;Ligplaats 202;-9999;202;Zeebrugge;Geul West - ZP1;51.336768;3.190421;51.3367679995885;3.1904210009633;22/06/2016
Ligplaats zonder overslag;Ligplaats 605;-9999;605;Zeebrugge;Pierre Vandammesluis - CDNB;51.337889;3.214604;51.3378889994043;3.21460399948937;22/06/2016
Ligplaats zonder overslag;Ligplaats 503;-9999;503;Zeebrugge;Verbindingsdok;51.31092;3.211457;51.310919999717;3.2114570009077;22/06/2016
Ligplaats zonder overslag;Ligplaats 961;-9999;961;Brugge;Kanaal Brugge-Zeebrugge;51.244081;3.218503;51.2440809995968;3.21850300057476;22/06/2016
Ligplaats zonder overslag;Ligplaats 443;-9999;443;Zeebrugge;Kanaal Brugge-Zeebrugge;51.322637;3.202718;51.322637000638;3.20271799983712;22/06/2016
Ligplaats zonder overslag;Ligplaats 966;-9999;966;Brugge;Kanaal Brugge-Zeebrugge;51.2539;3.215992;51.2539000001243;3.21599199920694;22/06/2016
Ligplaats zonder overslag;Ligplaats 528;-9999;528;Zeebrugge;Zuidelijk Insteekdok;51.309156;3.230148;51.3091560005076;3.23014800003217;22/06/2016
Ligplaats zonder overslag;Ligplaats 962;-9999;962;Brugge;Kanaal Brugge-Zeebrugge;51.246025;3.218019;51.2460250002875;3.21801900045411;22/06/2016
Ligplaats zonder overslag;Ligplaats 930;-9999;930;Brugge;Kanaal Brugge-Zeebrugge;51.225106;3.223396;51.2251059994863;3.22339600055426;22/06/2016
Ligplaats zonder overslag;Ligplaats 444;-9999;444;Zeebrugge;Kanaal Brugge-Zeebrugge;51.323447;3.201096;51.3234469999934;3.20109599964931;22/06/2016
Ligplaats zonder overslag;Ligplaats 126;-9999;126;Zeebrugge;Albert II dok;51.347759;3.18142;51.3477589998893;3.1814200008927;22/06/2016
Ligplaats zonder overslag;Ligplaats 301;-9999;301;Zeebrugge;Kanaal Brugge-Zeebrugge;51.325374;3.19812;51.3253739998555;3.19811999925687;22/06/2016
Ligplaats zonder overslag;Ligplaats 701;-9999;701;Zeebrugge;Visartsluis - CDNB;51.340822;3.203896;51.3408220006459;3.20389599943968;22/06/2016
Ligplaats zonder overslag;Ligplaats 513;-9999;513;Zeebrugge;Zuidelijk Insteekdok;51.29988;3.232706;51.2998799994283;3.23270600061551;22/06/2016
Ligplaats zonder overslag;Ligplaats 506;-9999;506;Zeebrugge;Verbindingsdok;51.312758;3.220044;51.3127579999092;3.22004400124686;22/06/2016
Ligplaats zonder overslag;Ligplaats 909;-9999;909;Brugge;Kanaal Brugge-Zeebrugge;51.251118;3.218184;51.2511180004119;3.2181839995171;22/06/2016
Ligplaats zonder overslag;Ligplaats 110;-9999;110;Zeebrugge;Geul West - ZP1;51.337352;3.186404;51.3373520005156;3.18640400068007;22/06/2016
Ligplaats zonder overslag;Ligplaats 109;-9999;109;Zeebrugge;Geul West - ZP1;51.338161;3.186819;51.3381610006582;3.18681900036499;22/06/2016
Ligplaats zonder overslag;Ligplaats Leopold II-dam;-9999;;Zeebrugge;Geul West - ZP1;51.342811;3.192403;51.3428110006413;3.19240300033764;22/06/2016
Ligplaats zonder overslag;Ligplaats 516;-9999;516;Zeebrugge;Zuidelijk Insteekdok;51.293879;3.237586;51.2938789998178;3.23758600000196;22/06/2016
Ligplaats zonder overslag;Ligplaats 108;-9999;108;Zeebrugge;Geul West - ZP1;51.33906;3.187479;51.3390600003025;3.18747900123842;22/06/2016
Ligplaats zonder overslag;Ligplaats 955;-9999;955;Brugge;Nijverheidsdok;51.232572;3.21651;51.2325719999815;3.21650999974338;22/06/2016
Ligplaats zonder overslag;Ligplaats 914;-9999;914;Brugge;Kanaal Brugge-Zeebrugge;51.242086;3.220459;51.2420860006123;3.22045899926855;22/06/2016
Ligplaats zonder overslag;Ligplaats 517;-9999;517;Zeebrugge;Zuidelijk Insteekdok;51.293436;3.239038;51.293436000118;3.23903799982865;22/06/2016
Ligplaats zonder overslag;Ligplaats 127;-9999;127;Zeebrugge;Albert II dok;51.34945;3.184769;51.3494499994082;3.18476899908932;22/06/2016
Ligplaats zonder overslag;Ligplaats 310;-9999;310;Zeebrugge;Oud Ferrydok;51.317714;3.195538;51.3177139995712;3.19553800118168;22/06/2016
Ligplaats zonder overslag;Ligplaats 952;-9999;952;Brugge;Nijverheidsdok;51.226427;3.217151;51.2264269996772;3.21715100000523;22/06/2016
Ligplaats zonder overslag;Ligplaats 501;-9999;501;Zeebrugge;Verbindingsdok;51.309429;3.204647;51.3094289995552;3.20464700124091;22/06/2016
Ligplaats zonder overslag;Ligplaats 951;-9999;951;Brugge;Nijverheidsdok;51.226565;3.218373;51.2265650003147;3.21837300068819;22/06/2016
Ligplaats zonder overslag;Ligplaats 125;-9999;125;Zeebrugge;Albert II dok;51.346068;3.178072;51.3460679998544;3.17807200052622;22/06/2016
Ligplaats zonder overslag;Ligplaats 957;-9999;957;Brugge;Nijverheidsdok;51.235375;3.219861;51.2353749997515;3.21986100068595;22/06/2016
Ligplaats zonder overslag;Ligplaats 950;-9999;950;Brugge;Nijverheidsdok;51.22862;3.217837;51.2286199999747;3.21783699946132;22/06/2016
Ligplaats zonder overslag;Ligplaats 309;-9999;309;Zeebrugge;Oud Ferrydok;51.31962;3.197729;51.3196199996035;3.19772900032308;22/06/2016
Ligplaats zonder overslag;Ligplaats 312;-9999;312;Zeebrugge;Oud Ferrydok;51.318543;3.197967;51.318542999632;3.19796699916182;22/06/2016
Ligplaats zonder overslag;Ligplaats 958;-9999;958;Brugge;Kanaal Brugge-Zeebrugge;51.238106;3.220012;51.2381059995304;3.22001200030185;22/06/2016
Ligplaats zonder overslag;Ligplaats 305;-9999;305;Zeebrugge;Prins Filipsdok;51.320403;3.191864;51.320402999288;3.19186399983799;22/06/2016
Ligplaats zonder overslag;Ligplaats 711;-9999;711;Zeebrugge;Visartsluis - CDNB;51.337772;3.20414;51.3377720003395;3.20413999987813;22/06/2016
Ligplaats zonder overslag;Ligplaats 906;-9999;906;Brugge;Kanaal Brugge-Zeebrugge;51.258336;3.216342;51.2583359993605;3.21634200117273;22/06/2016
Ligplaats zonder overslag;Ligplaats 964;-9999;964;Brugge;Kanaal Brugge-Zeebrugge;51.249945;3.217017;51.2499450002777;3.2170170002867;22/06/2016
Ligplaats zonder overslag;Ligplaats 960;-9999;960;Brugge;Kanaal Brugge-Zeebrugge;51.24208;3.219005;51.2420799995865;3.21900500096611;22/06/2016
