Functie;Objectnaam;HMpunt;KadeNR;Naam_locatie;Naam_waterweg;LatWGS84;LoWGS84;latWGS84;loWGS84;Aangemaakt op
Km-punt op as waterweg;Visartsluis - CDNB km 14;14;;Zeebrugge;Visartsluis - CDNB;51.345341;3.20383;51.3453410005272;3.20383000016583;22/06/2016
Ligplaats met overslag;Ligplaats 121;-9999;121;Zeebrugge;Albert II dok;51.347296;3.187689;51.3472960003253;3.18768900118385;22/06/2016
Ligplaats met overslag;Ligplaats 531;-9999;531;Zeebrugge;Zuidelijk Insteekdok;51.313939;3.227223;51.3139390002981;3.22722300092545;22/06/2016
Km-punt op as waterweg;Geul West - ZP1 km 0.2;0.2;;Zeebrugge;Geul West - ZP1;51.335472;3.18806;51.3354719994878;3.18805999957301;22/06/2016
Km-punt op as waterweg;Verbindingsdok km 0.3;0.3;;Zeebrugge;Verbindingsdok;51.312092;3.206371;51.3120920005656;3.20637099923502;22/06/2016
Km-punt op as waterweg;Albert II dok km 1.1;1.1;;Zeebrugge;Albert II dok;51.350662;3.18971;51.3506619995885;3.18970999948394;22/06/2016
Km-punt op as waterweg;Visartsluis - CDNB km 12.9;12.9;;Zeebrugge;Visartsluis - CDNB;51.336693;3.196177;51.3366929999818;3.19617699989568;22/06/2016
Ligplaats met overslag;Ligplaats 913;-9999;913;Brugge;Kanaal Brugge-Zeebrugge;51.243911;3.219889;51.2439109999791;3.21988899922741;22/06/2016
Km-punt op as waterweg;Kanaal Brugge-Zeebrugge km 115;11.5;;Zeebrugge;Kanaal Brugge-Zeebrugge;51.32429;3.198955;51.3242900006439;3.19895500103862;22/06/2016
Km-punt op as waterweg;Kanaal Brugge-Zeebrugge km 42;4.2;;Brugge;Kanaal Brugge-Zeebrugge;51.259506;3.215251;51.2595060000731;3.21525100041694;22/06/2016
Km-punt op as waterweg;Kanaal Brugge-Zeebrugge km 21;2.1;;Brugge;Kanaal Brugge-Zeebrugge;51.240869;3.220014;51.2408690004615;3.22001400017182;22/06/2016
Ligplaats met overslag;Ligplaats 507;-9999;507;Zeebrugge;Zuidelijk Insteekdok;51.311746;3.223136;51.3117460001889;3.22313600095727;22/06/2016
Km-punt op as waterweg;Noordelijk Insteekdok km 0.3;0.3;;Zeebrugge;Noordelijk Insteekdok;51.322356;3.212279;51.3223559999588;3.2122790008206;22/06/2016
Ligplaats met overslag;Ligplaats 902;-9999;902;Brugge;Kanaal Brugge-Zeebrugge;51.267197;3.214037;51.2671969998831;3.21403700035463;22/06/2016
Ligplaats met overslag;Ligplaats 922;-9999;922;Brugge;Klein Handelsdok;51.228618;3.225533;51.2286180002036;3.22553299915005;22/06/2016
Km-punt op as waterweg;Geul West - ZP1 km 2;2;;Zeebrugge;Geul West - ZP1;51.347599;3.20446;51.3475989995583;3.20446000124473;22/06/2016
Km-punt op as waterweg;Kanaal Brugge-Zeebrugge km 106;10.6;;Zeebrugge;Kanaal Brugge-Zeebrugge;51.316312;3.201093;51.316311999763;3.20109299976008;22/06/2016
Km-punt op as waterweg;Brittaniadok km 0.7;0.7;;Zeebrugge;Brittaniadok;51.343247;3.213819;51.3432470002577;3.21381899957974;22/06/2016
Km-punt op as waterweg;Brittaniadok km 0.8;0.8;;Zeebrugge;Brittaniadok;51.343964;3.212954;51.3439640005921;3.21295399895056;22/06/2016
Ligplaats met overslag;Ligplaats 609;-9999;609;Zeebrugge;Hermespier;51.340267;3.21621;51.3402670002882;3.21621000064531;22/06/2016
Ligplaats met overslag;Ligplaats 917;-9999;917;Brugge;Kanaal Brugge-Zeebrugge;51.2363;3.221873;51.2363000001398;3.22187299900329;22/06/2016
Km-punt op as waterweg;Kanaal Brugge-Zeebrugge km 65;6.6;;Zeebrugge;Kanaal Brugge-Zeebrugge;51.279923;3.210387;51.2799229998513;3.2103870008205;22/06/2016
Ligplaats met overslag;Ligplaats 968;-9999;968;Brugge;Kanaal Brugge-Zeebrugge;51.2578;3.215046;51.2577999994457;3.21504600121591;22/06/2016
Km-punt op as waterweg;Kanaal Brugge-Zeebrugge km 73;7.3;;Zeebrugge;Kanaal Brugge-Zeebrugge;51.287024;3.208579;51.287023999438;3.20857900074182;22/06/2016
Km-punt op as waterweg;Wielingendok km 1.1;1.1;;Zeebrugge;Wielingendok;51.357951;3.187114;51.3579509993538;3.18711399999472;22/06/2016
Km-punt op as waterweg;Kanaal Brugge-Zeebrugge km 62;6.3;;Zeebrugge;Kanaal Brugge-Zeebrugge;51.277269;3.211145;51.277268999859;3.21114500101008;22/06/2016
Ligplaats met overslag;Ligplaats 411;-9999;411;Zeebrugge;Noordelijk Insteekdok;51.317847;3.212467;51.3178470005156;3.21246699891004;22/06/2016
Km-punt op as waterweg;Visartsluis - CDNB km 14.7;14.7;;Zeebrugge;Visartsluis - CDNB;51.350888;3.205412;51.3508880001843;3.20541199909994;22/06/2016
Km-punt op as waterweg;Kanaal Brugge-Zeebrugge km 69;6.1;;Zeebrugge;Kanaal Brugge-Zeebrugge;51.283474;3.209488;51.2834739998009;3.20948799977853;22/06/2016
Km-punt op as waterweg;Kanaal Brugge-Zeebrugge km 19;1.9;;Brugge;Kanaal Brugge-Zeebrugge;51.239093;3.220464;51.239092999564;3.22046399899653;22/06/2016
Ligplaats met overslag;Ligplaats 206;-9999;206;Zeebrugge;Visartsluis - CDNB;51.33534;3.194034;51.3353399994009;3.19403400044369;22/06/2016
Km-punt op as waterweg;Kanaal Brugge-Zeebrugge km 33;3.3;;Brugge;Kanaal Brugge-Zeebrugge;51.251518;3.217285;51.2515180003596;3.21728499924105;22/06/2016
Km-punt op as waterweg;Kanaal Brugge-Zeebrugge km 12;1.2;;Brugge;Kanaal Brugge-Zeebrugge;51.232836;3.221439;51.2328359996087;3.22143899987142;22/06/2016
Km-punt op as waterweg;Kanaal Brugge-Zeebrugge km 59;5.9;;Zeebrugge;Kanaal Brugge-Zeebrugge;51.274629;3.212017;51.2746290006411;3.21201699945862;22/06/2016
Km-punt op as waterweg;Visartsluis - CDNB km 13.8;13.8;;Zeebrugge;Visartsluis - CDNB;51.343768;3.202439;51.3437679994493;3.20243900069173;22/06/2016
Km-punt op as waterweg;Verbindingsdok km 3;3;;Zeebrugge;Verbindingsdok;51.329879;3.220619;51.329878999764;3.22061900024807;22/06/2016
Ligplaats met overslag;Ligplaats 505;-9999;505;Zeebrugge;Verbindingsdok;51.31283;3.217704;51.3128299999618;3.21770400005752;22/06/2016
Km-punt op as waterweg;Visartsluis - CDNB km 12.2;12.2;;Zeebrugge;Visartsluis - CDNB;51.330511;3.197481;51.3305109999868;3.19748100034577;22/06/2016
Km-punt op as waterweg;Geul West - ZP1 km 1.6;1.6;;Zeebrugge;Geul West - ZP1;51.345306;3.200039;51.3453059997703;3.20003899908589;22/06/2016
Km-punt op as waterweg;Wielingendok km 1.7;1.7;;Zeebrugge;Wielingendok;51.357688;3.195717;51.3576879996971;3.19571699946564;22/06/2016
Km-punt op as waterweg;Visartsluis - CDNB km 13.5;13.5;;Zeebrugge;Visartsluis - CDNB;51.34141;3.200352;51.3414100003648;3.20035199994432;22/06/2016
Km-punt op as waterweg;Wielingendok km 0.9;0.9;;Zeebrugge;Wielingendok;51.358039;3.184246;51.3580389996899;3.18424600083784;22/06/2016
Km-punt op as waterweg;Kanaal Brugge-Zeebrugge km 57;5.7;;Dudzele;Kanaal Brugge-Zeebrugge;51.272844;3.212294;51.2728439993084;3.21229399895054;22/06/2016
Km-punt op as waterweg;Nijverheidsdok km 0.2;0.2;;Brugge;Nijverheidsdok;51.227397;3.217521;51.2273970006563;3.21752099922527;22/06/2016
Km-punt op as waterweg;Zuidelijk Insteekdok km 1.3;1.3;;Zeebrugge;Zuidelijk Insteekdok;51.304133;3.232151;51.3041330004887;3.23215100053167;22/06/2016
Km-punt op as waterweg;Verbindingsdok km 1.2;1.2;;Zeebrugge;Verbindingsdok;51.31531;3.218205;51.3153100006927;3.21820500075583;22/06/2016
Ligplaats met overslag;Ligplaats 941;-9999;941;Brugge;Kanaal Brugge-Zeebrugge;51.22501;3.222376;51.2250100001804;3.22237600085399;22/06/2016
Km-punt op as waterweg;Kanaal Brugge-Zeebrugge km 35;3.5;;Brugge;Kanaal Brugge-Zeebrugge;51.253293;3.216835;51.2532930003227;3.21683499960118;22/06/2016
Km-punt op as waterweg;Kanaal Brugge-Zeebrugge km 74;7.4;;Zeebrugge;Kanaal Brugge-Zeebrugge;51.287911;3.20835;51.2879110001215;3.20834999995147;22/06/2016
Km-punt op as waterweg;Kanaal Brugge-Zeebrugge km 14;1.4;;Brugge;Kanaal Brugge-Zeebrugge;51.234629;3.221248;51.2346290003812;3.22124800087966;22/06/2016
Km-punt op as waterweg;Kanaal Brugge-Zeebrugge km 29;2.9;;Brugge;Kanaal Brugge-Zeebrugge;51.247968;3.218194;51.2479679994559;3.21819399977889;22/06/2016
Ligplaats met overslag;Ligplaats 409;-9999;409;Zeebrugge;Noordelijk Insteekdok;51.321777;3.21087;51.3217769996403;3.2108700000915;22/06/2016
Km-punt op as waterweg;Hermespier km 0.3;0.3;;Zeebrugge;Hermespier;51.342669;3.214777;51.3426690000871;3.2147769994464;22/06/2016
Km-punt op as waterweg;Brittaniadok km 0.1;0.1;;Zeebrugge;Brittaniadok;51.344156;3.222226;51.3441560005442;3.22222599956764;22/06/2016
Km-punt op as waterweg;Visartsluis - CDNB km 14.1;14.1;;Zeebrugge;Visartsluis - CDNB;51.346127;3.204526;51.346127000048;3.20452600106992;22/06/2016
Km-punt op as waterweg;Visartsluis - CDNB km 13;13;;Zeebrugge;Visartsluis - CDNB;51.337479;3.196873;51.3374789995578;3.19687300052473;22/06/2016
Km-punt op as waterweg;Nijverheidsdok km 0.8;0.8;;Brugge;Nijverheidsdok;51.23256;3.217492;51.2325599994435;3.21749200004866;22/06/2016
Km-punt op as waterweg;Albert II dok km 1;1;;Zeebrugge;Albert II dok;51.350101;3.188588;51.3501009999317;3.18858800122027;22/06/2016
Km-punt op as waterweg;Geul West - ZP1 km 1.2;1.2;;Zeebrugge;Geul West - ZP1;51.343013;3.195617;51.3430129999237;3.19561699951018;22/06/2016
Km-punt op as waterweg;Kanaal Brugge-Zeebrugge km 9;0.9;;Brugge;Kanaal Brugge-Zeebrugge;51.230145;3.221725;51.230145000122;3.22172500057482;22/06/2016
Km-punt op as waterweg;Verbindingsdok km 1.8;1.8;;Zeebrugge;Verbindingsdok;51.319315;3.222216;51.3193150004263;3.22221600047653;22/06/2016
Km-punt op as waterweg;Visartsluis - CDNB km 13.9;13.9;;Zeebrugge;Visartsluis - CDNB;51.344554;3.203134;51.3445539997199;3.20313399936108;22/06/2016
Km-punt op as waterweg;Zuidelijk Insteekdok km 1;1;;Zeebrugge;Zuidelijk Insteekdok;51.301721;3.234075;51.3017210004286;3.23407500093602;22/06/2016
Km-punt op as waterweg;Noordelijk Insteekdok km 0.5;0.5;;Zeebrugge;Noordelijk Insteekdok;51.320636;3.213113;51.3206359995553;3.21311299910749;22/06/2016
Km-punt op as waterweg;Kanaal Brugge-Zeebrugge km 4;0.4;;Brugge;Kanaal Brugge-Zeebrugge;51.225693;3.222659;51.2256929998167;3.22265900025197;22/06/2016
Km-punt op as waterweg;Visartsluis - CDNB km 12.4;12.4;;Zeebrugge;Visartsluis - CDNB;51.332286;3.197027;51.3322860002382;3.19702699926033;22/06/2016
Km-punt op as waterweg;Verbindingsdok km 2.6;2.6;;Zeebrugge;Verbindingsdok;51.326506;3.222283;51.3265059998362;3.22228299953276;22/06/2016
Km-punt op as waterweg;Zuidelijk Insteekdok km 0.6;0.6;;Zeebrugge;Zuidelijk Insteekdok;51.298506;3.23664;51.2985060000632;3.23663999991981;22/06/2016
Ligplaats met overslag;Ligplaats 942;-9999;942;Brugge;Kanaal Brugge-Zeebrugge;51.22593;3.222129;51.2259299997981;3.2221289994113;22/06/2016
Ligplaats met overslag;Ligplaats 912;-9999;912;Brugge;Kanaal Brugge-Zeebrugge;51.245891;3.219511;51.2458910002303;3.21951100036089;22/06/2016
Km-punt op as waterweg;Zuidelijk Insteekdok km 2.7;2.7;;Zeebrugge;Zuidelijk Insteekdok;51.315388;3.223173;51.3153879999085;3.22317299875712;22/06/2016
Km-punt op as waterweg;Kanaal Brugge-Zeebrugge km 54;5.4;;Dudzele;Kanaal Brugge-Zeebrugge;51.270173;3.212853;51.2701730006997;3.21285299912252;22/06/2016
Km-punt op as waterweg;Klein Handelsdok km 0.4;0.4;;Brugge;Klein Handelsdok;51.230422;3.222987;51.2304219996311;3.22298699985997;22/06/2016
Km-punt op as waterweg;LNG km 0.3;0.3;;Zeebrugge;LNG;51.352164;3.214027;51.3521639999372;3.21402700097447;22/06/2016
Km-punt op as waterweg;Verbindingsdok km 1.7;1.7;;Zeebrugge;Verbindingsdok;51.318417;3.222208;51.3184169995141;3.22220800047224;22/06/2016
Km-punt op as waterweg;Kanaal Brugge-Zeebrugge km 86;8.6;;Lissewege;Kanaal Brugge-Zeebrugge;51.298563;3.205639;51.298563000171;3.20563900098554;22/06/2016
Km-punt op as waterweg;Zuidelijk Insteekdok km 2.5;2.5;;Zeebrugge;Zuidelijk Insteekdok;51.31378;3.224455;51.3137799998965;3.22445499895842;22/06/2016
Km-punt op as waterweg;Kanaal Brugge-Zeebrugge km 108;10.8;;Zeebrugge;Kanaal Brugge-Zeebrugge;51.318089;3.200656;51.3180890000984;3.20065599999417;22/06/2016
Km-punt op as waterweg;Verbindingsdok km 2;2;;Zeebrugge;Verbindingsdok;51.321113;3.222233;51.3211129999783;3.22223299874634;22/06/2016
Km-punt op as waterweg;Nijverheidsdok km 1.2;1.2;;Brugge;Nijverheidsdok;51.235424;3.220954;51.2354240004149;3.22095399942778;22/06/2016
Km-punt op as waterweg;Visartsluis - CDNB km 16.1;16.1;;Zeebrugge;Visartsluis - CDNB;51.361002;3.193853;51.3610020005956;3.19385300086011;22/06/2016
Km-punt op as waterweg;Geul West - ZP1 km 2.2;2.2;;Zeebrugge;Geul West - ZP1;51.348745;3.206671;51.3487449999551;3.20667100032911;22/06/2016
Km-punt op as waterweg;Visartsluis - CDNB km 13.2;13.2;;Zeebrugge;Visartsluis - CDNB;51.339051;3.198264;51.3390509995194;3.19826399956393;22/06/2016
Km-punt op as waterweg;Prins Filipsdok km 0.5;0.5;;Zeebrugge;Prins Filipsdok;51.323396;3.19718;51.3233959999972;3.19717999909678;22/06/2016
Ligplaats met overslag;Ligplaats 129;-9999;129;Zeebrugge;Albert II dok;51.35295;3.191739;51.3529500000082;3.19173899937209;22/06/2016
Km-punt op as waterweg;Zuidelijk Insteekdok km 0.7;0.7;;Zeebrugge;Zuidelijk Insteekdok;51.29931;3.235999;51.2993099998313;3.23599900079476;22/06/2016
Km-punt op as waterweg;Nijverheidsdok km 0;0;;Brugge;Nijverheidsdok;51.225623;3.217982;51.2256229999542;3.21798200077363;22/06/2016
Km-punt op as waterweg;Brittaniadok km 0;0;;Zeebrugge;Brittaniadok;51.344362;3.223623;51.3443619993513;3.22362300032117;22/06/2016
Km-punt op as waterweg;Verbindingsdok km 3.1;3.1;;Zeebrugge;Verbindingsdok;51.330687;3.219989;51.3306869995768;3.21998900079291;22/06/2016
Km-punt op as waterweg;Visartsluis - CDNB km 15;15;;Zeebrugge;Visartsluis - CDNB;51.3533;3.203487;51.353299999331;3.20348699979066;22/06/2016
Ligplaats met overslag;Ligplaats 926;-9999;926;Brugge;Klein Handelsdok;51.229352;3.222944;51.2293519996299;3.22294400106725;22/06/2016
Km-punt op as waterweg;Kanaal Brugge-Zeebrugge km 24;2.4;;Brugge;Kanaal Brugge-Zeebrugge;51.243529;3.219318;51.2435289993987;3.21931800116689;22/06/2016
Km-punt op as waterweg;Visartsluis - CDNB km 16.3;16.3;;Zeebrugge;Visartsluis - CDNB;51.362283;3.191838;51.3622830000955;3.19183799976863;22/06/2016
Km-punt op as waterweg;Hermespier km 0.2;0.2;;Zeebrugge;Hermespier;51.342122;3.215916;51.3421219997254;3.21591599935337;22/06/2016
Km-punt op as waterweg;LNG km 0.2;0.2;;Zeebrugge;LNG;51.353041;3.213714;51.3530409994432;3.21371399881561;22/06/2016
Km-punt op as waterweg;Verbindingsdok km 0.2;0.2;;Zeebrugge;Verbindingsdok;51.311748;3.205046;51.3117480002406;3.20504599963655;22/06/2016
Ligplaats met overslag;Ligplaats 509;-9999;509;Zeebrugge;Zuidelijk Insteekdok;51.308059;3.226226;51.3080589994193;3.22622600034429;22/06/2016
Km-punt op as waterweg;Kanaal Brugge-Zeebrugge km 31;3.1;;Brugge;Kanaal Brugge-Zeebrugge;51.249743;3.217737;51.2497429999628;3.21773700106805;22/06/2016
Km-punt op as waterweg;LNG km 0;0;;Zeebrugge;LNG;51.354795;3.213087;51.3547950000266;3.21308700081133;22/06/2016
Km-punt op as waterweg;Zuidelijk Insteekdok km 2.1;2.1;;Zeebrugge;Zuidelijk Insteekdok;51.310565;3.227021;51.3105649994275;3.22702099918831;22/06/2016
Km-punt op as waterweg;Wielingendok km 1.3;1.3;;Zeebrugge;Wielingendok;51.357864;3.189981;51.3578639999628;3.18998100041083;22/06/2016
Km-punt op as waterweg;Kanaal Brugge-Zeebrugge km 18;1.8;;Brugge;Kanaal Brugge-Zeebrugge;51.238204;3.220668;51.2382039997596;3.22066800042328;22/06/2016
Km-punt op as waterweg;Kanaal Brugge-Zeebrugge km 94;9.4;;Zeebrugge;Kanaal Brugge-Zeebrugge;51.305661;3.20381;51.3056609993113;3.20381000068436;22/06/2016
Km-punt op as waterweg;Kanaal Brugge-Zeebrugge km 110;11;;Zeebrugge;Kanaal Brugge-Zeebrugge;51.319863;3.20019;51.3198629994229;3.20019000124983;22/06/2016
Km-punt op as waterweg;Kanaal Brugge-Zeebrugge km 36;3.6;;Brugge;Kanaal Brugge-Zeebrugge;51.254181;3.21661;51.2541809998419;3.21660999997828;22/06/2016
Km-punt op as waterweg;Verbindingsdok km 0.5;0.5;;Zeebrugge;Verbindingsdok;51.312779;3.209022;51.3127789993217;3.20902200012679;22/06/2016
Km-punt op as waterweg;Kanaal Brugge-Zeebrugge km 11;1.1;;Brugge;Kanaal Brugge-Zeebrugge;51.231939;3.221534;51.2319389997742;3.22153399909647;22/06/2016
Km-punt op as waterweg;Albert II dok km 0;0;;Zeebrugge;Albert II dok;51.344491;3.177374;51.3444909993811;3.17737399943402;22/06/2016
Km-punt op as waterweg;Kanaal Brugge-Zeebrugge km 25;2.5;;Brugge;Kanaal Brugge-Zeebrugge;51.244417;3.219094;51.2444170000829;3.2190940011876;22/06/2016
Km-punt op as waterweg;Wielingendok km 0.7;0.7;;Zeebrugge;Wielingendok;51.357484;3.181734;51.3574840003847;3.18173400097045;22/06/2016
Ligplaats met overslag;Ligplaats 122;-9999;122;Zeebrugge;Albert II dok;51.345598;3.184326;51.3455980004085;3.18432600051096;22/06/2016
Ligplaats met overslag;Ligplaats 925;-9999;925;Brugge;Klein Handelsdok;51.229152;3.224368;51.2291519993779;3.22436799926878;22/06/2016
Km-punt op as waterweg;Nijverheidsdok km 0.4;0.4;;Brugge;Nijverheidsdok;51.229171;3.21706;51.2291710001302;3.21706000066892;22/06/2016
Km-punt op as waterweg;Kanaal Brugge-Zeebrugge km 26;2.6;;Brugge;Kanaal Brugge-Zeebrugge;51.245305;3.21887;51.2453050001024;3.21887000029701;22/06/2016
Km-punt op as waterweg;Wielingendok km 0.5;0.5;;Zeebrugge;Wielingendok;51.35629;3.179588;51.3562900004147;3.1795880000469;22/06/2016
Km-punt op as waterweg;Albert II dok km 1.7;1.7;;Zeebrugge;Albert II dok;51.354028;3.196438;51.3540279999415;3.196438000823;22/06/2016
Ligplaats met overslag;Ligplaats 972;-9999;972;Brugge;Kanaal Brugge-Zeebrugge;51.265703;3.213017;51.2657029998368;3.21301700107051;22/06/2016
Km-punt op as waterweg;Pierre Vandammesluis - CDNB km 0.4;0.4;;Zeebrugge;Pierre Vandammesluis - CDNB;51.334638;3.216574;51.3346380005507;3.21657399908296;22/06/2016
Km-punt op as waterweg;Noordelijk Insteekdok km 0.9;0.9;;Zeebrugge;Noordelijk Insteekdok;51.317196;3.214782;51.3171960004673;3.21478199919872;22/06/2016
Km-punt op as waterweg;Albert II dok km 1.3;1.3;;Zeebrugge;Albert II dok;51.351784;3.191952;51.3517840006882;3.1919519996911;22/06/2016
Km-punt op as waterweg;Visartsluis - CDNB km 12.7;12.7;;Zeebrugge;Visartsluis - CDNB;51.334949;3.196347;51.3349490001589;3.19634700119834;22/06/2016
Km-punt op as waterweg;LNG km 0.4;0.4;;Zeebrugge;LNG;51.351287;3.214341;51.3512870004613;3.21434100032016;22/06/2016
Km-punt op as waterweg;Kanaal Brugge-Zeebrugge km 51;5.1;;Brugge;Kanaal Brugge-Zeebrugge;51.267495;3.213235;51.267495000278;3.21323500007826;22/06/2016
Km-punt op as waterweg;Zuidelijk Insteekdok km 1.9;1.9;;Zeebrugge;Zuidelijk Insteekdok;51.308957;3.228303;51.3089570002351;3.22830299975222;22/06/2016
Km-punt op as waterweg;Noordelijk Insteekdok km 0.7;0.7;;Zeebrugge;Noordelijk Insteekdok;51.318916;3.213947;51.3189159998419;3.21394699919732;22/06/2016
Km-punt op as waterweg;Kanaal Brugge-Zeebrugge km 2;0.2;;Brugge;Kanaal Brugge-Zeebrugge;51.223918;3.223112;51.2239180006462;3.22311199965457;22/06/2016
Km-punt op as waterweg;Visartsluis - CDNB km 16;16;;Zeebrugge;Visartsluis - CDNB;51.360361;3.19486;51.36036099995;3.19486000059095;22/06/2016
Km-punt op as waterweg;Visartsluis - CDNB km 14.5;14.5;;Zeebrugge;Visartsluis - CDNB;51.34928;3.206695;51.3492799994773;3.20669499891306;22/06/2016
Ligplaats met overslag;Ligplaats 616;-9999;616;Zeebrugge;LNG;51.352058;3.212469;51.3520579993166;3.21246900016729;22/06/2016
Km-punt op as waterweg;Kanaal Brugge-Zeebrugge km 37;3.7;;Brugge;Kanaal Brugge-Zeebrugge;51.255068;3.216385;51.2550680005304;3.21638500119536;22/06/2016
Ligplaats met overslag;Ligplaats 511;-9999;511;Zeebrugge;Zuidelijk Insteekdok;51.304103;3.229327;51.3041030000589;3.22932700027754;22/06/2016
Km-punt op as waterweg;LNG km 0.9;0.9;;Zeebrugge;LNG;51.34716;3.214579;51.3471599997575;3.21457899960265;22/06/2016
Km-punt op as waterweg;Pierre Vandammesluis - CDNB km 1.1;1.1;;Zeebrugge;Pierre Vandammesluis - CDNB;51.340367;3.212462;51.3403670003743;3.21246199934113;22/06/2016
Km-punt op as waterweg;Pierre Vandammesluis - CDNB km 0.7;0.7;;Zeebrugge;Pierre Vandammesluis - CDNB;51.33703;3.214599;51.3370299993062;3.21459899952036;22/06/2016
Km-punt op as waterweg;Geul West - ZP1 km 2.1;2.1;;Zeebrugge;Geul West - ZP1;51.348172;3.205565;51.3481720002106;3.20556500063915;22/06/2016
Km-punt op as waterweg;Kanaal Brugge-Zeebrugge km 100;10;;Zeebrugge;Kanaal Brugge-Zeebrugge;51.310986;3.202445;51.3109860004834;3.20244499969965;22/06/2016
Km-punt op as waterweg;Pierre Vandammesluis - CDNB km 0.9;0.9;;Zeebrugge;Pierre Vandammesluis - CDNB;51.338699;3.21353;51.3386989998116;3.21353000073082;22/06/2016
Km-punt op as waterweg;Kanaal Brugge-Zeebrugge km 91;9.1;;Lissewege;Kanaal Brugge-Zeebrugge;51.302999;3.204493;51.3029989999958;3.20449300125078;22/06/2016
Km-punt op as waterweg;Kanaal Brugge-Zeebrugge km 55;5.5;;Dudzele;Kanaal Brugge-Zeebrugge;51.271061;3.212635;51.2710610003599;3.2126349995403;22/06/2016
Km-punt op as waterweg;Pierre Vandammesluis - CDNB km 1.4;1.4;;Zeebrugge;Pierre Vandammesluis - CDNB;51.34287;3.210859;51.3428699995169;3.21085900029415;22/06/2016
Ligplaats met overslag;Ligplaats 532;-9999;532;Zeebrugge;Zuidelijk Insteekdok;51.316081;3.225498;51.3160809996296;3.22549800040068;22/06/2016
Km-punt op as waterweg;LNG km 1.1;1.1;;Zeebrugge;LNG;51.347781;3.211886;51.3477809994665;3.2118860003013;22/06/2016
Km-punt op as waterweg;Nijverheidsdok km 0.3;0.3;;Brugge;Nijverheidsdok;51.228284;3.21729;51.2282840001787;3.21728999989594;22/06/2016
Km-punt op as waterweg;Kanaal Brugge-Zeebrugge km 50;5;;Brugge;Kanaal Brugge-Zeebrugge;51.266606;3.213435;51.266606000179;3.21343499911643;22/06/2016
Km-punt op as waterweg;Albert II dok km 2;2;;Zeebrugge;Albert II dok;51.355711;3.199803;51.3557109994292;3.199803000262;22/06/2016
Km-punt op as waterweg;Wielingendok km 0.6;0.6;;Zeebrugge;Wielingendok;51.356887;3.180661;51.356887000439;3.18066100087061;22/06/2016
Km-punt op as waterweg;Geul West - ZP1 km 0;0;;Zeebrugge;Geul West - ZP1;51.333844;3.186845;51.3338440004166;3.1868449991895;22/06/2016
Ligplaats met overslag;Ligplaats 107;-9999;107;Zeebrugge;Geul West - ZP1;51.339806;3.188113;51.3398060000443;3.1881130003423;22/06/2016
Km-punt op as waterweg;Kanaal Brugge-Zeebrugge km 44;4.4;;Brugge;Kanaal Brugge-Zeebrugge;51.261282;3.214803;51.2612820000058;3.21480300048725;22/06/2016
Km-punt op as waterweg;Visartsluis - CDNB km 15.9;15.9;;Zeebrugge;Visartsluis - CDNB;51.359721;3.195868;51.3597210003043;3.19586799962274;22/06/2016
Ligplaats met overslag;Ligplaats 703;-9999;703;Zeebrugge;Pierre Vandammesluis - CDNB;51.339413;3.207456;51.3394129997974;3.20745600051936;22/06/2016
Km-punt op as waterweg;Wielingendok km 1.6;1.6;;Zeebrugge;Wielingendok;51.357732;3.194283;51.357731999501;3.19428300125242;22/06/2016
Ligplaats met overslag;Ligplaats 113;-9999;113;Zeebrugge;Geul West - ZP1;51.334658;3.188558;51.3346580001581;3.18855800000378;22/06/2016
Km-punt op as waterweg;Verbindingsdok km 2.2;2.2;;Zeebrugge;Verbindingsdok;51.322911;3.22225;51.3229109996236;3.2222500008413;22/06/2016
Km-punt op as waterweg;Zuidelijk Insteekdok km 2.8;2.8;;Zeebrugge;Zuidelijk Insteekdok;51.316192;3.222531;51.3161919993555;3.22253100032802;22/06/2016
Km-punt op as waterweg;Visartsluis - CDNB km 14.8;14.8;;Zeebrugge;Visartsluis - CDNB;51.351692;3.20477;51.351691999698;3.20477000077265;22/06/2016
Km-punt op as waterweg;Oud Ferrydok km 0.5;0.5;;Zeebrugge;Oud Ferrydok;51.320488;3.199665;51.320487999514;3.19966500102115;22/06/2016
Ligplaats met overslag;Ligplaats 924;-9999;924;Brugge;Klein Handelsdok;51.228084;3.224638;51.2280839997419;3.22463799900326;22/06/2016
Ligplaats met overslag;Ligplaats 525;-9999;525;Zeebrugge;Zuidelijk Insteekdok;51.304783;3.23345;51.3047829994812;3.23345000021883;22/06/2016
Km-punt op as waterweg;Brittaniadok km 0.6;0.6;;Zeebrugge;Brittaniadok;51.343127;3.215242;51.3431269998497;3.21524199906803;22/06/2016
Ligplaats met overslag;Ligplaats 510;-9999;510;Zeebrugge;Zuidelijk Insteekdok;51.306216;3.227625;51.306216000184;3.22762500101064;22/06/2016
Km-punt op as waterweg;Verbindingsdok km 1.3;1.3;;Zeebrugge;Verbindingsdok;51.315727;3.219475;51.315727000196;3.21947499933084;22/06/2016
Ligplaats met overslag;Ligplaats 944;-9999;944;Brugge;Kanaal Brugge-Zeebrugge;51.227796;3.221659;51.227795999698;3.22165900114632;22/06/2016
Ligplaats met overslag;Ligplaats 927;-9999;927;Brugge;Kanaal Brugge-Zeebrugge;51.228366;3.222556;51.2283660002464;3.22255600007153;22/06/2016
Km-punt op as waterweg;LNG km 1;1;;Zeebrugge;LNG;51.347471;3.213232;51.3474709999636;3.21323200115281;22/06/2016
Ligplaats met overslag;Ligplaats 128;-9999;128;Zeebrugge;Albert II dok;51.351264;3.188365;51.3512640001136;3.18836499911164;22/06/2016
Km-punt op as waterweg;Geul West - ZP1 km 1.4;1.4;;Zeebrugge;Geul West - ZP1;51.344159;3.197828;51.3441590006446;3.1978279999128;22/06/2016
Ligplaats met overslag;Ligplaats 303;-9999;303;Zeebrugge;Prins Filipsdok;51.322491;3.193784;51.322490999662;3.19378399956724;22/06/2016
Km-punt op as waterweg;Visartsluis - CDNB km 15.6;15.6;;Zeebrugge;Visartsluis - CDNB;51.3578;3.19889;51.3578000003024;3.19888999881207;22/06/2016
Ligplaats met overslag;Ligplaats 613;-9999;613;Zeebrugge;Brittaniadok;51.344513;3.219984;51.3445129993908;3.21998400004706;22/06/2016
Km-punt op as waterweg;Kanaal Brugge-Zeebrugge km 38;3.8;;Brugge;Kanaal Brugge-Zeebrugge;51.255956;3.216159;51.255956000485;3.21615900030357;22/06/2016
Km-punt op as waterweg;Zuidelijk Insteekdok km 1.2;1.2;;Zeebrugge;Zuidelijk Insteekdok;51.303329;3.232793;51.3033289998452;3.23279300109878;22/06/2016
Ligplaats met overslag;Ligplaats 946;-9999;946;Brugge;Kanaal Brugge-Zeebrugge;51.231293;3.220509;51.2312930004627;3.22050900091268;22/06/2016
Km-punt op as waterweg;Verbindingsdok km 1.5;1.5;;Zeebrugge;Verbindingsdok;51.316562;3.222016;51.3165619998495;3.22201599900079;22/06/2016
Km-punt op as waterweg;Kanaal Brugge-Zeebrugge km 116;11.6;;Zeebrugge;Kanaal Brugge-Zeebrugge;51.325177;3.198733;51.3251769998695;3.19873299991774;22/06/2016
Km-punt op as waterweg;Visartsluis - CDNB km 13.6;13.6;;Zeebrugge;Visartsluis - CDNB;51.342196;3.201047;51.342195999989;3.20104699977433;22/06/2016
Ligplaats met overslag;Ligplaats 404;-9999;404;Zeebrugge;Noordelijk Insteekdok;51.322357;3.213865;51.3223570007243;3.21386500073947;22/06/2016
Km-punt op as waterweg;Kanaal Brugge-Zeebrugge km 107;10.7;;Zeebrugge;Kanaal Brugge-Zeebrugge;51.317201;3.200876;51.3172010004512;3.20087600011411;22/06/2016
Km-punt op as waterweg;Verbindingsdok km 0.7;0.7;;Zeebrugge;Verbindingsdok;51.313467;3.211672;51.3134669995194;3.21167199889048;22/06/2016
Km-punt op as waterweg;Kanaal Brugge-Zeebrugge km 34;3.4;;Brugge;Kanaal Brugge-Zeebrugge;51.252405;3.21706;51.2524050001577;3.21706000081653;22/06/2016
Km-punt op as waterweg;Pierre Vandammesluis - CDNB km 1.3;1.3;;Zeebrugge;Pierre Vandammesluis - CDNB;51.342036;3.211393;51.3420359994051;3.21139299950174;22/06/2016
Km-punt op as waterweg;Kanaal Brugge-Zeebrugge km 97;9.7;;Zeebrugge;Kanaal Brugge-Zeebrugge;51.308324;3.203135;51.3083240002874;3.20313499968143;22/06/2016
Km-punt op as waterweg;Nijverheidsdok km 0.6;0.6;;Brugge;Nijverheidsdok;51.230945;3.216599;51.2309449997631;3.21659899998769;22/06/2016
Ligplaats met overslag;Ligplaats 401;-9999;401;Zeebrugge;Noordelijk Insteekdok;51.31762;3.217204;51.3176200005128;3.21720399953468;22/06/2016
Ligplaats met overslag;Ligplaats 943;-9999;943;Brugge;Kanaal Brugge-Zeebrugge;51.226944;3.221874;51.2269439995752;3.221873999891;22/06/2016
Km-punt op as waterweg;Zuidelijk Insteekdok km 0.9;0.9;;Zeebrugge;Zuidelijk Insteekdok;51.300918;3.234716;51.3009179993228;3.23471599918122;22/06/2016
Km-punt op as waterweg;Kanaal Brugge-Zeebrugge km 22;2.2;;Brugge;Kanaal Brugge-Zeebrugge;51.241754;3.219771;51.2417539996185;3.21977099929401;22/06/2016
Km-punt op as waterweg;Prins Filipsdok km 0.2;0.2;;Zeebrugge;Prins Filipsdok;51.321592;3.193982;51.3215919993374;3.19398200074156;22/06/2016
Km-punt op as waterweg;Zuidelijk Insteekdok km 0.5;0.5;;Zeebrugge;Zuidelijk Insteekdok;51.297702;3.237282;51.2977020005727;3.23728199993315;22/06/2016
Km-punt op as waterweg;Zuidelijk Insteekdok km 1.8;1.8;;Zeebrugge;Zuidelijk Insteekdok;51.308153;3.228945;51.3081530006413;3.22894499894516;22/06/2016
Km-punt op as waterweg;Visartsluis - CDNB km 14.4;14.4;;Zeebrugge;Visartsluis - CDNB;51.348485;3.206613;51.3484850001161;3.20661300027065;22/06/2016
Km-punt op as waterweg;Pierre Vandammesluis - CDNB km 2.0;2;;Zeebrugge;Pierre Vandammesluis - CDNB;51.347875;3.207653;51.3478750006272;3.20765299927733;22/06/2016
Km-punt op as waterweg;Pierre Vandammesluis - CDNB km 0.3;0.3;;Zeebrugge;Pierre Vandammesluis - CDNB;51.333851;3.217266;51.3338509997388;3.21726600087639;22/06/2016
Km-punt op as waterweg;Visartsluis - CDNB km 12.8;12.8;;Zeebrugge;Visartsluis - CDNB;51.335837;3.19612;51.3358370005975;3.19612000121228;22/06/2016
Ligplaats met overslag;Ligplaats 929;-9999;929;Brugge;Kanaal Brugge-Zeebrugge;51.226044;3.223137;51.2260440003343;3.22313699902005;22/06/2016
Km-punt op as waterweg;Albert II dok km 1.9;1.9;;Zeebrugge;Albert II dok;51.35515;3.198681;51.3551499996539;3.19868100034095;22/06/2016
Km-punt op as waterweg;Pierre Vandammesluis - CDNB km 2.1;2.1;;Zeebrugge;Pierre Vandammesluis - CDNB;51.348709;3.207119;51.3487090003737;3.20711900050763;22/06/2016
Km-punt op as waterweg;Geul West - ZP1 km 0.6;0.6;;Zeebrugge;Geul West - ZP1;51.338729;3.19049;51.3387289999357;3.19048999984813;22/06/2016
Km-punt op as waterweg;Pierre Vandammesluis - CDNB km 0.5;0.5;;Zeebrugge;Pierre Vandammesluis - CDNB;51.335425;3.215881;51.3354250005428;3.21588100076608;22/06/2016
Km-punt op as waterweg;Kanaal Brugge-Zeebrugge km 20;2;;Brugge;Kanaal Brugge-Zeebrugge;51.239983;3.220258;51.2399830005901;3.22025800018361;22/06/2016
Km-punt op as waterweg;Geul West - ZP1 km 0.8;0.8;;Zeebrugge;Geul West - ZP1;51.340358;3.191705;51.3403579998731;3.19170499982928;22/06/2016
Km-punt op as waterweg;Pierre Vandammesluis - CDNB km 1.2;1.2;;Zeebrugge;Pierre Vandammesluis - CDNB;51.341201;3.211928;51.3412009997741;3.21192800040824;22/06/2016
Km-punt op as waterweg;Wielingendok km 0.3;0.3;;Zeebrugge;Wielingendok;51.355097;3.177441;51.3550969997732;3.17744099973357;22/06/2016
Km-punt op as waterweg;Albert II dok km 0.8;0.8;;Zeebrugge;Albert II dok;51.348979;3.186345;51.3489790004817;3.18634499980659;22/06/2016
Km-punt op as waterweg;Kanaal Brugge-Zeebrugge km 67;6.8;;Zeebrugge;Kanaal Brugge-Zeebrugge;51.281699;3.20994;51.2816990002425;3.20993999965061;22/06/2016
Km-punt op as waterweg;Noordelijk Insteekdok km 1.1;1.1;;Zeebrugge;Noordelijk Insteekdok;51.315476;3.215616;51.3154760006667;3.21561600034774;22/06/2016
Km-punt op as waterweg;Kanaal Brugge-Zeebrugge km 40;4;;Brugge;Kanaal Brugge-Zeebrugge;51.257731;3.215704;51.2577309997777;3.21570399926532;22/06/2016
Km-punt op as waterweg;Albert II dok km 0.6;0.6;;Zeebrugge;Albert II dok;51.347857;3.184103;51.3478570000596;3.18410299987311;22/06/2016
Km-punt op as waterweg;Prins Filipsdok km 0.4;0.4;;Zeebrugge;Prins Filipsdok;51.322795;3.196114;51.3227950005382;3.19611399871949;22/06/2016
Km-punt op as waterweg;Oud Ferrydok km 0.4;0.4;;Zeebrugge;Oud Ferrydok;51.319769;3.198805;51.3197689997352;3.19880499987143;22/06/2016
Ligplaats met overslag;Ligplaats 103;-9999;103;Zeebrugge;Geul West - ZP1;51.344663;3.195446;51.3446629995681;3.19544599976891;22/06/2016
Km-punt op as waterweg;LNG km 1.3;1.3;;Zeebrugge;LNG;51.348403;3.209192;51.348403000258;3.20919200063855;22/06/2016
Km-punt op as waterweg;Visartsluis - CDNB km 12.5;12.5;;Zeebrugge;Visartsluis - CDNB;51.333174;3.196801;51.3331739996854;3.19680100085804;22/06/2016
Km-punt op as waterweg;Kanaal Brugge-Zeebrugge km 77;7.7;;Zeebrugge;Kanaal Brugge-Zeebrugge;51.290573;3.207665;51.2905730000396;3.20766499927566;22/06/2016
Ligplaats met overslag;Ligplaats 102;-9999;102;Zeebrugge;Geul West - ZP1;51.345405;3.197375;51.3454049997131;3.19737499924277;22/06/2016
Km-punt op as waterweg;Albert II dok km 0.4;0.4;;Zeebrugge;Albert II dok;51.346735;3.18186;51.3467350002558;3.18185999872874;22/06/2016
Ligplaats met overslag;Ligplaats 928;-9999;928;Brugge;Kanaal Brugge-Zeebrugge;51.227343;3.222815;51.2273430000427;3.22281500010916;22/06/2016
Km-punt op as waterweg;Oud Ferrydok km 0;0;;Zeebrugge;Oud Ferrydok;51.316891;3.195365;51.316891000404;3.19536499921257;22/06/2016
Km-punt op as waterweg;Prins Filipsdok km 0.1;0.1;;Zeebrugge;Prins Filipsdok;51.320991;3.192916;51.3209910000406;3.19291600078176;22/06/2016
Km-punt op as waterweg;Wielingendok km 0.1;0.1;;Zeebrugge;Wielingendok;51.353903;3.175294;51.3539030006604;3.17529399915673;22/06/2016
Km-punt op as waterweg;Zuidelijk Insteekdok km 0;0;;Zeebrugge;Zuidelijk Insteekdok;51.293683;3.240488;51.2936829993099;3.24048800016629;22/06/2016
Ligplaats met overslag;Ligplaats 123;-9999;123;Zeebrugge;Albert II dok;51.343912;3.180985;51.3439120002385;3.18098499930186;22/06/2016
Km-punt op as waterweg;Albert II dok km 0.1;0.1;;Zeebrugge;Albert II dok;51.345052;3.178496;51.3450519999315;3.17849599982476;22/06/2016
Km-punt op as waterweg;Kanaal Brugge-Zeebrugge km 10;1;;Brugge;Kanaal Brugge-Zeebrugge;51.231042;3.22163;51.2310420006721;3.22163000105783;22/06/2016
Km-punt op as waterweg;Noordelijk Insteekdok km 0.8;0.8;;Zeebrugge;Noordelijk Insteekdok;51.318056;3.214365;51.3180559993843;3.21436500092258;22/06/2016
Km-punt op as waterweg;Kanaal Brugge-Zeebrugge km 45;4.5;;Brugge;Kanaal Brugge-Zeebrugge;51.262169;3.214575;51.2621690006518;3.21457500058776;22/06/2016
Km-punt op as waterweg;Kanaal Brugge-Zeebrugge km 56;5.6;;Dudzele;Kanaal Brugge-Zeebrugge;51.271949;3.212408;51.2719490006743;3.21240799962897;22/06/2016
Ligplaats met overslag;Ligplaats 512;-9999;512;Zeebrugge;Zuidelijk Insteekdok;51.30194;3.231058;51.3019400005778;3.23105800088971;22/06/2016
Km-punt op as waterweg;Visartsluis - CDNB km 15.3;15.3;;Zeebrugge;Visartsluis - CDNB;51.355712;3.201562;51.3557119997598;3.20156200117636;22/06/2016
Km-punt op as waterweg;Klein Handelsdok km 0;0;;Brugge;Klein Handelsdok;51.227906;3.22507;51.2279060001445;3.22507000081643;22/06/2016
Km-punt op as waterweg;Kanaal Brugge-Zeebrugge km 70;7;;Zeebrugge;Kanaal Brugge-Zeebrugge;51.284361;3.20926;51.2843610000592;3.20926000071349;22/06/2016
Ligplaats met overslag;Ligplaats 410;-9999;410;Zeebrugge;Noordelijk Insteekdok;51.319838;3.211687;51.3198379998414;3.21168699972025;22/06/2016
Km-punt op as waterweg;Zuidelijk Insteekdok km 0.8;0.8;;Zeebrugge;Zuidelijk Insteekdok;51.300114;3.235358;51.3001140003698;3.2353579997784;22/06/2016
Km-punt op as waterweg;Visartsluis - CDNB km 13.1;13.1;;Zeebrugge;Visartsluis - CDNB;51.338265;3.197569;51.3382650002829;3.19756899906702;22/06/2016
Km-punt op as waterweg;Nijverheidsdok km 1.1;1.1;;Brugge;Nijverheidsdok;51.234708;3.220088;51.2347079997732;3.22008800118119;22/06/2016
Km-punt op as waterweg;LNG km 1.4;1.4;;Zeebrugge;LNG;51.348713;3.207845;51.3487130006027;3.20784499943501;22/06/2016
Km-punt op as waterweg;Visartsluis - CDNB km 16.4;16.4;;Zeebrugge;Visartsluis - CDNB;51.362923;3.19083;51.3629230003971;3.19083000093504;22/06/2016
Km-punt op as waterweg;Wielingendok km 0;0;;Zeebrugge;Wielingendok;51.353314;3.174234;51.3533139998196;3.17423399900959;22/06/2016
Km-punt op as waterweg;Zuidelijk Insteekdok km 1.1;1.1;;Zeebrugge;Zuidelijk Insteekdok;51.302525;3.233434;51.3025250004462;3.23343399940096;22/06/2016
Km-punt op as waterweg;Kanaal Brugge-Zeebrugge km 48;4.8;;Brugge;Kanaal Brugge-Zeebrugge;51.264831;3.213893;51.2648310003943;3.21389299929895;22/06/2016
Km-punt op as waterweg;Klein Handelsdok km 0.2;0.2;;Brugge;Klein Handelsdok;51.229682;3.224623;51.2296819994652;3.22462300030678;22/06/2016
Km-punt op as waterweg;Albert II dok km 0.5;0.5;;Zeebrugge;Albert II dok;51.347296;3.182981;51.3472959999602;3.1829810005491;22/06/2016
Km-punt op as waterweg;Geul West - ZP1 km 0.5;0.5;;Zeebrugge;Geul West - ZP1;51.337915;3.189883;51.3379150000418;3.18988300042011;22/06/2016
Km-punt op as waterweg;Hermespier km 0;0;;Zeebrugge;Hermespier;51.341029;3.218194;51.3410290006765;3.21819400018776;22/06/2016
Km-punt op as waterweg;Kanaal Brugge-Zeebrugge km 109;10.9;;Zeebrugge;Kanaal Brugge-Zeebrugge;51.318976;3.200429;51.3189759995382;3.20042899901824;22/06/2016
Km-punt op as waterweg;Nijverheidsdok km 0.5;0.5;;Brugge;Nijverheidsdok;51.230058;3.216829;51.230057999718;3.21682899898775;22/06/2016
Km-punt op as waterweg;Kanaal Brugge-Zeebrugge km 82;8.2;;Lissewege;Kanaal Brugge-Zeebrugge;51.295012;3.206539;51.2950119995408;3.20653900058413;22/06/2016
Ligplaats met overslag;Ligplaats 207;-9999;207;Zeebrugge;Visartsluis - CDNB;51.332456;3.192997;51.3324559997948;3.19299699992023;22/06/2016
Km-punt op as waterweg;Pierre Vandammesluis - CDNB km 0.1;0.1;;Zeebrugge;Pierre Vandammesluis - CDNB;51.332277;3.218651;51.3322769998646;3.21865100104278;22/06/2016
Ligplaats met overslag;Ligplaats 442Z;-9999;442Z;Zeebrugge;Kanaal Brugge-Zeebrugge;51.322167;3.201957;51.3221669995667;3.20195699917679;22/06/2016
Km-punt op as waterweg;Kanaal Brugge-Zeebrugge km 83;8.3;;Lissewege;Kanaal Brugge-Zeebrugge;51.295899;3.206313;51.2958990005441;3.20631300091619;22/06/2016
Ligplaats met overslag;Ligplaats 412;-9999;412;Zeebrugge;Noordelijk Insteekdok;51.31588;3.21323;51.3158799993159;3.21322999974777;22/06/2016
Ligplaats met overslag;Ligplaats 104;-9999;104;Zeebrugge;Geul West - ZP1;51.34392;3.193806;51.3439200001552;3.19380599974006;22/06/2016
Km-punt op as waterweg;Zuidelijk Insteekdok km 0.1;0.1;;Zeebrugge;Zuidelijk Insteekdok;51.294487;3.239847;51.2944870000962;3.23984699954585;22/06/2016
Km-punt op as waterweg;Visartsluis - CDNB km 15.7;15.7;;Zeebrugge;Visartsluis - CDNB;51.35844;3.197883;51.3584400007079;3.19788300111759;22/06/2016
Km-punt op as waterweg;Wielingendok km 1.2;1.2;;Zeebrugge;Wielingendok;51.357908;3.188548;51.357907999394;3.18854799876682;22/06/2016
Km-punt op as waterweg;Zuidelijk Insteekdok km 1.4;1.4;;Zeebrugge;Zuidelijk Insteekdok;51.304937;3.23151;51.3049370000098;3.23151000100848;22/06/2016
Km-punt op as waterweg;Kanaal Brugge-Zeebrugge km 46;4.6;;Brugge;Kanaal Brugge-Zeebrugge;51.263056;3.214347;51.2630560006146;3.21434699963385;22/06/2016
Km-punt op as waterweg;LNG km 1.2;1.2;;Zeebrugge;LNG;51.348092;3.210539;51.3480919995389;3.2105390007608;22/06/2016
Km-punt op as waterweg;Zuidelijk Insteekdok km 1.7;1.7;;Zeebrugge;Zuidelijk Insteekdok;51.307349;3.229586;51.3073489994325;3.22958600092931;22/06/2016
Km-punt op as waterweg;Geul West - ZP1 km 0.3;0.3;;Zeebrugge;Geul West - ZP1;51.336287;3.188668;51.3362869996177;3.18866800031984;22/06/2016
Km-punt op as waterweg;Albert II dok km 1.8;1.8;;Zeebrugge;Albert II dok;51.354589;3.19756;51.3545890001713;3.19756000064351;22/06/2016
Km-punt op as waterweg;Visartsluis - CDNB km 14.9;14.9;;Zeebrugge;Visartsluis - CDNB;51.352496;3.204128;51.3524959999702;3.20412800051386;22/06/2016
Km-punt op as waterweg;Kanaal Brugge-Zeebrugge km 88;8.8;;Lissewege;Kanaal Brugge-Zeebrugge;51.300337;3.205176;51.3003370002873;3.20517599989341;22/06/2016
Km-punt op as waterweg;Kanaal Brugge-Zeebrugge km 76;7.6;;Zeebrugge;Kanaal Brugge-Zeebrugge;51.289686;3.207893;51.2896860002375;3.20789300074142;22/06/2016
Ligplaats met overslag;Ligplaats 608;-9999;608;Zeebrugge;Hermespier;51.341265;3.212992;51.3412650001879;3.21299199968402;22/06/2016
Km-punt op as waterweg;Zuidelijk Insteekdok km 0.3;0.3;;Zeebrugge;Zuidelijk Insteekdok;51.296094;3.238564;51.2960940006614;3.23856399897613;22/06/2016
Ligplaats met overslag;Ligplaats 141;-9999;141;Zeebrugge;Wielingendok;51.354509;3.179567;51.3545090001979;3.17956700054523;22/06/2016
Km-punt op as waterweg;Kanaal Brugge-Zeebrugge km 68;6.9;;Zeebrugge;Kanaal Brugge-Zeebrugge;51.282587;3.209716;51.2825870003177;3.20971600029654;22/06/2016
Ligplaats met overslag;Ligplaats 402;-9999;402;Zeebrugge;Noordelijk Insteekdok;51.318518;3.215788;51.3185180000587;3.2157879996233;22/06/2016
Km-punt op as waterweg;Zuidelijk Insteekdok km 2.6;2.6;;Zeebrugge;Zuidelijk Insteekdok;51.314584;3.223814;51.3145840002362;3.22381399978671;22/06/2016
Km-punt op as waterweg;Kanaal Brugge-Zeebrugge km 64;6.5;;Zeebrugge;Kanaal Brugge-Zeebrugge;51.279035;3.210611;51.2790350006605;3.21061099992935;22/06/2016
Ligplaats met overslag;Ligplaats 916;-9999;916;Brugge;Kanaal Brugge-Zeebrugge;51.237869;3.221489;51.2378689994545;3.22148899994186;22/06/2016
Ligplaats met overslag;Ligplaats 405;-9999;405;Zeebrugge;Noordelijk Insteekdok;51.324227;3.212921;51.3242270000989;3.21292099954394;22/06/2016
Km-punt op as waterweg;Kanaal Brugge-Zeebrugge km 103;10.3;;Zeebrugge;Kanaal Brugge-Zeebrugge;51.313648;3.201759;51.3136479993209;3.20175899930391;22/06/2016
Ligplaats met overslag;Ligplaats 205;-9999;205;Zeebrugge;Visartsluis - CDNB;51.338308;3.195096;51.3383080006391;3.19509599950316;22/06/2016
Ligplaats met overslag;Ligplaats 414;-9999;414;Zeebrugge;Verbindingsdok;51.314004;3.210383;51.3140039993211;3.21038299951034;22/06/2016
Km-punt op as waterweg;Kanaal Brugge-Zeebrugge km 13;1.3;;Brugge;Kanaal Brugge-Zeebrugge;51.233732;3.221343;51.2337319998248;3.22134299984605;22/06/2016
Km-punt op as waterweg;Visartsluis - CDNB km 13.7;13.7;;Zeebrugge;Visartsluis - CDNB;51.342982;3.201743;51.3429820005823;3.20174300124014;22/06/2016
Km-punt op as waterweg;Verbindingsdok km 2.9;2.9;;Zeebrugge;Verbindingsdok;51.329072;3.22125;51.3290720000457;3.22124999981316;22/06/2016
Km-punt op as waterweg;Geul West - ZP1 km 1.8;1.8;;Zeebrugge;Geul West - ZP1;51.346452;3.202249;51.3464519998422;3.20224900011903;22/06/2016
Ligplaats met overslag;Ligplaats 530;-9999;530;Zeebrugge;Zuidelijk Insteekdok;51.312406;3.228493;51.3124059994124;3.22849300090001;22/06/2016
Km-punt op as waterweg;Wielingendok km 1.9;1.9;;Zeebrugge;Wielingendok;51.357601;3.198585;51.357600999538;3.19858499951787;22/06/2016
Km-punt op as waterweg;Kanaal Brugge-Zeebrugge km 60;6.1;;Zeebrugge;Kanaal Brugge-Zeebrugge;51.275509;3.211726;51.2755089994779;3.2117259992195;22/06/2016
Km-punt op as waterweg;Verbindingsdok km 2.5;2.5;;Zeebrugge;Verbindingsdok;51.325607;3.222275;51.325607000655;3.22227499873368;22/06/2016
Km-punt op as waterweg;Visartsluis - CDNB km 11.8;11.8;;Zeebrugge;Visartsluis - CDNB;51.326962;3.198394;51.3269619999149;3.19839399973375;22/06/2016
Ligplaats met overslag;Ligplaats 416;-9999;416;Zeebrugge;Verbindingsdok;51.313009;3.207797;51.3130090001472;3.20779699882009;22/06/2016
Km-punt op as waterweg;Verbindingsdok km 1;1;;Zeebrugge;Verbindingsdok;51.314498;3.215648;51.3144979998723;3.21564799978315;22/06/2016
Km-punt op as waterweg;Kanaal Brugge-Zeebrugge km 112;11.2;;Zeebrugge;Kanaal Brugge-Zeebrugge;51.321633;3.199696;51.3216330004803;3.19969600061796;22/06/2016
Ligplaats met overslag;Ligplaats 923;-9999;923;Brugge;Klein Handelsdok;51.227956;3.22522;51.2279560000826;3.22521999963182;22/06/2016
Km-punt op as waterweg;Geul West - ZP1 km 0.1;0.1;;Zeebrugge;Geul West - ZP1;51.334658;3.187453;51.3346579995595;3.18745300077843;22/06/2016
Km-punt op as waterweg;Kanaal Brugge-Zeebrugge km 92;9.2;;Lissewege;Kanaal Brugge-Zeebrugge;51.303886;3.204265;51.3038859996872;3.20426499931201;22/06/2016
Km-punt op as waterweg;Verbindingsdok km 2.1;2.1;;Zeebrugge;Verbindingsdok;51.322012;3.222241;51.3220119994607;3.22224100054124;22/06/2016
Km-punt op as waterweg;Verbindingsdok km 0.1;0.1;;Zeebrugge;Verbindingsdok;51.311405;3.203721;51.311405000264;3.20372099931576;22/06/2016
Km-punt op as waterweg;Verbindingsdok km 1.9;1.9;;Zeebrugge;Verbindingsdok;51.320214;3.222224;51.3202140005684;3.22222399908761;22/06/2016
Km-punt op as waterweg;Geul West - ZP1 km 1.3;1.3;;Zeebrugge;Geul West - ZP1;51.343586;3.196723;51.3435859998084;3.19672300085419;22/06/2016
Km-punt op as waterweg;Wielingendok km 0.2;0.2;;Zeebrugge;Wielingendok;51.3545;3.176368;51.3544999995281;3.17636799927436;22/06/2016
Km-punt op as waterweg;Kanaal Brugge-Zeebrugge km 28;2.8;;Brugge;Kanaal Brugge-Zeebrugge;51.24708;3.218421;51.2470800003655;3.21842100092057;22/06/2016
Km-punt op as waterweg;Kanaal Brugge-Zeebrugge km 53;5.3;;Brugge;Kanaal Brugge-Zeebrugge;51.269285;3.213072;51.2692850001035;3.21307200018948;22/06/2016
Km-punt op as waterweg;Kanaal Brugge-Zeebrugge km 99;9.9;;Zeebrugge;Kanaal Brugge-Zeebrugge;51.310099;3.202676;51.3100989997776;3.2026759989504;22/06/2016
Km-punt op as waterweg;Geul West - ZP1 km 0.7;0.7;;Zeebrugge;Geul West - ZP1;51.339544;3.191098;51.339543999984;3.1910979988043;22/06/2016
Km-punt op as waterweg;Noordelijk Insteekdok km 0.4;0.4;;Zeebrugge;Noordelijk Insteekdok;51.321496;3.212696;51.3214960005726;3.21269600003458;22/06/2016
Km-punt op as waterweg;Kanaal Brugge-Zeebrugge km 101;10.1;;Zeebrugge;Kanaal Brugge-Zeebrugge;51.311873;3.202213;51.3118730007049;3.20221299873908;22/06/2016
Ligplaats met overslag;Ligplaats 705;-9999;705;Zeebrugge;Pierre Vandammesluis - CDNB;51.336891;3.211717;51.336891000358;3.21171699875138;22/06/2016
Km-punt op as waterweg;Albert II dok km 0.2;0.2;;Zeebrugge;Albert II dok;51.345613;3.179617;51.3456129995682;3.17961700029341;22/06/2016
Km-punt op as waterweg;Verbindingsdok km 2.3;2.3;;Zeebrugge;Verbindingsdok;51.323809;3.222258;51.3238090002398;3.22225799984877;22/06/2016
Km-punt op as waterweg;Verbindingsdok km 2.8;2.8;;Zeebrugge;Verbindingsdok;51.328265;3.22188;51.3282650001759;3.22187999943778;22/06/2016
Km-punt op as waterweg;Pierre Vandammesluis - CDNB km 1.8;1.8;;Zeebrugge;Pierre Vandammesluis - CDNB;51.346207;3.208722;51.3462070005071;3.20872199903585;22/06/2016
Km-punt op as waterweg;Wielingendok km 0.8;0.8;;Zeebrugge;Wielingendok;51.35808;3.182808;51.3580800005898;3.1828079993365;22/06/2016
Ligplaats met overslag;Ligplaats 105;-9999;105;Zeebrugge;Geul West - ZP1;51.342875;3.191949;51.342874999645;3.19194899879467;22/06/2016
Km-punt op as waterweg;Kanaal Brugge-Zeebrugge km 84;8.4;;Lissewege;Kanaal Brugge-Zeebrugge;51.296787;3.206089;51.2967869999624;3.2060890011967;22/06/2016
Km-punt op as waterweg;Brittaniadok km 0.9;0.9;;Zeebrugge;Brittaniadok;51.344681;3.212089;51.3446810004191;3.21208899952186;22/06/2016
Km-punt op as waterweg;Geul West - ZP1 km 0.9;0.9;;Zeebrugge;Geul West - ZP1;51.341172;3.192313;51.3411720003187;3.19231300024274;22/06/2016
Km-punt op as waterweg;Hermespier km 0.1;0.1;;Zeebrugge;Hermespier;51.341575;3.217055;51.3415750000679;3.21705500019693;22/06/2016
Km-punt op as waterweg;Visartsluis - CDNB km 16.2;16.2;;Zeebrugge;Visartsluis - CDNB;51.361642;3.192845;51.3616420005434;3.19284499937985;22/06/2016
Ligplaats met overslag;Ligplaats 413;-9999;413;Zeebrugge;Verbindingsdok;51.314453;3.212489;51.3144530000024;3.21248900024161;22/06/2016
Km-punt op as waterweg;LNG km 0.8;0.8;;Zeebrugge;LNG;51.347778;3.215594;51.3477779993056;3.21559399929304;22/06/2016
Km-punt op as waterweg;Oud Ferrydok km 0.3;0.3;;Zeebrugge;Oud Ferrydok;51.319049;3.197945;51.3190489994003;3.1979449993781;22/06/2016
Km-punt op as waterweg;Kanaal Brugge-Zeebrugge km 87;8.7;;Lissewege;Kanaal Brugge-Zeebrugge;51.29945;3.205408;51.2994499997386;3.2054080011882;22/06/2016
Ligplaats met overslag;Ligplaats 304;-9999;304;Zeebrugge;Prins Filipsdok;51.321424;3.19176;51.3214240003231;3.19176000052588;22/06/2016
Km-punt op as waterweg;Geul West - ZP1 km 1.5;1.5;;Zeebrugge;Geul West - ZP1;51.344732;3.198933;51.3447319994165;3.19893300051543;22/06/2016
Ligplaats met overslag;Ligplaats 144;-9999;144;Zeebrugge;Wielingendok;51.354291;3.175913;51.3542910003382;3.1759129995779;22/06/2016
Ligplaats met overslag;Ligplaats 967;-9999;967;Brugge;Kanaal Brugge-Zeebrugge;51.255849;3.215518;51.2558489998522;3.21551799968764;22/06/2016
Km-punt op as waterweg;Wielingendok km 1.8;1.8;;Zeebrugge;Wielingendok;51.357645;3.197151;51.3576449994377;3.19715099992965;22/06/2016
Km-punt op as waterweg;Albert II dok km 0.3;0.3;;Zeebrugge;Albert II dok;51.346174;3.180739;51.3461739996528;3.18073900077587;22/06/2016
Km-punt op as waterweg;LNG km 0.1;0.1;;Zeebrugge;LNG;51.353918;3.213401;51.353917999377;3.21340100009818;22/06/2016
Ligplaats met overslag;Ligplaats 704;-9999;704;Zeebrugge;Pierre Vandammesluis - CDNB;51.338103;3.209664;51.3381029993672;3.20966399947768;22/06/2016
Km-punt op as waterweg;Kanaal Brugge-Zeebrugge km 30;3;;Brugge;Kanaal Brugge-Zeebrugge;51.248855;3.217964;51.2488549993067;3.21796399930081;22/06/2016
Km-punt op as waterweg;Zuidelijk Insteekdok km 2;2;;Zeebrugge;Zuidelijk Insteekdok;51.309761;3.227662;51.3097610001527;3.22766199912638;22/06/2016
Km-punt op as waterweg;Visartsluis - CDNB km 11.9;11.9;;Zeebrugge;Visartsluis - CDNB;51.327849;3.198164;51.3278490003441;3.19816400116152;22/06/2016
Km-punt op as waterweg;Kanaal Brugge-Zeebrugge km 17;1.7;;Brugge;Kanaal Brugge-Zeebrugge;51.237314;3.220871;51.2373140000877;3.22087099939881;22/06/2016
Km-punt op as waterweg;Kanaal Brugge-Zeebrugge km 75;7.5;;Zeebrugge;Kanaal Brugge-Zeebrugge;51.288798;3.20812;51.2887980004082;3.20812000056802;22/06/2016
Km-punt op as waterweg;Kanaal Brugge-Zeebrugge km 85;8.5;;Lissewege;Kanaal Brugge-Zeebrugge;51.297675;3.205865;51.2976750001424;3.2058650005288;22/06/2016
Km-punt op as waterweg;Kanaal Brugge-Zeebrugge km 114;11.4;;Zeebrugge;Kanaal Brugge-Zeebrugge;51.323404;3.199202;51.3234039995622;3.19920200089937;22/06/2016
Km-punt op as waterweg;Noordelijk Insteekdok km 0.2;0.2;;Zeebrugge;Noordelijk Insteekdok;51.323216;3.211862;51.3232160005645;3.2118619988482;22/06/2016
Km-punt op as waterweg;Pierre Vandammesluis - CDNB km 0.8;0.8;;Zeebrugge;Pierre Vandammesluis - CDNB;51.337865;3.214065;51.3378649997159;3.21406499915733;22/06/2016
Ligplaats met overslag;Ligplaats 702;-9999;702;Zeebrugge;Pierre Vandammesluis - CDNB;51.340665;3.205328;51.3406650005069;3.20532799976732;22/06/2016
Km-punt op as waterweg;Kanaal Brugge-Zeebrugge km 113;11.3;;Zeebrugge;Kanaal Brugge-Zeebrugge;51.322519;3.199449;51.3225190001792;3.1994489992722;22/06/2016
Km-punt op as waterweg;Oud Ferrydok km 0.1;0.1;;Zeebrugge;Oud Ferrydok;51.317611;3.196225;51.3176109993316;3.19622499935222;22/06/2016
Km-punt op as waterweg;Kanaal Brugge-Zeebrugge km 80;8;;Lissewege;Kanaal Brugge-Zeebrugge;51.293236;3.206989;51.2932359997208;3.20698900068946;22/06/2016
Km-punt op as waterweg;Kanaal Brugge-Zeebrugge km 89;8.9;;Lissewege;Kanaal Brugge-Zeebrugge;51.301224;3.204948;51.301224000615;3.20494800114282;22/06/2016
Km-punt op as waterweg;Verbindingsdok km 0.9;0.9;;Zeebrugge;Verbindingsdok;51.314154;3.214323;51.3141539999958;3.21432300061284;22/06/2016
Km-punt op as waterweg;Zuidelijk Insteekdok km 2.4;2.4;;Zeebrugge;Zuidelijk Insteekdok;51.312976;3.225097;51.3129759999377;3.22509699934572;22/06/2016
Km-punt op as waterweg;Kanaal Brugge-Zeebrugge km 79;7.9;;Lissewege;Kanaal Brugge-Zeebrugge;51.292349;3.207214;51.2923489998373;3.20721399980113;22/06/2016
Km-punt op as waterweg;Kanaal Brugge-Zeebrugge km 111;11.1;;Zeebrugge;Kanaal Brugge-Zeebrugge;51.320748;3.199943;51.3207479996054;3.19994300055867;22/06/2016
Km-punt op as waterweg;LNG km 0.6;0.6;;Zeebrugge;LNG;51.349533;3.214967;51.3495330004855;3.21496699895134;22/06/2016
Km-punt op as waterweg;Kanaal Brugge-Zeebrugge km 27;2.7;;Brugge;Kanaal Brugge-Zeebrugge;51.246193;3.218646;51.2461929994815;3.21864600103675;22/06/2016
Km-punt op as waterweg;Kanaal Brugge-Zeebrugge km 47;4.7;;Brugge;Kanaal Brugge-Zeebrugge;51.263944;3.21412;51.2639440006541;3.2141200003113;22/06/2016
Km-punt op as waterweg;Verbindingsdok km 1.6;1.6;;Zeebrugge;Verbindingsdok;51.317518;3.222199;51.3175180004921;3.22219899923759;22/06/2016
Km-punt op as waterweg;Kanaal Brugge-Zeebrugge km 95;9.5;;Zeebrugge;Kanaal Brugge-Zeebrugge;51.306549;3.203584;51.3065490004018;3.20358399932343;22/06/2016
Km-punt op as waterweg;Visartsluis - CDNB km 14.3;14.3;;Zeebrugge;Visartsluis - CDNB;51.347699;3.205917;51.3476989999657;3.20591700047541;22/06/2016
Ligplaats met overslag;Ligplaats 140;-9999;140;Zeebrugge;Wielingendok;51.355898;3.18206;51.3558980003396;3.18205999896145;22/06/2016
Km-punt op as waterweg;Kanaal Brugge-Zeebrugge km 6;0.6;;Brugge;Kanaal Brugge-Zeebrugge;51.227468;3.222206;51.2274680006461;3.22220599927905;22/06/2016
Km-punt op as waterweg;Verbindingsdok km 2.7;2.7;;Zeebrugge;Verbindingsdok;51.327404;3.222292;51.3274040001284;3.22229200063448;22/06/2016
Km-punt op as waterweg;Albert II dok km 0.9;0.9;;Zeebrugge;Albert II dok;51.34954;3.187467;51.3495400006244;3.18746700052176;22/06/2016
Ligplaats met overslag;Ligplaats 527;-9999;527;Zeebrugge;Zuidelijk Insteekdok;51.307897;3.230897;51.3078969994211;3.23089699979463;22/06/2016
Km-punt op as waterweg;Visartsluis - CDNB km 14.2;14.2;;Zeebrugge;Visartsluis - CDNB;51.346913;3.205222;51.3469130007187;3.20522199988788;22/06/2016
Ligplaats met overslag;Ligplaats 143;-9999;143;Zeebrugge;Wielingendok;51.354239;3.175999;51.3542390007025;3.17599900033706;22/06/2016
Ligplaats met overslag;Ligplaats 209;-9999;209;Zeebrugge;Visartsluis - CDNB;51.330476;3.196746;51.3304759996286;3.19674600009309;22/06/2016
Ligplaats met overslag;Ligplaats 442N;-9999;442N;Zeebrugge;Kanaal Brugge-Zeebrugge;51.322371;3.201857;51.3223710005704;3.2018569992326;22/06/2016
Ligplaats met overslag;Ligplaats 522;-9999;522;Zeebrugge;Zuidelijk Insteekdok;51.299636;3.238692;51.2996360003142;3.2386920003922;22/06/2016
Km-punt op as waterweg;Wielingendok km 0.4;0.4;;Zeebrugge;Wielingendok;51.355693;3.178514;51.3556930003581;3.17851399956389;22/06/2016
Km-punt op as waterweg;Albert II dok km 1.4;1.4;;Zeebrugge;Albert II dok;51.352345;3.193074;51.3523450003931;3.19307399934993;22/06/2016
Km-punt op as waterweg;Verbindingsdok km 0.4;0.4;;Zeebrugge;Verbindingsdok;51.312436;3.207697;51.3124359999592;3.20769700079877;22/06/2016
Km-punt op as waterweg;Pierre Vandammesluis - CDNB km 1;1;;Zeebrugge;Pierre Vandammesluis - CDNB;51.339533;3.212996;51.3395329999075;3.21299599946057;22/06/2016
Km-punt op as waterweg;Kanaal Brugge-Zeebrugge km 63;6.4;;Zeebrugge;Kanaal Brugge-Zeebrugge;51.27815;3.210854;51.2781499998275;3.21085399880999;22/06/2016
Km-punt op as waterweg;Brittaniadok km 0.3;0.3;;Zeebrugge;Brittaniadok;51.343745;3.219432;51.3437450001833;3.21943199914672;22/06/2016
Km-punt op as waterweg;Nijverheidsdok km 1;1;;Brugge;Nijverheidsdok;51.233992;3.219223;51.2339920005793;3.21922300024233;22/06/2016
Km-punt op as waterweg;Prins Filipsdok km 0;0;;Zeebrugge;Prins Filipsdok;51.320389;3.19185;51.3203889997553;3.19184999994984;22/06/2016
Km-punt op as waterweg;Kanaal Brugge-Zeebrugge km 15;1.5;;Brugge;Kanaal Brugge-Zeebrugge;51.235526;3.221152;51.2355259994856;3.22115199939179;22/06/2016
Km-punt op as waterweg;Prins Filipsdok km 0.6;0.6;;Zeebrugge;Prins Filipsdok;51.323997;3.198246;51.3239969995026;3.19824599875743;22/06/2016
Km-punt op as waterweg;Pierre Vandammesluis - CDNB km 1.9;1.9;;Zeebrugge;Pierre Vandammesluis - CDNB;51.347041;3.208187;51.3470409998134;3.20818699923354;22/06/2016
Km-punt op as waterweg;Kanaal Brugge-Zeebrugge km 49;4.9;;Brugge;Kanaal Brugge-Zeebrugge;51.265719;3.213665;51.2657189994155;3.21366500092339;22/06/2016
Km-punt op as waterweg;Albert II dok km 0.7;0.7;;Zeebrugge;Albert II dok;51.348418;3.185224;51.3484179992943;3.18522399921588;22/06/2016
Ligplaats met overslag;Ligplaats 124;-9999;124;Zeebrugge;Albert II dok;51.34416;3.177703;51.3441599998887;3.17770300035407;22/06/2016
Km-punt op as waterweg;Brittaniadok km 0.5;0.5;;Zeebrugge;Brittaniadok;51.343333;3.216639;51.3433329996748;3.21663900112526;22/06/2016
Km-punt op as waterweg;Visartsluis - CDNB km 15.5;15.5;;Zeebrugge;Visartsluis - CDNB;51.357146;3.199875;51.3571459992828;3.19987499923296;22/06/2016
Km-punt op as waterweg;Verbindingsdok km 1.1;1.1;;Zeebrugge;Verbindingsdok;51.314893;3.216934;51.3148930005676;3.21693400110958;22/06/2016
Km-punt op as waterweg;Zuidelijk Insteekdok km 1.6;1.6;;Zeebrugge;Zuidelijk Insteekdok;51.306545;3.230227;51.3065450004322;3.23022700098592;22/06/2016
Km-punt op as waterweg;Wielingendok km 1.4;1.4;;Zeebrugge;Wielingendok;51.35782;3.191415;51.3578200003401;3.19141500043348;22/06/2016
Km-punt op as waterweg;Visartsluis - CDNB km 13.3;13.3;;Zeebrugge;Visartsluis - CDNB;51.339837;3.19896;51.3398369997232;3.19895999908179;22/06/2016
Km-punt op as waterweg;Geul West - ZP1 km 1.9;1.9;;Zeebrugge;Geul West - ZP1;51.347026;3.203355;51.3470259996943;3.20335500077652;22/06/2016
Km-punt op as waterweg;Kanaal Brugge-Zeebrugge km 104;10.4;;Zeebrugge;Kanaal Brugge-Zeebrugge;51.314536;3.201536;51.3145359994061;3.20153600056802;22/06/2016
Km-punt op as waterweg;Kanaal Brugge-Zeebrugge km 117;11.7;;Zeebrugge;Kanaal Brugge-Zeebrugge;51.326071;3.198584;51.3260709997823;3.1985840004291;22/06/2016
Km-punt op as waterweg;Noordelijk Insteekdok km 1;1;;Zeebrugge;Noordelijk Insteekdok;51.316336;3.215199;51.3163359999443;3.21519899987939;22/06/2016
Ligplaats met overslag;Ligplaats 406;-9999;406;Zeebrugge;Noordelijk Insteekdok;51.32479;3.210943;51.3247899994441;3.21094299942025;22/06/2016
Km-punt op as waterweg;Noordelijk Insteekdok km 0.6;0.6;;Zeebrugge;Noordelijk Insteekdok;51.319776;3.21353;51.3197759998076;3.21353000051364;22/06/2016
Km-punt op as waterweg;Zuidelijk Insteekdok km 2.3;2.3;;Zeebrugge;Zuidelijk Insteekdok;51.312172;3.225738;51.3121719997451;3.22573799984001;22/06/2016
Km-punt op as waterweg;Kanaal Brugge-Zeebrugge km 102;10.2;;Zeebrugge;Kanaal Brugge-Zeebrugge;51.31276;3.201982;51.3127600000227;3.20198199967439;22/06/2016
Km-punt op as waterweg;Kanaal Brugge-Zeebrugge km 3;0.3;;Brugge;Kanaal Brugge-Zeebrugge;51.224806;3.222885;51.2248060005691;3.22288500027598;22/06/2016
Km-punt op as waterweg;Geul West - ZP1 km 1;1;;Zeebrugge;Geul West - ZP1;51.341866;3.193407;51.3418659997496;3.19340700098038;22/06/2016
Km-punt op as waterweg;Klein Handelsdok km 0.3;0.3;;Brugge;Klein Handelsdok;51.23057;3.224399;51.2305700005092;3.22439900053428;22/06/2016
Km-punt op as waterweg;Brittaniadok km 1;1;;Zeebrugge;Brittaniadok;51.345398;3.211225;51.345397999417;3.21122500000754;22/06/2016
Km-punt op as waterweg;Albert II dok km 1.5;1.5;;Zeebrugge;Albert II dok;51.352906;3.194195;51.3529059993117;3.19419499893294;22/06/2016
Km-punt op as waterweg;Verbindingsdok km 0.8;0.8;;Zeebrugge;Verbindingsdok;51.31381;3.212997;51.3138099997446;3.2129969997317;22/06/2016
Km-punt op as waterweg;Kanaal Brugge-Zeebrugge km 71;7.1;;Zeebrugge;Kanaal Brugge-Zeebrugge;51.285249;3.209033;51.2852490003989;3.20903300108497;22/06/2016
Km-punt op as waterweg;Kanaal Brugge-Zeebrugge km 98;9.8;;Zeebrugge;Kanaal Brugge-Zeebrugge;51.309212;3.202907;51.3092119998296;3.20290699954025;22/06/2016
Km-punt op as waterweg;Pierre Vandammesluis - CDNB km 0;0;;Zeebrugge;Pierre Vandammesluis - CDNB;51.331489;3.219344;51.3314889997862;3.21934400118226;22/06/2016
Ligplaats met overslag;Ligplaats 120;-9999;120;Zeebrugge;Albert II dok;51.349265;3.191595;51.3492649995309;3.19159500092866;22/06/2016
Km-punt op as waterweg;Wielingendok km 1.5;1.5;;Zeebrugge;Wielingendok;51.357776;3.192849;51.3577760006571;3.19284899985247;22/06/2016
Km-punt op as waterweg;Kanaal Brugge-Zeebrugge km 5;0.5;;Brugge;Kanaal Brugge-Zeebrugge;51.226581;3.222433;51.2265809994685;3.22243300006153;22/06/2016
Ligplaats met overslag;Ligplaats 504;-9999;504;Zeebrugge;Verbindingsdok;51.31213;3.214441;51.3121299998233;3.21444099875605;22/06/2016
Km-punt op as waterweg;Verbindingsdok km 1.4;1.4;;Zeebrugge;Verbindingsdok;51.316144;3.220746;51.3161439998173;3.22074600058104;22/06/2016
Km-punt op as waterweg;Brittaniadok km 1.3;1.3;;Zeebrugge;Brittaniadok;51.34755;3.20863;51.3475499995693;3.20863000024332;22/06/2016
Km-punt op as waterweg;Kanaal Brugge-Zeebrugge km 16;1.6;;Brugge;Kanaal Brugge-Zeebrugge;51.236423;3.221057;51.2364229993248;3.2210570007174;22/06/2016
Km-punt op as waterweg;Albert II dok km 1.2;1.2;;Zeebrugge;Albert II dok;51.351223;3.190831;51.3512229998928;3.19083100021822;22/06/2016
Km-punt op as waterweg;Kanaal Brugge-Zeebrugge km 90;9;;Lissewege;Kanaal Brugge-Zeebrugge;51.302111;3.20472;51.3021110002261;3.2047199987921;22/06/2016
Km-punt op as waterweg;Geul West - ZP1 km 1.7;1.7;;Zeebrugge;Geul West - ZP1;51.345879;3.201144;51.3458790001316;3.2011440001217;22/06/2016
Km-punt op as waterweg;Kanaal Brugge-Zeebrugge km 93;9.3;;Zeebrugge;Kanaal Brugge-Zeebrugge;51.304774;3.204037;51.3047739997516;3.20403699927915;22/06/2016
Km-punt op as waterweg;Brittaniadok km 0.4;0.4;;Zeebrugge;Brittaniadok;51.343539;3.218036;51.3435390001265;3.21803599984994;22/06/2016
Km-punt op as waterweg;Kanaal Brugge-Zeebrugge km 8;0.8;;Brugge;Kanaal Brugge-Zeebrugge;51.229248;3.221821;51.2292480002785;3.22182100024878;22/06/2016
Km-punt op as waterweg;Visartsluis - CDNB km 14.6;14.6;;Zeebrugge;Visartsluis - CDNB;51.350084;3.206053;51.3500840002946;3.20605299926455;22/06/2016
Km-punt op as waterweg;Visartsluis - CDNB km 15.4;15.4;;Zeebrugge;Visartsluis - CDNB;51.356485;3.200848;51.3564850001405;3.20084799954612;22/06/2016
Km-punt op as waterweg;Visartsluis - CDNB km 13.4;13.4;;Zeebrugge;Visartsluis - CDNB;51.340624;3.199656;51.3406240006884;3.19965599941868;22/06/2016
Km-punt op as waterweg;Brittaniadok km 1.1;1.1;;Zeebrugge;Brittaniadok;51.346116;3.21036;51.346116000673;3.21036000096525;22/06/2016
Ligplaats met overslag;Ligplaats 420;-9999;420;Zeebrugge;Kanaal Brugge-Zeebrugge;51.316175;3.201374;51.3161749996194;3.20137399919927;22/06/2016
Km-punt op as waterweg;Kanaal Brugge-Zeebrugge km 105;10.5;;Zeebrugge;Kanaal Brugge-Zeebrugge;51.315424;3.201312;51.3154240004663;3.20131200030522;22/06/2016
Ligplaats met overslag;Ligplaats 408;-9999;408;Zeebrugge;Noordelijk Insteekdok;51.323739;3.21009;51.323738999817;3.21008999994037;22/06/2016
Km-punt op as waterweg;Geul West - ZP1 km 1.1;1.1;;Zeebrugge;Geul West - ZP1;51.342439;3.194512;51.3424389996509;3.19451200064736;22/06/2016
Ligplaats met overslag;Ligplaats 101;-9999;101;Zeebrugge;Geul West - ZP1;51.346047;3.199378;51.3460469997592;3.19937799964573;22/06/2016
Km-punt op as waterweg;Noordelijk Insteekdok km 0.1;0.1;;Zeebrugge;Noordelijk Insteekdok;51.324076;3.211445;51.3240759995636;3.21144499928054;22/06/2016
Km-punt op as waterweg;Kanaal Brugge-Zeebrugge km 61;6.2;;Zeebrugge;Kanaal Brugge-Zeebrugge;51.276389;3.211435;51.2763890002831;3.21143500062852;22/06/2016
Km-punt op as waterweg;Visartsluis - CDNB km 15.2;15.2;;Zeebrugge;Visartsluis - CDNB;51.354908;3.202204;51.3549080006565;3.20220399882938;22/06/2016
Ligplaats met overslag;Ligplaats 142;-9999;142;Zeebrugge;Wielingendok;51.352962;3.176835;51.352962000624;3.17683499928052;22/06/2016
Ligplaats met overslag;Ligplaats 947;-9999;947;Brugge;Kanaal Brugge-Zeebrugge;51.232987;3.220359;51.2329870004516;3.22035899889914;22/06/2016
Ligplaats met overslag;Ligplaats 403;-9999;403;Zeebrugge;Noordelijk Insteekdok;51.319958;3.215081;51.3199579997872;3.21508100046251;22/06/2016
Km-punt op as waterweg;Kanaal Brugge-Zeebrugge km 41;4.1;;Brugge;Kanaal Brugge-Zeebrugge;51.258618;3.215475;51.2586180005424;3.21547499897877;22/06/2016
Km-punt op as waterweg;Kanaal Brugge-Zeebrugge km 58;5.8;;Dudzele;Kanaal Brugge-Zeebrugge;51.273741;3.212216;51.2737410002685;3.21221599998636;22/06/2016
Km-punt op as waterweg;Visartsluis - CDNB km 12.6;12.6;;Zeebrugge;Visartsluis - CDNB;51.334061;3.196574;51.3340610004622;3.19657400012022;22/06/2016
Ligplaats met overslag;Ligplaats 508;-9999;508;Zeebrugge;Zuidelijk Insteekdok;51.309736;3.224774;51.3097359997829;3.2247740002614;22/06/2016
Km-punt op as waterweg;LNG km 0.7;0.7;;Zeebrugge;LNG;51.348655;3.215281;51.34865499975;3.21528100027988;22/06/2016
Ligplaats met overslag;Ligplaats 954;-9999;954;Brugge;Nijverheidsdok;51.230721;3.216023;51.2307209996167;3.21602299891319;22/06/2016
Km-punt op as waterweg;Visartsluis - CDNB km 15.8;15.8;;Zeebrugge;Visartsluis - CDNB;51.359081;3.196876;51.35908099938;3.1968759987448;22/06/2016
Ligplaats met overslag;Ligplaats 911;-9999;911;Brugge;Kanaal Brugge-Zeebrugge;51.247182;3.219188;51.2471819999169;3.21918799899212;22/06/2016
Km-punt op as waterweg;Albert II dok km 1.6;1.6;;Zeebrugge;Albert II dok;51.353467;3.195317;51.3534670000226;3.19531700120143;22/06/2016
Km-punt op as waterweg;Kanaal Brugge-Zeebrugge km 78;7.8;;Lissewege;Kanaal Brugge-Zeebrugge;51.291461;3.207438;51.2914609999577;3.20743799988951;22/06/2016
Km-punt op as waterweg;Kanaal Brugge-Zeebrugge km 52;5.2;;Brugge;Kanaal Brugge-Zeebrugge;51.268393;3.213255;51.2683930000818;3.21325499969591;22/06/2016
Ligplaats met overslag;Ligplaats 521;-9999;521;Zeebrugge;Zuidelijk Insteekdok;51.297512;3.240476;51.297512000667;3.24047600024375;22/06/2016
Km-punt op as waterweg;Pierre Vandammesluis - CDNB km 0.2;0.2;;Zeebrugge;Pierre Vandammesluis - CDNB;51.333064;3.217958;51.3330640005723;3.21795799948209;22/06/2016
Ligplaats met overslag;Ligplaats 615;-9999;615;Zeebrugge;LNG;51.352385;3.215656;51.3523849999086;3.21565599892558;22/06/2016
Ligplaats met overslag;Ligplaats 400;-9999;400;Zeebrugge;Verbindingsdok;51.322894;3.220458;51.3228939998431;3.22045799961974;22/06/2016
Km-punt op as waterweg;LNG km 0.5;0.5;;Zeebrugge;LNG;51.35041;3.214654;51.3504100002716;3.21465399918878;22/06/2016
Km-punt op as waterweg;Visartsluis - CDNB km 12.3;12.3;;Zeebrugge;Visartsluis - CDNB;51.331399;3.197254;51.3313989995365;3.19725400048621;22/06/2016
Km-punt op as waterweg;Kanaal Brugge-Zeebrugge km 72;7.2;;Zeebrugge;Kanaal Brugge-Zeebrugge;51.286136;3.208807;51.2861360001666;3.20880699986165;22/06/2016
Km-punt op as waterweg;Nijverheidsdok km 0.9;0.9;;Brugge;Nijverheidsdok;51.233276;3.218357;51.2332760006937;3.21835699893064;22/06/2016
Km-punt op as waterweg;Kanaal Brugge-Zeebrugge km 7;0.7;;Brugge;Kanaal Brugge-Zeebrugge;51.228356;3.22198;51.2283560004217;3.22197999960557;22/06/2016
Ligplaats met overslag;Ligplaats 523;-9999;523;Zeebrugge;Zuidelijk Insteekdok;51.301177;3.237447;51.3011769994973;3.23744699931102;22/06/2016
Km-punt op as waterweg;Visartsluis - CDNB km 15.1;15.1;;Zeebrugge;Visartsluis - CDNB;51.354104;3.202845;51.3541039997376;3.2028450008168;22/06/2016
Km-punt op as waterweg;Zuidelijk Insteekdok km 1.5;1.5;;Zeebrugge;Zuidelijk Insteekdok;51.305741;3.230869;51.3057410003014;3.23086899959326;22/06/2016
Km-punt op as waterweg;Pierre Vandammesluis - CDNB km 1.5;1.5;;Zeebrugge;Pierre Vandammesluis - CDNB;51.343704;3.210324;51.3437040002891;3.21032400101275;22/06/2016
Km-punt op as waterweg;Zuidelijk Insteekdok km 2.2;2.2;;Zeebrugge;Zuidelijk Insteekdok;51.311368;3.226379;51.3113680003477;3.22637900098664;22/06/2016
Km-punt op as waterweg;Kanaal Brugge-Zeebrugge km 39;3.9;;Brugge;Kanaal Brugge-Zeebrugge;51.256844;3.215932;51.2568440001017;3.21593199906601;22/06/2016
Km-punt op as waterweg;Kanaal Brugge-Zeebrugge km 23;2.3;;Brugge;Kanaal Brugge-Zeebrugge;51.242642;3.219542;51.2426420005532;3.2195420009486;22/06/2016
Km-punt op as waterweg;Kanaal Brugge-Zeebrugge km 66;6.7;;Zeebrugge;Kanaal Brugge-Zeebrugge;51.280811;3.210163;51.2808109998075;3.21016300076382;22/06/2016
Km-punt op as waterweg;Pierre Vandammesluis - CDNB km 1.6;1.6;;Zeebrugge;Pierre Vandammesluis - CDNB;51.344538;3.20979;51.3445379996502;3.20978999903049;22/06/2016
Km-punt op as waterweg;Visartsluis - CDNB km 12;12;;Zeebrugge;Visartsluis - CDNB;51.328736;3.197935;51.328735999858;3.19793499981322;22/06/2016
Km-punt op as waterweg;Pierre Vandammesluis - CDNB km 0.6;0.6;;Zeebrugge;Pierre Vandammesluis - CDNB;51.336212;3.215188;51.3362119992927;3.21518799929862;22/06/2016
Km-punt op as waterweg;Nijverheidsdok km 0.1;0.1;;Brugge;Nijverheidsdok;51.22651;3.217751;51.2265099993858;3.21775100125539;22/06/2016
Km-punt op as waterweg;Kanaal Brugge-Zeebrugge km 81;8.1;;Lissewege;Kanaal Brugge-Zeebrugge;51.294124;3.206765;51.294123999711;3.20676500127038;22/06/2016
Km-punt op as waterweg;Wielingendok km 1;1;;Zeebrugge;Wielingendok;51.357995;3.18568;51.3579950002709;3.1856800007009;22/06/2016
Ligplaats met overslag;Ligplaats 415;-9999;415;Zeebrugge;Verbindingsdok;51.312741;3.207834;51.3127409996932;3.20783400116411;22/06/2016
Km-punt op as waterweg;Noordelijk Insteekdok km 0;0;;Zeebrugge;Noordelijk Insteekdok;51.324936;3.211028;51.324935999807;3.21102799950027;22/06/2016
Km-punt op as waterweg;Kanaal Brugge-Zeebrugge km 96;9.6;;Zeebrugge;Kanaal Brugge-Zeebrugge;51.307437;3.203358;51.3074369993935;3.20335799955437;22/06/2016
Km-punt op as waterweg;Pierre Vandammesluis - CDNB km 1.7;1.7;;Zeebrugge;Pierre Vandammesluis - CDNB;51.345372;3.209256;51.3453719994069;3.20925600074599;22/06/2016
Ligplaats met overslag;Ligplaats 106;-9999;106;Zeebrugge;Geul West - ZP1;51.341561;3.190047;51.3415609999183;3.19004699942379;22/06/2016
Km-punt op as waterweg;Zuidelijk Insteekdok km 0.4;0.4;;Zeebrugge;Zuidelijk Insteekdok;51.296898;3.237923;51.2968979995129;3.23792300041759;22/06/2016
Km-punt op as waterweg;Brittaniadok km 1.4;1.4;;Zeebrugge;Brittaniadok;51.348267;3.207765;51.3482669996708;3.20776499909929;22/06/2016
Km-punt op as waterweg;Verbindingsdok km 2.4;2.4;;Zeebrugge;Verbindingsdok;51.324708;3.222267;51.3247079997171;3.22226700082541;22/06/2016
Km-punt op as waterweg;Zuidelijk Insteekdok km 0.2;0.2;;Zeebrugge;Zuidelijk Insteekdok;51.29529;3.239206;51.2952900006575;3.23920600095058;22/06/2016
Km-punt op as waterweg;Brittaniadok km 1.2;1.2;;Zeebrugge;Brittaniadok;51.346833;3.209495;51.3468330003744;3.20949500000425;22/06/2016
Ligplaats met overslag;Ligplaats 940;-9999;940;Brugge;Kanaal Brugge-Zeebrugge;51.224217;3.22257;51.2242169998575;3.22257000074865;22/06/2016
Km-punt op as waterweg;Klein Handelsdok km 0.1;0.1;;Brugge;Klein Handelsdok;51.228794;3.224847;51.2287940006352;3.22484699909783;22/06/2016
Ligplaats met overslag;Ligplaats 442W;-9999;442W;Zeebrugge;Kanaal Brugge-Zeebrugge;51.322095;3.201154;51.322094999568;3.20115399896975;22/06/2016
Km-punt op as waterweg;Visartsluis - CDNB km 12.1;12.1;;Zeebrugge;Visartsluis - CDNB;51.329624;3.197707;51.3296239995422;3.197707001119;22/06/2016
Ligplaats met overslag;Ligplaats 529;-9999;529;Zeebrugge;Zuidelijk Insteekdok;51.310819;3.229715;51.3108190001028;3.22971499915866;22/06/2016
Ligplaats met overslag;Ligplaats 921;-9999;921;Brugge;Klein Handelsdok;51.230669;3.225025;51.2306689993812;3.22502499902379;22/06/2016
Km-punt op as waterweg;Kanaal Brugge-Zeebrugge km 32;3.2;;Brugge;Kanaal Brugge-Zeebrugge;51.25063;3.21751;51.250630000317;3.21751000106851;22/06/2016
Ligplaats met overslag;Ligplaats 963;-9999;963;Brugge;Kanaal Brugge-Zeebrugge;51.24796;3.217533;51.2479600005663;3.21753300073155;22/06/2016
Km-punt op as waterweg;Kanaal Brugge-Zeebrugge km 43;4.3;;Brugge;Kanaal Brugge-Zeebrugge;51.260394;3.215028;51.2603940000442;3.21502800034202;22/06/2016
Km-punt op as waterweg;Oud Ferrydok km 0.2;0.2;;Zeebrugge;Oud Ferrydok;51.31833;3.197085;51.3183300005775;3.19708500013088;22/06/2016
Km-punt op as waterweg;Nijverheidsdok km 0.7;0.7;;Brugge;Nijverheidsdok;51.231844;3.216626;51.2318440003626;3.21662600075332;22/06/2016
Ligplaats met overslag;Ligplaats 945;-9999;945;Brugge;Kanaal Brugge-Zeebrugge;51.229526;3.221178;51.2295260000151;3.2211780006855;22/06/2016
Km-punt op as waterweg;Verbindingsdok km 0.6;0.6;;Zeebrugge;Verbindingsdok;51.313123;3.210347;51.313123000471;3.21034699878341;22/06/2016
Km-punt op as waterweg;Prins Filipsdok km 0.3;0.3;;Zeebrugge;Prins Filipsdok;51.322193;3.195048;51.3221930001176;3.19504799994778;22/06/2016
Km-punt op as waterweg;Geul West - ZP1 km 0.4;0.4;;Zeebrugge;Geul West - ZP1;51.337101;3.189275;51.3371009995412;3.18927500071086;22/06/2016
Km-punt op as waterweg;Brittaniadok km 0.2;0.2;;Zeebrugge;Brittaniadok;51.343951;3.22083;51.3439510001588;3.22083000010976;22/06/2016
