Functie;Objectnaam;HMpunt;KadeNR;Naam_locatie;Naam_waterweg;LatWGS84;LoWGS84;latWGS84;loWGS84;Aangemaakt op
Terminal;Alzagri;-9999;;Brugge;Kanaal Brugge-Zeebrugge;51.243851;3.220393;51.2438510006603;3.22039299964074;22/06/2016
Terminal;Minne Port Services (M.P.S.);-9999;;Brugge;Kanaal Brugge-Zeebrugge;51.227017;3.223536;51.2270169993824;3.22353600060447;22/06/2016
Terminal;LNG Terminal Fluxys;-9999;;Zeebrugge;Zuidelijk Insteekdok;51.305553;3.238285;51.3055530003203;3.23828500120219;22/06/2016
Terminal;Toyota;-9999;;Zeebrugge;Zuidelijk Insteekdok;51.298848;3.245126;51.2988480005022;3.24512599872746;22/06/2016
Terminal;Argos;-9999;;Brugge;Nijverheidsdok;51.230732;3.215816;51.2307319995342;3.21581600042839;22/06/2016
Terminal;C.ro Ports Canada // Wallenius ligplaats 507;-9999;;Zeebrugge;Zuidelijk Insteekdok;51.30767;3.233202;51.3076700000912;3.2332020006209;22/06/2016
Terminal;C.ro Ports Canada // Wallenius ligplaats 532;-9999;;Zeebrugge;Zuidelijk Insteekdok;51.316304;3.226428;51.3163040004713;3.22642800110015;22/06/2016
Terminal;Minne Port Services (M.P.S.);-9999;;Brugge;Klein Handelsdok;51.227521;3.225094;51.2275209997662;3.22509399952739;22/06/2016
Terminal;Galloo;-9999;;Brugge;Kanaal Brugge-Zeebrugge;51.238989;3.221625;51.2389890003592;3.22162499913811;22/06/2016
Terminal;Minne Port Services (M.P.S.);-9999;;Brugge;Kanaal Brugge-Zeebrugge;51.227882;3.223372;51.2278820005855;3.2233720010366;22/06/2016
Terminal;Bridgestone;-9999;;Zeebrugge;Zuidelijk Insteekdok;51.300773;3.251428;51.3007729994191;3.25142800064052;22/06/2016
Terminal;Solid;-9999;;Brugge;Kanaal Brugge-Zeebrugge;51.225736;3.223731;51.2257360003779;3.22373100012305;22/06/2016
Terminal;C.ro Ports Canada // Wallenius ligplaats 530;-9999;;Zeebrugge;Zuidelijk Insteekdok;51.312758;3.229118;51.3127580001357;3.22911799914401;22/06/2016
Terminal;C.ro Ports Minerva plein Verbindingsdok;-9999;;Zeebrugge;Verbindingsdok;51.332632;3.224678;51.3326320000826;3.22467800000604;22/06/2016
Terminal;Brit European Transport;-9999;;Zeebrugge;Oud Ferrydok;51.320913;3.197238;51.3209129998191;3.19723800091878;22/06/2016
Terminal;Marpos;-9999;;Brugge;Kanaal Brugge-Zeebrugge;51.226909;3.214483;51.2269089996743;3.21448299949011;22/06/2016
Terminal;Sagrex ligplaats 304;-9999;;Zeebrugge;Prins Filipsdok;51.32185;3.192045;51.3218499996252;3.19204500043606;22/06/2016
Terminal;European fish center;-9999;;Zeebrugge;Kanaal Brugge-Zeebrugge;51.323789;3.201537;51.3237889996411;3.2015369993676;22/06/2016
Terminal;Gassco;-9999;;Zeebrugge;Zuidelijk Insteekdok;51.306668;3.24084;51.3066680001686;3.24083999942569;22/06/2016
Terminal;SST (Seaport Shipping and Trading) ligplaats 922;-9999;;Brugge;Klein Handelsdok;51.228909;3.226052;51.2289089996999;3.22605199904089;22/06/2016
Terminal;Verbrugge Terminals;-9999;;Zeebrugge;Albert II dok;51.344388;3.17702;51.3443879995072;3.17701999969388;22/06/2016
Terminal;ZIP (Zeebrugge International Port) ligplaats 141;-9999;;Zeebrugge;Wielingendok;51.35387;3.179178;51.3538700005303;3.17917799982888;22/06/2016
Terminal;Tomar Coal;-9999;;Brugge;Kanaal Brugge-Zeebrugge;51.224133;3.22181;51.2241329997271;3.22181000033214;22/06/2016
Terminal;Terminals Euroservices;-9999;;Zeebrugge;Geul West - ZP1;51.345815;3.198131;51.3458149994529;3.19813100099745;22/06/2016
Terminal;DFDS Seaways;-9999;;Zeebrugge;Wielingendok;51.351714;3.172178;51.3517139996823;3.17217800083712;22/06/2016
Terminal;NV Demaecker & Van Haecke;-9999;;Brugge;Kanaal Brugge-Zeebrugge;51.231932;3.219576;51.2319320000343;3.21957599907699;22/06/2016
Terminal;LNG Terminal Fluxys;-9999;;Zeebrugge;LNG;51.352381;3.216301;51.3523809995276;3.2163009990991;22/06/2016
Terminal;Westhoofd Oost;-9999;;Zeebrugge;Visartsluis - CDNB;51.336221;3.192322;51.3362210006596;3.19232200125386;22/06/2016
Terminal;C.ro Ports (Brittanniadok) ligplaats 609;-9999;;Zeebrugge;Hermespier;51.339705;3.214491;51.3397050003982;3.21449100044067;22/06/2016
Terminal;ICO (kaai 504);-9999;;Zeebrugge;Verbindingsdok;51.311771;3.214597;51.3117709996223;3.21459700002496;22/06/2016
Terminal;BNFW, Belgian New Food Wharf;-9999;;Zeebrugge;Noordelijk Insteekdok;51.319907;3.215649;51.3199070006982;3.21564899909046;22/06/2016
Terminal;APM Terminals;-9999;;Zeebrugge;Albert II dok;51.347417;3.18975;51.3474169999922;3.18974999983046;22/06/2016
Terminal;SST (Seaport Shipping and Trading) ligplaats 921;-9999;;Brugge;Klein Handelsdok;51.230608;3.225513;51.2306080005779;3.22551299979405;22/06/2016
Terminal;Klasmann Deilmann Belgie;-9999;;Brugge;Kanaal Brugge-Zeebrugge;51.226074;3.221204;51.2260740002419;3.22120400024438;22/06/2016
Terminal;Meta Paint Snauwaert;-9999;;Brugge;Klein Handelsdok;51.229753;3.226502;51.2297530000309;3.22650200023179;22/06/2016
Terminal;Van De Geuchte;-9999;;Brugge;Klein Handelsdok;51.227311;3.227286;51.2273109997046;3.22728600003756;22/06/2016
Terminal;Marpos;-9999;;Brugge;Kanaal Brugge-Zeebrugge;51.265405;3.214996;51.2654050001639;3.21499600027407;22/06/2016
Terminal;De Loof;-9999;;Brugge;Kanaal Brugge-Zeebrugge;51.224657;3.22406;51.2246570004643;3.22405999993994;22/06/2016
Terminal;Sea Invest, Flanders cold center, Tropicana;-9999;;Zeebrugge;Noordelijk Insteekdok;51.315704;3.211177;51.3157040003792;3.21117700036284;22/06/2016
Terminal;Stevens;-9999;;Brugge;Klein Handelsdok;51.230246;3.226325;51.2302459998454;3.22632499900389;22/06/2016
Terminal;ICO RoRo Noordelijk Insteekdok;-9999;;Zeebrugge;Noordelijk Insteekdok;51.31934;3.211327;51.3193399993592;3.21132700053662;22/06/2016
Terminal;ZIP (Zeebrugge International Port) ligplaats 128-129;-9999;;Zeebrugge;Albert II dok;51.352494;3.1899;51.3524939997005;3.18989999922556;22/06/2016
Terminal;Zeebrugge International Port;-9999;;Zeebrugge;Albert II dok;51.352017;3.181788;51.3520170003811;3.18178799924203;22/06/2016
Terminal;Zeebrugge Food Logistics;-9999;;Zeebrugge;Kanaal Brugge-Zeebrugge;51.325265;3.204809;51.3252650001202;3.20480900090942;22/06/2016
Terminal;C.ro Ports (Brittanniadok) ligplaats 612;-9999;;Zeebrugge;Brittaniadok;51.340407;3.221559;51.3404069996703;3.22155900089242;22/06/2016
Terminal;Sagrex ligplaats 912;-9999;;Brugge;Kanaal Brugge-Zeebrugge;51.245645;3.219932;51.2456449998091;3.21993199892003;22/06/2016
Terminal;Borlix;-9999;;Zeebrugge;Prins Filipsdok;51.322971;3.194313;51.3229709999313;3.19431299909297;22/06/2016
Terminal;ICO RoRo Noordelijk Insteekdok;-9999;;Zeebrugge;Noordelijk Insteekdok;51.324462;3.21362;51.324462000029;3.21361999899874;22/06/2016
Terminal;Azpa;-9999;;Brugge;Kanaal Brugge-Zeebrugge;51.225287;3.221771;51.2252870004718;3.22177099912667;22/06/2016
Terminal;C.ro Ports Minerva plein Pierre Vandammesluis;-9999;;Zeebrugge;Pierre Vandammesluis - CDNB;51.335494;3.222608;51.3354939998304;3.2226079988973;22/06/2016
Terminal;Oiltank Terminal Brugge;-9999;;Brugge;Kanaal Brugge-Zeebrugge;51.250204;3.218644;51.2502039994493;3.21864400003671;22/06/2016
Terminal;Total Fina;-9999;;Brugge;Kanaal Brugge-Zeebrugge;51.225145;3.220854;51.2251449997984;3.22085399990808;22/06/2016
Terminal;C.ro Ports Zweedse kaai;-9999;;Zeebrugge;Pierre Vandammesluis - CDNB;51.338418;3.208574;51.3384180001968;3.20857400039752;22/06/2016
Terminal;Nieuwpoortse Handelsmaatschappij;-9999;;Brugge;Kanaal Brugge-Zeebrugge;51.266459;3.212436;51.2664590004921;3.21243599897552;22/06/2016
Terminal;Tate & Lyle Molasses (Tameco);-9999;;Zeebrugge;Verbindingsdok;51.313496;3.20709;51.3134959994877;3.20708999983429;22/06/2016
Terminal;Toyota // ICO;-9999;;Zeebrugge;Zuidelijk Insteekdok;51.303933;3.236334;51.3039329999703;3.23633400105585;22/06/2016
Terminal;Decloedt Dredging;-9999;;Zeebrugge;Kanaal Brugge-Zeebrugge;51.315766;3.203246;51.3157660006137;3.2032460002117;22/06/2016
Terminal;ICO RoRo Noordelijk Insteekdok;-9999;;Zeebrugge;Noordelijk Insteekdok;51.325417;3.210787;51.3254169996063;3.21078699960649;22/06/2016
Terminal;P&O Ferries Terminal;-9999;;Zeebrugge;Geul West - ZP1;51.339554;3.187453;51.3395540003068;3.18745299928131;22/06/2016
Terminal;SST (Seaport Shipping and Trading) ligplaats 927;-9999;;Brugge;Kanaal Brugge-Zeebrugge;51.228865;3.223129;51.228865000461;3.22312899936157;22/06/2016
