<?xml version="1.0" encoding="UTF-8"?>
<fme:xml-tables xmlns:xsi="http://www.w3.org/2001/XMLSchema-instance" xmlns:fme="http://www.safe.com/xml/xmltables" xsi:schemaLocation="http://www.safe.com/xml/xmltables zone90OK.xsd">
<fme:zone90OK-table>
<fme:zone90OK>
<fme:Id>2</fme:Id>
<fme:Straatnaam>Michel Van Hammestraat</fme:Straatnaam>
<fme:Wegbeheer>Stad</fme:Wegbeheer>
<fme:Aangemaakt_op>15/09/2016</fme:Aangemaakt_op>
</fme:zone90OK>
<fme:zone90OK>
<fme:Id>3</fme:Id>
<fme:Straatnaam>Hogeweg</fme:Straatnaam>
<fme:Wegbeheer>Stad</fme:Wegbeheer>
<fme:Aangemaakt_op>15/09/2016</fme:Aangemaakt_op>
</fme:zone90OK>
<fme:zone90OK>
<fme:Id>3</fme:Id>
<fme:Straatnaam>Legeweg</fme:Straatnaam>
<fme:Wegbeheer>Stad</fme:Wegbeheer>
<fme:Aangemaakt_op>15/09/2016</fme:Aangemaakt_op>
</fme:zone90OK>
<fme:zone90OK>
<fme:Id>4</fme:Id>
<fme:Straatnaam>Zandstraat</fme:Straatnaam>
<fme:Wegbeheer>4</fme:Wegbeheer>
<fme:Aangemaakt_op>15/09/2016</fme:Aangemaakt_op>
</fme:zone90OK>
<fme:zone90OK>
<fme:Id>5</fme:Id>
<fme:Straatnaam>Arendstraat</fme:Straatnaam>
<fme:Wegbeheer>Stad</fme:Wegbeheer>
<fme:Aangemaakt_op>15/09/2016</fme:Aangemaakt_op>
</fme:zone90OK>
<fme:zone90OK>
<fme:Id>6</fme:Id>
<fme:Straatnaam>Ronselarestraat</fme:Straatnaam>
<fme:Wegbeheer>Stad</fme:Wegbeheer>
<fme:Aangemaakt_op>15/09/2016</fme:Aangemaakt_op>
</fme:zone90OK>
<fme:zone90OK>
<fme:Id>8</fme:Id>
<fme:Straatnaam>Koolkerkse wegel</fme:Straatnaam>
<fme:Wegbeheer>Stad</fme:Wegbeheer>
<fme:Aangemaakt_op>15/09/2016</fme:Aangemaakt_op>
</fme:zone90OK>
<fme:zone90OK>
<fme:Id>9</fme:Id>
<fme:Straatnaam>Polderstraat</fme:Straatnaam>
<fme:Wegbeheer>Stad</fme:Wegbeheer>
<fme:Aangemaakt_op>15/09/2016</fme:Aangemaakt_op>
</fme:zone90OK>
<fme:zone90OK>
<fme:Id>10</fme:Id>
<fme:Straatnaam>Broekweg</fme:Straatnaam>
<fme:Wegbeheer>Stad</fme:Wegbeheer>
<fme:Aangemaakt_op>15/09/2016</fme:Aangemaakt_op>
</fme:zone90OK>
<fme:zone90OK>
<fme:Id>11</fme:Id>
<fme:Straatnaam>Blauwezaalhoek</fme:Straatnaam>
<fme:Wegbeheer>Stad</fme:Wegbeheer>
<fme:Aangemaakt_op>15/09/2016</fme:Aangemaakt_op>
</fme:zone90OK>
<fme:zone90OK>
<fme:Id>12</fme:Id>
<fme:Straatnaam>Klinkestraat</fme:Straatnaam>
<fme:Wegbeheer>Stad</fme:Wegbeheer>
<fme:Aangemaakt_op>15/09/2016</fme:Aangemaakt_op>
</fme:zone90OK>
<fme:zone90OK>
<fme:Id>13</fme:Id>
<fme:Straatnaam>Ossenstraat</fme:Straatnaam>
<fme:Wegbeheer>Stad</fme:Wegbeheer>
<fme:Aangemaakt_op>15/09/2016</fme:Aangemaakt_op>
</fme:zone90OK>
<fme:zone90OK>
<fme:Id>14</fme:Id>
<fme:Straatnaam>Blauwe Torenstraat</fme:Straatnaam>
<fme:Wegbeheer>Stad</fme:Wegbeheer>
<fme:Aangemaakt_op>15/09/2016</fme:Aangemaakt_op>
</fme:zone90OK>
<fme:zone90OK>
<fme:Id>15</fme:Id>
<fme:Straatnaam>Spreeuwenstraat</fme:Straatnaam>
<fme:Wegbeheer>Stad</fme:Wegbeheer>
<fme:Aangemaakt_op>15/09/2016</fme:Aangemaakt_op>
</fme:zone90OK>
<fme:zone90OK>
<fme:Id>17</fme:Id>
<fme:Straatnaam>Westkapelse Steenweg</fme:Straatnaam>
<fme:Wegbeheer>Gewest</fme:Wegbeheer>
<fme:Aangemaakt_op>15/09/2016</fme:Aangemaakt_op>
</fme:zone90OK>
<fme:zone90OK>
<fme:Id>18</fme:Id>
<fme:Straatnaam>ng</fme:Straatnaam>
<fme:Wegbeheer>Stad</fme:Wegbeheer>
<fme:Aangemaakt_op>15/09/2016</fme:Aangemaakt_op>
</fme:zone90OK>
<fme:zone90OK>
<fme:Id>20</fme:Id>
<fme:Straatnaam>Kleine Molenstraat</fme:Straatnaam>
<fme:Wegbeheer>Stad</fme:Wegbeheer>
<fme:Aangemaakt_op>15/09/2016</fme:Aangemaakt_op>
</fme:zone90OK>
<fme:zone90OK>
<fme:Id>21</fme:Id>
<fme:Straatnaam>Damse Steenweg</fme:Straatnaam>
<fme:Wegbeheer>Stad</fme:Wegbeheer>
<fme:Aangemaakt_op>15/09/2016</fme:Aangemaakt_op>
</fme:zone90OK>
<fme:zone90OK>
<fme:Id>23</fme:Id>
<fme:Straatnaam>Oostkerkestraat</fme:Straatnaam>
<fme:Wegbeheer>Stad</fme:Wegbeheer>
<fme:Aangemaakt_op>15/09/2016</fme:Aangemaakt_op>
</fme:zone90OK>
<fme:zone90OK>
<fme:Id>24</fme:Id>
<fme:Straatnaam>Zeekanaalweg</fme:Straatnaam>
<fme:Wegbeheer>Stad</fme:Wegbeheer>
<fme:Aangemaakt_op>15/09/2016</fme:Aangemaakt_op>
</fme:zone90OK>
<fme:zone90OK>
<fme:Id>22</fme:Id>
<fme:Straatnaam>Zwiersweg</fme:Straatnaam>
<fme:Wegbeheer>Stad</fme:Wegbeheer>
<fme:Aangemaakt_op>15/09/2016</fme:Aangemaakt_op>
</fme:zone90OK>
<fme:zone90OK>
<fme:Id>25</fme:Id>
<fme:Straatnaam>Westkapelse Steenweg</fme:Straatnaam>
<fme:Wegbeheer>Gewest</fme:Wegbeheer>
<fme:Aangemaakt_op>15/09/2016</fme:Aangemaakt_op>
</fme:zone90OK>
<fme:zone90OK>
<fme:Id>27</fme:Id>
<fme:Straatnaam>Noordzeestraat</fme:Straatnaam>
<fme:Wegbeheer>Stad</fme:Wegbeheer>
<fme:Aangemaakt_op>15/09/2016</fme:Aangemaakt_op>
</fme:zone90OK>
<fme:zone90OK>
<fme:Id>28</fme:Id>
<fme:Straatnaam>Oostzeestraat</fme:Straatnaam>
<fme:Wegbeheer>Stad</fme:Wegbeheer>
<fme:Aangemaakt_op>15/09/2016</fme:Aangemaakt_op>
</fme:zone90OK>
<fme:zone90OK>
<fme:Id>29</fme:Id>
<fme:Straatnaam>Groenlandstraat</fme:Straatnaam>
<fme:Wegbeheer>Stad</fme:Wegbeheer>
<fme:Aangemaakt_op>15/09/2016</fme:Aangemaakt_op>
</fme:zone90OK>
<fme:zone90OK>
<fme:Id>30</fme:Id>
<fme:Straatnaam>Ierse-Zeestraat</fme:Straatnaam>
<fme:Wegbeheer>Stad</fme:Wegbeheer>
<fme:Aangemaakt_op>15/09/2016</fme:Aangemaakt_op>
</fme:zone90OK>
<fme:zone90OK>
<fme:Id>31</fme:Id>
<fme:Straatnaam>Rockallstraat</fme:Straatnaam>
<fme:Wegbeheer>Stad</fme:Wegbeheer>
<fme:Aangemaakt_op>15/09/2016</fme:Aangemaakt_op>
</fme:zone90OK>
<fme:zone90OK>
<fme:Id>32</fme:Id>
<fme:Straatnaam>Ijslandstraat</fme:Straatnaam>
<fme:Wegbeheer>Stad</fme:Wegbeheer>
<fme:Aangemaakt_op>15/09/2016</fme:Aangemaakt_op>
</fme:zone90OK>
<fme:zone90OK>
<fme:Id>33</fme:Id>
<fme:Straatnaam>Far-Oërstraat</fme:Straatnaam>
<fme:Wegbeheer>Stad</fme:Wegbeheer>
<fme:Aangemaakt_op>15/09/2016</fme:Aangemaakt_op>
</fme:zone90OK>
<fme:zone90OK>
<fme:Id>34</fme:Id>
<fme:Straatnaam>Golf van Biskajestraat</fme:Straatnaam>
<fme:Wegbeheer>Stad</fme:Wegbeheer>
<fme:Aangemaakt_op>15/09/2016</fme:Aangemaakt_op>
</fme:zone90OK>
<fme:zone90OK>
<fme:Id>36</fme:Id>
<fme:Straatnaam>Kattegatstraat</fme:Straatnaam>
<fme:Wegbeheer>Stad</fme:Wegbeheer>
<fme:Aangemaakt_op>15/09/2016</fme:Aangemaakt_op>
</fme:zone90OK>
<fme:zone90OK>
<fme:Id>36</fme:Id>
<fme:Straatnaam>Sontstraat</fme:Straatnaam>
<fme:Wegbeheer>Stad</fme:Wegbeheer>
<fme:Aangemaakt_op>15/09/2016</fme:Aangemaakt_op>
</fme:zone90OK>
<fme:zone90OK>
<fme:Id>37</fme:Id>
<fme:Straatnaam>Doggerstraat</fme:Straatnaam>
<fme:Wegbeheer>Stad</fme:Wegbeheer>
<fme:Aangemaakt_op>15/09/2016</fme:Aangemaakt_op>
</fme:zone90OK>
<fme:zone90OK>
<fme:Id>38</fme:Id>
<fme:Straatnaam>Kotterstraat</fme:Straatnaam>
<fme:Wegbeheer>Stad</fme:Wegbeheer>
<fme:Aangemaakt_op>15/09/2016</fme:Aangemaakt_op>
</fme:zone90OK>
<fme:zone90OK>
<fme:Id>39</fme:Id>
<fme:Straatnaam>Boomkorststraat</fme:Straatnaam>
<fme:Wegbeheer>Stad</fme:Wegbeheer>
<fme:Aangemaakt_op>15/09/2016</fme:Aangemaakt_op>
</fme:zone90OK>
<fme:zone90OK>
<fme:Id>26</fme:Id>
<fme:Straatnaam>Jozef Verschavenweg</fme:Straatnaam>
<fme:Wegbeheer>M.B.Z</fme:Wegbeheer>
<fme:Aangemaakt_op>15/09/2016</fme:Aangemaakt_op>
</fme:zone90OK>
<fme:zone90OK>
<fme:Id>40</fme:Id>
<fme:Straatnaam>Lanceloot Blondeellaan</fme:Straatnaam>
<fme:Wegbeheer>M.B.Z.</fme:Wegbeheer>
<fme:Aangemaakt_op>15/09/2016</fme:Aangemaakt_op>
</fme:zone90OK>
<fme:zone90OK>
<fme:Id>42</fme:Id>
<fme:Straatnaam>Lisseweegse Steenweg</fme:Straatnaam>
<fme:Wegbeheer>Stad</fme:Wegbeheer>
<fme:Aangemaakt_op>15/09/2016</fme:Aangemaakt_op>
</fme:zone90OK>
<fme:zone90OK>
<fme:Id>41</fme:Id>
<fme:Straatnaam>Marcus Gerardstraat</fme:Straatnaam>
<fme:Wegbeheer>M.B.Z.</fme:Wegbeheer>
<fme:Aangemaakt_op>15/09/2016</fme:Aangemaakt_op>
</fme:zone90OK>
<fme:zone90OK>
<fme:Id>19</fme:Id>
<fme:Straatnaam>Stapelvoorde</fme:Straatnaam>
<fme:Wegbeheer>Stad</fme:Wegbeheer>
<fme:Aangemaakt_op>15/09/2016</fme:Aangemaakt_op>
</fme:zone90OK>
<fme:zone90OK>
<fme:Id>7</fme:Id>
<fme:Straatnaam>Kruisabelestraat</fme:Straatnaam>
<fme:Wegbeheer>Stad</fme:Wegbeheer>
<fme:Aangemaakt_op>15/09/2016</fme:Aangemaakt_op>
</fme:zone90OK>
<fme:zone90OK>
<fme:Id>43</fme:Id>
<fme:Straatnaam>Houtkaai</fme:Straatnaam>
<fme:Wegbeheer>Stad</fme:Wegbeheer>
<fme:Aangemaakt_op>15/09/2016</fme:Aangemaakt_op>
</fme:zone90OK>
<fme:zone90OK>
<fme:Id>44</fme:Id>
<fme:Straatnaam>Waggelwater</fme:Straatnaam>
<fme:Wegbeheer>Gewest</fme:Wegbeheer>
<fme:Aangemaakt_op>15/09/2016</fme:Aangemaakt_op>
</fme:zone90OK>
<fme:zone90OK>
<fme:Id>45</fme:Id>
<fme:Straatnaam>Waggelwaterstraat</fme:Straatnaam>
<fme:Wegbeheer>Gewest</fme:Wegbeheer>
<fme:Aangemaakt_op>15/09/2016</fme:Aangemaakt_op>
</fme:zone90OK>
<fme:zone90OK>
<fme:Id>46</fme:Id>
<fme:Straatnaam>Dirk Martensstraat</fme:Straatnaam>
<fme:Wegbeheer>Stad</fme:Wegbeheer>
<fme:Aangemaakt_op>15/09/2016</fme:Aangemaakt_op>
</fme:zone90OK>
<fme:zone90OK>
<fme:Id>47</fme:Id>
<fme:Straatnaam>Chartreuseweg</fme:Straatnaam>
<fme:Wegbeheer>Gewest</fme:Wegbeheer>
<fme:Aangemaakt_op>15/09/2016</fme:Aangemaakt_op>
</fme:zone90OK>
<fme:zone90OK>
<fme:Id>48</fme:Id>
<fme:Straatnaam>Steenbruggedijk</fme:Straatnaam>
<fme:Wegbeheer>Stad</fme:Wegbeheer>
<fme:Aangemaakt_op>15/09/2016</fme:Aangemaakt_op>
</fme:zone90OK>
<fme:zone90OK>
<fme:Id>49</fme:Id>
<fme:Straatnaam>De Watermolen</fme:Straatnaam>
<fme:Wegbeheer>Stad</fme:Wegbeheer>
<fme:Aangemaakt_op>15/09/2016</fme:Aangemaakt_op>
</fme:zone90OK>
<fme:zone90OK>
<fme:Id>50</fme:Id>
<fme:Straatnaam>Diksmuidse Heerweg</fme:Straatnaam>
<fme:Wegbeheer>Stad</fme:Wegbeheer>
<fme:Aangemaakt_op>15/09/2016</fme:Aangemaakt_op>
</fme:zone90OK>
<fme:zone90OK>
<fme:Id>52</fme:Id>
<fme:Straatnaam>ng</fme:Straatnaam>
<fme:Wegbeheer>Gewest</fme:Wegbeheer>
<fme:Aangemaakt_op>15/09/2016</fme:Aangemaakt_op>
</fme:zone90OK>
<fme:zone90OK>
<fme:Id>53</fme:Id>
<fme:Straatnaam>Pastoriestraat</fme:Straatnaam>
<fme:Wegbeheer>Stad</fme:Wegbeheer>
<fme:Aangemaakt_op>15/09/2016</fme:Aangemaakt_op>
</fme:zone90OK>
<fme:zone90OK>
<fme:Id>54</fme:Id>
<fme:Straatnaam>Koestraat</fme:Straatnaam>
<fme:Wegbeheer>Stad</fme:Wegbeheer>
<fme:Aangemaakt_op>15/09/2016</fme:Aangemaakt_op>
</fme:zone90OK>
<fme:zone90OK>
<fme:Id>55</fme:Id>
<fme:Straatnaam>Grote Moerstraat</fme:Straatnaam>
<fme:Wegbeheer>Stad</fme:Wegbeheer>
<fme:Aangemaakt_op>15/09/2016</fme:Aangemaakt_op>
</fme:zone90OK>
<fme:zone90OK>
<fme:Id>55</fme:Id>
<fme:Straatnaam>Lege Moerstraat</fme:Straatnaam>
<fme:Wegbeheer>Stad</fme:Wegbeheer>
<fme:Aangemaakt_op>15/09/2016</fme:Aangemaakt_op>
</fme:zone90OK>
<fme:zone90OK>
<fme:Id>56</fme:Id>
<fme:Straatnaam>Moerdreve</fme:Straatnaam>
<fme:Wegbeheer>Stad</fme:Wegbeheer>
<fme:Aangemaakt_op>15/09/2016</fme:Aangemaakt_op>
</fme:zone90OK>
<fme:zone90OK>
<fme:Id>57</fme:Id>
<fme:Straatnaam>Speistraat</fme:Straatnaam>
<fme:Wegbeheer>Stad</fme:Wegbeheer>
<fme:Aangemaakt_op>15/09/2016</fme:Aangemaakt_op>
</fme:zone90OK>
<fme:zone90OK>
<fme:Id>58</fme:Id>
<fme:Straatnaam>Grotevlietstraat</fme:Straatnaam>
<fme:Wegbeheer>Stad</fme:Wegbeheer>
<fme:Aangemaakt_op>15/09/2016</fme:Aangemaakt_op>
</fme:zone90OK>
<fme:zone90OK>
<fme:Id>60</fme:Id>
<fme:Straatnaam>Ter Doestdreef</fme:Straatnaam>
<fme:Wegbeheer>Stad</fme:Wegbeheer>
<fme:Aangemaakt_op>15/09/2016</fme:Aangemaakt_op>
</fme:zone90OK>
<fme:zone90OK>
<fme:Id>61</fme:Id>
<fme:Straatnaam>Baron de Maerelaan</fme:Straatnaam>
<fme:Wegbeheer>Gewest</fme:Wegbeheer>
<fme:Aangemaakt_op>15/09/2016</fme:Aangemaakt_op>
</fme:zone90OK>
<fme:zone90OK>
<fme:Id>62</fme:Id>
<fme:Straatnaam>Loodswezenstraat</fme:Straatnaam>
<fme:Wegbeheer>M.B.Z.</fme:Wegbeheer>
<fme:Aangemaakt_op>15/09/2016</fme:Aangemaakt_op>
</fme:zone90OK>
<fme:zone90OK>
<fme:Id>63</fme:Id>
<fme:Straatnaam>New Yorklaan</fme:Straatnaam>
<fme:Wegbeheer>M.B.Z.</fme:Wegbeheer>
<fme:Aangemaakt_op>15/09/2016</fme:Aangemaakt_op>
</fme:zone90OK>
<fme:zone90OK>
<fme:Id>64</fme:Id>
<fme:Straatnaam>Doverlaan</fme:Straatnaam>
<fme:Wegbeheer>M.B.Z.</fme:Wegbeheer>
<fme:Aangemaakt_op>15/09/2016</fme:Aangemaakt_op>
</fme:zone90OK>
<fme:zone90OK>
<fme:Id>65</fme:Id>
<fme:Straatnaam>Kustlaan</fme:Straatnaam>
<fme:Wegbeheer>Gewest</fme:Wegbeheer>
<fme:Aangemaakt_op>15/09/2016</fme:Aangemaakt_op>
</fme:zone90OK>
<fme:zone90OK>
<fme:Id>66</fme:Id>
<fme:Straatnaam>Isabellalaan</fme:Straatnaam>
<fme:Wegbeheer>Gewestlaan</fme:Wegbeheer>
<fme:Aangemaakt_op>15/09/2016</fme:Aangemaakt_op>
</fme:zone90OK>
<fme:zone90OK>
<fme:Id>0</fme:Id>
<fme:Aangemaakt_op>15/09/2016</fme:Aangemaakt_op>
</fme:zone90OK>
<fme:zone90OK>
<fme:Id>68</fme:Id>
<fme:Straatnaam>Geitenstraat</fme:Straatnaam>
<fme:Wegbeheer>Stad</fme:Wegbeheer>
<fme:Aangemaakt_op>15/09/2016</fme:Aangemaakt_op>
</fme:zone90OK>
<fme:zone90OK>
<fme:Id>70</fme:Id>
<fme:Straatnaam>Koggestraat</fme:Straatnaam>
<fme:Wegbeheer>Stad</fme:Wegbeheer>
<fme:Aangemaakt_op>15/09/2016</fme:Aangemaakt_op>
</fme:zone90OK>
<fme:zone90OK>
<fme:Id>69</fme:Id>
<fme:Straatnaam>Uitkerkestraat</fme:Straatnaam>
<fme:Wegbeheer>Stad</fme:Wegbeheer>
<fme:Aangemaakt_op>15/09/2016</fme:Aangemaakt_op>
</fme:zone90OK>
<fme:zone90OK>
<fme:Id>72</fme:Id>
<fme:Straatnaam>Bachten Beukenbos</fme:Straatnaam>
<fme:Wegbeheer>Stad</fme:Wegbeheer>
<fme:Aangemaakt_op>15/09/2016</fme:Aangemaakt_op>
</fme:zone90OK>
<fme:zone90OK>
<fme:Id>71</fme:Id>
<fme:Straatnaam>Aardenburgseweg</fme:Straatnaam>
<fme:Wegbeheer>Stad</fme:Wegbeheer>
<fme:Aangemaakt_op>15/09/2016</fme:Aangemaakt_op>
</fme:zone90OK>
<fme:zone90OK>
<fme:Id>73</fme:Id>
<fme:Straatnaam>Brieversweg</fme:Straatnaam>
<fme:Wegbeheer>Stad</fme:Wegbeheer>
<fme:Aangemaakt_op>15/09/2016</fme:Aangemaakt_op>
</fme:zone90OK>
<fme:zone90OK>
<fme:Id>74</fme:Id>
<fme:Straatnaam>Maleweg</fme:Straatnaam>
<fme:Wegbeheer>Stad</fme:Wegbeheer>
<fme:Aangemaakt_op>15/09/2016</fme:Aangemaakt_op>
</fme:zone90OK>
<fme:zone90OK>
<fme:Id>59</fme:Id>
<fme:Straatnaam>Stationsweg</fme:Straatnaam>
<fme:Wegbeheer>Stad</fme:Wegbeheer>
<fme:Aangemaakt_op>15/09/2016</fme:Aangemaakt_op>
</fme:zone90OK>
<fme:zone90OK>
<fme:Id>59</fme:Id>
<fme:Straatnaam>Stationsweg</fme:Straatnaam>
<fme:Wegbeheer>Stad</fme:Wegbeheer>
<fme:Aangemaakt_op>15/09/2016</fme:Aangemaakt_op>
</fme:zone90OK>
<fme:zone90OK>
<fme:Id>76</fme:Id>
<fme:Straatnaam>Kruipuit</fme:Straatnaam>
<fme:Wegbeheer>Stad</fme:Wegbeheer>
<fme:Aangemaakt_op>15/09/2016</fme:Aangemaakt_op>
</fme:zone90OK>
<fme:zone90OK>
<fme:Id>77</fme:Id>
<fme:Straatnaam>Zeelaan</fme:Straatnaam>
<fme:Wegbeheer>Gewest</fme:Wegbeheer>
<fme:Aangemaakt_op>15/09/2016</fme:Aangemaakt_op>
</fme:zone90OK>
<fme:zone90OK>
<fme:Id>78</fme:Id>
<fme:Straatnaam>Expresweg</fme:Straatnaam>
<fme:Wegbeheer>Gewest</fme:Wegbeheer>
<fme:Aangemaakt_op>15/09/2016</fme:Aangemaakt_op>
</fme:zone90OK>
<fme:zone90OK>
<fme:Id>79</fme:Id>
<fme:Straatnaam>Margreta van Oostenrijkstraat</fme:Straatnaam>
<fme:Wegbeheer>M.B.Z.</fme:Wegbeheer>
<fme:Aangemaakt_op>15/09/2016</fme:Aangemaakt_op>
</fme:zone90OK>
<fme:zone90OK>
<fme:Id>80</fme:Id>
<fme:Straatnaam>Alfred Ronsestraat</fme:Straatnaam>
<fme:Wegbeheer>Gewest</fme:Wegbeheer>
<fme:Aangemaakt_op>15/09/2016</fme:Aangemaakt_op>
</fme:zone90OK>
<fme:zone90OK>
<fme:Id>80</fme:Id>
<fme:Straatnaam>Zwaanhofstraat</fme:Straatnaam>
<fme:Wegbeheer>Stad</fme:Wegbeheer>
<fme:Aangemaakt_op>15/09/2016</fme:Aangemaakt_op>
</fme:zone90OK>
</fme:zone90OK-table>
</fme:xml-tables>