<?xml version="1.0" encoding="UTF-8"?>
<fme:xml-tables xmlns:xsi="http://www.w3.org/2001/XMLSchema-instance" xmlns:fme="http://www.safe.com/xml/xmltables" xsi:schemaLocation="http://www.safe.com/xml/xmltables Randparkings.xsd">
<fme:Randparkings-table>
<fme:Randparkings>
<fme:ID>1</fme:ID>
<fme:Locatie>Bevrijdingslaan</fme:Locatie>
<fme:Capaciteit>154</fme:Capaciteit>
<fme:Aangemaakt_op>06/07/2016</fme:Aangemaakt_op>
</fme:Randparkings>
<fme:Randparkings>
<fme:ID>2</fme:ID>
<fme:Locatie>Magdalenastraat</fme:Locatie>
<fme:Capaciteit>254</fme:Capaciteit>
<fme:Aangemaakt_op>06/07/2016</fme:Aangemaakt_op>
</fme:Randparkings>
<fme:Randparkings>
<fme:ID>3</fme:ID>
<fme:Locatie>L. Coiseaukaai</fme:Locatie>
<fme:Capaciteit>152</fme:Capaciteit>
<fme:Aangemaakt_op>06/07/2016</fme:Aangemaakt_op>
</fme:Randparkings>
<fme:Randparkings>
<fme:ID>4</fme:ID>
<fme:Locatie>Boogschutterslaan</fme:Locatie>
<fme:Capaciteit>100</fme:Capaciteit>
<fme:Aangemaakt_op>06/07/2016</fme:Aangemaakt_op>
</fme:Randparkings>
<fme:Randparkings>
<fme:ID>5</fme:ID>
<fme:Locatie>Steenbrugge</fme:Locatie>
<fme:Capaciteit>185</fme:Capaciteit>
<fme:Aangemaakt_op>06/07/2016</fme:Aangemaakt_op>
</fme:Randparkings>
<fme:Randparkings>
<fme:ID>6</fme:ID>
<fme:Locatie>Jan Breydel</fme:Locatie>
<fme:Capaciteit>100</fme:Capaciteit>
<fme:Aangemaakt_op>06/07/2016</fme:Aangemaakt_op>
</fme:Randparkings>
</fme:Randparkings-table>
</fme:xml-tables>