<?xml version="1.0" encoding="UTF-8"?>
<fme:xml-tables xmlns:xsi="http://www.w3.org/2001/XMLSchema-instance" xmlns:fme="http://www.safe.com/xml/xmltables" xsi:schemaLocation="http://www.safe.com/xml/xmltables DAG_ZT_20180425-20180930_DO_Stationsplein.xsd">
<fme:Daggemiddelde_Stationsplein-table>
<fme:Daggemiddelde_Stationsplein>
<fme:Datum>20180425</fme:Datum>
<fme:PM_1>3.78</fme:PM_1>
<fme:PM_2,5>8.19</fme:PM_2,5>
<fme:PM_10>20.65</fme:PM_10>
<fme:Longitude>3.219727</fme:Longitude>
<fme:Latitude>51.197827</fme:Latitude>
<fme:Aangemaakt_op>22/10/2018</fme:Aangemaakt_op>
</fme:Daggemiddelde_Stationsplein>
<fme:Daggemiddelde_Stationsplein>
<fme:Datum>20180426</fme:Datum>
<fme:PM_1>3.62</fme:PM_1>
<fme:PM_2,5>7.79</fme:PM_2,5>
<fme:PM_10>17.7</fme:PM_10>
<fme:Longitude>3.219727</fme:Longitude>
<fme:Latitude>51.197827</fme:Latitude>
<fme:Aangemaakt_op>22/10/2018</fme:Aangemaakt_op>
</fme:Daggemiddelde_Stationsplein>
<fme:Daggemiddelde_Stationsplein>
<fme:Datum>20180427</fme:Datum>
<fme:PM_1>5.65</fme:PM_1>
<fme:PM_2,5>9.87</fme:PM_2,5>
<fme:PM_10>24.32</fme:PM_10>
<fme:Longitude>3.219727</fme:Longitude>
<fme:Latitude>51.197827</fme:Latitude>
<fme:Aangemaakt_op>22/10/2018</fme:Aangemaakt_op>
</fme:Daggemiddelde_Stationsplein>
<fme:Daggemiddelde_Stationsplein>
<fme:Datum>20180428</fme:Datum>
<fme:PM_1>9.53</fme:PM_1>
<fme:PM_2,5>11.36</fme:PM_2,5>
<fme:PM_10>15.82</fme:PM_10>
<fme:Longitude>3.219727</fme:Longitude>
<fme:Latitude>51.197827</fme:Latitude>
<fme:Aangemaakt_op>22/10/2018</fme:Aangemaakt_op>
</fme:Daggemiddelde_Stationsplein>
<fme:Daggemiddelde_Stationsplein>
<fme:Datum>20180429</fme:Datum>
<fme:PM_1>14.6</fme:PM_1>
<fme:PM_2,5>16.01</fme:PM_2,5>
<fme:PM_10>18.4</fme:PM_10>
<fme:Longitude>3.219727</fme:Longitude>
<fme:Latitude>51.197827</fme:Latitude>
<fme:Aangemaakt_op>22/10/2018</fme:Aangemaakt_op>
</fme:Daggemiddelde_Stationsplein>
<fme:Daggemiddelde_Stationsplein>
<fme:Datum>20180430</fme:Datum>
<fme:PM_1>6.55</fme:PM_1>
<fme:PM_2,5>7.6</fme:PM_2,5>
<fme:PM_10>10.64</fme:PM_10>
<fme:Longitude>3.219727</fme:Longitude>
<fme:Latitude>51.197827</fme:Latitude>
<fme:Aangemaakt_op>22/10/2018</fme:Aangemaakt_op>
</fme:Daggemiddelde_Stationsplein>
<fme:Daggemiddelde_Stationsplein>
<fme:Datum>20180501</fme:Datum>
<fme:PM_1>5.23</fme:PM_1>
<fme:PM_2,5>7.48</fme:PM_2,5>
<fme:PM_10>13.04</fme:PM_10>
<fme:Longitude>3.219727</fme:Longitude>
<fme:Latitude>51.197827</fme:Latitude>
<fme:Aangemaakt_op>22/10/2018</fme:Aangemaakt_op>
</fme:Daggemiddelde_Stationsplein>
<fme:Daggemiddelde_Stationsplein>
<fme:Datum>20180502</fme:Datum>
<fme:PM_1>6.7</fme:PM_1>
<fme:PM_2,5>8.34</fme:PM_2,5>
<fme:PM_10>14.41</fme:PM_10>
<fme:Longitude>3.219727</fme:Longitude>
<fme:Latitude>51.197827</fme:Latitude>
<fme:Aangemaakt_op>22/10/2018</fme:Aangemaakt_op>
</fme:Daggemiddelde_Stationsplein>
<fme:Daggemiddelde_Stationsplein>
<fme:Datum>20180503</fme:Datum>
<fme:PM_1>5.57</fme:PM_1>
<fme:PM_2,5>7.69</fme:PM_2,5>
<fme:PM_10>12.68</fme:PM_10>
<fme:Longitude>3.219727</fme:Longitude>
<fme:Latitude>51.197827</fme:Latitude>
<fme:Aangemaakt_op>22/10/2018</fme:Aangemaakt_op>
</fme:Daggemiddelde_Stationsplein>
<fme:Daggemiddelde_Stationsplein>
<fme:Datum>20180504</fme:Datum>
<fme:PM_1>10.29</fme:PM_1>
<fme:PM_2,5>13.26</fme:PM_2,5>
<fme:PM_10>19.98</fme:PM_10>
<fme:Longitude>3.219727</fme:Longitude>
<fme:Latitude>51.197827</fme:Latitude>
<fme:Aangemaakt_op>22/10/2018</fme:Aangemaakt_op>
</fme:Daggemiddelde_Stationsplein>
<fme:Daggemiddelde_Stationsplein>
<fme:Datum>20180505</fme:Datum>
<fme:PM_1>15.48</fme:PM_1>
<fme:PM_2,5>18.95</fme:PM_2,5>
<fme:PM_10>27.64</fme:PM_10>
<fme:Longitude>3.219727</fme:Longitude>
<fme:Latitude>51.197827</fme:Latitude>
<fme:Aangemaakt_op>22/10/2018</fme:Aangemaakt_op>
</fme:Daggemiddelde_Stationsplein>
<fme:Daggemiddelde_Stationsplein>
<fme:Datum>20180506</fme:Datum>
<fme:PM_1>25.11</fme:PM_1>
<fme:PM_2,5>29.11</fme:PM_2,5>
<fme:PM_10>40.74</fme:PM_10>
<fme:Longitude>3.219727</fme:Longitude>
<fme:Latitude>51.197827</fme:Latitude>
<fme:Aangemaakt_op>22/10/2018</fme:Aangemaakt_op>
</fme:Daggemiddelde_Stationsplein>
<fme:Daggemiddelde_Stationsplein>
<fme:Datum>20180507</fme:Datum>
<fme:PM_1>19.58</fme:PM_1>
<fme:PM_2,5>23.26</fme:PM_2,5>
<fme:PM_10>39.22</fme:PM_10>
<fme:Longitude>3.219727</fme:Longitude>
<fme:Latitude>51.197827</fme:Latitude>
<fme:Aangemaakt_op>22/10/2018</fme:Aangemaakt_op>
</fme:Daggemiddelde_Stationsplein>
<fme:Daggemiddelde_Stationsplein>
<fme:Datum>20180508</fme:Datum>
<fme:PM_1>30.73</fme:PM_1>
<fme:PM_2,5>35.74</fme:PM_2,5>
<fme:PM_10>54.68</fme:PM_10>
<fme:Longitude>3.219727</fme:Longitude>
<fme:Latitude>51.197827</fme:Latitude>
<fme:Aangemaakt_op>22/10/2018</fme:Aangemaakt_op>
</fme:Daggemiddelde_Stationsplein>
<fme:Daggemiddelde_Stationsplein>
<fme:Datum>20180509</fme:Datum>
<fme:PM_1>22.27</fme:PM_1>
<fme:PM_2,5>26.03</fme:PM_2,5>
<fme:PM_10>34.67</fme:PM_10>
<fme:Longitude>3.219727</fme:Longitude>
<fme:Latitude>51.197827</fme:Latitude>
<fme:Aangemaakt_op>22/10/2018</fme:Aangemaakt_op>
</fme:Daggemiddelde_Stationsplein>
<fme:Daggemiddelde_Stationsplein>
<fme:Datum>20180510</fme:Datum>
<fme:PM_1>6.99</fme:PM_1>
<fme:PM_2,5>11.32</fme:PM_2,5>
<fme:PM_10>18.79</fme:PM_10>
<fme:Longitude>3.219727</fme:Longitude>
<fme:Latitude>51.197827</fme:Latitude>
<fme:Aangemaakt_op>22/10/2018</fme:Aangemaakt_op>
</fme:Daggemiddelde_Stationsplein>
<fme:Daggemiddelde_Stationsplein>
<fme:Datum>20180511</fme:Datum>
<fme:PM_1>10.12</fme:PM_1>
<fme:PM_2,5>14.18</fme:PM_2,5>
<fme:PM_10>25.03</fme:PM_10>
<fme:Longitude>3.219727</fme:Longitude>
<fme:Latitude>51.197827</fme:Latitude>
<fme:Aangemaakt_op>22/10/2018</fme:Aangemaakt_op>
</fme:Daggemiddelde_Stationsplein>
<fme:Daggemiddelde_Stationsplein>
<fme:Datum>20180512</fme:Datum>
<fme:PM_1>13.88</fme:PM_1>
<fme:PM_2,5>17.48</fme:PM_2,5>
<fme:PM_10>29.83</fme:PM_10>
<fme:Longitude>3.219727</fme:Longitude>
<fme:Latitude>51.197827</fme:Latitude>
<fme:Aangemaakt_op>22/10/2018</fme:Aangemaakt_op>
</fme:Daggemiddelde_Stationsplein>
<fme:Daggemiddelde_Stationsplein>
<fme:Datum>20180513</fme:Datum>
<fme:PM_1>13.98</fme:PM_1>
<fme:PM_2,5>16.22</fme:PM_2,5>
<fme:PM_10>19.99</fme:PM_10>
<fme:Longitude>3.219727</fme:Longitude>
<fme:Latitude>51.197827</fme:Latitude>
<fme:Aangemaakt_op>22/10/2018</fme:Aangemaakt_op>
</fme:Daggemiddelde_Stationsplein>
<fme:Daggemiddelde_Stationsplein>
<fme:Datum>20180514</fme:Datum>
<fme:PM_1>19.52</fme:PM_1>
<fme:PM_2,5>23.85</fme:PM_2,5>
<fme:PM_10>31.07</fme:PM_10>
<fme:Longitude>3.219727</fme:Longitude>
<fme:Latitude>51.197827</fme:Latitude>
<fme:Aangemaakt_op>22/10/2018</fme:Aangemaakt_op>
</fme:Daggemiddelde_Stationsplein>
<fme:Daggemiddelde_Stationsplein>
<fme:Datum>20180515</fme:Datum>
<fme:PM_1>27.09</fme:PM_1>
<fme:PM_2,5>32.12</fme:PM_2,5>
<fme:PM_10>45.08</fme:PM_10>
<fme:Longitude>3.219727</fme:Longitude>
<fme:Latitude>51.197827</fme:Latitude>
<fme:Aangemaakt_op>22/10/2018</fme:Aangemaakt_op>
</fme:Daggemiddelde_Stationsplein>
<fme:Daggemiddelde_Stationsplein>
<fme:Datum>20180516</fme:Datum>
<fme:PM_1>14.9</fme:PM_1>
<fme:PM_2,5>22.23</fme:PM_2,5>
<fme:PM_10>40.35</fme:PM_10>
<fme:Longitude>3.219727</fme:Longitude>
<fme:Latitude>51.197827</fme:Latitude>
<fme:Aangemaakt_op>22/10/2018</fme:Aangemaakt_op>
</fme:Daggemiddelde_Stationsplein>
<fme:Daggemiddelde_Stationsplein>
<fme:Datum>20180517</fme:Datum>
<fme:PM_1>6.05</fme:PM_1>
<fme:PM_2,5>13.69</fme:PM_2,5>
<fme:PM_10>32.25</fme:PM_10>
<fme:Longitude>3.219727</fme:Longitude>
<fme:Latitude>51.197827</fme:Latitude>
<fme:Aangemaakt_op>22/10/2018</fme:Aangemaakt_op>
</fme:Daggemiddelde_Stationsplein>
<fme:Daggemiddelde_Stationsplein>
<fme:Datum>20180518</fme:Datum>
<fme:PM_1>6.02</fme:PM_1>
<fme:PM_2,5>11.25</fme:PM_2,5>
<fme:PM_10>21.87</fme:PM_10>
<fme:Longitude>3.219727</fme:Longitude>
<fme:Latitude>51.197827</fme:Latitude>
<fme:Aangemaakt_op>22/10/2018</fme:Aangemaakt_op>
</fme:Daggemiddelde_Stationsplein>
<fme:Daggemiddelde_Stationsplein>
<fme:Datum>20180519</fme:Datum>
<fme:PM_1>9.39</fme:PM_1>
<fme:PM_2,5>13.07</fme:PM_2,5>
<fme:PM_10>19.28</fme:PM_10>
<fme:Longitude>3.219727</fme:Longitude>
<fme:Latitude>51.197827</fme:Latitude>
<fme:Aangemaakt_op>22/10/2018</fme:Aangemaakt_op>
</fme:Daggemiddelde_Stationsplein>
<fme:Daggemiddelde_Stationsplein>
<fme:Datum>20180520</fme:Datum>
<fme:PM_1>31.1</fme:PM_1>
<fme:PM_2,5>36.32</fme:PM_2,5>
<fme:PM_10>44.46</fme:PM_10>
<fme:Longitude>3.219727</fme:Longitude>
<fme:Latitude>51.197827</fme:Latitude>
<fme:Aangemaakt_op>22/10/2018</fme:Aangemaakt_op>
</fme:Daggemiddelde_Stationsplein>
<fme:Daggemiddelde_Stationsplein>
<fme:Datum>20180521</fme:Datum>
<fme:PM_1>24.22</fme:PM_1>
<fme:PM_2,5>27.46</fme:PM_2,5>
<fme:PM_10>36.05</fme:PM_10>
<fme:Longitude>3.219727</fme:Longitude>
<fme:Latitude>51.197827</fme:Latitude>
<fme:Aangemaakt_op>22/10/2018</fme:Aangemaakt_op>
</fme:Daggemiddelde_Stationsplein>
<fme:Daggemiddelde_Stationsplein>
<fme:Datum>20180522</fme:Datum>
<fme:PM_1>16.22</fme:PM_1>
<fme:PM_2,5>19.06</fme:PM_2,5>
<fme:PM_10>28.1</fme:PM_10>
<fme:Longitude>3.219727</fme:Longitude>
<fme:Latitude>51.197827</fme:Latitude>
<fme:Aangemaakt_op>22/10/2018</fme:Aangemaakt_op>
</fme:Daggemiddelde_Stationsplein>
<fme:Daggemiddelde_Stationsplein>
<fme:Datum>20180523</fme:Datum>
<fme:PM_1>20.63</fme:PM_1>
<fme:PM_2,5>26.09</fme:PM_2,5>
<fme:PM_10>38.43</fme:PM_10>
<fme:Longitude>3.219727</fme:Longitude>
<fme:Latitude>51.197827</fme:Latitude>
<fme:Aangemaakt_op>22/10/2018</fme:Aangemaakt_op>
</fme:Daggemiddelde_Stationsplein>
<fme:Daggemiddelde_Stationsplein>
<fme:Datum>20180524</fme:Datum>
<fme:PM_1>27.29</fme:PM_1>
<fme:PM_2,5>29.77</fme:PM_2,5>
<fme:PM_10>38.96</fme:PM_10>
<fme:Longitude>3.219727</fme:Longitude>
<fme:Latitude>51.197827</fme:Latitude>
<fme:Aangemaakt_op>22/10/2018</fme:Aangemaakt_op>
</fme:Daggemiddelde_Stationsplein>
<fme:Daggemiddelde_Stationsplein>
<fme:Datum>20180525</fme:Datum>
<fme:PM_1>52.33</fme:PM_1>
<fme:PM_2,5>58.12</fme:PM_2,5>
<fme:PM_10>64.74</fme:PM_10>
<fme:Longitude>3.219727</fme:Longitude>
<fme:Latitude>51.197827</fme:Latitude>
<fme:Aangemaakt_op>22/10/2018</fme:Aangemaakt_op>
</fme:Daggemiddelde_Stationsplein>
<fme:Daggemiddelde_Stationsplein>
<fme:Datum>20180526</fme:Datum>
<fme:PM_1>30.6</fme:PM_1>
<fme:PM_2,5>32.85</fme:PM_2,5>
<fme:PM_10>39.46</fme:PM_10>
<fme:Longitude>3.219727</fme:Longitude>
<fme:Latitude>51.197827</fme:Latitude>
<fme:Aangemaakt_op>22/10/2018</fme:Aangemaakt_op>
</fme:Daggemiddelde_Stationsplein>
<fme:Daggemiddelde_Stationsplein>
<fme:Datum>20180527</fme:Datum>
<fme:PM_1>17.51</fme:PM_1>
<fme:PM_2,5>20.32</fme:PM_2,5>
<fme:PM_10>30.82</fme:PM_10>
<fme:Longitude>3.219727</fme:Longitude>
<fme:Latitude>51.197827</fme:Latitude>
<fme:Aangemaakt_op>22/10/2018</fme:Aangemaakt_op>
</fme:Daggemiddelde_Stationsplein>
<fme:Daggemiddelde_Stationsplein>
<fme:Datum>20180528</fme:Datum>
<fme:PM_1>33.66</fme:PM_1>
<fme:PM_2,5>38.1</fme:PM_2,5>
<fme:PM_10>50</fme:PM_10>
<fme:Longitude>3.219727</fme:Longitude>
<fme:Latitude>51.197827</fme:Latitude>
<fme:Aangemaakt_op>22/10/2018</fme:Aangemaakt_op>
</fme:Daggemiddelde_Stationsplein>
<fme:Daggemiddelde_Stationsplein>
<fme:Datum>20180529</fme:Datum>
<fme:PM_1>45.43</fme:PM_1>
<fme:PM_2,5>51.51</fme:PM_2,5>
<fme:PM_10>62.97</fme:PM_10>
<fme:Longitude>3.219727</fme:Longitude>
<fme:Latitude>51.197827</fme:Latitude>
<fme:Aangemaakt_op>22/10/2018</fme:Aangemaakt_op>
</fme:Daggemiddelde_Stationsplein>
<fme:Daggemiddelde_Stationsplein>
<fme:Datum>20180530</fme:Datum>
<fme:PM_1>43.15</fme:PM_1>
<fme:PM_2,5>49.45</fme:PM_2,5>
<fme:PM_10>58.97</fme:PM_10>
<fme:Longitude>3.219727</fme:Longitude>
<fme:Latitude>51.197827</fme:Latitude>
<fme:Aangemaakt_op>22/10/2018</fme:Aangemaakt_op>
</fme:Daggemiddelde_Stationsplein>
<fme:Daggemiddelde_Stationsplein>
<fme:Datum>20180531</fme:Datum>
<fme:PM_1>26.2</fme:PM_1>
<fme:PM_2,5>29.55</fme:PM_2,5>
<fme:PM_10>37.42</fme:PM_10>
<fme:Longitude>3.219727</fme:Longitude>
<fme:Latitude>51.197827</fme:Latitude>
<fme:Aangemaakt_op>22/10/2018</fme:Aangemaakt_op>
</fme:Daggemiddelde_Stationsplein>
<fme:Daggemiddelde_Stationsplein>
<fme:Datum>20180601</fme:Datum>
<fme:PM_1>17.7</fme:PM_1>
<fme:PM_2,5>20.22</fme:PM_2,5>
<fme:PM_10>24.67</fme:PM_10>
<fme:Longitude>3.219727</fme:Longitude>
<fme:Latitude>51.197827</fme:Latitude>
<fme:Aangemaakt_op>22/10/2018</fme:Aangemaakt_op>
</fme:Daggemiddelde_Stationsplein>
<fme:Daggemiddelde_Stationsplein>
<fme:Datum>20180602</fme:Datum>
<fme:PM_1>12.08</fme:PM_1>
<fme:PM_2,5>13.87</fme:PM_2,5>
<fme:PM_10>17.91</fme:PM_10>
<fme:Longitude>3.219727</fme:Longitude>
<fme:Latitude>51.197827</fme:Latitude>
<fme:Aangemaakt_op>22/10/2018</fme:Aangemaakt_op>
</fme:Daggemiddelde_Stationsplein>
<fme:Daggemiddelde_Stationsplein>
<fme:Datum>20180603</fme:Datum>
<fme:PM_1>11.56</fme:PM_1>
<fme:PM_2,5>13.13</fme:PM_2,5>
<fme:PM_10>17.69</fme:PM_10>
<fme:Longitude>3.219727</fme:Longitude>
<fme:Latitude>51.197827</fme:Latitude>
<fme:Aangemaakt_op>22/10/2018</fme:Aangemaakt_op>
</fme:Daggemiddelde_Stationsplein>
<fme:Daggemiddelde_Stationsplein>
<fme:Datum>20180604</fme:Datum>
<fme:PM_1>16.05</fme:PM_1>
<fme:PM_2,5>18.24</fme:PM_2,5>
<fme:PM_10>22.93</fme:PM_10>
<fme:Longitude>3.219727</fme:Longitude>
<fme:Latitude>51.197827</fme:Latitude>
<fme:Aangemaakt_op>22/10/2018</fme:Aangemaakt_op>
</fme:Daggemiddelde_Stationsplein>
<fme:Daggemiddelde_Stationsplein>
<fme:Datum>20180605</fme:Datum>
<fme:PM_1>14.4</fme:PM_1>
<fme:PM_2,5>19.03</fme:PM_2,5>
<fme:PM_10>30.01</fme:PM_10>
<fme:Longitude>3.219727</fme:Longitude>
<fme:Latitude>51.197827</fme:Latitude>
<fme:Aangemaakt_op>22/10/2018</fme:Aangemaakt_op>
</fme:Daggemiddelde_Stationsplein>
<fme:Daggemiddelde_Stationsplein>
<fme:Datum>20180606</fme:Datum>
<fme:PM_1>13.23</fme:PM_1>
<fme:PM_2,5>22.01</fme:PM_2,5>
<fme:PM_10>37.49</fme:PM_10>
<fme:Longitude>3.219727</fme:Longitude>
<fme:Latitude>51.197827</fme:Latitude>
<fme:Aangemaakt_op>22/10/2018</fme:Aangemaakt_op>
</fme:Daggemiddelde_Stationsplein>
<fme:Daggemiddelde_Stationsplein>
<fme:Datum>20180607</fme:Datum>
<fme:PM_1>20.72</fme:PM_1>
<fme:PM_2,5>27.98</fme:PM_2,5>
<fme:PM_10>38.15</fme:PM_10>
<fme:Longitude>3.219727</fme:Longitude>
<fme:Latitude>51.197827</fme:Latitude>
<fme:Aangemaakt_op>22/10/2018</fme:Aangemaakt_op>
</fme:Daggemiddelde_Stationsplein>
<fme:Daggemiddelde_Stationsplein>
<fme:Datum>20180608</fme:Datum>
<fme:PM_1>17.69</fme:PM_1>
<fme:PM_2,5>23.82</fme:PM_2,5>
<fme:PM_10>34.44</fme:PM_10>
<fme:Longitude>3.219727</fme:Longitude>
<fme:Latitude>51.197827</fme:Latitude>
<fme:Aangemaakt_op>22/10/2018</fme:Aangemaakt_op>
</fme:Daggemiddelde_Stationsplein>
<fme:Daggemiddelde_Stationsplein>
<fme:Datum>20180610</fme:Datum>
<fme:PM_1>13.94</fme:PM_1>
<fme:PM_2,5>18.06</fme:PM_2,5>
<fme:PM_10>26.5</fme:PM_10>
<fme:Longitude>3.219727</fme:Longitude>
<fme:Latitude>51.197827</fme:Latitude>
<fme:Aangemaakt_op>22/10/2018</fme:Aangemaakt_op>
</fme:Daggemiddelde_Stationsplein>
<fme:Daggemiddelde_Stationsplein>
<fme:Datum>20180611</fme:Datum>
<fme:PM_1>9.83</fme:PM_1>
<fme:PM_2,5>13.12</fme:PM_2,5>
<fme:PM_10>22.74</fme:PM_10>
<fme:Longitude>3.219727</fme:Longitude>
<fme:Latitude>51.197827</fme:Latitude>
<fme:Aangemaakt_op>22/10/2018</fme:Aangemaakt_op>
</fme:Daggemiddelde_Stationsplein>
<fme:Daggemiddelde_Stationsplein>
<fme:Datum>20180612</fme:Datum>
<fme:PM_1>12.69</fme:PM_1>
<fme:PM_2,5>15.34</fme:PM_2,5>
<fme:PM_10>24.3</fme:PM_10>
<fme:Longitude>3.219727</fme:Longitude>
<fme:Latitude>51.197827</fme:Latitude>
<fme:Aangemaakt_op>22/10/2018</fme:Aangemaakt_op>
</fme:Daggemiddelde_Stationsplein>
<fme:Daggemiddelde_Stationsplein>
<fme:Datum>20180613</fme:Datum>
<fme:PM_1>3.6</fme:PM_1>
<fme:PM_2,5>6.06</fme:PM_2,5>
<fme:PM_10>14.81</fme:PM_10>
<fme:Longitude>3.219727</fme:Longitude>
<fme:Latitude>51.197827</fme:Latitude>
<fme:Aangemaakt_op>22/10/2018</fme:Aangemaakt_op>
</fme:Daggemiddelde_Stationsplein>
<fme:Daggemiddelde_Stationsplein>
<fme:Datum>20180614</fme:Datum>
<fme:PM_1>7.31</fme:PM_1>
<fme:PM_2,5>9.45</fme:PM_2,5>
<fme:PM_10>18</fme:PM_10>
<fme:Longitude>3.219727</fme:Longitude>
<fme:Latitude>51.197827</fme:Latitude>
<fme:Aangemaakt_op>22/10/2018</fme:Aangemaakt_op>
</fme:Daggemiddelde_Stationsplein>
<fme:Daggemiddelde_Stationsplein>
<fme:Datum>20180620</fme:Datum>
<fme:PM_1>3.89</fme:PM_1>
<fme:PM_2,5>4.96</fme:PM_2,5>
<fme:PM_10>10.16</fme:PM_10>
<fme:Longitude>3.219727</fme:Longitude>
<fme:Latitude>51.197827</fme:Latitude>
<fme:Aangemaakt_op>22/10/2018</fme:Aangemaakt_op>
</fme:Daggemiddelde_Stationsplein>
<fme:Daggemiddelde_Stationsplein>
<fme:Datum>20180621</fme:Datum>
<fme:PM_1>2.89</fme:PM_1>
<fme:PM_2,5>6.37</fme:PM_2,5>
<fme:PM_10>21.51</fme:PM_10>
<fme:Longitude>3.219727</fme:Longitude>
<fme:Latitude>51.197827</fme:Latitude>
<fme:Aangemaakt_op>22/10/2018</fme:Aangemaakt_op>
</fme:Daggemiddelde_Stationsplein>
<fme:Daggemiddelde_Stationsplein>
<fme:Datum>20180622</fme:Datum>
<fme:PM_1>3.45</fme:PM_1>
<fme:PM_2,5>8.24</fme:PM_2,5>
<fme:PM_10>24.14</fme:PM_10>
<fme:Longitude>3.219727</fme:Longitude>
<fme:Latitude>51.197827</fme:Latitude>
<fme:Aangemaakt_op>22/10/2018</fme:Aangemaakt_op>
</fme:Daggemiddelde_Stationsplein>
<fme:Daggemiddelde_Stationsplein>
<fme:Datum>20180623</fme:Datum>
<fme:PM_1>4.8</fme:PM_1>
<fme:PM_2,5>8.3</fme:PM_2,5>
<fme:PM_10>17.5</fme:PM_10>
<fme:Longitude>3.219727</fme:Longitude>
<fme:Latitude>51.197827</fme:Latitude>
<fme:Aangemaakt_op>22/10/2018</fme:Aangemaakt_op>
</fme:Daggemiddelde_Stationsplein>
<fme:Daggemiddelde_Stationsplein>
<fme:Datum>20180624</fme:Datum>
<fme:PM_1>5.07</fme:PM_1>
<fme:PM_2,5>7.31</fme:PM_2,5>
<fme:PM_10>12.8</fme:PM_10>
<fme:Longitude>3.219727</fme:Longitude>
<fme:Latitude>51.197827</fme:Latitude>
<fme:Aangemaakt_op>22/10/2018</fme:Aangemaakt_op>
</fme:Daggemiddelde_Stationsplein>
<fme:Daggemiddelde_Stationsplein>
<fme:Datum>20180625</fme:Datum>
<fme:PM_1>4.04</fme:PM_1>
<fme:PM_2,5>6</fme:PM_2,5>
<fme:PM_10>13.38</fme:PM_10>
<fme:Longitude>3.219727</fme:Longitude>
<fme:Latitude>51.197827</fme:Latitude>
<fme:Aangemaakt_op>22/10/2018</fme:Aangemaakt_op>
</fme:Daggemiddelde_Stationsplein>
<fme:Daggemiddelde_Stationsplein>
<fme:Datum>20180626</fme:Datum>
<fme:PM_1>8.21</fme:PM_1>
<fme:PM_2,5>11.61</fme:PM_2,5>
<fme:PM_10>20.91</fme:PM_10>
<fme:Longitude>3.219727</fme:Longitude>
<fme:Latitude>51.197827</fme:Latitude>
<fme:Aangemaakt_op>22/10/2018</fme:Aangemaakt_op>
</fme:Daggemiddelde_Stationsplein>
<fme:Daggemiddelde_Stationsplein>
<fme:Datum>20180627</fme:Datum>
<fme:PM_1>15.21</fme:PM_1>
<fme:PM_2,5>20.78</fme:PM_2,5>
<fme:PM_10>33.34</fme:PM_10>
<fme:Longitude>3.219727</fme:Longitude>
<fme:Latitude>51.197827</fme:Latitude>
<fme:Aangemaakt_op>22/10/2018</fme:Aangemaakt_op>
</fme:Daggemiddelde_Stationsplein>
<fme:Daggemiddelde_Stationsplein>
<fme:Datum>20180628</fme:Datum>
<fme:PM_1>11.95</fme:PM_1>
<fme:PM_2,5>16.45</fme:PM_2,5>
<fme:PM_10>30.82</fme:PM_10>
<fme:Longitude>3.219727</fme:Longitude>
<fme:Latitude>51.197827</fme:Latitude>
<fme:Aangemaakt_op>22/10/2018</fme:Aangemaakt_op>
</fme:Daggemiddelde_Stationsplein>
<fme:Daggemiddelde_Stationsplein>
<fme:Datum>20180629</fme:Datum>
<fme:PM_1>8.96</fme:PM_1>
<fme:PM_2,5>13.12</fme:PM_2,5>
<fme:PM_10>26.18</fme:PM_10>
<fme:Longitude>3.219727</fme:Longitude>
<fme:Latitude>51.197827</fme:Latitude>
<fme:Aangemaakt_op>22/10/2018</fme:Aangemaakt_op>
</fme:Daggemiddelde_Stationsplein>
<fme:Daggemiddelde_Stationsplein>
<fme:Datum>20180630</fme:Datum>
<fme:PM_1>13.18</fme:PM_1>
<fme:PM_2,5>18.27</fme:PM_2,5>
<fme:PM_10>32.77</fme:PM_10>
<fme:Longitude>3.219727</fme:Longitude>
<fme:Latitude>51.197827</fme:Latitude>
<fme:Aangemaakt_op>22/10/2018</fme:Aangemaakt_op>
</fme:Daggemiddelde_Stationsplein>
<fme:Daggemiddelde_Stationsplein>
<fme:Datum>20180701</fme:Datum>
<fme:PM_1>3.95</fme:PM_1>
<fme:PM_2,5>7.07</fme:PM_2,5>
<fme:PM_10>29.44</fme:PM_10>
<fme:Longitude>3.219727</fme:Longitude>
<fme:Latitude>51.197827</fme:Latitude>
<fme:Aangemaakt_op>22/10/2018</fme:Aangemaakt_op>
</fme:Daggemiddelde_Stationsplein>
<fme:Daggemiddelde_Stationsplein>
<fme:Datum>20180702</fme:Datum>
<fme:PM_1>4.16</fme:PM_1>
<fme:PM_2,5>7.1</fme:PM_2,5>
<fme:PM_10>25.66</fme:PM_10>
<fme:Longitude>3.219727</fme:Longitude>
<fme:Latitude>51.197827</fme:Latitude>
<fme:Aangemaakt_op>22/10/2018</fme:Aangemaakt_op>
</fme:Daggemiddelde_Stationsplein>
<fme:Daggemiddelde_Stationsplein>
<fme:Datum>20180703</fme:Datum>
<fme:PM_1>4.36</fme:PM_1>
<fme:PM_2,5>7.77</fme:PM_2,5>
<fme:PM_10>23.54</fme:PM_10>
<fme:Longitude>3.219727</fme:Longitude>
<fme:Latitude>51.197827</fme:Latitude>
<fme:Aangemaakt_op>22/10/2018</fme:Aangemaakt_op>
</fme:Daggemiddelde_Stationsplein>
<fme:Daggemiddelde_Stationsplein>
<fme:Datum>20180704</fme:Datum>
<fme:PM_1>8.54</fme:PM_1>
<fme:PM_2,5>12.27</fme:PM_2,5>
<fme:PM_10>24.48</fme:PM_10>
<fme:Longitude>3.219727</fme:Longitude>
<fme:Latitude>51.197827</fme:Latitude>
<fme:Aangemaakt_op>22/10/2018</fme:Aangemaakt_op>
</fme:Daggemiddelde_Stationsplein>
<fme:Daggemiddelde_Stationsplein>
<fme:Datum>20180705</fme:Datum>
<fme:PM_1>5.69</fme:PM_1>
<fme:PM_2,5>7.88</fme:PM_2,5>
<fme:PM_10>16.84</fme:PM_10>
<fme:Longitude>3.219727</fme:Longitude>
<fme:Latitude>51.197827</fme:Latitude>
<fme:Aangemaakt_op>22/10/2018</fme:Aangemaakt_op>
</fme:Daggemiddelde_Stationsplein>
<fme:Daggemiddelde_Stationsplein>
<fme:Datum>20180706</fme:Datum>
<fme:PM_1>13.83</fme:PM_1>
<fme:PM_2,5>17.24</fme:PM_2,5>
<fme:PM_10>31.48</fme:PM_10>
<fme:Longitude>3.219727</fme:Longitude>
<fme:Latitude>51.197827</fme:Latitude>
<fme:Aangemaakt_op>22/10/2018</fme:Aangemaakt_op>
</fme:Daggemiddelde_Stationsplein>
<fme:Daggemiddelde_Stationsplein>
<fme:Datum>20180707</fme:Datum>
<fme:PM_1>7.52</fme:PM_1>
<fme:PM_2,5>10.54</fme:PM_2,5>
<fme:PM_10>20.75</fme:PM_10>
<fme:Longitude>3.219727</fme:Longitude>
<fme:Latitude>51.197827</fme:Latitude>
<fme:Aangemaakt_op>22/10/2018</fme:Aangemaakt_op>
</fme:Daggemiddelde_Stationsplein>
<fme:Daggemiddelde_Stationsplein>
<fme:Datum>20180708</fme:Datum>
<fme:PM_1>5.28</fme:PM_1>
<fme:PM_2,5>7.36</fme:PM_2,5>
<fme:PM_10>16.42</fme:PM_10>
<fme:Longitude>3.219727</fme:Longitude>
<fme:Latitude>51.197827</fme:Latitude>
<fme:Aangemaakt_op>22/10/2018</fme:Aangemaakt_op>
</fme:Daggemiddelde_Stationsplein>
<fme:Daggemiddelde_Stationsplein>
<fme:Datum>20180709</fme:Datum>
<fme:PM_1>6.03</fme:PM_1>
<fme:PM_2,5>8.17</fme:PM_2,5>
<fme:PM_10>16.29</fme:PM_10>
<fme:Longitude>3.219727</fme:Longitude>
<fme:Latitude>51.197827</fme:Latitude>
<fme:Aangemaakt_op>22/10/2018</fme:Aangemaakt_op>
</fme:Daggemiddelde_Stationsplein>
<fme:Daggemiddelde_Stationsplein>
<fme:Datum>20180710</fme:Datum>
<fme:PM_1>4.48</fme:PM_1>
<fme:PM_2,5>8.31</fme:PM_2,5>
<fme:PM_10>21.25</fme:PM_10>
<fme:Longitude>3.219727</fme:Longitude>
<fme:Latitude>51.197827</fme:Latitude>
<fme:Aangemaakt_op>22/10/2018</fme:Aangemaakt_op>
</fme:Daggemiddelde_Stationsplein>
<fme:Daggemiddelde_Stationsplein>
<fme:Datum>20180711</fme:Datum>
<fme:PM_1>8.51</fme:PM_1>
<fme:PM_2,5>13.49</fme:PM_2,5>
<fme:PM_10>24.15</fme:PM_10>
<fme:Longitude>3.219727</fme:Longitude>
<fme:Latitude>51.197827</fme:Latitude>
<fme:Aangemaakt_op>22/10/2018</fme:Aangemaakt_op>
</fme:Daggemiddelde_Stationsplein>
<fme:Daggemiddelde_Stationsplein>
<fme:Datum>20180712</fme:Datum>
<fme:PM_1>9.21</fme:PM_1>
<fme:PM_2,5>12.44</fme:PM_2,5>
<fme:PM_10>22.43</fme:PM_10>
<fme:Longitude>3.219727</fme:Longitude>
<fme:Latitude>51.197827</fme:Latitude>
<fme:Aangemaakt_op>22/10/2018</fme:Aangemaakt_op>
</fme:Daggemiddelde_Stationsplein>
<fme:Daggemiddelde_Stationsplein>
<fme:Datum>20180713</fme:Datum>
<fme:PM_1>6.08</fme:PM_1>
<fme:PM_2,5>9.16</fme:PM_2,5>
<fme:PM_10>18.18</fme:PM_10>
<fme:Longitude>3.219727</fme:Longitude>
<fme:Latitude>51.197827</fme:Latitude>
<fme:Aangemaakt_op>22/10/2018</fme:Aangemaakt_op>
</fme:Daggemiddelde_Stationsplein>
<fme:Daggemiddelde_Stationsplein>
<fme:Datum>20180714</fme:Datum>
<fme:PM_1>8.41</fme:PM_1>
<fme:PM_2,5>10.61</fme:PM_2,5>
<fme:PM_10>20.29</fme:PM_10>
<fme:Longitude>3.219727</fme:Longitude>
<fme:Latitude>51.197827</fme:Latitude>
<fme:Aangemaakt_op>22/10/2018</fme:Aangemaakt_op>
</fme:Daggemiddelde_Stationsplein>
<fme:Daggemiddelde_Stationsplein>
<fme:Datum>20180715</fme:Datum>
<fme:PM_1>8.28</fme:PM_1>
<fme:PM_2,5>10.77</fme:PM_2,5>
<fme:PM_10>26.22</fme:PM_10>
<fme:Longitude>3.219727</fme:Longitude>
<fme:Latitude>51.197827</fme:Latitude>
<fme:Aangemaakt_op>22/10/2018</fme:Aangemaakt_op>
</fme:Daggemiddelde_Stationsplein>
<fme:Daggemiddelde_Stationsplein>
<fme:Datum>20180716</fme:Datum>
<fme:PM_1>13.49</fme:PM_1>
<fme:PM_2,5>18.13</fme:PM_2,5>
<fme:PM_10>47.49</fme:PM_10>
<fme:Longitude>3.219727</fme:Longitude>
<fme:Latitude>51.197827</fme:Latitude>
<fme:Aangemaakt_op>22/10/2018</fme:Aangemaakt_op>
</fme:Daggemiddelde_Stationsplein>
<fme:Daggemiddelde_Stationsplein>
<fme:Datum>20180717</fme:Datum>
<fme:PM_1>7.21</fme:PM_1>
<fme:PM_2,5>9.85</fme:PM_2,5>
<fme:PM_10>21.67</fme:PM_10>
<fme:Longitude>3.219727</fme:Longitude>
<fme:Latitude>51.197827</fme:Latitude>
<fme:Aangemaakt_op>22/10/2018</fme:Aangemaakt_op>
</fme:Daggemiddelde_Stationsplein>
<fme:Daggemiddelde_Stationsplein>
<fme:Datum>20180718</fme:Datum>
<fme:PM_1>4.86</fme:PM_1>
<fme:PM_2,5>7.11</fme:PM_2,5>
<fme:PM_10>15.81</fme:PM_10>
<fme:Longitude>3.219727</fme:Longitude>
<fme:Latitude>51.197827</fme:Latitude>
<fme:Aangemaakt_op>22/10/2018</fme:Aangemaakt_op>
</fme:Daggemiddelde_Stationsplein>
<fme:Daggemiddelde_Stationsplein>
<fme:Datum>20180719</fme:Datum>
<fme:PM_1>7.79</fme:PM_1>
<fme:PM_2,5>9.99</fme:PM_2,5>
<fme:PM_10>20.56</fme:PM_10>
<fme:Longitude>3.219727</fme:Longitude>
<fme:Latitude>51.197827</fme:Latitude>
<fme:Aangemaakt_op>22/10/2018</fme:Aangemaakt_op>
</fme:Daggemiddelde_Stationsplein>
<fme:Daggemiddelde_Stationsplein>
<fme:Datum>20180720</fme:Datum>
<fme:PM_1>10.38</fme:PM_1>
<fme:PM_2,5>12.56</fme:PM_2,5>
<fme:PM_10>21.22</fme:PM_10>
<fme:Longitude>3.219727</fme:Longitude>
<fme:Latitude>51.197827</fme:Latitude>
<fme:Aangemaakt_op>22/10/2018</fme:Aangemaakt_op>
</fme:Daggemiddelde_Stationsplein>
<fme:Daggemiddelde_Stationsplein>
<fme:Datum>20180721</fme:Datum>
<fme:PM_1>5.41</fme:PM_1>
<fme:PM_2,5>6.78</fme:PM_2,5>
<fme:PM_10>13.08</fme:PM_10>
<fme:Longitude>3.219727</fme:Longitude>
<fme:Latitude>51.197827</fme:Latitude>
<fme:Aangemaakt_op>22/10/2018</fme:Aangemaakt_op>
</fme:Daggemiddelde_Stationsplein>
<fme:Daggemiddelde_Stationsplein>
<fme:Datum>20180722</fme:Datum>
<fme:PM_1>18.48</fme:PM_1>
<fme:PM_2,5>20.54</fme:PM_2,5>
<fme:PM_10>28.1</fme:PM_10>
<fme:Longitude>3.219727</fme:Longitude>
<fme:Latitude>51.197827</fme:Latitude>
<fme:Aangemaakt_op>22/10/2018</fme:Aangemaakt_op>
</fme:Daggemiddelde_Stationsplein>
<fme:Daggemiddelde_Stationsplein>
<fme:Datum>20180723</fme:Datum>
<fme:PM_1>8.39</fme:PM_1>
<fme:PM_2,5>10.69</fme:PM_2,5>
<fme:PM_10>21.33</fme:PM_10>
<fme:Longitude>3.219727</fme:Longitude>
<fme:Latitude>51.197827</fme:Latitude>
<fme:Aangemaakt_op>22/10/2018</fme:Aangemaakt_op>
</fme:Daggemiddelde_Stationsplein>
<fme:Daggemiddelde_Stationsplein>
<fme:Datum>20180724</fme:Datum>
<fme:PM_1>5.55</fme:PM_1>
<fme:PM_2,5>7.45</fme:PM_2,5>
<fme:PM_10>17.85</fme:PM_10>
<fme:Longitude>3.219727</fme:Longitude>
<fme:Latitude>51.197827</fme:Latitude>
<fme:Aangemaakt_op>22/10/2018</fme:Aangemaakt_op>
</fme:Daggemiddelde_Stationsplein>
<fme:Daggemiddelde_Stationsplein>
<fme:Datum>20180725</fme:Datum>
<fme:PM_1>8.01</fme:PM_1>
<fme:PM_2,5>10.34</fme:PM_2,5>
<fme:PM_10>24.06</fme:PM_10>
<fme:Longitude>3.219727</fme:Longitude>
<fme:Latitude>51.197827</fme:Latitude>
<fme:Aangemaakt_op>22/10/2018</fme:Aangemaakt_op>
</fme:Daggemiddelde_Stationsplein>
<fme:Daggemiddelde_Stationsplein>
<fme:Datum>20180726</fme:Datum>
<fme:PM_1>19.12</fme:PM_1>
<fme:PM_2,5>22.48</fme:PM_2,5>
<fme:PM_10>40.77</fme:PM_10>
<fme:Longitude>3.219727</fme:Longitude>
<fme:Latitude>51.197827</fme:Latitude>
<fme:Aangemaakt_op>22/10/2018</fme:Aangemaakt_op>
</fme:Daggemiddelde_Stationsplein>
<fme:Daggemiddelde_Stationsplein>
<fme:Datum>20180727</fme:Datum>
<fme:PM_1>18.65</fme:PM_1>
<fme:PM_2,5>22.17</fme:PM_2,5>
<fme:PM_10>42.93</fme:PM_10>
<fme:Longitude>3.219727</fme:Longitude>
<fme:Latitude>51.197827</fme:Latitude>
<fme:Aangemaakt_op>22/10/2018</fme:Aangemaakt_op>
</fme:Daggemiddelde_Stationsplein>
<fme:Daggemiddelde_Stationsplein>
<fme:Datum>20180728</fme:Datum>
<fme:PM_1>9.37</fme:PM_1>
<fme:PM_2,5>12.37</fme:PM_2,5>
<fme:PM_10>22.05</fme:PM_10>
<fme:Longitude>3.219727</fme:Longitude>
<fme:Latitude>51.197827</fme:Latitude>
<fme:Aangemaakt_op>22/10/2018</fme:Aangemaakt_op>
</fme:Daggemiddelde_Stationsplein>
<fme:Daggemiddelde_Stationsplein>
<fme:Datum>20180731</fme:Datum>
<fme:PM_1>3.25</fme:PM_1>
<fme:PM_2,5>5.9</fme:PM_2,5>
<fme:PM_10>12.1</fme:PM_10>
<fme:Longitude>3.219727</fme:Longitude>
<fme:Latitude>51.197827</fme:Latitude>
<fme:Aangemaakt_op>22/10/2018</fme:Aangemaakt_op>
</fme:Daggemiddelde_Stationsplein>
<fme:Daggemiddelde_Stationsplein>
<fme:Datum>20180801</fme:Datum>
<fme:PM_1>4.6</fme:PM_1>
<fme:PM_2,5>6.55</fme:PM_2,5>
<fme:PM_10>12.21</fme:PM_10>
<fme:Longitude>3.219727</fme:Longitude>
<fme:Latitude>51.197827</fme:Latitude>
<fme:Aangemaakt_op>22/10/2018</fme:Aangemaakt_op>
</fme:Daggemiddelde_Stationsplein>
<fme:Daggemiddelde_Stationsplein>
<fme:Datum>20180802</fme:Datum>
<fme:PM_1>5.04</fme:PM_1>
<fme:PM_2,5>7.06</fme:PM_2,5>
<fme:PM_10>15.59</fme:PM_10>
<fme:Longitude>3.219727</fme:Longitude>
<fme:Latitude>51.197827</fme:Latitude>
<fme:Aangemaakt_op>22/10/2018</fme:Aangemaakt_op>
</fme:Daggemiddelde_Stationsplein>
<fme:Daggemiddelde_Stationsplein>
<fme:Datum>20180803</fme:Datum>
<fme:PM_1>10.15</fme:PM_1>
<fme:PM_2,5>12.98</fme:PM_2,5>
<fme:PM_10>25.26</fme:PM_10>
<fme:Longitude>3.219727</fme:Longitude>
<fme:Latitude>51.197827</fme:Latitude>
<fme:Aangemaakt_op>22/10/2018</fme:Aangemaakt_op>
</fme:Daggemiddelde_Stationsplein>
<fme:Daggemiddelde_Stationsplein>
<fme:Datum>20180804</fme:Datum>
<fme:PM_1>6.74</fme:PM_1>
<fme:PM_2,5>8.83</fme:PM_2,5>
<fme:PM_10>16.16</fme:PM_10>
<fme:Longitude>3.219727</fme:Longitude>
<fme:Latitude>51.197827</fme:Latitude>
<fme:Aangemaakt_op>22/10/2018</fme:Aangemaakt_op>
</fme:Daggemiddelde_Stationsplein>
<fme:Daggemiddelde_Stationsplein>
<fme:Datum>20180805</fme:Datum>
<fme:PM_1>3.78</fme:PM_1>
<fme:PM_2,5>5.74</fme:PM_2,5>
<fme:PM_10>12.66</fme:PM_10>
<fme:Longitude>3.219727</fme:Longitude>
<fme:Latitude>51.197827</fme:Latitude>
<fme:Aangemaakt_op>22/10/2018</fme:Aangemaakt_op>
</fme:Daggemiddelde_Stationsplein>
<fme:Daggemiddelde_Stationsplein>
<fme:Datum>20180806</fme:Datum>
<fme:PM_1>6.73</fme:PM_1>
<fme:PM_2,5>8.94</fme:PM_2,5>
<fme:PM_10>20.86</fme:PM_10>
<fme:Longitude>3.219727</fme:Longitude>
<fme:Latitude>51.197827</fme:Latitude>
<fme:Aangemaakt_op>22/10/2018</fme:Aangemaakt_op>
</fme:Daggemiddelde_Stationsplein>
<fme:Daggemiddelde_Stationsplein>
<fme:Datum>20180807</fme:Datum>
<fme:PM_1>14.04</fme:PM_1>
<fme:PM_2,5>18.12</fme:PM_2,5>
<fme:PM_10>41.33</fme:PM_10>
<fme:Longitude>3.219727</fme:Longitude>
<fme:Latitude>51.197827</fme:Latitude>
<fme:Aangemaakt_op>22/10/2018</fme:Aangemaakt_op>
</fme:Daggemiddelde_Stationsplein>
<fme:Daggemiddelde_Stationsplein>
<fme:Datum>20180808</fme:Datum>
<fme:PM_1>7.11</fme:PM_1>
<fme:PM_2,5>10.03</fme:PM_2,5>
<fme:PM_10>19.54</fme:PM_10>
<fme:Longitude>3.219727</fme:Longitude>
<fme:Latitude>51.197827</fme:Latitude>
<fme:Aangemaakt_op>22/10/2018</fme:Aangemaakt_op>
</fme:Daggemiddelde_Stationsplein>
<fme:Daggemiddelde_Stationsplein>
<fme:Datum>20180809</fme:Datum>
<fme:PM_1>7.18</fme:PM_1>
<fme:PM_2,5>9.43</fme:PM_2,5>
<fme:PM_10>17.17</fme:PM_10>
<fme:Longitude>3.219727</fme:Longitude>
<fme:Latitude>51.197827</fme:Latitude>
<fme:Aangemaakt_op>22/10/2018</fme:Aangemaakt_op>
</fme:Daggemiddelde_Stationsplein>
<fme:Daggemiddelde_Stationsplein>
<fme:Datum>20180810</fme:Datum>
<fme:PM_1>3.28</fme:PM_1>
<fme:PM_2,5>5.23</fme:PM_2,5>
<fme:PM_10>11.18</fme:PM_10>
<fme:Longitude>3.219727</fme:Longitude>
<fme:Latitude>51.197827</fme:Latitude>
<fme:Aangemaakt_op>22/10/2018</fme:Aangemaakt_op>
</fme:Daggemiddelde_Stationsplein>
<fme:Daggemiddelde_Stationsplein>
<fme:Datum>20180811</fme:Datum>
<fme:PM_1>4.54</fme:PM_1>
<fme:PM_2,5>6.09</fme:PM_2,5>
<fme:PM_10>11.27</fme:PM_10>
<fme:Longitude>3.219727</fme:Longitude>
<fme:Latitude>51.197827</fme:Latitude>
<fme:Aangemaakt_op>22/10/2018</fme:Aangemaakt_op>
</fme:Daggemiddelde_Stationsplein>
<fme:Daggemiddelde_Stationsplein>
<fme:Datum>20180812</fme:Datum>
<fme:PM_1>5.09</fme:PM_1>
<fme:PM_2,5>6.36</fme:PM_2,5>
<fme:PM_10>11.75</fme:PM_10>
<fme:Longitude>3.219727</fme:Longitude>
<fme:Latitude>51.197827</fme:Latitude>
<fme:Aangemaakt_op>22/10/2018</fme:Aangemaakt_op>
</fme:Daggemiddelde_Stationsplein>
<fme:Daggemiddelde_Stationsplein>
<fme:Datum>20180813</fme:Datum>
<fme:PM_1>6.81</fme:PM_1>
<fme:PM_2,5>8.7</fme:PM_2,5>
<fme:PM_10>13.56</fme:PM_10>
<fme:Longitude>3.219727</fme:Longitude>
<fme:Latitude>51.197827</fme:Latitude>
<fme:Aangemaakt_op>22/10/2018</fme:Aangemaakt_op>
</fme:Daggemiddelde_Stationsplein>
<fme:Daggemiddelde_Stationsplein>
<fme:Datum>20180814</fme:Datum>
<fme:PM_1>7.39</fme:PM_1>
<fme:PM_2,5>9.91</fme:PM_2,5>
<fme:PM_10>16.56</fme:PM_10>
<fme:Longitude>3.219727</fme:Longitude>
<fme:Latitude>51.197827</fme:Latitude>
<fme:Aangemaakt_op>22/10/2018</fme:Aangemaakt_op>
</fme:Daggemiddelde_Stationsplein>
<fme:Daggemiddelde_Stationsplein>
<fme:Datum>20180815</fme:Datum>
<fme:PM_1>7.45</fme:PM_1>
<fme:PM_2,5>10.44</fme:PM_2,5>
<fme:PM_10>16.12</fme:PM_10>
<fme:Longitude>3.219727</fme:Longitude>
<fme:Latitude>51.197827</fme:Latitude>
<fme:Aangemaakt_op>22/10/2018</fme:Aangemaakt_op>
</fme:Daggemiddelde_Stationsplein>
<fme:Daggemiddelde_Stationsplein>
<fme:Datum>20180816</fme:Datum>
<fme:PM_1>5.2</fme:PM_1>
<fme:PM_2,5>6.51</fme:PM_2,5>
<fme:PM_10>10.71</fme:PM_10>
<fme:Longitude>3.219727</fme:Longitude>
<fme:Latitude>51.197827</fme:Latitude>
<fme:Aangemaakt_op>22/10/2018</fme:Aangemaakt_op>
</fme:Daggemiddelde_Stationsplein>
<fme:Daggemiddelde_Stationsplein>
<fme:Datum>20180817</fme:Datum>
<fme:PM_1>2.49</fme:PM_1>
<fme:PM_2,5>4.64</fme:PM_2,5>
<fme:PM_10>10.4</fme:PM_10>
<fme:Longitude>3.219727</fme:Longitude>
<fme:Latitude>51.197827</fme:Latitude>
<fme:Aangemaakt_op>22/10/2018</fme:Aangemaakt_op>
</fme:Daggemiddelde_Stationsplein>
<fme:Daggemiddelde_Stationsplein>
<fme:Datum>20180818</fme:Datum>
<fme:PM_1>5.88</fme:PM_1>
<fme:PM_2,5>9.53</fme:PM_2,5>
<fme:PM_10>16.7</fme:PM_10>
<fme:Longitude>3.219727</fme:Longitude>
<fme:Latitude>51.197827</fme:Latitude>
<fme:Aangemaakt_op>22/10/2018</fme:Aangemaakt_op>
</fme:Daggemiddelde_Stationsplein>
<fme:Daggemiddelde_Stationsplein>
<fme:Datum>20180819</fme:Datum>
<fme:PM_1>7.31</fme:PM_1>
<fme:PM_2,5>10.34</fme:PM_2,5>
<fme:PM_10>16.33</fme:PM_10>
<fme:Longitude>3.219727</fme:Longitude>
<fme:Latitude>51.197827</fme:Latitude>
<fme:Aangemaakt_op>22/10/2018</fme:Aangemaakt_op>
</fme:Daggemiddelde_Stationsplein>
<fme:Daggemiddelde_Stationsplein>
<fme:Datum>20180820</fme:Datum>
<fme:PM_1>7.81</fme:PM_1>
<fme:PM_2,5>9.78</fme:PM_2,5>
<fme:PM_10>14.72</fme:PM_10>
<fme:Longitude>3.219727</fme:Longitude>
<fme:Latitude>51.197827</fme:Latitude>
<fme:Aangemaakt_op>22/10/2018</fme:Aangemaakt_op>
</fme:Daggemiddelde_Stationsplein>
<fme:Daggemiddelde_Stationsplein>
<fme:Datum>20180821</fme:Datum>
<fme:PM_1>13.89</fme:PM_1>
<fme:PM_2,5>16.42</fme:PM_2,5>
<fme:PM_10>22.74</fme:PM_10>
<fme:Longitude>3.219727</fme:Longitude>
<fme:Latitude>51.197827</fme:Latitude>
<fme:Aangemaakt_op>22/10/2018</fme:Aangemaakt_op>
</fme:Daggemiddelde_Stationsplein>
<fme:Daggemiddelde_Stationsplein>
<fme:Datum>20180822</fme:Datum>
<fme:PM_1>7.93</fme:PM_1>
<fme:PM_2,5>9.35</fme:PM_2,5>
<fme:PM_10>14.62</fme:PM_10>
<fme:Longitude>3.219727</fme:Longitude>
<fme:Latitude>51.197827</fme:Latitude>
<fme:Aangemaakt_op>22/10/2018</fme:Aangemaakt_op>
</fme:Daggemiddelde_Stationsplein>
<fme:Daggemiddelde_Stationsplein>
<fme:Datum>20180823</fme:Datum>
<fme:PM_1>8.54</fme:PM_1>
<fme:PM_2,5>10.39</fme:PM_2,5>
<fme:PM_10>16.49</fme:PM_10>
<fme:Longitude>3.219727</fme:Longitude>
<fme:Latitude>51.197827</fme:Latitude>
<fme:Aangemaakt_op>22/10/2018</fme:Aangemaakt_op>
</fme:Daggemiddelde_Stationsplein>
<fme:Daggemiddelde_Stationsplein>
<fme:Datum>20180824</fme:Datum>
<fme:PM_1>3.08</fme:PM_1>
<fme:PM_2,5>5.67</fme:PM_2,5>
<fme:PM_10>13.71</fme:PM_10>
<fme:Longitude>3.219727</fme:Longitude>
<fme:Latitude>51.197827</fme:Latitude>
<fme:Aangemaakt_op>22/10/2018</fme:Aangemaakt_op>
</fme:Daggemiddelde_Stationsplein>
<fme:Daggemiddelde_Stationsplein>
<fme:Datum>20180825</fme:Datum>
<fme:PM_1>2.17</fme:PM_1>
<fme:PM_2,5>3.61</fme:PM_2,5>
<fme:PM_10>7.67</fme:PM_10>
<fme:Longitude>3.219727</fme:Longitude>
<fme:Latitude>51.197827</fme:Latitude>
<fme:Aangemaakt_op>22/10/2018</fme:Aangemaakt_op>
</fme:Daggemiddelde_Stationsplein>
<fme:Daggemiddelde_Stationsplein>
<fme:Datum>20180826</fme:Datum>
<fme:PM_1>4.46</fme:PM_1>
<fme:PM_2,5>5.87</fme:PM_2,5>
<fme:PM_10>9.86</fme:PM_10>
<fme:Longitude>3.219727</fme:Longitude>
<fme:Latitude>51.197827</fme:Latitude>
<fme:Aangemaakt_op>22/10/2018</fme:Aangemaakt_op>
</fme:Daggemiddelde_Stationsplein>
<fme:Daggemiddelde_Stationsplein>
<fme:Datum>20180827</fme:Datum>
<fme:PM_1>4.04</fme:PM_1>
<fme:PM_2,5>6.21</fme:PM_2,5>
<fme:PM_10>11.66</fme:PM_10>
<fme:Longitude>3.219727</fme:Longitude>
<fme:Latitude>51.197827</fme:Latitude>
<fme:Aangemaakt_op>22/10/2018</fme:Aangemaakt_op>
</fme:Daggemiddelde_Stationsplein>
<fme:Daggemiddelde_Stationsplein>
<fme:Datum>20180828</fme:Datum>
<fme:PM_1>5.57</fme:PM_1>
<fme:PM_2,5>8.89</fme:PM_2,5>
<fme:PM_10>18.16</fme:PM_10>
<fme:Longitude>3.219727</fme:Longitude>
<fme:Latitude>51.197827</fme:Latitude>
<fme:Aangemaakt_op>22/10/2018</fme:Aangemaakt_op>
</fme:Daggemiddelde_Stationsplein>
<fme:Daggemiddelde_Stationsplein>
<fme:Datum>20180829</fme:Datum>
<fme:PM_1>16.85</fme:PM_1>
<fme:PM_2,5>19.82</fme:PM_2,5>
<fme:PM_10>27.33</fme:PM_10>
<fme:Longitude>3.219727</fme:Longitude>
<fme:Latitude>51.197827</fme:Latitude>
<fme:Aangemaakt_op>22/10/2018</fme:Aangemaakt_op>
</fme:Daggemiddelde_Stationsplein>
<fme:Daggemiddelde_Stationsplein>
<fme:Datum>20180830</fme:Datum>
<fme:PM_1>3.77</fme:PM_1>
<fme:PM_2,5>6.44</fme:PM_2,5>
<fme:PM_10>13.84</fme:PM_10>
<fme:Longitude>3.219727</fme:Longitude>
<fme:Latitude>51.197827</fme:Latitude>
<fme:Aangemaakt_op>22/10/2018</fme:Aangemaakt_op>
</fme:Daggemiddelde_Stationsplein>
<fme:Daggemiddelde_Stationsplein>
<fme:Datum>20180831</fme:Datum>
<fme:PM_1>4.18</fme:PM_1>
<fme:PM_2,5>6.92</fme:PM_2,5>
<fme:PM_10>13.88</fme:PM_10>
<fme:Longitude>3.219727</fme:Longitude>
<fme:Latitude>51.197827</fme:Latitude>
<fme:Aangemaakt_op>22/10/2018</fme:Aangemaakt_op>
</fme:Daggemiddelde_Stationsplein>
<fme:Daggemiddelde_Stationsplein>
<fme:Datum>20180901</fme:Datum>
<fme:PM_1>11.43</fme:PM_1>
<fme:PM_2,5>14.13</fme:PM_2,5>
<fme:PM_10>20.61</fme:PM_10>
<fme:Longitude>3.219727</fme:Longitude>
<fme:Latitude>51.197827</fme:Latitude>
<fme:Aangemaakt_op>22/10/2018</fme:Aangemaakt_op>
</fme:Daggemiddelde_Stationsplein>
<fme:Daggemiddelde_Stationsplein>
<fme:Datum>20180902</fme:Datum>
<fme:PM_1>18.58</fme:PM_1>
<fme:PM_2,5>21.08</fme:PM_2,5>
<fme:PM_10>27.09</fme:PM_10>
<fme:Longitude>3.219727</fme:Longitude>
<fme:Latitude>51.197827</fme:Latitude>
<fme:Aangemaakt_op>22/10/2018</fme:Aangemaakt_op>
</fme:Daggemiddelde_Stationsplein>
<fme:Daggemiddelde_Stationsplein>
<fme:Datum>20180903</fme:Datum>
<fme:PM_1>7.96</fme:PM_1>
<fme:PM_2,5>10.76</fme:PM_2,5>
<fme:PM_10>18.04</fme:PM_10>
<fme:Longitude>3.219727</fme:Longitude>
<fme:Latitude>51.197827</fme:Latitude>
<fme:Aangemaakt_op>22/10/2018</fme:Aangemaakt_op>
</fme:Daggemiddelde_Stationsplein>
<fme:Daggemiddelde_Stationsplein>
<fme:Datum>20180904</fme:Datum>
<fme:PM_1>16.24</fme:PM_1>
<fme:PM_2,5>20.62</fme:PM_2,5>
<fme:PM_10>29.52</fme:PM_10>
<fme:Longitude>3.219727</fme:Longitude>
<fme:Latitude>51.197827</fme:Latitude>
<fme:Aangemaakt_op>22/10/2018</fme:Aangemaakt_op>
</fme:Daggemiddelde_Stationsplein>
<fme:Daggemiddelde_Stationsplein>
<fme:Datum>20180905</fme:Datum>
<fme:PM_1>12.6</fme:PM_1>
<fme:PM_2,5>15.67</fme:PM_2,5>
<fme:PM_10>21.43</fme:PM_10>
<fme:Longitude>3.219727</fme:Longitude>
<fme:Latitude>51.197827</fme:Latitude>
<fme:Aangemaakt_op>22/10/2018</fme:Aangemaakt_op>
</fme:Daggemiddelde_Stationsplein>
<fme:Daggemiddelde_Stationsplein>
<fme:Datum>20180906</fme:Datum>
<fme:PM_1>8.97</fme:PM_1>
<fme:PM_2,5>11.4</fme:PM_2,5>
<fme:PM_10>17.15</fme:PM_10>
<fme:Longitude>3.219727</fme:Longitude>
<fme:Latitude>51.197827</fme:Latitude>
<fme:Aangemaakt_op>22/10/2018</fme:Aangemaakt_op>
</fme:Daggemiddelde_Stationsplein>
<fme:Daggemiddelde_Stationsplein>
<fme:Datum>20180907</fme:Datum>
<fme:PM_1>5.43</fme:PM_1>
<fme:PM_2,5>7.32</fme:PM_2,5>
<fme:PM_10>12.34</fme:PM_10>
<fme:Longitude>3.219727</fme:Longitude>
<fme:Latitude>51.197827</fme:Latitude>
<fme:Aangemaakt_op>22/10/2018</fme:Aangemaakt_op>
</fme:Daggemiddelde_Stationsplein>
<fme:Daggemiddelde_Stationsplein>
<fme:Datum>20180908</fme:Datum>
<fme:PM_1>4.82</fme:PM_1>
<fme:PM_2,5>6.64</fme:PM_2,5>
<fme:PM_10>11.96</fme:PM_10>
<fme:Longitude>3.219727</fme:Longitude>
<fme:Latitude>51.197827</fme:Latitude>
<fme:Aangemaakt_op>22/10/2018</fme:Aangemaakt_op>
</fme:Daggemiddelde_Stationsplein>
<fme:Daggemiddelde_Stationsplein>
<fme:Datum>20180909</fme:Datum>
<fme:PM_1>5.88</fme:PM_1>
<fme:PM_2,5>7.78</fme:PM_2,5>
<fme:PM_10>13.68</fme:PM_10>
<fme:Longitude>3.219727</fme:Longitude>
<fme:Latitude>51.197827</fme:Latitude>
<fme:Aangemaakt_op>22/10/2018</fme:Aangemaakt_op>
</fme:Daggemiddelde_Stationsplein>
<fme:Daggemiddelde_Stationsplein>
<fme:Datum>20180910</fme:Datum>
<fme:PM_1>5.39</fme:PM_1>
<fme:PM_2,5>8.48</fme:PM_2,5>
<fme:PM_10>15.61</fme:PM_10>
<fme:Longitude>3.219727</fme:Longitude>
<fme:Latitude>51.197827</fme:Latitude>
<fme:Aangemaakt_op>22/10/2018</fme:Aangemaakt_op>
</fme:Daggemiddelde_Stationsplein>
<fme:Daggemiddelde_Stationsplein>
<fme:Datum>20180911</fme:Datum>
<fme:PM_1>4.68</fme:PM_1>
<fme:PM_2,5>6.84</fme:PM_2,5>
<fme:PM_10>13.39</fme:PM_10>
<fme:Longitude>3.219727</fme:Longitude>
<fme:Latitude>51.197827</fme:Latitude>
<fme:Aangemaakt_op>22/10/2018</fme:Aangemaakt_op>
</fme:Daggemiddelde_Stationsplein>
<fme:Daggemiddelde_Stationsplein>
<fme:Datum>20180912</fme:Datum>
<fme:PM_1>3.26</fme:PM_1>
<fme:PM_2,5>4.99</fme:PM_2,5>
<fme:PM_10>10.64</fme:PM_10>
<fme:Longitude>3.219727</fme:Longitude>
<fme:Latitude>51.197827</fme:Latitude>
<fme:Aangemaakt_op>22/10/2018</fme:Aangemaakt_op>
</fme:Daggemiddelde_Stationsplein>
<fme:Daggemiddelde_Stationsplein>
<fme:Datum>20180913</fme:Datum>
<fme:PM_1>4.44</fme:PM_1>
<fme:PM_2,5>6.3</fme:PM_2,5>
<fme:PM_10>10.76</fme:PM_10>
<fme:Longitude>3.219727</fme:Longitude>
<fme:Latitude>51.197827</fme:Latitude>
<fme:Aangemaakt_op>22/10/2018</fme:Aangemaakt_op>
</fme:Daggemiddelde_Stationsplein>
<fme:Daggemiddelde_Stationsplein>
<fme:Datum>20180914</fme:Datum>
<fme:PM_1>6.89</fme:PM_1>
<fme:PM_2,5>9</fme:PM_2,5>
<fme:PM_10>16.4</fme:PM_10>
<fme:Longitude>3.219727</fme:Longitude>
<fme:Latitude>51.197827</fme:Latitude>
<fme:Aangemaakt_op>22/10/2018</fme:Aangemaakt_op>
</fme:Daggemiddelde_Stationsplein>
<fme:Daggemiddelde_Stationsplein>
<fme:Datum>20180915</fme:Datum>
<fme:PM_1>4.43</fme:PM_1>
<fme:PM_2,5>6.69</fme:PM_2,5>
<fme:PM_10>13.51</fme:PM_10>
<fme:Longitude>3.219727</fme:Longitude>
<fme:Latitude>51.197827</fme:Latitude>
<fme:Aangemaakt_op>22/10/2018</fme:Aangemaakt_op>
</fme:Daggemiddelde_Stationsplein>
<fme:Daggemiddelde_Stationsplein>
<fme:Datum>20180916</fme:Datum>
<fme:PM_1>6.41</fme:PM_1>
<fme:PM_2,5>8.68</fme:PM_2,5>
<fme:PM_10>16.15</fme:PM_10>
<fme:Longitude>3.219727</fme:Longitude>
<fme:Latitude>51.197827</fme:Latitude>
<fme:Aangemaakt_op>22/10/2018</fme:Aangemaakt_op>
</fme:Daggemiddelde_Stationsplein>
<fme:Daggemiddelde_Stationsplein>
<fme:Datum>20180917</fme:Datum>
<fme:PM_1>7.84</fme:PM_1>
<fme:PM_2,5>10.58</fme:PM_2,5>
<fme:PM_10>25.43</fme:PM_10>
<fme:Longitude>3.219727</fme:Longitude>
<fme:Latitude>51.197827</fme:Latitude>
<fme:Aangemaakt_op>22/10/2018</fme:Aangemaakt_op>
</fme:Daggemiddelde_Stationsplein>
<fme:Daggemiddelde_Stationsplein>
<fme:Datum>20180918</fme:Datum>
<fme:PM_1>6.1</fme:PM_1>
<fme:PM_2,5>10.01</fme:PM_2,5>
<fme:PM_10>25.22</fme:PM_10>
<fme:Longitude>3.219727</fme:Longitude>
<fme:Latitude>51.197827</fme:Latitude>
<fme:Aangemaakt_op>22/10/2018</fme:Aangemaakt_op>
</fme:Daggemiddelde_Stationsplein>
<fme:Daggemiddelde_Stationsplein>
<fme:Datum>20180919</fme:Datum>
<fme:PM_1>7.42</fme:PM_1>
<fme:PM_2,5>12.02</fme:PM_2,5>
<fme:PM_10>23.89</fme:PM_10>
<fme:Longitude>3.219727</fme:Longitude>
<fme:Latitude>51.197827</fme:Latitude>
<fme:Aangemaakt_op>22/10/2018</fme:Aangemaakt_op>
</fme:Daggemiddelde_Stationsplein>
<fme:Daggemiddelde_Stationsplein>
<fme:Datum>20180920</fme:Datum>
<fme:PM_1>6.82</fme:PM_1>
<fme:PM_2,5>11.05</fme:PM_2,5>
<fme:PM_10>23.11</fme:PM_10>
<fme:Longitude>3.219727</fme:Longitude>
<fme:Latitude>51.197827</fme:Latitude>
<fme:Aangemaakt_op>22/10/2018</fme:Aangemaakt_op>
</fme:Daggemiddelde_Stationsplein>
<fme:Daggemiddelde_Stationsplein>
<fme:Datum>20180921</fme:Datum>
<fme:PM_1>3.04</fme:PM_1>
<fme:PM_2,5>6.46</fme:PM_2,5>
<fme:PM_10>19.81</fme:PM_10>
<fme:Longitude>3.219727</fme:Longitude>
<fme:Latitude>51.197827</fme:Latitude>
<fme:Aangemaakt_op>22/10/2018</fme:Aangemaakt_op>
</fme:Daggemiddelde_Stationsplein>
<fme:Daggemiddelde_Stationsplein>
<fme:Datum>20180922</fme:Datum>
<fme:PM_1>3.63</fme:PM_1>
<fme:PM_2,5>6.19</fme:PM_2,5>
<fme:PM_10>11.96</fme:PM_10>
<fme:Longitude>3.219727</fme:Longitude>
<fme:Latitude>51.197827</fme:Latitude>
<fme:Aangemaakt_op>22/10/2018</fme:Aangemaakt_op>
</fme:Daggemiddelde_Stationsplein>
<fme:Daggemiddelde_Stationsplein>
<fme:Datum>20180923</fme:Datum>
<fme:PM_1>7.56</fme:PM_1>
<fme:PM_2,5>8.87</fme:PM_2,5>
<fme:PM_10>11.76</fme:PM_10>
<fme:Longitude>3.219727</fme:Longitude>
<fme:Latitude>51.197827</fme:Latitude>
<fme:Aangemaakt_op>22/10/2018</fme:Aangemaakt_op>
</fme:Daggemiddelde_Stationsplein>
<fme:Daggemiddelde_Stationsplein>
<fme:Datum>20180924</fme:Datum>
<fme:PM_1>2.42</fme:PM_1>
<fme:PM_2,5>4.41</fme:PM_2,5>
<fme:PM_10>10.3</fme:PM_10>
<fme:Longitude>3.219727</fme:Longitude>
<fme:Latitude>51.197827</fme:Latitude>
<fme:Aangemaakt_op>22/10/2018</fme:Aangemaakt_op>
</fme:Daggemiddelde_Stationsplein>
<fme:Daggemiddelde_Stationsplein>
<fme:Datum>20180925</fme:Datum>
<fme:PM_1>7.94</fme:PM_1>
<fme:PM_2,5>10.58</fme:PM_2,5>
<fme:PM_10>19.93</fme:PM_10>
<fme:Longitude>3.219727</fme:Longitude>
<fme:Latitude>51.197827</fme:Latitude>
<fme:Aangemaakt_op>22/10/2018</fme:Aangemaakt_op>
</fme:Daggemiddelde_Stationsplein>
<fme:Daggemiddelde_Stationsplein>
<fme:Datum>20180926</fme:Datum>
<fme:PM_1>10.18</fme:PM_1>
<fme:PM_2,5>12.99</fme:PM_2,5>
<fme:PM_10>22.7</fme:PM_10>
<fme:Longitude>3.219727</fme:Longitude>
<fme:Latitude>51.197827</fme:Latitude>
<fme:Aangemaakt_op>22/10/2018</fme:Aangemaakt_op>
</fme:Daggemiddelde_Stationsplein>
<fme:Daggemiddelde_Stationsplein>
<fme:Datum>20180927</fme:Datum>
<fme:PM_1>15.1</fme:PM_1>
<fme:PM_2,5>18.51</fme:PM_2,5>
<fme:PM_10>31.36</fme:PM_10>
<fme:Longitude>3.219727</fme:Longitude>
<fme:Latitude>51.197827</fme:Latitude>
<fme:Aangemaakt_op>22/10/2018</fme:Aangemaakt_op>
</fme:Daggemiddelde_Stationsplein>
<fme:Daggemiddelde_Stationsplein>
<fme:Datum>20180928</fme:Datum>
<fme:PM_1>5.67</fme:PM_1>
<fme:PM_2,5>9.25</fme:PM_2,5>
<fme:PM_10>18.19</fme:PM_10>
<fme:Longitude>3.219727</fme:Longitude>
<fme:Latitude>51.197827</fme:Latitude>
<fme:Aangemaakt_op>22/10/2018</fme:Aangemaakt_op>
</fme:Daggemiddelde_Stationsplein>
<fme:Daggemiddelde_Stationsplein>
<fme:Datum>20180929</fme:Datum>
<fme:PM_1>5.34</fme:PM_1>
<fme:PM_2,5>9.19</fme:PM_2,5>
<fme:PM_10>19.43</fme:PM_10>
<fme:Longitude>3.219727</fme:Longitude>
<fme:Latitude>51.197827</fme:Latitude>
<fme:Aangemaakt_op>22/10/2018</fme:Aangemaakt_op>
</fme:Daggemiddelde_Stationsplein>
<fme:Daggemiddelde_Stationsplein>
<fme:Datum>20180930</fme:Datum>
<fme:PM_1>9.25</fme:PM_1>
<fme:PM_2,5>12.22</fme:PM_2,5>
<fme:PM_10>19.24</fme:PM_10>
<fme:Longitude>3.219727</fme:Longitude>
<fme:Latitude>51.197827</fme:Latitude>
<fme:Aangemaakt_op>22/10/2018</fme:Aangemaakt_op>
</fme:Daggemiddelde_Stationsplein>
</fme:Daggemiddelde_Stationsplein-table>
</fme:xml-tables>