<?xml version="1.0" encoding="UTF-8"?>
<fme:xml-tables xmlns:xsi="http://www.w3.org/2001/XMLSchema-instance" xmlns:fme="http://www.safe.com/xml/xmltables" xsi:schemaLocation="http://www.safe.com/xml/xmltables Zwembaden.xsd">
<fme:Zwembaden-table>
<fme:Zwembaden>
<fme:Zwembad>Jan Guilini</fme:Zwembad>
<fme:Straatnaam>Keizer Karelstraat</fme:Straatnaam>
<fme:Huisnr>41</fme:Huisnr>
<fme:Postcode>8000</fme:Postcode>
<fme:Deelgemeente>Christus-Koning</fme:Deelgemeente>
<fme:Omschrijving>Overdekt 25-meterbad, met minimumdiepte van 1m en maximumdiepte van 3m</fme:Omschrijving>
<fme:Aangemaakt_op>04/10/2016</fme:Aangemaakt_op>
</fme:Zwembaden>
<fme:Zwembaden>
<fme:Zwembad>S &amp; R Olympia</fme:Zwembad>
<fme:Straatnaam>Doornstraat</fme:Straatnaam>
<fme:Huisnr>110</fme:Huisnr>
<fme:Postcode>8200</fme:Postcode>
<fme:Deelgemeente>Sint-Andries</fme:Deelgemeente>
<fme:Omschrijving>Olympisch topsportbad van 50 meter lang en 25 meter breed (bevat 10 banen), subtropisch zwemparadijs</fme:Omschrijving>
<fme:Aangemaakt_op>04/10/2016</fme:Aangemaakt_op>
</fme:Zwembaden>
<fme:Zwembaden>
<fme:Zwembad>Interbad</fme:Zwembad>
<fme:Straatnaam>Veltemweg</fme:Straatnaam>
<fme:Huisnr>35</fme:Huisnr>
<fme:Postcode>8310</fme:Postcode>
<fme:Deelgemeente>Sint-Kruis</fme:Deelgemeente>
<fme:Omschrijving>Recreatiebad, waterglijbaan van 60 meter, peuterbad, instructiebad</fme:Omschrijving>
<fme:Aangemaakt_op>04/10/2016</fme:Aangemaakt_op>
</fme:Zwembaden>
</fme:Zwembaden-table>
</fme:xml-tables>