<?xml version="1.0" encoding="UTF-8"?>
<fme:xml-tables xmlns:xsi="http://www.w3.org/2001/XMLSchema-instance" xmlns:fme="http://www.safe.com/xml/xmltables" xsi:schemaLocation="http://www.safe.com/xml/xmltables Fietstrommels.xsd">
<fme:Fietstrommels-table>
<fme:Fietstrommels>
<fme:id>1</fme:id>
<fme:Pro5>0</fme:Pro5>
<fme:Pro4>1</fme:Pro4>
<fme:Pro2>2</fme:Pro2>
<fme:Locatie>Baron Ruzettelaan thv. Parking nr. 122</fme:Locatie>
<fme:Postcode>8310</fme:Postcode>
<fme:Deelgemeente>Assebroek</fme:Deelgemeente>
<fme:Aangemaakt_op>22/06/2016</fme:Aangemaakt_op>
</fme:Fietstrommels>
<fme:Fietstrommels>
<fme:id>2</fme:id>
<fme:Pro5>1</fme:Pro5>
<fme:Pro4>3</fme:Pro4>
<fme:Pro2>0</fme:Pro2>
<fme:Locatie>Doorgang tussen Jasmijnstraat en Sint-Katharina</fme:Locatie>
<fme:Postcode>8310</fme:Postcode>
<fme:Deelgemeente>Assebroek</fme:Deelgemeente>
<fme:Aangemaakt_op>22/06/2016</fme:Aangemaakt_op>
</fme:Fietstrommels>
<fme:Fietstrommels>
<fme:id>3</fme:id>
<fme:Pro5>0</fme:Pro5>
<fme:Pro4>6</fme:Pro4>
<fme:Pro2>0</fme:Pro2>
<fme:Locatie>Vrijheidsstraat</fme:Locatie>
<fme:Postcode>8310</fme:Postcode>
<fme:Deelgemeente>Assebroek</fme:Deelgemeente>
<fme:Info>Ter hoogte van het pleintje</fme:Info>
<fme:Aangemaakt_op>22/06/2016</fme:Aangemaakt_op>
</fme:Fietstrommels>
<fme:Fietstrommels>
<fme:id>4</fme:id>
<fme:Pro5>0</fme:Pro5>
<fme:Pro4>2</fme:Pro4>
<fme:Pro2>2</fme:Pro2>
<fme:Locatie>Hoek Kroonstraat – Leopold I-laan</fme:Locatie>
<fme:Postcode>8000</fme:Postcode>
<fme:Deelgemeente>Kristus-Koning</fme:Deelgemeente>
<fme:Info>Suggestie bewoners</fme:Info>
<fme:Aangemaakt_op>22/06/2016</fme:Aangemaakt_op>
</fme:Fietstrommels>
<fme:Fietstrommels>
<fme:id>5</fme:id>
<fme:Pro5>0</fme:Pro5>
<fme:Pro4>4</fme:Pro4>
<fme:Pro2>0</fme:Pro2>
<fme:Locatie>Hoek Witte Beerstraat – Legeweg</fme:Locatie>
<fme:Postcode>8000</fme:Postcode>
<fme:Deelgemeente>Kristus-Koning</fme:Deelgemeente>
<fme:Aangemaakt_op>22/06/2016</fme:Aangemaakt_op>
</fme:Fietstrommels>
<fme:Fietstrommels>
<fme:id>6</fme:id>
<fme:Pro5>0</fme:Pro5>
<fme:Pro4>3</fme:Pro4>
<fme:Pro2>0</fme:Pro2>
<fme:Locatie>Vier Heemskinderenstraat 5</fme:Locatie>
<fme:Postcode>8000</fme:Postcode>
<fme:Deelgemeente>Sint-Jozef</fme:Deelgemeente>
<fme:Aangemaakt_op>22/06/2016</fme:Aangemaakt_op>
</fme:Fietstrommels>
<fme:Fietstrommels>
<fme:id>7</fme:id>
<fme:Pro5>0</fme:Pro5>
<fme:Pro4>3</fme:Pro4>
<fme:Pro2>0</fme:Pro2>
<fme:Locatie>Hoek Jacob van Maerlantstraat – Sint-Jozefstraa</fme:Locatie>
<fme:Postcode>8000</fme:Postcode>
<fme:Deelgemeente>Sint-Jozef</fme:Deelgemeente>
<fme:Aangemaakt_op>22/06/2016</fme:Aangemaakt_op>
</fme:Fietstrommels>
<fme:Fietstrommels>
<fme:id>8</fme:id>
<fme:Pro5>0</fme:Pro5>
<fme:Pro4>0</fme:Pro4>
<fme:Pro2>2</fme:Pro2>
<fme:Locatie>Krommestraat – De Meulenaerelaan</fme:Locatie>
<fme:Postcode>8000</fme:Postcode>
<fme:Deelgemeente>Sint-Jozef</fme:Deelgemeente>
<fme:Aangemaakt_op>22/06/2016</fme:Aangemaakt_op>
</fme:Fietstrommels>
<fme:Fietstrommels>
<fme:id>9</fme:id>
<fme:Pro5>0</fme:Pro5>
<fme:Pro4>0</fme:Pro4>
<fme:Pro2>2</fme:Pro2>
<fme:Locatie>Louis de Potterstraat</fme:Locatie>
<fme:Postcode>8000</fme:Postcode>
<fme:Deelgemeente>Sint-Jozef</fme:Deelgemeente>
<fme:Info>Suggestie bewoners</fme:Info>
<fme:Aangemaakt_op>22/06/2016</fme:Aangemaakt_op>
</fme:Fietstrommels>
<fme:Fietstrommels>
<fme:id>10</fme:id>
<fme:Pro5>0</fme:Pro5>
<fme:Pro4>2</fme:Pro4>
<fme:Pro2>0</fme:Pro2>
<fme:Locatie>Sint-Jozefsplein</fme:Locatie>
<fme:Postcode>8000</fme:Postcode>
<fme:Deelgemeente>Sint-Jozef</fme:Deelgemeente>
<fme:Aangemaakt_op>22/06/2016</fme:Aangemaakt_op>
</fme:Fietstrommels>
<fme:Fietstrommels>
<fme:id>11</fme:id>
<fme:Pro5>0</fme:Pro5>
<fme:Pro4>0</fme:Pro4>
<fme:Pro2>2</fme:Pro2>
<fme:Locatie>Altebijstraat</fme:Locatie>
<fme:Postcode>8310</fme:Postcode>
<fme:Deelgemeente>Sint-Kruis</fme:Deelgemeente>
<fme:Aangemaakt_op>22/06/2016</fme:Aangemaakt_op>
</fme:Fietstrommels>
<fme:Fietstrommels>
<fme:id>12</fme:id>
<fme:Pro5>0</fme:Pro5>
<fme:Pro4>2</fme:Pro4>
<fme:Pro2>0</fme:Pro2>
<fme:Locatie>Maalse Steenweg – Hoek Assebroeklaan</fme:Locatie>
<fme:Postcode>8310</fme:Postcode>
<fme:Deelgemeente>Sint-Kruis</fme:Deelgemeente>
<fme:Aangemaakt_op>22/06/2016</fme:Aangemaakt_op>
</fme:Fietstrommels>
<fme:Fietstrommels>
<fme:id>13</fme:id>
<fme:Pro5>0</fme:Pro5>
<fme:Pro4>0</fme:Pro4>
<fme:Pro2>4</fme:Pro2>
<fme:Locatie>Vredestraat</fme:Locatie>
<fme:Postcode>8310</fme:Postcode>
<fme:Deelgemeente>Sint-Kruis</fme:Deelgemeente>
<fme:Aangemaakt_op>22/06/2016</fme:Aangemaakt_op>
</fme:Fietstrommels>
<fme:Fietstrommels>
<fme:id>14</fme:id>
<fme:Pro5>0</fme:Pro5>
<fme:Pro4>2</fme:Pro4>
<fme:Pro2>0</fme:Pro2>
<fme:Locatie>Canadaplein</fme:Locatie>
<fme:Postcode>8200</fme:Postcode>
<fme:Deelgemeente>Sint-Michiels</fme:Deelgemeente>
<fme:Aangemaakt_op>22/06/2016</fme:Aangemaakt_op>
</fme:Fietstrommels>
<fme:Fietstrommels>
<fme:id>15</fme:id>
<fme:Pro5>0</fme:Pro5>
<fme:Pro4>1</fme:Pro4>
<fme:Pro2>0</fme:Pro2>
<fme:Locatie>Buiten Boeverievest</fme:Locatie>
<fme:Postcode>8200</fme:Postcode>
<fme:Deelgemeente>Sint-Michiels</fme:Deelgemeente>
<fme:Aangemaakt_op>22/06/2016</fme:Aangemaakt_op>
</fme:Fietstrommels>
<fme:Fietstrommels>
<fme:id>16</fme:id>
<fme:Pro5>0</fme:Pro5>
<fme:Pro4>4</fme:Pro4>
<fme:Pro2>0</fme:Pro2>
<fme:Locatie>Leopold II-Laan</fme:Locatie>
<fme:Postcode>8000</fme:Postcode>
<fme:Deelgemeente>Stubbekwartier</fme:Deelgemeente>
<fme:Aangemaakt_op>22/06/2016</fme:Aangemaakt_op>
</fme:Fietstrommels>
<fme:Fietstrommels>
<fme:id>17</fme:id>
<fme:Pro5>0</fme:Pro5>
<fme:Pro4>3</fme:Pro4>
<fme:Pro2>0</fme:Pro2>
<fme:Locatie>Werfplein</fme:Locatie>
<fme:Postcode>8000</fme:Postcode>
<fme:Deelgemeente>Stubbekwartier</fme:Deelgemeente>
<fme:Aangemaakt_op>22/06/2016</fme:Aangemaakt_op>
</fme:Fietstrommels>
<fme:Fietstrommels>
<fme:id>18</fme:id>
<fme:Pro5>0</fme:Pro5>
<fme:Pro4>0</fme:Pro4>
<fme:Pro2>0</fme:Pro2>
<fme:Locatie>Graaf de Meulenaerelaan</fme:Locatie>
<fme:Postcode>8000</fme:Postcode>
<fme:Deelgemeente>Sint-Jozef</fme:Deelgemeente>
<fme:Info>Ter hoogte van witte muur</fme:Info>
<fme:Aangemaakt_op>22/06/2016</fme:Aangemaakt_op>
</fme:Fietstrommels>
</fme:Fietstrommels-table>
</fme:xml-tables>