<?xml version="1.0" encoding="UTF-8"?>
<fme:xml-tables xmlns:xsi="http://www.w3.org/2001/XMLSchema-instance" xmlns:fme="http://www.safe.com/xml/xmltables" xsi:schemaLocation="http://www.safe.com/xml/xmltables Bibliotheken.xsd">
<fme:Bibliotheken-table>
<fme:Bibliotheken>
<fme:NaamBibliotheek>Daverlo</fme:NaamBibliotheek>
<fme:Straatnaam>Dries</fme:Straatnaam>
<fme:Huisnr>2</fme:Huisnr>
<fme:Postcode>8310</fme:Postcode>
<fme:Deelgemeente>Assebroek</fme:Deelgemeente>
<fme:Telefoonnr>050/831683</fme:Telefoonnr>
<fme:Aangemaakt_op>04/10/2016</fme:Aangemaakt_op>
</fme:Bibliotheken>
<fme:Bibliotheken>
<fme:NaamBibliotheek>De Arend</fme:NaamBibliotheek>
<fme:Straatnaam>Arendstraat</fme:Straatnaam>
<fme:Huisnr>36</fme:Huisnr>
<fme:Postcode>8000</fme:Postcode>
<fme:Deelgemeente>Koolkerke</fme:Deelgemeente>
<fme:Telefoonnr>050/334757</fme:Telefoonnr>
<fme:Aangemaakt_op>04/10/2016</fme:Aangemaakt_op>
</fme:Bibliotheken>
<fme:Bibliotheken>
<fme:NaamBibliotheek>De Dijk</fme:NaamBibliotheek>
<fme:Straatnaam>Blankenbergse Steenweg</fme:Straatnaam>
<fme:Huisnr>221</fme:Huisnr>
<fme:Postcode>8000</fme:Postcode>
<fme:Deelgemeente>Sint-Pieters</fme:Deelgemeente>
<fme:Telefoonnr>050/446686</fme:Telefoonnr>
<fme:Aangemaakt_op>04/10/2016</fme:Aangemaakt_op>
</fme:Bibliotheken>
<fme:Bibliotheken>
<fme:NaamBibliotheek>De Garve</fme:NaamBibliotheek>
<fme:Straatnaam>Pannebekestraat</fme:Straatnaam>
<fme:Huisnr>33</fme:Huisnr>
<fme:Postcode>8000</fme:Postcode>
<fme:Deelgemeente>Sint-Pieters</fme:Deelgemeente>
<fme:Telefoonnr>050/333295</fme:Telefoonnr>
<fme:Aangemaakt_op>04/10/2016</fme:Aangemaakt_op>
</fme:Bibliotheken>
<fme:Bibliotheken>
<fme:NaamBibliotheek>De Schorre</fme:NaamBibliotheek>
<fme:Straatnaam>Westkapelse Steenweg</fme:Straatnaam>
<fme:Huisnr>58</fme:Huisnr>
<fme:Postcode>8380</fme:Postcode>
<fme:Deelgemeente>Dudzele</fme:Deelgemeente>
<fme:Telefoonnr>050/815696</fme:Telefoonnr>
<fme:Aangemaakt_op>04/10/2016</fme:Aangemaakt_op>
</fme:Bibliotheken>
<fme:Bibliotheken>
<fme:NaamBibliotheek>De Zorge</fme:NaamBibliotheek>
<fme:Straatnaam>Moerkerkse Steenweg</fme:Straatnaam>
<fme:Huisnr>190</fme:Huisnr>
<fme:Postcode>8310</fme:Postcode>
<fme:Deelgemeente>Sint-Kruis</fme:Deelgemeente>
<fme:Telefoonnr>050/833760</fme:Telefoonnr>
<fme:Aangemaakt_op>04/10/2016</fme:Aangemaakt_op>
</fme:Bibliotheken>
<fme:Bibliotheken>
<fme:NaamBibliotheek>J.F. Willems</fme:NaamBibliotheek>
<fme:Straatnaam>Marktplein</fme:Straatnaam>
<fme:Huisnr>12</fme:Huisnr>
<fme:Postcode>8380</fme:Postcode>
<fme:Deelgemeente>Zeebrugge</fme:Deelgemeente>
<fme:Telefoonnr>050/799940</fme:Telefoonnr>
<fme:Aangemaakt_op>04/10/2016</fme:Aangemaakt_op>
</fme:Bibliotheken>
<fme:Bibliotheken>
<fme:NaamBibliotheek>Lissewege</fme:NaamBibliotheek>
<fme:Straatnaam>Oude Pastoriestraat</fme:Straatnaam>
<fme:Huisnr>5</fme:Huisnr>
<fme:Postcode>8380</fme:Postcode>
<fme:Deelgemeente>Lissewege</fme:Deelgemeente>
<fme:Telefoonnr>050/550171</fme:Telefoonnr>
<fme:Aangemaakt_op>04/10/2016</fme:Aangemaakt_op>
</fme:Bibliotheken>
<fme:Bibliotheken>
<fme:NaamBibliotheek>Lode Zielens</fme:NaamBibliotheek>
<fme:Straatnaam>Westmeers</fme:Straatnaam>
<fme:Huisnr>35</fme:Huisnr>
<fme:Postcode>8000</fme:Postcode>
<fme:Deelgemeente>Brugge-Centrum</fme:Deelgemeente>
<fme:Telefoonnr>050/334014</fme:Telefoonnr>
<fme:Aangemaakt_op>04/10/2016</fme:Aangemaakt_op>
</fme:Bibliotheken>
<fme:Bibliotheken>
<fme:NaamBibliotheek>Sint-Andries</fme:NaamBibliotheek>
<fme:Straatnaam>Gistelse Steenweg</fme:Straatnaam>
<fme:Huisnr>524</fme:Huisnr>
<fme:Postcode>8200</fme:Postcode>
<fme:Deelgemeente>Sint-Andries</fme:Deelgemeente>
<fme:Telefoonnr>050/727050</fme:Telefoonnr>
<fme:Aangemaakt_op>04/10/2016</fme:Aangemaakt_op>
</fme:Bibliotheken>
<fme:Bibliotheken>
<fme:NaamBibliotheek>Sint-Michiels</fme:NaamBibliotheek>
<fme:Straatnaam>Rijselstraat</fme:Straatnaam>
<fme:Huisnr>98</fme:Huisnr>
<fme:Postcode>8200</fme:Postcode>
<fme:Deelgemeente>Sint-Michiels</fme:Deelgemeente>
<fme:Telefoonnr>050/727030</fme:Telefoonnr>
<fme:Aangemaakt_op>04/10/2016</fme:Aangemaakt_op>
</fme:Bibliotheken>
<fme:Bibliotheken>
<fme:NaamBibliotheek>Sint-Thomas</fme:NaamBibliotheek>
<fme:Straatnaam>Brieversweg</fme:Straatnaam>
<fme:Huisnr>334</fme:Huisnr>
<fme:Postcode>8310</fme:Postcode>
<fme:Deelgemeente>Sint-Kruis</fme:Deelgemeente>
<fme:Telefoonnr>050/356390</fme:Telefoonnr>
<fme:Aangemaakt_op>04/10/2016</fme:Aangemaakt_op>
</fme:Bibliotheken>
<fme:Bibliotheken>
<fme:NaamBibliotheek>De Biekorf</fme:NaamBibliotheek>
<fme:Straatnaam>Kuipersstraat</fme:Straatnaam>
<fme:Huisnr>3</fme:Huisnr>
<fme:Postcode>8000</fme:Postcode>
<fme:Deelgemeente>Brugge-Centrum</fme:Deelgemeente>
<fme:Telefoonnr>050/472400</fme:Telefoonnr>
<fme:Aangemaakt_op>04/10/2016</fme:Aangemaakt_op>
</fme:Bibliotheken>
</fme:Bibliotheken-table>
</fme:xml-tables>