<?xml version="1.0" encoding="UTF-8"?>
<fme:xml-tables xmlns:xsi="http://www.w3.org/2001/XMLSchema-instance" xmlns:fme="http://www.safe.com/xml/xmltables" xsi:schemaLocation="http://www.safe.com/xml/xmltables Deelgemeente.xsd">
<fme:Deelgemeente-table>
<fme:Deelgemeente>
<fme:NAAM>Zeebrugge</fme:NAAM>
<fme:OPPERVLAKTE>20302262</fme:OPPERVLAKTE>
<fme:DEELGEMEENTE_ID>1</fme:DEELGEMEENTE_ID>
<fme:DEELGEM_CODE>ZBZB</fme:DEELGEM_CODE>
<fme:Aangemaakt_op>22/06/2016</fme:Aangemaakt_op>
</fme:Deelgemeente>
<fme:Deelgemeente>
<fme:NAAM>Zwankendamme</fme:NAAM>
<fme:OPPERVLAKTE>843724</fme:OPPERVLAKTE>
<fme:DEELGEMEENTE_ID>2</fme:DEELGEMEENTE_ID>
<fme:DEELGEM_CODE>ZBZK</fme:DEELGEM_CODE>
<fme:Aangemaakt_op>22/06/2016</fme:Aangemaakt_op>
</fme:Deelgemeente>
<fme:Deelgemeente>
<fme:NAAM>Lissewege</fme:NAAM>
<fme:OPPERVLAKTE>8790338</fme:OPPERVLAKTE>
<fme:DEELGEMEENTE_ID>3</fme:DEELGEMEENTE_ID>
<fme:DEELGEM_CODE>ZBBW</fme:DEELGEM_CODE>
<fme:Aangemaakt_op>22/06/2016</fme:Aangemaakt_op>
</fme:Deelgemeente>
<fme:Deelgemeente>
<fme:NAAM>Sint-Pieters</fme:NAAM>
<fme:OPPERVLAKTE>15838546</fme:OPPERVLAKTE>
<fme:DEELGEMEENTE_ID>4</fme:DEELGEMEENTE_ID>
<fme:DEELGEM_CODE>SPSP</fme:DEELGEM_CODE>
<fme:Aangemaakt_op>22/06/2016</fme:Aangemaakt_op>
</fme:Deelgemeente>
<fme:Deelgemeente>
<fme:NAAM>Koolkerke</fme:NAAM>
<fme:OPPERVLAKTE>4158230</fme:OPPERVLAKTE>
<fme:DEELGEMEENTE_ID>5</fme:DEELGEMEENTE_ID>
<fme:DEELGEM_CODE>SPKO</fme:DEELGEM_CODE>
<fme:Aangemaakt_op>22/06/2016</fme:Aangemaakt_op>
</fme:Deelgemeente>
<fme:Deelgemeente>
<fme:NAAM>Sint-Jozef</fme:NAAM>
<fme:OPPERVLAKTE>2471588</fme:OPPERVLAKTE>
<fme:DEELGEMEENTE_ID>6</fme:DEELGEMEENTE_ID>
<fme:DEELGEM_CODE>SPSJ</fme:DEELGEM_CODE>
<fme:Aangemaakt_op>22/06/2016</fme:Aangemaakt_op>
</fme:Deelgemeente>
<fme:Deelgemeente>
<fme:NAAM>Sint-Michiels</fme:NAAM>
<fme:OPPERVLAKTE>11360590</fme:OPPERVLAKTE>
<fme:DEELGEMEENTE_ID>7</fme:DEELGEMEENTE_ID>
<fme:DEELGEM_CODE>MC</fme:DEELGEM_CODE>
<fme:Aangemaakt_op>22/06/2016</fme:Aangemaakt_op>
</fme:Deelgemeente>
<fme:Deelgemeente>
<fme:NAAM>Assebroek</fme:NAAM>
<fme:OPPERVLAKTE>8846819</fme:OPPERVLAKTE>
<fme:DEELGEMEENTE_ID>8</fme:DEELGEMEENTE_ID>
<fme:DEELGEM_CODE>AB</fme:DEELGEM_CODE>
<fme:Aangemaakt_op>22/06/2016</fme:Aangemaakt_op>
</fme:Deelgemeente>
<fme:Deelgemeente>
<fme:NAAM>Sint-Kruis</fme:NAAM>
<fme:OPPERVLAKTE>13984673</fme:OPPERVLAKTE>
<fme:DEELGEMEENTE_ID>9</fme:DEELGEMEENTE_ID>
<fme:DEELGEM_CODE>SK</fme:DEELGEM_CODE>
<fme:Aangemaakt_op>22/06/2016</fme:Aangemaakt_op>
</fme:Deelgemeente>
<fme:Deelgemeente>
<fme:NAAM>Sint-Andries</fme:NAAM>
<fme:OPPERVLAKTE>19090184</fme:OPPERVLAKTE>
<fme:DEELGEMEENTE_ID>10</fme:DEELGEMEENTE_ID>
<fme:DEELGEM_CODE>AN</fme:DEELGEM_CODE>
<fme:Aangemaakt_op>22/06/2016</fme:Aangemaakt_op>
</fme:Deelgemeente>
<fme:Deelgemeente>
<fme:NAAM>Christus-Koning</fme:NAAM>
<fme:OPPERVLAKTE>1037382</fme:OPPERVLAKTE>
<fme:DEELGEMEENTE_ID>11</fme:DEELGEMEENTE_ID>
<fme:DEELGEM_CODE>BRKK</fme:DEELGEM_CODE>
<fme:Aangemaakt_op>22/06/2016</fme:Aangemaakt_op>
</fme:Deelgemeente>
<fme:Deelgemeente>
<fme:NAAM>Brugge-Centrum</fme:NAAM>
<fme:OPPERVLAKTE>4269702</fme:OPPERVLAKTE>
<fme:DEELGEMEENTE_ID>12</fme:DEELGEMEENTE_ID>
<fme:DEELGEM_CODE>BRBR</fme:DEELGEM_CODE>
<fme:Aangemaakt_op>22/06/2016</fme:Aangemaakt_op>
</fme:Deelgemeente>
<fme:Deelgemeente>
<fme:NAAM>Dudzele</fme:NAAM>
<fme:OPPERVLAKTE>28363985</fme:OPPERVLAKTE>
<fme:DEELGEMEENTE_ID>13</fme:DEELGEMEENTE_ID>
<fme:DEELGEM_CODE>ZBDU</fme:DEELGEM_CODE>
<fme:Aangemaakt_op>22/06/2016</fme:Aangemaakt_op>
</fme:Deelgemeente>
</fme:Deelgemeente-table>
</fme:xml-tables>