[
	{
		"json_featuretype" : "BP01",
		"ID" : "BP01",
		"Parameter" : "6/03/2017",
		"Temperatuu" : "6,7",
		"Zuurstof_(" : "-",
		"Zuurstofpe" : "85",
		"pH_(6)" : "7,9",
		"Ammonium_(" : "0,55",
		"Nitraat_(1" : "0,91",
		"Orthofosfa" : "0,39",
		"Chloride_(" : "221",
		"BOD_(23)" : "2,845",
		"COD_(24)" : "22,743",
		"TOC_(25)" : "8,3",
		"Totaal_sti" : "2,5",
		"Sulfaat_(1" : "89",
		"Zware_meta" : "",
		"Lood" : "",
		"Zink" : "",
		"Chroom" : "",
		"Basis_Prat" : "2,266183076",
		"Totale_Pra" : "1,751616153",
		"csv_line_n" : "4",
		"Nummer" : "BP01",
		"Naam" : "Graaf Jansader",
		"Ligging_me" : "",
		"Centrum" : "nee",
		"TPI04" : 3.3,
		"TPI05" : 3.1,
		"TPI06" : 3,
		"TPI07" : 3,
		"TPI08" : 2.7,
		"Aangemaakt op" : "07/11/2018",
		"json_ogc_wkt_crs" : "GEOGCS[\"WGS84 Lat/Longs\",DATUM[\"WGS_1984\",SPHEROID[\"World Geodetic System of 1984, GEM 10C\",6378137,298.257223563,AUTHORITY[\"EPSG\",\"7030\"]],AUTHORITY[\"EPSG\",\"6326\"]],PRIMEM[\"Greenwich\",0],UNIT[\"degree\",0.0174532925199433],AUTHORITY[\"EPSG\",\"4326\"]]",
		"json_geometry" : {
			"type" : "Point",
			"coordinates" : [ 3.1853259090900514, 51.32283036406893 ]
		}
	},
	{
		"json_featuretype" : "BP01",
		"ID" : "BP01",
		"Parameter" : "24/04/2017",
		"Temperatuu" : "12,8",
		"Zuurstof_(" : "-",
		"Zuurstofpe" : "111,8",
		"pH_(6)" : "8",
		"Ammonium_(" : "0,07",
		"Nitraat_(1" : "2,89",
		"Orthofosfa" : "0,01",
		"Chloride_(" : "435",
		"BOD_(23)" : "2,575",
		"COD_(24)" : "18,765",
		"TOC_(25)" : "6,5",
		"Totaal_sti" : "4",
		"Sulfaat_(1" : "152",
		"Zware_meta" : "",
		"Lood" : "",
		"Zink" : "",
		"Chroom" : "",
		"Basis_Prat" : "1,241203158",
		"Totale_Pra" : "1,42095198",
		"csv_line_n" : "5",
		"Nummer" : "BP01",
		"Naam" : "Graaf Jansader",
		"Ligging_me" : "",
		"Centrum" : "nee",
		"TPI04" : 3.3,
		"TPI05" : 3.1,
		"TPI06" : 3,
		"TPI07" : 3,
		"TPI08" : 2.7,
		"Aangemaakt op" : "07/11/2018",
		"json_ogc_wkt_crs" : "GEOGCS[\"WGS84 Lat/Longs\",DATUM[\"WGS_1984\",SPHEROID[\"World Geodetic System of 1984, GEM 10C\",6378137,298.257223563,AUTHORITY[\"EPSG\",\"7030\"]],AUTHORITY[\"EPSG\",\"6326\"]],PRIMEM[\"Greenwich\",0],UNIT[\"degree\",0.0174532925199433],AUTHORITY[\"EPSG\",\"4326\"]]",
		"json_geometry" : {
			"type" : "Point",
			"coordinates" : [ 3.1853259090900514, 51.32283036406893 ]
		}
	},
	{
		"json_featuretype" : "BP01",
		"ID" : "BP01",
		"Parameter" : "3/07/2017",
		"Temperatuu" : "20,3",
		"Zuurstof_(" : "-",
		"Zuurstofpe" : "164,7",
		"pH_(6)" : "8,7",
		"Ammonium_(" : "0,05",
		"Nitraat_(1" : "0,03",
		"Orthofosfa" : "0,19",
		"Chloride_(" : "800",
		"BOD_(23)" : "2,6605",
		"COD_(24)" : "20,0247",
		"TOC_(25)" : "7,07",
		"Totaal_sti" : "0,79",
		"Sulfaat_(1" : "191",
		"Zware_meta" : "",
		"Lood" : "",
		"Zink" : "",
		"Chroom" : "",
		"Basis_Prat" : "2,636179529",
		"Totale_Pra" : "2,114730666",
		"csv_line_n" : "6",
		"Nummer" : "BP01",
		"Naam" : "Graaf Jansader",
		"Ligging_me" : "",
		"Centrum" : "nee",
		"TPI04" : 3.3,
		"TPI05" : 3.1,
		"TPI06" : 3,
		"TPI07" : 3,
		"TPI08" : 2.7,
		"Aangemaakt op" : "07/11/2018",
		"json_ogc_wkt_crs" : "GEOGCS[\"WGS84 Lat/Longs\",DATUM[\"WGS_1984\",SPHEROID[\"World Geodetic System of 1984, GEM 10C\",6378137,298.257223563,AUTHORITY[\"EPSG\",\"7030\"]],AUTHORITY[\"EPSG\",\"6326\"]],PRIMEM[\"Greenwich\",0],UNIT[\"degree\",0.0174532925199433],AUTHORITY[\"EPSG\",\"4326\"]]",
		"json_geometry" : {
			"type" : "Point",
			"coordinates" : [ 3.1853259090900514, 51.32283036406893 ]
		}
	},
	{
		"json_featuretype" : "BP01",
		"ID" : "BP01",
		"Parameter" : "12/09/2017",
		"Temperatuu" : "14,2",
		"Zuurstof_(" : "-",
		"Zuurstofpe" : "35,3",
		"pH_(6)" : "7,6",
		"Ammonium_(" : "0,88",
		"Nitraat_(1" : "",
		"Orthofosfa" : "0,24",
		"Chloride_(" : "190",
		"BOD_(23)" : "2,653",
		"COD_(24)" : "19,9142",
		"TOC_(25)" : "7,02",
		"Totaal_sti" : "1,9",
		"Sulfaat_(1" : "104",
		"Zware_meta" : "",
		"Lood" : "",
		"Zink" : "",
		"Chroom" : "",
		"Basis_Prat" : "4,01454288",
		"Totale_Pra" : "2,834459061",
		"csv_line_n" : "7",
		"Nummer" : "BP01",
		"Naam" : "Graaf Jansader",
		"Ligging_me" : "",
		"Centrum" : "nee",
		"TPI04" : 3.3,
		"TPI05" : 3.1,
		"TPI06" : 3,
		"TPI07" : 3,
		"TPI08" : 2.7,
		"Aangemaakt op" : "07/11/2018",
		"json_ogc_wkt_crs" : "GEOGCS[\"WGS84 Lat/Longs\",DATUM[\"WGS_1984\",SPHEROID[\"World Geodetic System of 1984, GEM 10C\",6378137,298.257223563,AUTHORITY[\"EPSG\",\"7030\"]],AUTHORITY[\"EPSG\",\"6326\"]],PRIMEM[\"Greenwich\",0],UNIT[\"degree\",0.0174532925199433],AUTHORITY[\"EPSG\",\"4326\"]]",
		"json_geometry" : {
			"type" : "Point",
			"coordinates" : [ 3.1853259090900514, 51.32283036406893 ]
		}
	},
	{
		"json_featuretype" : "BP01",
		"ID" : "BP01",
		"Parameter" : "13/11/2017",
		"Temperatuu" : "7,5",
		"Zuurstof_(" : "-",
		"Zuurstofpe" : "74,8",
		"pH_(6)" : "7,8",
		"Ammonium_(" : "0,66",
		"Nitraat_(1" : "0,62",
		"Orthofosfa" : "",
		"Chloride_(" : "8480",
		"BOD_(23)" : "2,455",
		"COD_(24)" : "16,997",
		"TOC_(25)" : "5,7",
		"Totaal_sti" : "1,9",
		"Sulfaat_(1" : "1190",
		"Zware_meta" : "",
		"Lood" : "",
		"Zink" : "",
		"Chroom" : "",
		"Basis_Prat" : "2,482015087",
		"Totale_Pra" : "1,751805205",
		"csv_line_n" : "8",
		"Nummer" : "BP01",
		"Naam" : "Graaf Jansader",
		"Ligging_me" : "",
		"Centrum" : "nee",
		"TPI04" : 3.3,
		"TPI05" : 3.1,
		"TPI06" : 3,
		"TPI07" : 3,
		"TPI08" : 2.7,
		"Aangemaakt op" : "07/11/2018",
		"json_ogc_wkt_crs" : "GEOGCS[\"WGS84 Lat/Longs\",DATUM[\"WGS_1984\",SPHEROID[\"World Geodetic System of 1984, GEM 10C\",6378137,298.257223563,AUTHORITY[\"EPSG\",\"7030\"]],AUTHORITY[\"EPSG\",\"6326\"]],PRIMEM[\"Greenwich\",0],UNIT[\"degree\",0.0174532925199433],AUTHORITY[\"EPSG\",\"4326\"]]",
		"json_geometry" : {
			"type" : "Point",
			"coordinates" : [ 3.1853259090900514, 51.32283036406893 ]
		}
	}
]