[
	{
		"json_featuretype" : "BP02",
		"ID" : "BP02",
		"Parameter" : "6/03/2017",
		"Temperatuu" : "6,5",
		"Zuurstof_(" : "-",
		"Zuurstofpe" : "88,1",
		"pH_(6)" : "7,8",
		"Ammonium_(" : "0,29",
		"Nitraat_(1" : "0,81",
		"Orthofosfa" : "0,48",
		"Chloride_(" : "422",
		"BOD_(23)" : "3,505",
		"COD_(24)" : "32,467",
		"TOC_(25)" : "12,7",
		"Totaal_sti" : "2,5",
		"Sulfaat_(1" : "94",
		"Zware_meta" : "",
		"Lood" : "",
		"Zink" : "",
		"Chroom" : "",
		"Basis_Prat" : "2,138922206",
		"Totale_Pra" : "1,721108104",
		"csv_line_n" : "4",
		"Nummer" : "BP02",
		"Naam" : "Sint Jansader",
		"Ligging_me" : "",
		"Centrum" : "nee",
		"TPI04" : 2.9,
		"TPI05" : 3.1,
		"TPI06" : 2.4,
		"TPI07" : 3.2,
		"TPI08" : 2.8,
		"Aangemaakt op" : "07/11/2018",
		"json_ogc_wkt_crs" : "GEOGCS[\"WGS84 Lat/Longs\",DATUM[\"WGS_1984\",SPHEROID[\"World Geodetic System of 1984, GEM 10C\",6378137,298.257223563,AUTHORITY[\"EPSG\",\"7030\"]],AUTHORITY[\"EPSG\",\"6326\"]],PRIMEM[\"Greenwich\",0],UNIT[\"degree\",0.0174532925199433],AUTHORITY[\"EPSG\",\"4326\"]]",
		"json_geometry" : {
			"type" : "Point",
			"coordinates" : [ 3.1809648017180097, 51.32158490117023 ]
		}
	},
	{
		"json_featuretype" : "BP02",
		"ID" : "BP02",
		"Parameter" : "24/04/2017",
		"Temperatuu" : "12,7",
		"Zuurstof_(" : "-",
		"Zuurstofpe" : "107",
		"pH_(6)" : "7,9",
		"Ammonium_(" : "0,03",
		"Nitraat_(1" : "0,07",
		"Orthofosfa" : "0,1",
		"Chloride_(" : "427",
		"BOD_(23)" : "3,43",
		"COD_(24)" : "31,362",
		"TOC_(25)" : "12,2",
		"Totaal_sti" : "1,9",
		"Sulfaat_(1" : "121",
		"Zware_meta" : "",
		"Lood" : "",
		"Zink" : "",
		"Chroom" : "",
		"Basis_Prat" : "1,408263394",
		"Totale_Pra" : "1,253325187",
		"csv_line_n" : "5",
		"Nummer" : "BP02",
		"Naam" : "Sint Jansader",
		"Ligging_me" : "",
		"Centrum" : "nee",
		"TPI04" : 2.9,
		"TPI05" : 3.1,
		"TPI06" : 2.4,
		"TPI07" : 3.2,
		"TPI08" : 2.8,
		"Aangemaakt op" : "07/11/2018",
		"json_ogc_wkt_crs" : "GEOGCS[\"WGS84 Lat/Longs\",DATUM[\"WGS_1984\",SPHEROID[\"World Geodetic System of 1984, GEM 10C\",6378137,298.257223563,AUTHORITY[\"EPSG\",\"7030\"]],AUTHORITY[\"EPSG\",\"6326\"]],PRIMEM[\"Greenwich\",0],UNIT[\"degree\",0.0174532925199433],AUTHORITY[\"EPSG\",\"4326\"]]",
		"json_geometry" : {
			"type" : "Point",
			"coordinates" : [ 3.1809648017180097, 51.32158490117023 ]
		}
	},
	{
		"json_featuretype" : "BP02",
		"ID" : "BP02",
		"Parameter" : "3/07/2017",
		"Temperatuu" : "19,2",
		"Zuurstof_(" : "-",
		"Zuurstofpe" : "29,2",
		"pH_(6)" : "8",
		"Ammonium_(" : "0,93",
		"Nitraat_(1" : "0,22",
		"Orthofosfa" : "0,26",
		"Chloride_(" : "730",
		"BOD_(23)" : "2,446",
		"COD_(24)" : "16,8644",
		"TOC_(25)" : "5,64",
		"Totaal_sti" : "1,8",
		"Sulfaat_(1" : "178",
		"Zware_meta" : "",
		"Lood" : "",
		"Zink" : "",
		"Chroom" : "",
		"Basis_Prat" : "4,251062286",
		"Totale_Pra" : "2,632207408",
		"csv_line_n" : "6",
		"Nummer" : "BP02",
		"Naam" : "Sint Jansader",
		"Ligging_me" : "",
		"Centrum" : "nee",
		"TPI04" : 2.9,
		"TPI05" : 3.1,
		"TPI06" : 2.4,
		"TPI07" : 3.2,
		"TPI08" : 2.8,
		"Aangemaakt op" : "07/11/2018",
		"json_ogc_wkt_crs" : "GEOGCS[\"WGS84 Lat/Longs\",DATUM[\"WGS_1984\",SPHEROID[\"World Geodetic System of 1984, GEM 10C\",6378137,298.257223563,AUTHORITY[\"EPSG\",\"7030\"]],AUTHORITY[\"EPSG\",\"6326\"]],PRIMEM[\"Greenwich\",0],UNIT[\"degree\",0.0174532925199433],AUTHORITY[\"EPSG\",\"4326\"]]",
		"json_geometry" : {
			"type" : "Point",
			"coordinates" : [ 3.1809648017180097, 51.32158490117023 ]
		}
	},
	{
		"json_featuretype" : "BP02",
		"ID" : "BP02",
		"Parameter" : "12/09/2017",
		"Temperatuu" : "13,6",
		"Zuurstof_(" : "-",
		"Zuurstofpe" : "39,5",
		"pH_(6)" : "7,7",
		"Ammonium_(" : "1,6",
		"Nitraat_(1" : "",
		"Orthofosfa" : "0,61",
		"Chloride_(" : "265",
		"BOD_(23)" : "3,475",
		"COD_(24)" : "32,025",
		"TOC_(25)" : "12,5",
		"Totaal_sti" : "3,2",
		"Sulfaat_(1" : "78",
		"Zware_meta" : "",
		"Lood" : "",
		"Zink" : "",
		"Chroom" : "",
		"Basis_Prat" : "4,931092387",
		"Totale_Pra" : "3,519988765",
		"csv_line_n" : "7",
		"Nummer" : "BP02",
		"Naam" : "Sint Jansader",
		"Ligging_me" : "",
		"Centrum" : "nee",
		"TPI04" : 2.9,
		"TPI05" : 3.1,
		"TPI06" : 2.4,
		"TPI07" : 3.2,
		"TPI08" : 2.8,
		"Aangemaakt op" : "07/11/2018",
		"json_ogc_wkt_crs" : "GEOGCS[\"WGS84 Lat/Longs\",DATUM[\"WGS_1984\",SPHEROID[\"World Geodetic System of 1984, GEM 10C\",6378137,298.257223563,AUTHORITY[\"EPSG\",\"7030\"]],AUTHORITY[\"EPSG\",\"6326\"]],PRIMEM[\"Greenwich\",0],UNIT[\"degree\",0.0174532925199433],AUTHORITY[\"EPSG\",\"4326\"]]",
		"json_geometry" : {
			"type" : "Point",
			"coordinates" : [ 3.1809648017180097, 51.32158490117023 ]
		}
	},
	{
		"json_featuretype" : "BP02",
		"ID" : "BP02",
		"Parameter" : "13/11/2017",
		"Temperatuu" : "8,5",
		"Zuurstof_(" : "-",
		"Zuurstofpe" : "63,7",
		"pH_(6)" : "8",
		"Ammonium_(" : "3,9",
		"Nitraat_(1" : "0,78",
		"Orthofosfa" : "",
		"Chloride_(" : "5790",
		"BOD_(23)" : "2,905",
		"COD_(24)" : "23,627",
		"TOC_(25)" : "8,7",
		"Totaal_sti" : "6,6",
		"Sulfaat_(1" : "810",
		"Zware_meta" : "",
		"Lood" : "",
		"Zink" : "",
		"Chroom" : "",
		"Basis_Prat" : "5,578129125",
		"Totale_Pra" : "3,430378032",
		"csv_line_n" : "8",
		"Nummer" : "BP02",
		"Naam" : "Sint Jansader",
		"Ligging_me" : "",
		"Centrum" : "nee",
		"TPI04" : 2.9,
		"TPI05" : 3.1,
		"TPI06" : 2.4,
		"TPI07" : 3.2,
		"TPI08" : 2.8,
		"Aangemaakt op" : "07/11/2018",
		"json_ogc_wkt_crs" : "GEOGCS[\"WGS84 Lat/Longs\",DATUM[\"WGS_1984\",SPHEROID[\"World Geodetic System of 1984, GEM 10C\",6378137,298.257223563,AUTHORITY[\"EPSG\",\"7030\"]],AUTHORITY[\"EPSG\",\"6326\"]],PRIMEM[\"Greenwich\",0],UNIT[\"degree\",0.0174532925199433],AUTHORITY[\"EPSG\",\"4326\"]]",
		"json_geometry" : {
			"type" : "Point",
			"coordinates" : [ 3.1809648017180097, 51.32158490117023 ]
		}
	}
]