[
	{
		"json_featuretype" : "BP03",
		"ID" : "BP03",
		"Parameter" : "6/03/2017",
		"Temperatuu" : "7,1",
		"Zuurstof_(" : "-",
		"Zuurstofpe" : "86,4",
		"pH_(6)" : "7,8",
		"Ammonium_(" : "1,3",
		"Nitraat_(1" : "0,9",
		"Orthofosfa" : "0,32",
		"Chloride_(" : "198",
		"BOD_(23)" : "3,07",
		"COD_(24)" : "26,058",
		"TOC_(25)" : "9,8",
		"Totaal_sti" : "4,3",
		"Sulfaat_(1" : "61",
		"Zware_meta" : "",
		"Lood" : "",
		"Zink" : "",
		"Chroom" : "",
		"Basis_Prat" : "3,139960151",
		"Totale_Pra" : "2,184005999",
		"csv_line_n" : "4",
		"Nummer" : "BP03",
		"Naam" : "Lange Smalle Watergang 1",
		"Ligging_me" : "",
		"Centrum" : "nee",
		"TPI04" : 2.6,
		"TPI05" : 2.6,
		"TPI06" : 2,
		"TPI07" : 3.2,
		"TPI08" : 2.6,
		"Aangemaakt op" : "07/11/2018",
		"json_ogc_wkt_crs" : "GEOGCS[\"WGS84 Lat/Longs\",DATUM[\"WGS_1984\",SPHEROID[\"World Geodetic System of 1984, GEM 10C\",6378137,298.257223563,AUTHORITY[\"EPSG\",\"7030\"]],AUTHORITY[\"EPSG\",\"6326\"]],PRIMEM[\"Greenwich\",0],UNIT[\"degree\",0.0174532925199433],AUTHORITY[\"EPSG\",\"4326\"]]",
		"json_geometry" : {
			"type" : "Point",
			"coordinates" : [ 3.180125162125864, 51.32109466644793 ]
		}
	},
	{
		"json_featuretype" : "BP03",
		"ID" : "BP03",
		"Parameter" : "24/04/2017",
		"Temperatuu" : "12,5",
		"Zuurstof_(" : "-",
		"Zuurstofpe" : "129,6",
		"pH_(6)" : "8,1",
		"Ammonium_(" : "0,37",
		"Nitraat_(1" : "2,27",
		"Orthofosfa" : "0,01",
		"Chloride_(" : "355",
		"BOD_(23)" : "2,89",
		"COD_(24)" : "23,406",
		"TOC_(25)" : "8,6",
		"Totaal_sti" : "4,3",
		"Sulfaat_(1" : "135",
		"Zware_meta" : "",
		"Lood" : "",
		"Zink" : "",
		"Chroom" : "",
		"Basis_Prat" : "2,431992477",
		"Totale_Pra" : "2,037140045",
		"csv_line_n" : "5",
		"Nummer" : "BP03",
		"Naam" : "Lange Smalle Watergang 1",
		"Ligging_me" : "",
		"Centrum" : "nee",
		"TPI04" : 2.6,
		"TPI05" : 2.6,
		"TPI06" : 2,
		"TPI07" : 3.2,
		"TPI08" : 2.6,
		"Aangemaakt op" : "07/11/2018",
		"json_ogc_wkt_crs" : "GEOGCS[\"WGS84 Lat/Longs\",DATUM[\"WGS_1984\",SPHEROID[\"World Geodetic System of 1984, GEM 10C\",6378137,298.257223563,AUTHORITY[\"EPSG\",\"7030\"]],AUTHORITY[\"EPSG\",\"6326\"]],PRIMEM[\"Greenwich\",0],UNIT[\"degree\",0.0174532925199433],AUTHORITY[\"EPSG\",\"4326\"]]",
		"json_geometry" : {
			"type" : "Point",
			"coordinates" : [ 3.180125162125864, 51.32109466644793 ]
		}
	},
	{
		"json_featuretype" : "BP03",
		"ID" : "BP03",
		"Parameter" : "3/07/2017",
		"Temperatuu" : "19,5",
		"Zuurstof_(" : "-",
		"Zuurstofpe" : "45",
		"pH_(6)" : "7,7",
		"Ammonium_(" : "1,11",
		"Nitraat_(1" : "0,2",
		"Orthofosfa" : "0,26",
		"Chloride_(" : "730",
		"BOD_(23)" : "2,3245",
		"COD_(24)" : "15,0743",
		"TOC_(25)" : "4,83",
		"Totaal_sti" : "1,8",
		"Sulfaat_(1" : "177",
		"Zware_meta" : "",
		"Lood" : "",
		"Zink" : "",
		"Chroom" : "",
		"Basis_Prat" : "3,72140021",
		"Totale_Pra" : "2,264886694",
		"csv_line_n" : "6",
		"Nummer" : "BP03",
		"Naam" : "Lange Smalle Watergang 1",
		"Ligging_me" : "",
		"Centrum" : "nee",
		"TPI04" : 2.6,
		"TPI05" : 2.6,
		"TPI06" : 2,
		"TPI07" : 3.2,
		"TPI08" : 2.6,
		"Aangemaakt op" : "07/11/2018",
		"json_ogc_wkt_crs" : "GEOGCS[\"WGS84 Lat/Longs\",DATUM[\"WGS_1984\",SPHEROID[\"World Geodetic System of 1984, GEM 10C\",6378137,298.257223563,AUTHORITY[\"EPSG\",\"7030\"]],AUTHORITY[\"EPSG\",\"6326\"]],PRIMEM[\"Greenwich\",0],UNIT[\"degree\",0.0174532925199433],AUTHORITY[\"EPSG\",\"4326\"]]",
		"json_geometry" : {
			"type" : "Point",
			"coordinates" : [ 3.180125162125864, 51.32109466644793 ]
		}
	},
	{
		"json_featuretype" : "BP03",
		"ID" : "BP03",
		"Parameter" : "12/09/2017",
		"Temperatuu" : "15,1",
		"Zuurstof_(" : "-",
		"Zuurstofpe" : "34",
		"pH_(6)" : "7,7",
		"Ammonium_(" : "1,9",
		"Nitraat_(1" : "",
		"Orthofosfa" : "0,32",
		"Chloride_(" : "641",
		"BOD_(23)" : "3,025",
		"COD_(24)" : "25,395",
		"TOC_(25)" : "9,5",
		"Totaal_sti" : "3,6",
		"Sulfaat_(1" : "135",
		"Zware_meta" : "",
		"Lood" : "",
		"Zink" : "",
		"Chroom" : "",
		"Basis_Prat" : "5,189240627",
		"Totale_Pra" : "3,61487771",
		"csv_line_n" : "7",
		"Nummer" : "BP03",
		"Naam" : "Lange Smalle Watergang 1",
		"Ligging_me" : "",
		"Centrum" : "nee",
		"TPI04" : 2.6,
		"TPI05" : 2.6,
		"TPI06" : 2,
		"TPI07" : 3.2,
		"TPI08" : 2.6,
		"Aangemaakt op" : "07/11/2018",
		"json_ogc_wkt_crs" : "GEOGCS[\"WGS84 Lat/Longs\",DATUM[\"WGS_1984\",SPHEROID[\"World Geodetic System of 1984, GEM 10C\",6378137,298.257223563,AUTHORITY[\"EPSG\",\"7030\"]],AUTHORITY[\"EPSG\",\"6326\"]],PRIMEM[\"Greenwich\",0],UNIT[\"degree\",0.0174532925199433],AUTHORITY[\"EPSG\",\"4326\"]]",
		"json_geometry" : {
			"type" : "Point",
			"coordinates" : [ 3.180125162125864, 51.32109466644793 ]
		}
	},
	{
		"json_featuretype" : "BP03",
		"ID" : "BP03",
		"Parameter" : "13/11/2017",
		"Temperatuu" : "9,3",
		"Zuurstof_(" : "-",
		"Zuurstofpe" : "85,4",
		"pH_(6)" : "7,9",
		"Ammonium_(" : "2,05",
		"Nitraat_(1" : "0,72",
		"Orthofosfa" : "",
		"Chloride_(" : "5930",
		"BOD_(23)" : "2,785",
		"COD_(24)" : "21,859",
		"TOC_(25)" : "7,9",
		"Totaal_sti" : "4,5",
		"Sulfaat_(1" : "880",
		"Zware_meta" : "",
		"Lood" : "",
		"Zink" : "",
		"Chroom" : "",
		"Basis_Prat" : "3,663534496",
		"Totale_Pra" : "2,420587321",
		"csv_line_n" : "8",
		"Nummer" : "BP03",
		"Naam" : "Lange Smalle Watergang 1",
		"Ligging_me" : "",
		"Centrum" : "nee",
		"TPI04" : 2.6,
		"TPI05" : 2.6,
		"TPI06" : 2,
		"TPI07" : 3.2,
		"TPI08" : 2.6,
		"Aangemaakt op" : "07/11/2018",
		"json_ogc_wkt_crs" : "GEOGCS[\"WGS84 Lat/Longs\",DATUM[\"WGS_1984\",SPHEROID[\"World Geodetic System of 1984, GEM 10C\",6378137,298.257223563,AUTHORITY[\"EPSG\",\"7030\"]],AUTHORITY[\"EPSG\",\"6326\"]],PRIMEM[\"Greenwich\",0],UNIT[\"degree\",0.0174532925199433],AUTHORITY[\"EPSG\",\"4326\"]]",
		"json_geometry" : {
			"type" : "Point",
			"coordinates" : [ 3.180125162125864, 51.32109466644793 ]
		}
	}
]