[
	{
		"json_featuretype" : "BP04",
		"ID" : "BP04",
		"Parameter" : "6/03/2017",
		"Temperatuu" : "7,3",
		"Zuurstof_(" : "-",
		"Zuurstofpe" : "73,6",
		"pH_(6)" : "7,6",
		"Ammonium_(" : "0,24",
		"Nitraat_(1" : "2,41",
		"Orthofosfa" : "0,21",
		"Chloride_(" : "130",
		"BOD_(23)" : "2,8",
		"COD_(24)" : "22,08",
		"TOC_(25)" : "8",
		"Totaal_sti" : "3,5",
		"Sulfaat_(1" : "88",
		"Zware_meta" : "",
		"Lood" : "",
		"Zink" : "",
		"Chroom" : "",
		"Basis_Prat" : "2,095991037",
		"Totale_Pra" : "1,728976991",
		"csv_line_n" : "4",
		"Nummer" : "BP04",
		"Naam" : "Lange Smalle Watergang 2",
		"Ligging_me" : "",
		"Centrum" : "nee",
		"TPI04" : 2.6,
		"TPI05" : 3.1,
		"TPI06" : 3.7,
		"TPI07" : 2.4,
		"TPI08" : 2.6,
		"Aangemaakt op" : "07/11/2018",
		"json_ogc_wkt_crs" : "GEOGCS[\"WGS84 Lat/Longs\",DATUM[\"WGS_1984\",SPHEROID[\"World Geodetic System of 1984, GEM 10C\",6378137,298.257223563,AUTHORITY[\"EPSG\",\"7030\"]],AUTHORITY[\"EPSG\",\"6326\"]],PRIMEM[\"Greenwich\",0],UNIT[\"degree\",0.0174532925199433],AUTHORITY[\"EPSG\",\"4326\"]]",
		"json_geometry" : {
			"type" : "Point",
			"coordinates" : [ 3.1717996099916026, 51.30979236704438 ]
		}
	},
	{
		"json_featuretype" : "BP04",
		"ID" : "BP04",
		"Parameter" : "24/04/2017",
		"Temperatuu" : "12,3",
		"Zuurstof_(" : "-",
		"Zuurstofpe" : "173,9",
		"pH_(6)" : "8,1",
		"Ammonium_(" : "0,04",
		"Nitraat_(1" : "1,18",
		"Orthofosfa" : "0,01",
		"Chloride_(" : "346",
		"BOD_(23)" : "2,83",
		"COD_(24)" : "22,522",
		"TOC_(25)" : "8,2",
		"Totaal_sti" : "2,5",
		"Sulfaat_(1" : "134",
		"Zware_meta" : "",
		"Lood" : "",
		"Zink" : "",
		"Chroom" : "",
		"Basis_Prat" : "2,93273892",
		"Totale_Pra" : "2,179779236",
		"csv_line_n" : "5",
		"Nummer" : "BP04",
		"Naam" : "Lange Smalle Watergang 2",
		"Ligging_me" : "",
		"Centrum" : "nee",
		"TPI04" : 2.6,
		"TPI05" : 3.1,
		"TPI06" : 3.7,
		"TPI07" : 2.4,
		"TPI08" : 2.6,
		"Aangemaakt op" : "07/11/2018",
		"json_ogc_wkt_crs" : "GEOGCS[\"WGS84 Lat/Longs\",DATUM[\"WGS_1984\",SPHEROID[\"World Geodetic System of 1984, GEM 10C\",6378137,298.257223563,AUTHORITY[\"EPSG\",\"7030\"]],AUTHORITY[\"EPSG\",\"6326\"]],PRIMEM[\"Greenwich\",0],UNIT[\"degree\",0.0174532925199433],AUTHORITY[\"EPSG\",\"4326\"]]",
		"json_geometry" : {
			"type" : "Point",
			"coordinates" : [ 3.1717996099916026, 51.30979236704438 ]
		}
	},
	{
		"json_featuretype" : "BP04",
		"ID" : "BP04",
		"Parameter" : "3/07/2017",
		"Temperatuu" : "18,4",
		"Zuurstof_(" : "-",
		"Zuurstofpe" : "29,1",
		"pH_(6)" : "7,7",
		"Ammonium_(" : "0,49",
		"Nitraat_(1" : "0,09",
		"Orthofosfa" : "0,18",
		"Chloride_(" : "770",
		"BOD_(23)" : "2,515",
		"COD_(24)" : "17,881",
		"TOC_(25)" : "6,1",
		"Totaal_sti" : "1,22",
		"Sulfaat_(1" : "180",
		"Zware_meta" : "",
		"Lood" : "",
		"Zink" : "",
		"Chroom" : "",
		"Basis_Prat" : "3,775544884",
		"Totale_Pra" : "2,287662304",
		"csv_line_n" : "6",
		"Nummer" : "BP04",
		"Naam" : "Lange Smalle Watergang 2",
		"Ligging_me" : "",
		"Centrum" : "nee",
		"TPI04" : 2.6,
		"TPI05" : 3.1,
		"TPI06" : 3.7,
		"TPI07" : 2.4,
		"TPI08" : 2.6,
		"Aangemaakt op" : "07/11/2018",
		"json_ogc_wkt_crs" : "GEOGCS[\"WGS84 Lat/Longs\",DATUM[\"WGS_1984\",SPHEROID[\"World Geodetic System of 1984, GEM 10C\",6378137,298.257223563,AUTHORITY[\"EPSG\",\"7030\"]],AUTHORITY[\"EPSG\",\"6326\"]],PRIMEM[\"Greenwich\",0],UNIT[\"degree\",0.0174532925199433],AUTHORITY[\"EPSG\",\"4326\"]]",
		"json_geometry" : {
			"type" : "Point",
			"coordinates" : [ 3.1717996099916026, 51.30979236704438 ]
		}
	},
	{
		"json_featuretype" : "BP04",
		"ID" : "BP04",
		"Parameter" : "12/09/2017",
		"Temperatuu" : "14,8",
		"Zuurstof_(" : "-",
		"Zuurstofpe" : "1,6",
		"pH_(6)" : "7,4",
		"Ammonium_(" : "0,48",
		"Nitraat_(1" : "",
		"Orthofosfa" : "0,6",
		"Chloride_(" : "268",
		"BOD_(23)" : "2,935",
		"COD_(24)" : "24,069",
		"TOC_(25)" : "8,9",
		"Totaal_sti" : "1,5",
		"Sulfaat_(1" : "81",
		"Zware_meta" : "",
		"Lood" : "",
		"Zink" : "",
		"Chroom" : "",
		"Basis_Prat" : "5,774525549",
		"Totale_Pra" : "3,888048663",
		"csv_line_n" : "7",
		"Nummer" : "BP04",
		"Naam" : "Lange Smalle Watergang 2",
		"Ligging_me" : "",
		"Centrum" : "nee",
		"TPI04" : 2.6,
		"TPI05" : 3.1,
		"TPI06" : 3.7,
		"TPI07" : 2.4,
		"TPI08" : 2.6,
		"Aangemaakt op" : "07/11/2018",
		"json_ogc_wkt_crs" : "GEOGCS[\"WGS84 Lat/Longs\",DATUM[\"WGS_1984\",SPHEROID[\"World Geodetic System of 1984, GEM 10C\",6378137,298.257223563,AUTHORITY[\"EPSG\",\"7030\"]],AUTHORITY[\"EPSG\",\"6326\"]],PRIMEM[\"Greenwich\",0],UNIT[\"degree\",0.0174532925199433],AUTHORITY[\"EPSG\",\"4326\"]]",
		"json_geometry" : {
			"type" : "Point",
			"coordinates" : [ 3.1717996099916026, 51.30979236704438 ]
		}
	},
	{
		"json_featuretype" : "BP04",
		"ID" : "BP04",
		"Parameter" : "13/11/2017",
		"Temperatuu" : "6,8",
		"Zuurstof_(" : "-",
		"Zuurstofpe" : "50,1",
		"pH_(6)" : "8,1",
		"Ammonium_(" : "0,52",
		"Nitraat_(1" : "0,27",
		"Orthofosfa" : "",
		"Chloride_(" : "179",
		"BOD_(23)" : "2,6395",
		"COD_(24)" : "19,7153",
		"TOC_(25)" : "6,93",
		"Totaal_sti" : "1,6",
		"Sulfaat_(1" : "102",
		"Zware_meta" : "",
		"Lood" : "",
		"Zink" : "",
		"Chroom" : "",
		"Basis_Prat" : "3,057324755",
		"Totale_Pra" : "2,101269475",
		"csv_line_n" : "8",
		"Nummer" : "BP04",
		"Naam" : "Lange Smalle Watergang 2",
		"Ligging_me" : "",
		"Centrum" : "nee",
		"TPI04" : 2.6,
		"TPI05" : 3.1,
		"TPI06" : 3.7,
		"TPI07" : 2.4,
		"TPI08" : 2.6,
		"Aangemaakt op" : "07/11/2018",
		"json_ogc_wkt_crs" : "GEOGCS[\"WGS84 Lat/Longs\",DATUM[\"WGS_1984\",SPHEROID[\"World Geodetic System of 1984, GEM 10C\",6378137,298.257223563,AUTHORITY[\"EPSG\",\"7030\"]],AUTHORITY[\"EPSG\",\"6326\"]],PRIMEM[\"Greenwich\",0],UNIT[\"degree\",0.0174532925199433],AUTHORITY[\"EPSG\",\"4326\"]]",
		"json_geometry" : {
			"type" : "Point",
			"coordinates" : [ 3.1717996099916026, 51.30979236704438 ]
		}
	}
]