[
	{
		"json_featuretype" : "BP05",
		"ID" : "BP05",
		"Parameter" : "7/03/2017",
		"Temperatuu" : "7",
		"Zuurstof_(" : "-",
		"Zuurstofpe" : "78,7",
		"pH_(6)" : "7,8",
		"Ammonium_(" : "0,44",
		"Nitraat_(1" : "0,84",
		"Orthofosfa" : "0,39",
		"Chloride_(" : "190",
		"BOD_(23)" : "2,785",
		"COD_(24)" : "21,859",
		"TOC_(25)" : "7,9",
		"Totaal_sti" : "",
		"Sulfaat_(1" : "71",
		"Zware_meta" : "",
		"Lood" : "",
		"Zink" : "",
		"Chroom" : "",
		"Basis_Prat" : "2,258930923",
		"Totale_Pra" : "1,704729697",
		"csv_line_n" : "4",
		"Nummer" : "BP05",
		"Naam" : "Lisseweegse Vaart 1",
		"Ligging_me" : "",
		"Centrum" : "nee",
		"TPI04" : 3.7,
		"TPI05" : 3.4,
		"TPI06" : 3,
		"TPI07" : 3.1,
		"TPI08" : 2.9,
		"Aangemaakt op" : "07/11/2018",
		"json_ogc_wkt_crs" : "GEOGCS[\"WGS84 Lat/Longs\",DATUM[\"WGS_1984\",SPHEROID[\"World Geodetic System of 1984, GEM 10C\",6378137,298.257223563,AUTHORITY[\"EPSG\",\"7030\"]],AUTHORITY[\"EPSG\",\"6326\"]],PRIMEM[\"Greenwich\",0],UNIT[\"degree\",0.0174532925199433],AUTHORITY[\"EPSG\",\"4326\"]]",
		"json_geometry" : {
			"type" : "Point",
			"coordinates" : [ 3.1938739254444424, 51.30854799241287 ]
		}
	},
	{
		"json_featuretype" : "BP05",
		"ID" : "BP05",
		"Parameter" : "25/04/2017",
		"Temperatuu" : "11,2",
		"Zuurstof_(" : "-",
		"Zuurstofpe" : "90,8",
		"pH_(6)" : "7,8",
		"Ammonium_(" : "0,03",
		"Nitraat_(1" : "3,12",
		"Orthofosfa" : "0,21",
		"Chloride_(" : "307",
		"BOD_(23)" : "2,515",
		"COD_(24)" : "17,881",
		"TOC_(25)" : "6,1",
		"Totaal_sti" : "",
		"Sulfaat_(1" : "132",
		"Zware_meta" : "",
		"Lood" : "",
		"Zink" : "",
		"Chroom" : "",
		"Basis_Prat" : "1,017563394",
		"Totale_Pra" : "1,25970492",
		"csv_line_n" : "5",
		"Nummer" : "BP05",
		"Naam" : "Lisseweegse Vaart 1",
		"Ligging_me" : "",
		"Centrum" : "nee",
		"TPI04" : 3.7,
		"TPI05" : 3.4,
		"TPI06" : 3,
		"TPI07" : 3.1,
		"TPI08" : 2.9,
		"Aangemaakt op" : "07/11/2018",
		"json_ogc_wkt_crs" : "GEOGCS[\"WGS84 Lat/Longs\",DATUM[\"WGS_1984\",SPHEROID[\"World Geodetic System of 1984, GEM 10C\",6378137,298.257223563,AUTHORITY[\"EPSG\",\"7030\"]],AUTHORITY[\"EPSG\",\"6326\"]],PRIMEM[\"Greenwich\",0],UNIT[\"degree\",0.0174532925199433],AUTHORITY[\"EPSG\",\"4326\"]]",
		"json_geometry" : {
			"type" : "Point",
			"coordinates" : [ 3.1938739254444424, 51.30854799241287 ]
		}
	},
	{
		"json_featuretype" : "BP05",
		"ID" : "BP05",
		"Parameter" : "4/07/2017",
		"Temperatuu" : "18,5",
		"Zuurstof_(" : "-",
		"Zuurstofpe" : "23",
		"pH_(6)" : "7,7",
		"Ammonium_(" : "0,07",
		"Nitraat_(1" : "0,34",
		"Orthofosfa" : "0,17",
		"Chloride_(" : "880",
		"BOD_(23)" : "2,119",
		"COD_(24)" : "12,0466",
		"TOC_(25)" : "3,46",
		"Totaal_sti" : "",
		"Sulfaat_(1" : "206",
		"Zware_meta" : "",
		"Lood" : "",
		"Zink" : "",
		"Chroom" : "",
		"Basis_Prat" : "3,179563158",
		"Totale_Pra" : "1,996739221",
		"csv_line_n" : "6",
		"Nummer" : "BP05",
		"Naam" : "Lisseweegse Vaart 1",
		"Ligging_me" : "",
		"Centrum" : "nee",
		"TPI04" : 3.7,
		"TPI05" : 3.4,
		"TPI06" : 3,
		"TPI07" : 3.1,
		"TPI08" : 2.9,
		"Aangemaakt op" : "07/11/2018",
		"json_ogc_wkt_crs" : "GEOGCS[\"WGS84 Lat/Longs\",DATUM[\"WGS_1984\",SPHEROID[\"World Geodetic System of 1984, GEM 10C\",6378137,298.257223563,AUTHORITY[\"EPSG\",\"7030\"]],AUTHORITY[\"EPSG\",\"6326\"]],PRIMEM[\"Greenwich\",0],UNIT[\"degree\",0.0174532925199433],AUTHORITY[\"EPSG\",\"4326\"]]",
		"json_geometry" : {
			"type" : "Point",
			"coordinates" : [ 3.1938739254444424, 51.30854799241287 ]
		}
	},
	{
		"json_featuretype" : "BP05",
		"ID" : "BP05",
		"Parameter" : "19/09/2017",
		"Temperatuu" : "13,9",
		"Zuurstof_(" : "-",
		"Zuurstofpe" : "29,8",
		"pH_(6)" : "7,4",
		"Ammonium_(" : "1,05",
		"Nitraat_(1" : "1,29",
		"Orthofosfa" : "1,05",
		"Chloride_(" : "128",
		"BOD_(23)" : "2,83",
		"COD_(24)" : "22,522",
		"TOC_(25)" : "8,2",
		"Totaal_sti" : "",
		"Sulfaat_(1" : "39,9",
		"Zware_meta" : "",
		"Lood" : "",
		"Zink" : "",
		"Chroom" : "",
		"Basis_Prat" : "4,532908851",
		"Totale_Pra" : "2,816299791",
		"csv_line_n" : "7",
		"Nummer" : "BP05",
		"Naam" : "Lisseweegse Vaart 1",
		"Ligging_me" : "",
		"Centrum" : "nee",
		"TPI04" : 3.7,
		"TPI05" : 3.4,
		"TPI06" : 3,
		"TPI07" : 3.1,
		"TPI08" : 2.9,
		"Aangemaakt op" : "07/11/2018",
		"json_ogc_wkt_crs" : "GEOGCS[\"WGS84 Lat/Longs\",DATUM[\"WGS_1984\",SPHEROID[\"World Geodetic System of 1984, GEM 10C\",6378137,298.257223563,AUTHORITY[\"EPSG\",\"7030\"]],AUTHORITY[\"EPSG\",\"6326\"]],PRIMEM[\"Greenwich\",0],UNIT[\"degree\",0.0174532925199433],AUTHORITY[\"EPSG\",\"4326\"]]",
		"json_geometry" : {
			"type" : "Point",
			"coordinates" : [ 3.1938739254444424, 51.30854799241287 ]
		}
	},
	{
		"json_featuretype" : "BP05",
		"ID" : "BP05",
		"Parameter" : "13/11/2017",
		"Temperatuu" : "8,7",
		"Zuurstof_(" : "-",
		"Zuurstofpe" : "70,3",
		"pH_(6)" : "7,5",
		"Ammonium_(" : "0,37",
		"Nitraat_(1" : "0,2",
		"Orthofosfa" : "",
		"Chloride_(" : "74,8",
		"BOD_(23)" : "2,755",
		"COD_(24)" : "21,417",
		"TOC_(25)" : "7,7",
		"Totaal_sti" : "",
		"Sulfaat_(1" : "150",
		"Zware_meta" : "",
		"Lood" : "",
		"Zink" : "",
		"Chroom" : "",
		"Basis_Prat" : "2,368359144",
		"Totale_Pra" : "1,596199495",
		"csv_line_n" : "8",
		"Nummer" : "BP05",
		"Naam" : "Lisseweegse Vaart 1",
		"Ligging_me" : "",
		"Centrum" : "nee",
		"TPI04" : 3.7,
		"TPI05" : 3.4,
		"TPI06" : 3,
		"TPI07" : 3.1,
		"TPI08" : 2.9,
		"Aangemaakt op" : "07/11/2018",
		"json_ogc_wkt_crs" : "GEOGCS[\"WGS84 Lat/Longs\",DATUM[\"WGS_1984\",SPHEROID[\"World Geodetic System of 1984, GEM 10C\",6378137,298.257223563,AUTHORITY[\"EPSG\",\"7030\"]],AUTHORITY[\"EPSG\",\"6326\"]],PRIMEM[\"Greenwich\",0],UNIT[\"degree\",0.0174532925199433],AUTHORITY[\"EPSG\",\"4326\"]]",
		"json_geometry" : {
			"type" : "Point",
			"coordinates" : [ 3.1938739254444424, 51.30854799241287 ]
		}
	}
]