[
	{
		"json_featuretype" : "BP08",
		"ID" : "BP08",
		"Parameter" : "6/03/2017",
		"Temperatuu" : "7,1",
		"Zuurstof_(" : "-",
		"Zuurstofpe" : "45,2",
		"pH_(6)" : "",
		"Ammonium_(" : "2,14",
		"Nitraat_(1" : "1,54",
		"Orthofosfa" : "1,04",
		"Chloride_(" : "343",
		"BOD_(23)" : "2,71",
		"COD_(24)" : "20,754",
		"TOC_(25)" : "7,4",
		"Totaal_sti" : "",
		"Sulfaat_(1" : "73",
		"Zware_meta" : "",
		"Lood" : "",
		"Zink" : "",
		"Chroom" : "",
		"Basis_Prat" : "4,792652654",
		"Totale_Pra" : "5,264238395",
		"csv_line_n" : "4",
		"Nummer" : "BP08",
		"Naam" : "Lisseweegse Vaart 4",
		"Ligging_me" : "",
		"Centrum" : "nee",
		"TPI04" : 3.6,
		"TPI05" : 3.5,
		"TPI06" : 2.8,
		"TPI07" : 3,
		"TPI08" : 0,
		"Aangemaakt op" : "07/11/2018",
		"json_ogc_wkt_crs" : "GEOGCS[\"WGS84 Lat/Longs\",DATUM[\"WGS_1984\",SPHEROID[\"World Geodetic System of 1984, GEM 10C\",6378137,298.257223563,AUTHORITY[\"EPSG\",\"7030\"]],AUTHORITY[\"EPSG\",\"6326\"]],PRIMEM[\"Greenwich\",0],UNIT[\"degree\",0.0174532925199433],AUTHORITY[\"EPSG\",\"4326\"]]",
		"json_geometry" : {
			"type" : "Point",
			"coordinates" : [ 3.2158058466700044, 51.220617740528 ]
		}
	},
	{
		"json_featuretype" : "BP08",
		"ID" : "BP08",
		"Parameter" : "24/04/2017",
		"Temperatuu" : "13,4",
		"Zuurstof_(" : "-",
		"Zuurstofpe" : "95,7",
		"pH_(6)" : "7,8",
		"Ammonium_(" : "0,1",
		"Nitraat_(1" : "5,09",
		"Orthofosfa" : "0,14",
		"Chloride_(" : "234",
		"BOD_(23)" : "2,485",
		"COD_(24)" : "17,439",
		"TOC_(25)" : "5,9",
		"Totaal_sti" : "",
		"Sulfaat_(1" : "121",
		"Zware_meta" : "",
		"Lood" : "",
		"Zink" : "",
		"Chroom" : "",
		"Basis_Prat" : "1,073141259",
		"Totale_Pra" : "1,416448484",
		"csv_line_n" : "5",
		"Nummer" : "BP08",
		"Naam" : "Lisseweegse Vaart 4",
		"Ligging_me" : "",
		"Centrum" : "nee",
		"TPI04" : 3.6,
		"TPI05" : 3.5,
		"TPI06" : 2.8,
		"TPI07" : 3,
		"TPI08" : 0,
		"Aangemaakt op" : "07/11/2018",
		"json_ogc_wkt_crs" : "GEOGCS[\"WGS84 Lat/Longs\",DATUM[\"WGS_1984\",SPHEROID[\"World Geodetic System of 1984, GEM 10C\",6378137,298.257223563,AUTHORITY[\"EPSG\",\"7030\"]],AUTHORITY[\"EPSG\",\"6326\"]],PRIMEM[\"Greenwich\",0],UNIT[\"degree\",0.0174532925199433],AUTHORITY[\"EPSG\",\"4326\"]]",
		"json_geometry" : {
			"type" : "Point",
			"coordinates" : [ 3.2158058466700044, 51.220617740528 ]
		}
	},
	{
		"json_featuretype" : "BP08",
		"ID" : "BP08",
		"Parameter" : "3/07/2017",
		"Temperatuu" : "19,8",
		"Zuurstof_(" : "-",
		"Zuurstofpe" : "26",
		"pH_(6)" : "7,8",
		"Ammonium_(" : "0,38",
		"Nitraat_(1" : "2,45",
		"Orthofosfa" : "0,28",
		"Chloride_(" : "413",
		"BOD_(23)" : "2,368",
		"COD_(24)" : "15,7152",
		"TOC_(25)" : "5,12",
		"Totaal_sti" : "",
		"Sulfaat_(1" : "148",
		"Zware_meta" : "",
		"Lood" : "",
		"Zink" : "",
		"Chroom" : "",
		"Basis_Prat" : "3,711655652",
		"Totale_Pra" : "2,538717378",
		"csv_line_n" : "6",
		"Nummer" : "BP08",
		"Naam" : "Lisseweegse Vaart 4",
		"Ligging_me" : "",
		"Centrum" : "nee",
		"TPI04" : 3.6,
		"TPI05" : 3.5,
		"TPI06" : 2.8,
		"TPI07" : 3,
		"TPI08" : 0,
		"Aangemaakt op" : "07/11/2018",
		"json_ogc_wkt_crs" : "GEOGCS[\"WGS84 Lat/Longs\",DATUM[\"WGS_1984\",SPHEROID[\"World Geodetic System of 1984, GEM 10C\",6378137,298.257223563,AUTHORITY[\"EPSG\",\"7030\"]],AUTHORITY[\"EPSG\",\"6326\"]],PRIMEM[\"Greenwich\",0],UNIT[\"degree\",0.0174532925199433],AUTHORITY[\"EPSG\",\"4326\"]]",
		"json_geometry" : {
			"type" : "Point",
			"coordinates" : [ 3.2158058466700044, 51.220617740528 ]
		}
	},
	{
		"json_featuretype" : "BP08",
		"ID" : "BP08",
		"Parameter" : "12/09/2017",
		"Temperatuu" : "14,7",
		"Zuurstof_(" : "-",
		"Zuurstofpe" : "34,6",
		"pH_(6)" : "7,5",
		"Ammonium_(" : "1,72",
		"Nitraat_(1" : "0,64",
		"Orthofosfa" : "0,52",
		"Chloride_(" : "326",
		"BOD_(23)" : "2,479",
		"COD_(24)" : "17,3506",
		"TOC_(25)" : "5,86",
		"Totaal_sti" : "",
		"Sulfaat_(1" : "68",
		"Zware_meta" : "",
		"Lood" : "",
		"Zink" : "",
		"Chroom" : "",
		"Basis_Prat" : "4,746474096",
		"Totale_Pra" : "2,824364314",
		"csv_line_n" : "7",
		"Nummer" : "BP08",
		"Naam" : "Lisseweegse Vaart 4",
		"Ligging_me" : "",
		"Centrum" : "nee",
		"TPI04" : 3.6,
		"TPI05" : 3.5,
		"TPI06" : 2.8,
		"TPI07" : 3,
		"TPI08" : 0,
		"Aangemaakt op" : "07/11/2018",
		"json_ogc_wkt_crs" : "GEOGCS[\"WGS84 Lat/Longs\",DATUM[\"WGS_1984\",SPHEROID[\"World Geodetic System of 1984, GEM 10C\",6378137,298.257223563,AUTHORITY[\"EPSG\",\"7030\"]],AUTHORITY[\"EPSG\",\"6326\"]],PRIMEM[\"Greenwich\",0],UNIT[\"degree\",0.0174532925199433],AUTHORITY[\"EPSG\",\"4326\"]]",
		"json_geometry" : {
			"type" : "Point",
			"coordinates" : [ 3.2158058466700044, 51.220617740528 ]
		}
	},
	{
		"json_featuretype" : "BP08",
		"ID" : "BP08",
		"Parameter" : "13/11/2017",
		"Temperatuu" : "9",
		"Zuurstof_(" : "-",
		"Zuurstofpe" : "53,7",
		"pH_(6)" : "7,9",
		"Ammonium_(" : "0,4",
		"Nitraat_(1" : "3,38",
		"Orthofosfa" : "",
		"Chloride_(" : "352",
		"BOD_(23)" : "2,53",
		"COD_(24)" : "18,102",
		"TOC_(25)" : "6,2",
		"Totaal_sti" : "",
		"Sulfaat_(1" : "138",
		"Zware_meta" : "",
		"Lood" : "",
		"Zink" : "",
		"Chroom" : "",
		"Basis_Prat" : "2,74409645",
		"Totale_Pra" : "2,171905959",
		"csv_line_n" : "8",
		"Nummer" : "BP08",
		"Naam" : "Lisseweegse Vaart 4",
		"Ligging_me" : "",
		"Centrum" : "nee",
		"TPI04" : 3.6,
		"TPI05" : 3.5,
		"TPI06" : 2.8,
		"TPI07" : 3,
		"TPI08" : 0,
		"Aangemaakt op" : "07/11/2018",
		"json_ogc_wkt_crs" : "GEOGCS[\"WGS84 Lat/Longs\",DATUM[\"WGS_1984\",SPHEROID[\"World Geodetic System of 1984, GEM 10C\",6378137,298.257223563,AUTHORITY[\"EPSG\",\"7030\"]],AUTHORITY[\"EPSG\",\"6326\"]],PRIMEM[\"Greenwich\",0],UNIT[\"degree\",0.0174532925199433],AUTHORITY[\"EPSG\",\"4326\"]]",
		"json_geometry" : {
			"type" : "Point",
			"coordinates" : [ 3.2158058466700044, 51.220617740528 ]
		}
	}
]