[
	{
		"json_featuretype" : "BP09",
		"ID" : "BP09",
		"Parameter" : "7/03/2017",
		"Temperatuu" : "7",
		"Zuurstof_(" : "-",
		"Zuurstofpe" : "23,2",
		"pH_(6)" : "7,8",
		"Ammonium_(" : "",
		"Nitraat_(1" : "0,11",
		"Orthofosfa" : "0,07",
		"Chloride_(" : "4070",
		"BOD_(23)" : "3,49",
		"COD_(24)" : "32,246",
		"TOC_(25)" : "12,6",
		"Totaal_sti" : "2,3",
		"Sulfaat_(1" : "610",
		"Zware_meta" : "",
		"Lood" : "",
		"Zink" : "",
		"Chroom" : "",
		"Basis_Prat" : "5,3106616",
		"Totale_Pra" : "2,770426461",
		"csv_line_n" : "4",
		"Nummer" : "BP09",
		"Naam" : "Zijdelingse Vaart West 1",
		"Ligging_me" : "",
		"Centrum" : "nee",
		"TPI04" : 3.7,
		"TPI05" : 3.9,
		"TPI06" : 2.9,
		"TPI07" : 3.6,
		"TPI08" : 3.4,
		"Aangemaakt op" : "07/11/2018",
		"json_ogc_wkt_crs" : "GEOGCS[\"WGS84 Lat/Longs\",DATUM[\"WGS_1984\",SPHEROID[\"World Geodetic System of 1984, GEM 10C\",6378137,298.257223563,AUTHORITY[\"EPSG\",\"7030\"]],AUTHORITY[\"EPSG\",\"6326\"]],PRIMEM[\"Greenwich\",0],UNIT[\"degree\",0.0174532925199433],AUTHORITY[\"EPSG\",\"4326\"]]",
		"json_geometry" : {
			"type" : "Point",
			"coordinates" : [ 3.188553046633226, 51.321844061165564 ]
		}
	},
	{
		"json_featuretype" : "BP09",
		"ID" : "BP09",
		"Parameter" : "25/04/2017",
		"Temperatuu" : "10",
		"Zuurstof_(" : "-",
		"Zuurstofpe" : "39,3",
		"pH_(6)" : "7,7",
		"Ammonium_(" : "0,06",
		"Nitraat_(1" : "0,11",
		"Orthofosfa" : "0,42",
		"Chloride_(" : "10600",
		"BOD_(23)" : "3,235",
		"COD_(24)" : "28,489",
		"TOC_(25)" : "10,9",
		"Totaal_sti" : "2,3",
		"Sulfaat_(1" : "1460",
		"Zware_meta" : "",
		"Lood" : "",
		"Zink" : "",
		"Chroom" : "",
		"Basis_Prat" : "2,917639409",
		"Totale_Pra" : "1,943954556",
		"csv_line_n" : "5",
		"Nummer" : "BP09",
		"Naam" : "Zijdelingse Vaart West 1",
		"Ligging_me" : "",
		"Centrum" : "nee",
		"TPI04" : 3.7,
		"TPI05" : 3.9,
		"TPI06" : 2.9,
		"TPI07" : 3.6,
		"TPI08" : 3.4,
		"Aangemaakt op" : "07/11/2018",
		"json_ogc_wkt_crs" : "GEOGCS[\"WGS84 Lat/Longs\",DATUM[\"WGS_1984\",SPHEROID[\"World Geodetic System of 1984, GEM 10C\",6378137,298.257223563,AUTHORITY[\"EPSG\",\"7030\"]],AUTHORITY[\"EPSG\",\"6326\"]],PRIMEM[\"Greenwich\",0],UNIT[\"degree\",0.0174532925199433],AUTHORITY[\"EPSG\",\"4326\"]]",
		"json_geometry" : {
			"type" : "Point",
			"coordinates" : [ 3.188553046633226, 51.321844061165564 ]
		}
	},
	{
		"json_featuretype" : "BP09",
		"ID" : "BP09",
		"Parameter" : "4/07/2017",
		"Temperatuu" : "18,2",
		"Zuurstof_(" : "-",
		"Zuurstofpe" : "21,2",
		"pH_(6)" : "7,7",
		"Ammonium_(" : "1,26",
		"Nitraat_(1" : "0,03",
		"Orthofosfa" : "0,94",
		"Chloride_(" : "3130",
		"BOD_(23)" : "2,4715",
		"COD_(24)" : "17,2401",
		"TOC_(25)" : "5,81",
		"Totaal_sti" : "1,9",
		"Sulfaat_(1" : "490",
		"Zware_meta" : "",
		"Lood" : "",
		"Zink" : "",
		"Chroom" : "",
		"Basis_Prat" : "5,027603797",
		"Totale_Pra" : "2,8894428",
		"csv_line_n" : "6",
		"Nummer" : "BP09",
		"Naam" : "Zijdelingse Vaart West 1",
		"Ligging_me" : "",
		"Centrum" : "nee",
		"TPI04" : 3.7,
		"TPI05" : 3.9,
		"TPI06" : 2.9,
		"TPI07" : 3.6,
		"TPI08" : 3.4,
		"Aangemaakt op" : "07/11/2018",
		"json_ogc_wkt_crs" : "GEOGCS[\"WGS84 Lat/Longs\",DATUM[\"WGS_1984\",SPHEROID[\"World Geodetic System of 1984, GEM 10C\",6378137,298.257223563,AUTHORITY[\"EPSG\",\"7030\"]],AUTHORITY[\"EPSG\",\"6326\"]],PRIMEM[\"Greenwich\",0],UNIT[\"degree\",0.0174532925199433],AUTHORITY[\"EPSG\",\"4326\"]]",
		"json_geometry" : {
			"type" : "Point",
			"coordinates" : [ 3.188553046633226, 51.321844061165564 ]
		}
	},
	{
		"json_featuretype" : "BP09",
		"ID" : "BP09",
		"Parameter" : "19/09/2017",
		"Temperatuu" : "13,5",
		"Zuurstof_(" : "-",
		"Zuurstofpe" : "41,5",
		"pH_(6)" : "7,4",
		"Ammonium_(" : "0,9",
		"Nitraat_(1" : "1,55",
		"Orthofosfa" : "0,74",
		"Chloride_(" : "855",
		"BOD_(23)" : "3,34",
		"COD_(24)" : "30,036",
		"TOC_(25)" : "11,6",
		"Totaal_sti" : "3,8",
		"Sulfaat_(1" : "152",
		"Zware_meta" : "290,906",
		"Lood" : "",
		"Zink" : "",
		"Chroom" : "",
		"Basis_Prat" : "4,126152032",
		"Totale_Pra" : "4,939532799",
		"csv_line_n" : "7",
		"Nummer" : "BP09",
		"Naam" : "Zijdelingse Vaart West 1",
		"Ligging_me" : "",
		"Centrum" : "nee",
		"TPI04" : 3.7,
		"TPI05" : 3.9,
		"TPI06" : 2.9,
		"TPI07" : 3.6,
		"TPI08" : 3.4,
		"Aangemaakt op" : "07/11/2018",
		"json_ogc_wkt_crs" : "GEOGCS[\"WGS84 Lat/Longs\",DATUM[\"WGS_1984\",SPHEROID[\"World Geodetic System of 1984, GEM 10C\",6378137,298.257223563,AUTHORITY[\"EPSG\",\"7030\"]],AUTHORITY[\"EPSG\",\"6326\"]],PRIMEM[\"Greenwich\",0],UNIT[\"degree\",0.0174532925199433],AUTHORITY[\"EPSG\",\"4326\"]]",
		"json_geometry" : {
			"type" : "Point",
			"coordinates" : [ 3.188553046633226, 51.321844061165564 ]
		}
	},
	{
		"json_featuretype" : "BP09",
		"ID" : "BP09",
		"Parameter" : "14/11/2017",
		"Temperatuu" : "6,9",
		"Zuurstof_(" : "-",
		"Zuurstofpe" : "31,1",
		"pH_(6)" : "7,7",
		"Ammonium_(" : "0,4",
		"Nitraat_(1" : "0,6",
		"Orthofosfa" : "",
		"Chloride_(" : "6580",
		"BOD_(23)" : "3,325",
		"COD_(24)" : "29,815",
		"TOC_(25)" : "11,5",
		"Totaal_sti" : "2,4",
		"Sulfaat_(1" : "910",
		"Zware_meta" : "",
		"Lood" : "",
		"Zink" : "",
		"Chroom" : "",
		"Basis_Prat" : "3,95101405",
		"Totale_Pra" : "10,74772336",
		"csv_line_n" : "8",
		"Nummer" : "BP09",
		"Naam" : "Zijdelingse Vaart West 1",
		"Ligging_me" : "",
		"Centrum" : "nee",
		"TPI04" : 3.7,
		"TPI05" : 3.9,
		"TPI06" : 2.9,
		"TPI07" : 3.6,
		"TPI08" : 3.4,
		"Aangemaakt op" : "07/11/2018",
		"json_ogc_wkt_crs" : "GEOGCS[\"WGS84 Lat/Longs\",DATUM[\"WGS_1984\",SPHEROID[\"World Geodetic System of 1984, GEM 10C\",6378137,298.257223563,AUTHORITY[\"EPSG\",\"7030\"]],AUTHORITY[\"EPSG\",\"6326\"]],PRIMEM[\"Greenwich\",0],UNIT[\"degree\",0.0174532925199433],AUTHORITY[\"EPSG\",\"4326\"]]",
		"json_geometry" : {
			"type" : "Point",
			"coordinates" : [ 3.188553046633226, 51.321844061165564 ]
		}
	}
]