[
	{
		"json_featuretype" : "BP10",
		"ID" : "BP10",
		"Parameter" : "7/03/2017",
		"Temperatuu" : "7,1",
		"Zuurstof_(" : "-",
		"Zuurstofpe" : "59,5",
		"pH_(6)" : "7,7",
		"Ammonium_(" : "",
		"Nitraat_(1" : "0,11",
		"Orthofosfa" : "0,07",
		"Chloride_(" : "4390",
		"BOD_(23)" : "3,43",
		"COD_(24)" : "31,362",
		"TOC_(25)" : "12,2",
		"Totaal_sti" : "2",
		"Sulfaat_(1" : "640",
		"Zware_meta" : "",
		"Lood" : "",
		"Zink" : "",
		"Chroom" : "",
		"Basis_Prat" : "3,1881",
		"Totale_Pra" : "2,288216667",
		"csv_line_n" : "4",
		"Nummer" : "BP10",
		"Naam" : "Zijdelingse Vaart West 2",
		"Ligging_me" : "",
		"Centrum" : "nee",
		"TPI04" : 3.8,
		"TPI05" : 3.4,
		"TPI06" : 3.2,
		"TPI07" : 3.2,
		"TPI08" : 3.1,
		"Aangemaakt op" : "07/11/2018",
		"json_ogc_wkt_crs" : "GEOGCS[\"WGS84 Lat/Longs\",DATUM[\"WGS_1984\",SPHEROID[\"World Geodetic System of 1984, GEM 10C\",6378137,298.257223563,AUTHORITY[\"EPSG\",\"7030\"]],AUTHORITY[\"EPSG\",\"6326\"]],PRIMEM[\"Greenwich\",0],UNIT[\"degree\",0.0174532925199433],AUTHORITY[\"EPSG\",\"4326\"]]",
		"json_geometry" : {
			"type" : "Point",
			"coordinates" : [ 3.2008355644163857, 51.311977847840666 ]
		}
	},
	{
		"json_featuretype" : "BP10",
		"ID" : "BP10",
		"Parameter" : "25/04/2017",
		"Temperatuu" : "10,1",
		"Zuurstof_(" : "-",
		"Zuurstofpe" : "30,8",
		"pH_(6)" : "7,6",
		"Ammonium_(" : "0,03",
		"Nitraat_(1" : "0,004",
		"Orthofosfa" : "0,52",
		"Chloride_(" : "11200",
		"BOD_(23)" : "3,13",
		"COD_(24)" : "26,942",
		"TOC_(25)" : "10,2",
		"Totaal_sti" : "1,4",
		"Sulfaat_(1" : "1530",
		"Zware_meta" : "",
		"Lood" : "",
		"Zink" : "",
		"Chroom" : "",
		"Basis_Prat" : "3,139875128",
		"Totale_Pra" : "2,37325841",
		"csv_line_n" : "5",
		"Nummer" : "BP10",
		"Naam" : "Zijdelingse Vaart West 2",
		"Ligging_me" : "",
		"Centrum" : "nee",
		"TPI04" : 3.8,
		"TPI05" : 3.4,
		"TPI06" : 3.2,
		"TPI07" : 3.2,
		"TPI08" : 3.1,
		"Aangemaakt op" : "07/11/2018",
		"json_ogc_wkt_crs" : "GEOGCS[\"WGS84 Lat/Longs\",DATUM[\"WGS_1984\",SPHEROID[\"World Geodetic System of 1984, GEM 10C\",6378137,298.257223563,AUTHORITY[\"EPSG\",\"7030\"]],AUTHORITY[\"EPSG\",\"6326\"]],PRIMEM[\"Greenwich\",0],UNIT[\"degree\",0.0174532925199433],AUTHORITY[\"EPSG\",\"4326\"]]",
		"json_geometry" : {
			"type" : "Point",
			"coordinates" : [ 3.2008355644163857, 51.311977847840666 ]
		}
	},
	{
		"json_featuretype" : "BP10",
		"ID" : "BP10",
		"Parameter" : "4/07/2017",
		"Temperatuu" : "18,2",
		"Zuurstof_(" : "-",
		"Zuurstofpe" : "17,5",
		"pH_(6)" : "7,7",
		"Ammonium_(" : "1,27",
		"Nitraat_(1" : "0,03",
		"Orthofosfa" : "0,85",
		"Chloride_(" : "3340",
		"BOD_(23)" : "2,455",
		"COD_(24)" : "16,997",
		"TOC_(25)" : "5,7",
		"Totaal_sti" : "2",
		"Sulfaat_(1" : "510",
		"Zware_meta" : "",
		"Lood" : "",
		"Zink" : "",
		"Chroom" : "",
		"Basis_Prat" : "5,25529597",
		"Totale_Pra" : "3,578510915",
		"csv_line_n" : "6",
		"Nummer" : "BP10",
		"Naam" : "Zijdelingse Vaart West 2",
		"Ligging_me" : "",
		"Centrum" : "nee",
		"TPI04" : 3.8,
		"TPI05" : 3.4,
		"TPI06" : 3.2,
		"TPI07" : 3.2,
		"TPI08" : 3.1,
		"Aangemaakt op" : "07/11/2018",
		"json_ogc_wkt_crs" : "GEOGCS[\"WGS84 Lat/Longs\",DATUM[\"WGS_1984\",SPHEROID[\"World Geodetic System of 1984, GEM 10C\",6378137,298.257223563,AUTHORITY[\"EPSG\",\"7030\"]],AUTHORITY[\"EPSG\",\"6326\"]],PRIMEM[\"Greenwich\",0],UNIT[\"degree\",0.0174532925199433],AUTHORITY[\"EPSG\",\"4326\"]]",
		"json_geometry" : {
			"type" : "Point",
			"coordinates" : [ 3.2008355644163857, 51.311977847840666 ]
		}
	},
	{
		"json_featuretype" : "BP10",
		"ID" : "BP10",
		"Parameter" : "19/09/2017",
		"Temperatuu" : "13,5",
		"Zuurstof_(" : "-",
		"Zuurstofpe" : "35,7",
		"pH_(6)" : "7,4",
		"Ammonium_(" : "0,66",
		"Nitraat_(1" : "2,04",
		"Orthofosfa" : "0,81",
		"Chloride_(" : "1040",
		"BOD_(23)" : "3,685",
		"COD_(24)" : "35,119",
		"TOC_(25)" : "13,9",
		"Totaal_sti" : "4,2",
		"Sulfaat_(1" : "174",
		"Zware_meta" : "",
		"Lood" : "",
		"Zink" : "",
		"Chroom" : "",
		"Basis_Prat" : "4,256122821",
		"Totale_Pra" : "3,077007026",
		"csv_line_n" : "7",
		"Nummer" : "BP10",
		"Naam" : "Zijdelingse Vaart West 2",
		"Ligging_me" : "",
		"Centrum" : "nee",
		"TPI04" : 3.8,
		"TPI05" : 3.4,
		"TPI06" : 3.2,
		"TPI07" : 3.2,
		"TPI08" : 3.1,
		"Aangemaakt op" : "07/11/2018",
		"json_ogc_wkt_crs" : "GEOGCS[\"WGS84 Lat/Longs\",DATUM[\"WGS_1984\",SPHEROID[\"World Geodetic System of 1984, GEM 10C\",6378137,298.257223563,AUTHORITY[\"EPSG\",\"7030\"]],AUTHORITY[\"EPSG\",\"6326\"]],PRIMEM[\"Greenwich\",0],UNIT[\"degree\",0.0174532925199433],AUTHORITY[\"EPSG\",\"4326\"]]",
		"json_geometry" : {
			"type" : "Point",
			"coordinates" : [ 3.2008355644163857, 51.311977847840666 ]
		}
	},
	{
		"json_featuretype" : "BP10",
		"ID" : "BP10",
		"Parameter" : "13/11/2017",
		"Temperatuu" : "7,1",
		"Zuurstof_(" : "-",
		"Zuurstofpe" : "40,8",
		"pH_(6)" : "7,7",
		"Ammonium_(" : "0,25",
		"Nitraat_(1" : "0,59",
		"Orthofosfa" : "",
		"Chloride_(" : "6190",
		"BOD_(23)" : "3,355",
		"COD_(24)" : "30,257",
		"TOC_(25)" : "11,7",
		"Totaal_sti" : "2,1",
		"Sulfaat_(1" : "850",
		"Zware_meta" : "",
		"Lood" : "",
		"Zink" : "",
		"Chroom" : "",
		"Basis_Prat" : "3,319611698",
		"Totale_Pra" : "2,537100352",
		"csv_line_n" : "8",
		"Nummer" : "BP10",
		"Naam" : "Zijdelingse Vaart West 2",
		"Ligging_me" : "",
		"Centrum" : "nee",
		"TPI04" : 3.8,
		"TPI05" : 3.4,
		"TPI06" : 3.2,
		"TPI07" : 3.2,
		"TPI08" : 3.1,
		"Aangemaakt op" : "07/11/2018",
		"json_ogc_wkt_crs" : "GEOGCS[\"WGS84 Lat/Longs\",DATUM[\"WGS_1984\",SPHEROID[\"World Geodetic System of 1984, GEM 10C\",6378137,298.257223563,AUTHORITY[\"EPSG\",\"7030\"]],AUTHORITY[\"EPSG\",\"6326\"]],PRIMEM[\"Greenwich\",0],UNIT[\"degree\",0.0174532925199433],AUTHORITY[\"EPSG\",\"4326\"]]",
		"json_geometry" : {
			"type" : "Point",
			"coordinates" : [ 3.2008355644163857, 51.311977847840666 ]
		}
	}
]