[
	{
		"json_featuretype" : "BP12",
		"ID" : "BP12",
		"Parameter" : "7/03/2017",
		"Temperatuu" : "9,6",
		"Zuurstof_(" : "-",
		"Zuurstofpe" : "58,1",
		"pH_(6)" : "7,6",
		"Ammonium_(" : "",
		"Nitraat_(1" : "0,18",
		"Orthofosfa" : "0,08",
		"Chloride_(" : "1700",
		"BOD_(23)" : "2,47",
		"COD_(24)" : "17,218",
		"TOC_(25)" : "5,8",
		"Totaal_sti" : "",
		"Sulfaat_(1" : "312",
		"Zware_meta" : "",
		"Lood" : "",
		"Zink" : "",
		"Chroom" : "",
		"Basis_Prat" : "2,5369",
		"Totale_Pra" : "1,48821655",
		"csv_line_n" : "4",
		"Nummer" : "BP12",
		"Naam" : "Zijdelingse Vaart West 4",
		"Ligging_me" : "",
		"Centrum" : "nee",
		"TPI04" : 3,
		"TPI05" : 2.6,
		"TPI06" : 2.6,
		"TPI07" : 3,
		"TPI08" : 4.3,
		"Aangemaakt op" : "07/11/2018",
		"json_ogc_wkt_crs" : "GEOGCS[\"WGS84 Lat/Longs\",DATUM[\"WGS_1984\",SPHEROID[\"World Geodetic System of 1984, GEM 10C\",6378137,298.257223563,AUTHORITY[\"EPSG\",\"7030\"]],AUTHORITY[\"EPSG\",\"6326\"]],PRIMEM[\"Greenwich\",0],UNIT[\"degree\",0.0174532925199433],AUTHORITY[\"EPSG\",\"4326\"]]",
		"json_geometry" : {
			"type" : "Point",
			"coordinates" : [ 3.207844033418104, 51.26657372772555 ]
		}
	},
	{
		"json_featuretype" : "BP12",
		"ID" : "BP12",
		"Parameter" : "25/04/2017",
		"Temperatuu" : "11,3",
		"Zuurstof_(" : "-",
		"Zuurstofpe" : "69,7",
		"pH_(6)" : "8,1",
		"Ammonium_(" : "0,09",
		"Nitraat_(1" : "3,97",
		"Orthofosfa" : "0,13",
		"Chloride_(" : "280",
		"BOD_(23)" : "2,59",
		"COD_(24)" : "18,986",
		"TOC_(25)" : "6,6",
		"Totaal_sti" : "",
		"Sulfaat_(1" : "137",
		"Zware_meta" : "",
		"Lood" : "",
		"Zink" : "",
		"Chroom" : "",
		"Basis_Prat" : "1,793737886",
		"Totale_Pra" : "1,811144388",
		"csv_line_n" : "5",
		"Nummer" : "BP12",
		"Naam" : "Zijdelingse Vaart West 4",
		"Ligging_me" : "",
		"Centrum" : "nee",
		"TPI04" : 3,
		"TPI05" : 2.6,
		"TPI06" : 2.6,
		"TPI07" : 3,
		"TPI08" : 4.3,
		"Aangemaakt op" : "07/11/2018",
		"json_ogc_wkt_crs" : "GEOGCS[\"WGS84 Lat/Longs\",DATUM[\"WGS_1984\",SPHEROID[\"World Geodetic System of 1984, GEM 10C\",6378137,298.257223563,AUTHORITY[\"EPSG\",\"7030\"]],AUTHORITY[\"EPSG\",\"6326\"]],PRIMEM[\"Greenwich\",0],UNIT[\"degree\",0.0174532925199433],AUTHORITY[\"EPSG\",\"4326\"]]",
		"json_geometry" : {
			"type" : "Point",
			"coordinates" : [ 3.207844033418104, 51.26657372772555 ]
		}
	},
	{
		"json_featuretype" : "BP12",
		"ID" : "BP12",
		"Parameter" : "4/07/2017",
		"Temperatuu" : "18,1",
		"Zuurstof_(" : "-",
		"Zuurstofpe" : "86,5",
		"pH_(6)" : "8,1",
		"Ammonium_(" : "37,3",
		"Nitraat_(1" : "0,11",
		"Orthofosfa" : "2,51",
		"Chloride_(" : "990",
		"BOD_(23)" : "3,565",
		"COD_(24)" : "33,351",
		"TOC_(25)" : "13,1",
		"Totaal_sti" : "",
		"Sulfaat_(1" : "279",
		"Zware_meta" : "",
		"Lood" : "",
		"Zink" : "",
		"Chroom" : "",
		"Basis_Prat" : "17,40411376",
		"Totale_Pra" : "9,343858399",
		"csv_line_n" : "6",
		"Nummer" : "BP12",
		"Naam" : "Zijdelingse Vaart West 4",
		"Ligging_me" : "",
		"Centrum" : "nee",
		"TPI04" : 3,
		"TPI05" : 2.6,
		"TPI06" : 2.6,
		"TPI07" : 3,
		"TPI08" : 4.3,
		"Aangemaakt op" : "07/11/2018",
		"json_ogc_wkt_crs" : "GEOGCS[\"WGS84 Lat/Longs\",DATUM[\"WGS_1984\",SPHEROID[\"World Geodetic System of 1984, GEM 10C\",6378137,298.257223563,AUTHORITY[\"EPSG\",\"7030\"]],AUTHORITY[\"EPSG\",\"6326\"]],PRIMEM[\"Greenwich\",0],UNIT[\"degree\",0.0174532925199433],AUTHORITY[\"EPSG\",\"4326\"]]",
		"json_geometry" : {
			"type" : "Point",
			"coordinates" : [ 3.207844033418104, 51.26657372772555 ]
		}
	},
	{
		"json_featuretype" : "BP12",
		"ID" : "BP12",
		"Parameter" : "19/09/2017",
		"Temperatuu" : "14,5",
		"Zuurstof_(" : "-",
		"Zuurstofpe" : "58,2",
		"pH_(6)" : "8",
		"Ammonium_(" : "0,3",
		"Nitraat_(1" : "",
		"Orthofosfa" : "0,21",
		"Chloride_(" : "122",
		"BOD_(23)" : "2,482",
		"COD_(24)" : "17,3948",
		"TOC_(25)" : "5,88",
		"Totaal_sti" : "",
		"Sulfaat_(1" : "52",
		"Zware_meta" : "",
		"Lood" : "",
		"Zink" : "",
		"Chroom" : "",
		"Basis_Prat" : "2,44986524",
		"Totale_Pra" : "2,000852478",
		"csv_line_n" : "7",
		"Nummer" : "BP12",
		"Naam" : "Zijdelingse Vaart West 4",
		"Ligging_me" : "",
		"Centrum" : "nee",
		"TPI04" : 3,
		"TPI05" : 2.6,
		"TPI06" : 2.6,
		"TPI07" : 3,
		"TPI08" : 4.3,
		"Aangemaakt op" : "07/11/2018",
		"json_ogc_wkt_crs" : "GEOGCS[\"WGS84 Lat/Longs\",DATUM[\"WGS_1984\",SPHEROID[\"World Geodetic System of 1984, GEM 10C\",6378137,298.257223563,AUTHORITY[\"EPSG\",\"7030\"]],AUTHORITY[\"EPSG\",\"6326\"]],PRIMEM[\"Greenwich\",0],UNIT[\"degree\",0.0174532925199433],AUTHORITY[\"EPSG\",\"4326\"]]",
		"json_geometry" : {
			"type" : "Point",
			"coordinates" : [ 3.207844033418104, 51.26657372772555 ]
		}
	},
	{
		"json_featuretype" : "BP12",
		"ID" : "BP12",
		"Parameter" : "14/11/2017",
		"Temperatuu" : "8,4",
		"Zuurstof_(" : "-",
		"Zuurstofpe" : "22,4",
		"pH_(6)" : "7,8",
		"Ammonium_(" : "1,12",
		"Nitraat_(1" : "0,14",
		"Orthofosfa" : "",
		"Chloride_(" : "554",
		"BOD_(23)" : "3,22",
		"COD_(24)" : "28,268",
		"TOC_(25)" : "10,8",
		"Totaal_sti" : "",
		"Sulfaat_(1" : "154",
		"Zware_meta" : "",
		"Lood" : "",
		"Zink" : "",
		"Chroom" : "",
		"Basis_Prat" : "5,190783252",
		"Totale_Pra" : "3,111110017",
		"csv_line_n" : "8",
		"Nummer" : "BP12",
		"Naam" : "Zijdelingse Vaart West 4",
		"Ligging_me" : "",
		"Centrum" : "nee",
		"TPI04" : 3,
		"TPI05" : 2.6,
		"TPI06" : 2.6,
		"TPI07" : 3,
		"TPI08" : 4.3,
		"Aangemaakt op" : "07/11/2018",
		"json_ogc_wkt_crs" : "GEOGCS[\"WGS84 Lat/Longs\",DATUM[\"WGS_1984\",SPHEROID[\"World Geodetic System of 1984, GEM 10C\",6378137,298.257223563,AUTHORITY[\"EPSG\",\"7030\"]],AUTHORITY[\"EPSG\",\"6326\"]],PRIMEM[\"Greenwich\",0],UNIT[\"degree\",0.0174532925199433],AUTHORITY[\"EPSG\",\"4326\"]]",
		"json_geometry" : {
			"type" : "Point",
			"coordinates" : [ 3.207844033418104, 51.26657372772555 ]
		}
	}
]