[
	{
		"json_featuretype" : "BP13",
		"ID" : "BP13",
		"Parameter;" : "7/03/2017;7",
		"csv_line_n" : "4",
		"Nummer" : "BP13",
		"Naam" : "Zijdelingse Vaart West 5",
		"Ligging_me" : "",
		"Centrum" : "nee",
		"TPI04" : 2.2,
		"TPI05" : 2.2,
		"TPI06" : 3,
		"TPI07" : 2.3,
		"TPI08" : 2.1,
		"Aangemaakt op" : "07/11/2018",
		"json_ogc_wkt_crs" : "GEOGCS[\"WGS84 Lat/Longs\",DATUM[\"WGS_1984\",SPHEROID[\"World Geodetic System of 1984, GEM 10C\",6378137,298.257223563,AUTHORITY[\"EPSG\",\"7030\"]],AUTHORITY[\"EPSG\",\"6326\"]],PRIMEM[\"Greenwich\",0],UNIT[\"degree\",0.0174532925199433],AUTHORITY[\"EPSG\",\"4326\"]]",
		"json_geometry" : {
			"type" : "Point",
			"coordinates" : [ 3.212867748318154, 51.24693260018856 ]
		}
	},
	{
		"json_featuretype" : "BP13",
		"ID" : "BP13",
		"Parameter;" : "25/04/2017;10",
		"csv_line_n" : "5",
		"Nummer" : "BP13",
		"Naam" : "Zijdelingse Vaart West 5",
		"Ligging_me" : "",
		"Centrum" : "nee",
		"TPI04" : 2.2,
		"TPI05" : 2.2,
		"TPI06" : 3,
		"TPI07" : 2.3,
		"TPI08" : 2.1,
		"Aangemaakt op" : "07/11/2018",
		"json_ogc_wkt_crs" : "GEOGCS[\"WGS84 Lat/Longs\",DATUM[\"WGS_1984\",SPHEROID[\"World Geodetic System of 1984, GEM 10C\",6378137,298.257223563,AUTHORITY[\"EPSG\",\"7030\"]],AUTHORITY[\"EPSG\",\"6326\"]],PRIMEM[\"Greenwich\",0],UNIT[\"degree\",0.0174532925199433],AUTHORITY[\"EPSG\",\"4326\"]]",
		"json_geometry" : {
			"type" : "Point",
			"coordinates" : [ 3.212867748318154, 51.24693260018856 ]
		}
	},
	{
		"json_featuretype" : "BP13",
		"ID" : "BP13",
		"Parameter;" : "4/07/2017;17",
		"csv_line_n" : "6",
		"Nummer" : "BP13",
		"Naam" : "Zijdelingse Vaart West 5",
		"Ligging_me" : "",
		"Centrum" : "nee",
		"TPI04" : 2.2,
		"TPI05" : 2.2,
		"TPI06" : 3,
		"TPI07" : 2.3,
		"TPI08" : 2.1,
		"Aangemaakt op" : "07/11/2018",
		"json_ogc_wkt_crs" : "GEOGCS[\"WGS84 Lat/Longs\",DATUM[\"WGS_1984\",SPHEROID[\"World Geodetic System of 1984, GEM 10C\",6378137,298.257223563,AUTHORITY[\"EPSG\",\"7030\"]],AUTHORITY[\"EPSG\",\"6326\"]],PRIMEM[\"Greenwich\",0],UNIT[\"degree\",0.0174532925199433],AUTHORITY[\"EPSG\",\"4326\"]]",
		"json_geometry" : {
			"type" : "Point",
			"coordinates" : [ 3.212867748318154, 51.24693260018856 ]
		}
	},
	{
		"json_featuretype" : "BP13",
		"ID" : "BP13",
		"Parameter;" : "19/09/2017;15",
		"csv_line_n" : "7",
		"Nummer" : "BP13",
		"Naam" : "Zijdelingse Vaart West 5",
		"Ligging_me" : "",
		"Centrum" : "nee",
		"TPI04" : 2.2,
		"TPI05" : 2.2,
		"TPI06" : 3,
		"TPI07" : 2.3,
		"TPI08" : 2.1,
		"Aangemaakt op" : "07/11/2018",
		"json_ogc_wkt_crs" : "GEOGCS[\"WGS84 Lat/Longs\",DATUM[\"WGS_1984\",SPHEROID[\"World Geodetic System of 1984, GEM 10C\",6378137,298.257223563,AUTHORITY[\"EPSG\",\"7030\"]],AUTHORITY[\"EPSG\",\"6326\"]],PRIMEM[\"Greenwich\",0],UNIT[\"degree\",0.0174532925199433],AUTHORITY[\"EPSG\",\"4326\"]]",
		"json_geometry" : {
			"type" : "Point",
			"coordinates" : [ 3.212867748318154, 51.24693260018856 ]
		}
	},
	{
		"json_featuretype" : "BP13",
		"ID" : "BP13",
		"Parameter;" : "14/11/2017;7;-;60",
		"csv_line_n" : "8",
		"Nummer" : "BP13",
		"Naam" : "Zijdelingse Vaart West 5",
		"Ligging_me" : "",
		"Centrum" : "nee",
		"TPI04" : 2.2,
		"TPI05" : 2.2,
		"TPI06" : 3,
		"TPI07" : 2.3,
		"TPI08" : 2.1,
		"Aangemaakt op" : "07/11/2018",
		"json_ogc_wkt_crs" : "GEOGCS[\"WGS84 Lat/Longs\",DATUM[\"WGS_1984\",SPHEROID[\"World Geodetic System of 1984, GEM 10C\",6378137,298.257223563,AUTHORITY[\"EPSG\",\"7030\"]],AUTHORITY[\"EPSG\",\"6326\"]],PRIMEM[\"Greenwich\",0],UNIT[\"degree\",0.0174532925199433],AUTHORITY[\"EPSG\",\"4326\"]]",
		"json_geometry" : {
			"type" : "Point",
			"coordinates" : [ 3.212867748318154, 51.24693260018856 ]
		}
	}
]