[
	{
		"json_featuretype" : "BP15",
		"ID" : "BP15",
		"Parameter" : "6/03/2017",
		"Temperatuu" : "8",
		"Zuurstof_(" : "-",
		"Zuurstofpe" : "54",
		"pH_(6)" : "7,6",
		"Ammonium_(" : "0,78",
		"Nitraat_(1" : "0,51",
		"Orthofosfa" : "0,17",
		"Chloride_(" : "119",
		"BOD_(23)" : "2,845",
		"COD_(24)" : "22,743",
		"TOC_(25)" : "8,3",
		"Totaal_sti" : "2,3",
		"Sulfaat_(1" : "76",
		"Zware_meta" : "",
		"Lood" : "",
		"Zink" : "",
		"Chroom" : "",
		"Basis_Prat" : "3,366714412",
		"Totale_Pra" : "2,175564968",
		"csv_line_n" : "4",
		"Nummer" : "BP15",
		"Naam" : "Blauwe Torengeleed",
		"Ligging_me" : "",
		"Centrum" : "nee",
		"TPI04" : 3.8,
		"TPI05" : 3.3,
		"TPI06" : 3,
		"TPI07" : 3,
		"TPI08" : 0,
		"Aangemaakt op" : "07/11/2018",
		"json_ogc_wkt_crs" : "GEOGCS[\"WGS84 Lat/Longs\",DATUM[\"WGS_1984\",SPHEROID[\"World Geodetic System of 1984, GEM 10C\",6378137,298.257223563,AUTHORITY[\"EPSG\",\"7030\"]],AUTHORITY[\"EPSG\",\"6326\"]],PRIMEM[\"Greenwich\",0],UNIT[\"degree\",0.0174532925199433],AUTHORITY[\"EPSG\",\"4326\"]]",
		"json_geometry" : {
			"type" : "Point",
			"coordinates" : [ 3.200382565858704, 51.23846513623273 ]
		}
	},
	{
		"json_featuretype" : "BP15",
		"ID" : "BP15",
		"Parameter" : "24/04/2017",
		"Temperatuu" : "12,4",
		"Zuurstof_(" : "-",
		"Zuurstofpe" : "79,9",
		"pH_(6)" : "7,7",
		"Ammonium_(" : "0,32",
		"Nitraat_(1" : "3,04",
		"Orthofosfa" : "0,13",
		"Chloride_(" : "271",
		"BOD_(23)" : "2,545",
		"COD_(24)" : "18,323",
		"TOC_(25)" : "6,3",
		"Totaal_sti" : "4,6",
		"Sulfaat_(1" : "126",
		"Zware_meta" : "",
		"Lood" : "",
		"Zink" : "",
		"Chroom" : "",
		"Basis_Prat" : "1,933594204",
		"Totale_Pra" : "1,690112089",
		"csv_line_n" : "5",
		"Nummer" : "BP15",
		"Naam" : "Blauwe Torengeleed",
		"Ligging_me" : "",
		"Centrum" : "nee",
		"TPI04" : 3.8,
		"TPI05" : 3.3,
		"TPI06" : 3,
		"TPI07" : 3,
		"TPI08" : 0,
		"Aangemaakt op" : "07/11/2018",
		"json_ogc_wkt_crs" : "GEOGCS[\"WGS84 Lat/Longs\",DATUM[\"WGS_1984\",SPHEROID[\"World Geodetic System of 1984, GEM 10C\",6378137,298.257223563,AUTHORITY[\"EPSG\",\"7030\"]],AUTHORITY[\"EPSG\",\"6326\"]],PRIMEM[\"Greenwich\",0],UNIT[\"degree\",0.0174532925199433],AUTHORITY[\"EPSG\",\"4326\"]]",
		"json_geometry" : {
			"type" : "Point",
			"coordinates" : [ 3.200382565858704, 51.23846513623273 ]
		}
	},
	{
		"json_featuretype" : "BP15",
		"ID" : "BP15",
		"Parameter" : "3/07/2017",
		"Temperatuu" : "19,1",
		"Zuurstof_(" : "-",
		"Zuurstofpe" : "42,6",
		"pH_(6)" : "7,8",
		"Ammonium_(" : "0,46",
		"Nitraat_(1" : "0,84",
		"Orthofosfa" : "0,31",
		"Chloride_(" : "455",
		"BOD_(23)" : "2,263",
		"COD_(24)" : "14,1682",
		"TOC_(25)" : "4,42",
		"Totaal_sti" : "1,5",
		"Sulfaat_(1" : "149",
		"Zware_meta" : "",
		"Lood" : "",
		"Zink" : "",
		"Chroom" : "",
		"Basis_Prat" : "3,034808007",
		"Totale_Pra" : "2,034668239",
		"csv_line_n" : "6",
		"Nummer" : "BP15",
		"Naam" : "Blauwe Torengeleed",
		"Ligging_me" : "",
		"Centrum" : "nee",
		"TPI04" : 3.8,
		"TPI05" : 3.3,
		"TPI06" : 3,
		"TPI07" : 3,
		"TPI08" : 0,
		"Aangemaakt op" : "07/11/2018",
		"json_ogc_wkt_crs" : "GEOGCS[\"WGS84 Lat/Longs\",DATUM[\"WGS_1984\",SPHEROID[\"World Geodetic System of 1984, GEM 10C\",6378137,298.257223563,AUTHORITY[\"EPSG\",\"7030\"]],AUTHORITY[\"EPSG\",\"6326\"]],PRIMEM[\"Greenwich\",0],UNIT[\"degree\",0.0174532925199433],AUTHORITY[\"EPSG\",\"4326\"]]",
		"json_geometry" : {
			"type" : "Point",
			"coordinates" : [ 3.200382565858704, 51.23846513623273 ]
		}
	},
	{
		"json_featuretype" : "BP15",
		"ID" : "BP15",
		"Parameter" : "12/09/2017",
		"Temperatuu" : "14,8",
		"Zuurstof_(" : "-",
		"Zuurstofpe" : "62,6",
		"pH_(6)" : "7,7",
		"Ammonium_(" : "0,9",
		"Nitraat_(1" : "",
		"Orthofosfa" : "0,41",
		"Chloride_(" : "210",
		"BOD_(23)" : "2,509",
		"COD_(24)" : "17,7926",
		"TOC_(25)" : "6,06",
		"Totaal_sti" : "1,8",
		"Sulfaat_(1" : "63",
		"Zware_meta" : "",
		"Lood" : "",
		"Zink" : "",
		"Chroom" : "",
		"Basis_Prat" : "3,103212032",
		"Totale_Pra" : "2,294460553",
		"csv_line_n" : "7",
		"Nummer" : "BP15",
		"Naam" : "Blauwe Torengeleed",
		"Ligging_me" : "",
		"Centrum" : "nee",
		"TPI04" : 3.8,
		"TPI05" : 3.3,
		"TPI06" : 3,
		"TPI07" : 3,
		"TPI08" : 0,
		"Aangemaakt op" : "07/11/2018",
		"json_ogc_wkt_crs" : "GEOGCS[\"WGS84 Lat/Longs\",DATUM[\"WGS_1984\",SPHEROID[\"World Geodetic System of 1984, GEM 10C\",6378137,298.257223563,AUTHORITY[\"EPSG\",\"7030\"]],AUTHORITY[\"EPSG\",\"6326\"]],PRIMEM[\"Greenwich\",0],UNIT[\"degree\",0.0174532925199433],AUTHORITY[\"EPSG\",\"4326\"]]",
		"json_geometry" : {
			"type" : "Point",
			"coordinates" : [ 3.200382565858704, 51.23846513623273 ]
		}
	},
	{
		"json_featuretype" : "BP15",
		"ID" : "BP15",
		"Parameter" : "13/11/2017",
		"Temperatuu" : "8,7",
		"Zuurstof_(" : "-",
		"Zuurstofpe" : "36,4",
		"pH_(6)" : "8",
		"Ammonium_(" : "1,24",
		"Nitraat_(1" : "0,89",
		"Orthofosfa" : "",
		"Chloride_(" : "194",
		"BOD_(23)" : "2,74",
		"COD_(24)" : "21,196",
		"TOC_(25)" : "7,6",
		"Totaal_sti" : "3,2",
		"Sulfaat_(1" : "82",
		"Zware_meta" : "",
		"Lood" : "",
		"Zink" : "",
		"Chroom" : "",
		"Basis_Prat" : "4,371351987",
		"Totale_Pra" : "2,82186512",
		"csv_line_n" : "8",
		"Nummer" : "BP15",
		"Naam" : "Blauwe Torengeleed",
		"Ligging_me" : "",
		"Centrum" : "nee",
		"TPI04" : 3.8,
		"TPI05" : 3.3,
		"TPI06" : 3,
		"TPI07" : 3,
		"TPI08" : 0,
		"Aangemaakt op" : "07/11/2018",
		"json_ogc_wkt_crs" : "GEOGCS[\"WGS84 Lat/Longs\",DATUM[\"WGS_1984\",SPHEROID[\"World Geodetic System of 1984, GEM 10C\",6378137,298.257223563,AUTHORITY[\"EPSG\",\"7030\"]],AUTHORITY[\"EPSG\",\"6326\"]],PRIMEM[\"Greenwich\",0],UNIT[\"degree\",0.0174532925199433],AUTHORITY[\"EPSG\",\"4326\"]]",
		"json_geometry" : {
			"type" : "Point",
			"coordinates" : [ 3.200382565858704, 51.23846513623273 ]
		}
	}
]