[
	{
		"json_featuretype" : "BP16",
		"ID" : "BP16",
		"Parameter" : "6/03/2017",
		"Temperatuu" : "7,5",
		"Zuurstof_(" : "-",
		"Zuurstofpe" : "69,7",
		"pH_(6)" : "7,8",
		"Ammonium_(" : "0,39",
		"Nitraat_(1" : "0,54",
		"Orthofosfa" : "0,1",
		"Chloride_(" : "392",
		"BOD_(23)" : "3,1",
		"COD_(24)" : "26,5",
		"TOC_(25)" : "10",
		"Totaal_sti" : "1,9",
		"Sulfaat_(1" : "103",
		"Zware_meta" : "",
		"Lood" : "",
		"Zink" : "",
		"Chroom" : "",
		"Basis_Prat" : "2,582977555",
		"Totale_Pra" : "1,86296822",
		"csv_line_n" : "4",
		"Nummer" : "BP16",
		"Naam" : "Molengeleed",
		"Ligging_me" : "",
		"Centrum" : "nee",
		"TPI04" : 4.5,
		"TPI05" : 3.8,
		"TPI06" : 3.5,
		"TPI07" : 3.5,
		"TPI08" : 0,
		"Aangemaakt op" : "07/11/2018",
		"json_ogc_wkt_crs" : "GEOGCS[\"WGS84 Lat/Longs\",DATUM[\"WGS_1984\",SPHEROID[\"World Geodetic System of 1984, GEM 10C\",6378137,298.257223563,AUTHORITY[\"EPSG\",\"7030\"]],AUTHORITY[\"EPSG\",\"6326\"]],PRIMEM[\"Greenwich\",0],UNIT[\"degree\",0.0174532925199433],AUTHORITY[\"EPSG\",\"4326\"]]",
		"json_geometry" : {
			"type" : "Point",
			"coordinates" : [ 3.1874085442486413, 51.22290677111859 ]
		}
	},
	{
		"json_featuretype" : "BP16",
		"ID" : "BP16",
		"Parameter" : "24/04/2017",
		"Temperatuu" : "11,7",
		"Zuurstof_(" : "-",
		"Zuurstofpe" : "70,1",
		"pH_(6)" : "7,9",
		"Ammonium_(" : "0,23",
		"Nitraat_(1" : "0,21",
		"Orthofosfa" : "0,01",
		"Chloride_(" : "306",
		"BOD_(23)" : "3,505",
		"COD_(24)" : "32,467",
		"TOC_(25)" : "12,7",
		"Totaal_sti" : "2,3",
		"Sulfaat_(1" : "57",
		"Zware_meta" : "",
		"Lood" : "",
		"Zink" : "",
		"Chroom" : "",
		"Basis_Prat" : "2,518143826",
		"Totale_Pra" : "1,849770818",
		"csv_line_n" : "5",
		"Nummer" : "BP16",
		"Naam" : "Molengeleed",
		"Ligging_me" : "",
		"Centrum" : "nee",
		"TPI04" : 4.5,
		"TPI05" : 3.8,
		"TPI06" : 3.5,
		"TPI07" : 3.5,
		"TPI08" : 0,
		"Aangemaakt op" : "07/11/2018",
		"json_ogc_wkt_crs" : "GEOGCS[\"WGS84 Lat/Longs\",DATUM[\"WGS_1984\",SPHEROID[\"World Geodetic System of 1984, GEM 10C\",6378137,298.257223563,AUTHORITY[\"EPSG\",\"7030\"]],AUTHORITY[\"EPSG\",\"6326\"]],PRIMEM[\"Greenwich\",0],UNIT[\"degree\",0.0174532925199433],AUTHORITY[\"EPSG\",\"4326\"]]",
		"json_geometry" : {
			"type" : "Point",
			"coordinates" : [ 3.1874085442486413, 51.22290677111859 ]
		}
	},
	{
		"json_featuretype" : "BP16",
		"ID" : "BP16",
		"Parameter" : "3/07/2017",
		"Temperatuu" : "18,1",
		"Zuurstof_(" : "-",
		"Zuurstofpe" : "23,8",
		"pH_(6)" : "8,1",
		"Ammonium_(" : "0,85",
		"Nitraat_(1" : "0,15",
		"Orthofosfa" : "0,22",
		"Chloride_(" : "870",
		"BOD_(23)" : "2,251",
		"COD_(24)" : "13,9914",
		"TOC_(25)" : "4,34",
		"Totaal_sti" : "1,34",
		"Sulfaat_(1" : "190",
		"Zware_meta" : "",
		"Lood" : "",
		"Zink" : "",
		"Chroom" : "",
		"Basis_Prat" : "4,357131843",
		"Totale_Pra" : "2,68390343",
		"csv_line_n" : "6",
		"Nummer" : "BP16",
		"Naam" : "Molengeleed",
		"Ligging_me" : "",
		"Centrum" : "nee",
		"TPI04" : 4.5,
		"TPI05" : 3.8,
		"TPI06" : 3.5,
		"TPI07" : 3.5,
		"TPI08" : 0,
		"Aangemaakt op" : "07/11/2018",
		"json_ogc_wkt_crs" : "GEOGCS[\"WGS84 Lat/Longs\",DATUM[\"WGS_1984\",SPHEROID[\"World Geodetic System of 1984, GEM 10C\",6378137,298.257223563,AUTHORITY[\"EPSG\",\"7030\"]],AUTHORITY[\"EPSG\",\"6326\"]],PRIMEM[\"Greenwich\",0],UNIT[\"degree\",0.0174532925199433],AUTHORITY[\"EPSG\",\"4326\"]]",
		"json_geometry" : {
			"type" : "Point",
			"coordinates" : [ 3.1874085442486413, 51.22290677111859 ]
		}
	},
	{
		"json_featuretype" : "BP16",
		"ID" : "BP16",
		"Parameter" : "12/09/2017",
		"Temperatuu" : "14,6",
		"Zuurstof_(" : "-",
		"Zuurstofpe" : "45",
		"pH_(6)" : "7,6",
		"Ammonium_(" : "0,67",
		"Nitraat_(1" : "",
		"Orthofosfa" : "0,19",
		"Chloride_(" : "121",
		"BOD_(23)" : "2,5705",
		"COD_(24)" : "18,6987",
		"TOC_(25)" : "6,47",
		"Totaal_sti" : "1,9",
		"Sulfaat_(1" : "48",
		"Zware_meta" : "",
		"Lood" : "",
		"Zink" : "",
		"Chroom" : "",
		"Basis_Prat" : "3,370282157",
		"Totale_Pra" : "2,436902628",
		"csv_line_n" : "7",
		"Nummer" : "BP16",
		"Naam" : "Molengeleed",
		"Ligging_me" : "",
		"Centrum" : "nee",
		"TPI04" : 4.5,
		"TPI05" : 3.8,
		"TPI06" : 3.5,
		"TPI07" : 3.5,
		"TPI08" : 0,
		"Aangemaakt op" : "07/11/2018",
		"json_ogc_wkt_crs" : "GEOGCS[\"WGS84 Lat/Longs\",DATUM[\"WGS_1984\",SPHEROID[\"World Geodetic System of 1984, GEM 10C\",6378137,298.257223563,AUTHORITY[\"EPSG\",\"7030\"]],AUTHORITY[\"EPSG\",\"6326\"]],PRIMEM[\"Greenwich\",0],UNIT[\"degree\",0.0174532925199433],AUTHORITY[\"EPSG\",\"4326\"]]",
		"json_geometry" : {
			"type" : "Point",
			"coordinates" : [ 3.1874085442486413, 51.22290677111859 ]
		}
	},
	{
		"json_featuretype" : "BP16",
		"ID" : "BP16",
		"Parameter" : "13/11/2017",
		"Temperatuu" : "8,2",
		"Zuurstof_(" : "-",
		"Zuurstofpe" : "36,4",
		"pH_(6)" : "7,5",
		"Ammonium_(" : "1,53",
		"Nitraat_(1" : "0,54",
		"Orthofosfa" : "",
		"Chloride_(" : "179",
		"BOD_(23)" : "3,1",
		"COD_(24)" : "26,5",
		"TOC_(25)" : "10",
		"Totaal_sti" : "3,4",
		"Sulfaat_(1" : "47,2",
		"Zware_meta" : "",
		"Lood" : "",
		"Zink" : "",
		"Chroom" : "",
		"Basis_Prat" : "4,811362218",
		"Totale_Pra" : "2,912160552",
		"csv_line_n" : "8",
		"Nummer" : "BP16",
		"Naam" : "Molengeleed",
		"Ligging_me" : "",
		"Centrum" : "nee",
		"TPI04" : 4.5,
		"TPI05" : 3.8,
		"TPI06" : 3.5,
		"TPI07" : 3.5,
		"TPI08" : 0,
		"Aangemaakt op" : "07/11/2018",
		"json_ogc_wkt_crs" : "GEOGCS[\"WGS84 Lat/Longs\",DATUM[\"WGS_1984\",SPHEROID[\"World Geodetic System of 1984, GEM 10C\",6378137,298.257223563,AUTHORITY[\"EPSG\",\"7030\"]],AUTHORITY[\"EPSG\",\"6326\"]],PRIMEM[\"Greenwich\",0],UNIT[\"degree\",0.0174532925199433],AUTHORITY[\"EPSG\",\"4326\"]]",
		"json_geometry" : {
			"type" : "Point",
			"coordinates" : [ 3.1874085442486413, 51.22290677111859 ]
		}
	}
]