[
	{
		"json_featuretype" : "BP17",
		"ID" : "BP17",
		"Parameter" : "7/02/2017",
		"Temperatuu" : "6,2",
		"Zuurstof_(" : "-",
		"Zuurstofpe" : "63,3",
		"pH_(6)" : "7,5",
		"Ammonium_(" : "0,81",
		"Nitraat_(1" : "6,64",
		"Orthofosfa" : "0,21",
		"Chloride_(" : "134",
		"BOD_(23)" : "2,725",
		"COD_(24)" : "20,975",
		"TOC_(25)" : "7,5",
		"Totaal_sti" : "7,1",
		"Sulfaat_(1" : "97",
		"Zware_meta" : "",
		"Lood" : "",
		"Zink" : "",
		"Chroom" : "",
		"Basis_Prat" : "3,093148095",
		"Totale_Pra" : "2,479086068",
		"csv_line_n" : "4",
		"Nummer" : "BP17",
		"Naam" : "Boterbeek",
		"Ligging_me" : "",
		"Centrum" : "nee",
		"TPI04" : 4.1,
		"TPI05" : 3.2,
		"TPI06" : 4,
		"TPI07" : 3.2,
		"TPI08" : 3.9,
		"Aangemaakt op" : "07/11/2018",
		"json_ogc_wkt_crs" : "GEOGCS[\"WGS84 Lat/Longs\",DATUM[\"WGS_1984\",SPHEROID[\"World Geodetic System of 1984, GEM 10C\",6378137,298.257223563,AUTHORITY[\"EPSG\",\"7030\"]],AUTHORITY[\"EPSG\",\"6326\"]],PRIMEM[\"Greenwich\",0],UNIT[\"degree\",0.0174532925199433],AUTHORITY[\"EPSG\",\"4326\"]]",
		"json_geometry" : {
			"type" : "Point",
			"coordinates" : [ 3.1892004913321386, 51.21692054697196 ]
		}
	},
	{
		"json_featuretype" : "BP17",
		"ID" : "BP17",
		"Parameter" : "13/03/2017",
		"Temperatuu" : "9,8",
		"Zuurstof_(" : "-",
		"Zuurstofpe" : "68,2",
		"pH_(6)" : "7,3",
		"Ammonium_(" : "0,34",
		"Nitraat_(1" : "5,32",
		"Orthofosfa" : "0,13",
		"Chloride_(" : "235",
		"BOD_(23)" : "3,01",
		"COD_(24)" : "25,174",
		"TOC_(25)" : "9,4",
		"Totaal_sti" : "6,5",
		"Sulfaat_(1" : "98",
		"Zware_meta" : "",
		"Lood" : "",
		"Zink" : "",
		"Chroom" : "",
		"Basis_Prat" : "2,504701045",
		"Totale_Pra" : "1,691641498",
		"csv_line_n" : "5",
		"Nummer" : "BP17",
		"Naam" : "Boterbeek",
		"Ligging_me" : "",
		"Centrum" : "nee",
		"TPI04" : 4.1,
		"TPI05" : 3.2,
		"TPI06" : 4,
		"TPI07" : 3.2,
		"TPI08" : 3.9,
		"Aangemaakt op" : "07/11/2018",
		"json_ogc_wkt_crs" : "GEOGCS[\"WGS84 Lat/Longs\",DATUM[\"WGS_1984\",SPHEROID[\"World Geodetic System of 1984, GEM 10C\",6378137,298.257223563,AUTHORITY[\"EPSG\",\"7030\"]],AUTHORITY[\"EPSG\",\"6326\"]],PRIMEM[\"Greenwich\",0],UNIT[\"degree\",0.0174532925199433],AUTHORITY[\"EPSG\",\"4326\"]]",
		"json_geometry" : {
			"type" : "Point",
			"coordinates" : [ 3.1892004913321386, 51.21692054697196 ]
		}
	},
	{
		"json_featuretype" : "BP17",
		"ID" : "BP17",
		"Parameter" : "2/05/2017",
		"Temperatuu" : "12,9",
		"Zuurstof_(" : "-",
		"Zuurstofpe" : "91,6",
		"pH_(6)" : "7,8",
		"Ammonium_(" : "0,14",
		"Nitraat_(1" : "4,34",
		"Orthofosfa" : "0,18",
		"Chloride_(" : "183",
		"BOD_(23)" : "2,5",
		"COD_(24)" : "17,66",
		"TOC_(25)" : "6",
		"Totaal_sti" : "5,6",
		"Sulfaat_(1" : "111",
		"Zware_meta" : "",
		"Lood" : "",
		"Zink" : "",
		"Chroom" : "",
		"Basis_Prat" : "1,279239197",
		"Totale_Pra" : "1,473513041",
		"csv_line_n" : "6",
		"Nummer" : "BP17",
		"Naam" : "Boterbeek",
		"Ligging_me" : "",
		"Centrum" : "nee",
		"TPI04" : 4.1,
		"TPI05" : 3.2,
		"TPI06" : 4,
		"TPI07" : 3.2,
		"TPI08" : 3.9,
		"Aangemaakt op" : "07/11/2018",
		"json_ogc_wkt_crs" : "GEOGCS[\"WGS84 Lat/Longs\",DATUM[\"WGS_1984\",SPHEROID[\"World Geodetic System of 1984, GEM 10C\",6378137,298.257223563,AUTHORITY[\"EPSG\",\"7030\"]],AUTHORITY[\"EPSG\",\"6326\"]],PRIMEM[\"Greenwich\",0],UNIT[\"degree\",0.0174532925199433],AUTHORITY[\"EPSG\",\"4326\"]]",
		"json_geometry" : {
			"type" : "Point",
			"coordinates" : [ 3.1892004913321386, 51.21692054697196 ]
		}
	},
	{
		"json_featuretype" : "BP17",
		"ID" : "BP17",
		"Parameter" : "27/06/2017",
		"Temperatuu" : "20,5",
		"Zuurstof_(" : "-",
		"Zuurstofpe" : "44,5",
		"pH_(6)" : "7,7",
		"Ammonium_(" : "0,96",
		"Nitraat_(1" : "0,95",
		"Orthofosfa" : "0,28",
		"Chloride_(" : "277",
		"BOD_(23)" : "3,115",
		"COD_(24)" : "26,721",
		"TOC_(25)" : "10,1",
		"Totaal_sti" : "2,9",
		"Sulfaat_(1" : "103",
		"Zware_meta" : "",
		"Lood" : "",
		"Zink" : "",
		"Chroom" : "",
		"Basis_Prat" : "3,974528585",
		"Totale_Pra" : "2,587070684",
		"csv_line_n" : "7",
		"Nummer" : "BP17",
		"Naam" : "Boterbeek",
		"Ligging_me" : "",
		"Centrum" : "nee",
		"TPI04" : 4.1,
		"TPI05" : 3.2,
		"TPI06" : 4,
		"TPI07" : 3.2,
		"TPI08" : 3.9,
		"Aangemaakt op" : "07/11/2018",
		"json_ogc_wkt_crs" : "GEOGCS[\"WGS84 Lat/Longs\",DATUM[\"WGS_1984\",SPHEROID[\"World Geodetic System of 1984, GEM 10C\",6378137,298.257223563,AUTHORITY[\"EPSG\",\"7030\"]],AUTHORITY[\"EPSG\",\"6326\"]],PRIMEM[\"Greenwich\",0],UNIT[\"degree\",0.0174532925199433],AUTHORITY[\"EPSG\",\"4326\"]]",
		"json_geometry" : {
			"type" : "Point",
			"coordinates" : [ 3.1892004913321386, 51.21692054697196 ]
		}
	},
	{
		"json_featuretype" : "BP17",
		"ID" : "BP17",
		"Parameter" : "29/08/2017",
		"Temperatuu" : "23,6",
		"Zuurstof_(" : "-",
		"Zuurstofpe" : "69,8",
		"pH_(6)" : "7,9",
		"Ammonium_(" : "0,17",
		"Nitraat_(1" : "1,7",
		"Orthofosfa" : "0,26",
		"Chloride_(" : "567",
		"BOD_(23)" : "2,1505",
		"COD_(24)" : "12,5107",
		"TOC_(25)" : "3,67",
		"Totaal_sti" : "1,6",
		"Sulfaat_(1" : "153",
		"Zware_meta" : "",
		"Lood" : "",
		"Zink" : "",
		"Chroom" : "",
		"Basis_Prat" : "1,749858179",
		"Totale_Pra" : "1,497395215",
		"csv_line_n" : "8",
		"Nummer" : "BP17",
		"Naam" : "Boterbeek",
		"Ligging_me" : "",
		"Centrum" : "nee",
		"TPI04" : 4.1,
		"TPI05" : 3.2,
		"TPI06" : 4,
		"TPI07" : 3.2,
		"TPI08" : 3.9,
		"Aangemaakt op" : "07/11/2018",
		"json_ogc_wkt_crs" : "GEOGCS[\"WGS84 Lat/Longs\",DATUM[\"WGS_1984\",SPHEROID[\"World Geodetic System of 1984, GEM 10C\",6378137,298.257223563,AUTHORITY[\"EPSG\",\"7030\"]],AUTHORITY[\"EPSG\",\"6326\"]],PRIMEM[\"Greenwich\",0],UNIT[\"degree\",0.0174532925199433],AUTHORITY[\"EPSG\",\"4326\"]]",
		"json_geometry" : {
			"type" : "Point",
			"coordinates" : [ 3.1892004913321386, 51.21692054697196 ]
		}
	},
	{
		"json_featuretype" : "BP17",
		"ID" : "BP17",
		"Parameter" : "7/11/2017",
		"Temperatuu" : "10",
		"Zuurstof_(" : "-",
		"Zuurstofpe" : "45,9",
		"pH_(6)" : "7,8",
		"Ammonium_(" : "0,25",
		"Nitraat_(1" : "3,2",
		"Orthofosfa" : "0,18",
		"Chloride_(" : "405",
		"BOD_(23)" : "2,482",
		"COD_(24)" : "17,3948",
		"TOC_(25)" : "5,88",
		"Totaal_sti" : "4,4",
		"Sulfaat_(1" : "142",
		"Zware_meta" : "",
		"Lood" : "",
		"Zink" : "",
		"Chroom" : "",
		"Basis_Prat" : "2,715866898",
		"Totale_Pra" : "1,81435255",
		"csv_line_n" : "9",
		"Nummer" : "BP17",
		"Naam" : "Boterbeek",
		"Ligging_me" : "",
		"Centrum" : "nee",
		"TPI04" : 4.1,
		"TPI05" : 3.2,
		"TPI06" : 4,
		"TPI07" : 3.2,
		"TPI08" : 3.9,
		"Aangemaakt op" : "07/11/2018",
		"json_ogc_wkt_crs" : "GEOGCS[\"WGS84 Lat/Longs\",DATUM[\"WGS_1984\",SPHEROID[\"World Geodetic System of 1984, GEM 10C\",6378137,298.257223563,AUTHORITY[\"EPSG\",\"7030\"]],AUTHORITY[\"EPSG\",\"6326\"]],PRIMEM[\"Greenwich\",0],UNIT[\"degree\",0.0174532925199433],AUTHORITY[\"EPSG\",\"4326\"]]",
		"json_geometry" : {
			"type" : "Point",
			"coordinates" : [ 3.1892004913321386, 51.21692054697196 ]
		}
	},
	{
		"json_featuretype" : "BP17",
		"ID" : "BP17",
		"Parameter" : "4/12/2017",
		"Temperatuu" : "5,7",
		"Zuurstof_(" : "-",
		"Zuurstofpe" : "53,8",
		"pH_(6)" : "7,4",
		"Ammonium_(" : "0,65",
		"Nitraat_(1" : "7,34",
		"Orthofosfa" : "0,26",
		"Chloride_(" : "188",
		"BOD_(23)" : "3,07",
		"COD_(24)" : "26,058",
		"TOC_(25)" : "9,8",
		"Totaal_sti" : "9,4",
		"Sulfaat_(1" : "91",
		"Zware_meta" : "",
		"Lood" : "",
		"Zink" : "",
		"Chroom" : "",
		"Basis_Prat" : "3,332104969",
		"Totale_Pra" : "2,660363353",
		"csv_line_n" : "10",
		"Nummer" : "BP17",
		"Naam" : "Boterbeek",
		"Ligging_me" : "",
		"Centrum" : "nee",
		"TPI04" : 4.1,
		"TPI05" : 3.2,
		"TPI06" : 4,
		"TPI07" : 3.2,
		"TPI08" : 3.9,
		"Aangemaakt op" : "07/11/2018",
		"json_ogc_wkt_crs" : "GEOGCS[\"WGS84 Lat/Longs\",DATUM[\"WGS_1984\",SPHEROID[\"World Geodetic System of 1984, GEM 10C\",6378137,298.257223563,AUTHORITY[\"EPSG\",\"7030\"]],AUTHORITY[\"EPSG\",\"6326\"]],PRIMEM[\"Greenwich\",0],UNIT[\"degree\",0.0174532925199433],AUTHORITY[\"EPSG\",\"4326\"]]",
		"json_geometry" : {
			"type" : "Point",
			"coordinates" : [ 3.1892004913321386, 51.21692054697196 ]
		}
	}
]