[
	{
		"json_featuretype" : "DP01",
		"ID" : "DP01",
		"Parameter" : "7/02/2017",
		"Temperatuu" : "5,9",
		"Zuurstof_(" : "-",
		"Zuurstofpe" : "71,9",
		"pH_(6)" : "7,2",
		"Ammonium_(" : "0,46",
		"Nitraat_(1" : "6,99",
		"Orthofosfa" : "0,09",
		"Chloride_(" : "47,1",
		"BOD_(23)" : "3,7",
		"COD_(24)" : "35,34",
		"TOC_(25)" : "14",
		"Totaal_sti" : "",
		"Sulfaat_(1" : "57",
		"Zware_meta" : "",
		"Lood" : "",
		"Zink" : "",
		"Chroom" : "",
		"Basis_Prat" : "2,91705574",
		"Totale_Pra" : "2,48378318",
		"csv_line_n" : "4",
		"Nummer" : "DP01",
		"Naam" : "Zuidervaartje",
		"Ligging_me" : "",
		"Centrum" : "nee",
		"TPI04" : 4.6,
		"TPI05" : 4.4,
		"TPI06" : 4.3,
		"TPI07" : 4.2,
		"TPI08" : 3.9,
		"Aangemaakt op" : "07/11/2018",
		"json_ogc_wkt_crs" : "GEOGCS[\"WGS84 Lat/Longs\",DATUM[\"WGS_1984\",SPHEROID[\"World Geodetic System of 1984, GEM 10C\",6378137,298.257223563,AUTHORITY[\"EPSG\",\"7030\"]],AUTHORITY[\"EPSG\",\"6326\"]],PRIMEM[\"Greenwich\",0],UNIT[\"degree\",0.0174532925199433],AUTHORITY[\"EPSG\",\"4326\"]]",
		"json_geometry" : {
			"type" : "Point",
			"coordinates" : [ 3.25955197911698, 51.234107439352215 ]
		}
	},
	{
		"json_featuretype" : "DP01",
		"ID" : "DP01",
		"Parameter" : "13/03/2017",
		"Temperatuu" : "9,4",
		"Zuurstof_(" : "-",
		"Zuurstofpe" : "70,4",
		"pH_(6)" : "7,8",
		"Ammonium_(" : "0,31",
		"Nitraat_(1" : "5,51",
		"Orthofosfa" : "0,01",
		"Chloride_(" : "52",
		"BOD_(23)" : "3,535",
		"COD_(24)" : "32,909",
		"TOC_(25)" : "12,9",
		"Totaal_sti" : "",
		"Sulfaat_(1" : "64",
		"Zware_meta" : "",
		"Lood" : "",
		"Zink" : "",
		"Chroom" : "",
		"Basis_Prat" : "2,657493051",
		"Totale_Pra" : "2,350841764",
		"csv_line_n" : "5",
		"Nummer" : "DP01",
		"Naam" : "Zuidervaartje",
		"Ligging_me" : "",
		"Centrum" : "nee",
		"TPI04" : 4.6,
		"TPI05" : 4.4,
		"TPI06" : 4.3,
		"TPI07" : 4.2,
		"TPI08" : 3.9,
		"Aangemaakt op" : "07/11/2018",
		"json_ogc_wkt_crs" : "GEOGCS[\"WGS84 Lat/Longs\",DATUM[\"WGS_1984\",SPHEROID[\"World Geodetic System of 1984, GEM 10C\",6378137,298.257223563,AUTHORITY[\"EPSG\",\"7030\"]],AUTHORITY[\"EPSG\",\"6326\"]],PRIMEM[\"Greenwich\",0],UNIT[\"degree\",0.0174532925199433],AUTHORITY[\"EPSG\",\"4326\"]]",
		"json_geometry" : {
			"type" : "Point",
			"coordinates" : [ 3.25955197911698, 51.234107439352215 ]
		}
	},
	{
		"json_featuretype" : "DP01",
		"ID" : "DP01",
		"Parameter" : "2/05/2017",
		"Temperatuu" : "11,5",
		"Zuurstof_(" : "-",
		"Zuurstofpe" : "78,8",
		"pH_(6)" : "8,1",
		"Ammonium_(" : "0,64",
		"Nitraat_(1" : "1,98",
		"Orthofosfa" : "0,11",
		"Chloride_(" : "110",
		"BOD_(23)" : "3,43",
		"COD_(24)" : "31,362",
		"TOC_(25)" : "12,2",
		"Totaal_sti" : "",
		"Sulfaat_(1" : "76",
		"Zware_meta" : "",
		"Lood" : "",
		"Zink" : "",
		"Chroom" : "",
		"Basis_Prat" : "2,830227067",
		"Totale_Pra" : "2,271559147",
		"csv_line_n" : "6",
		"Nummer" : "DP01",
		"Naam" : "Zuidervaartje",
		"Ligging_me" : "",
		"Centrum" : "nee",
		"TPI04" : 4.6,
		"TPI05" : 4.4,
		"TPI06" : 4.3,
		"TPI07" : 4.2,
		"TPI08" : 3.9,
		"Aangemaakt op" : "07/11/2018",
		"json_ogc_wkt_crs" : "GEOGCS[\"WGS84 Lat/Longs\",DATUM[\"WGS_1984\",SPHEROID[\"World Geodetic System of 1984, GEM 10C\",6378137,298.257223563,AUTHORITY[\"EPSG\",\"7030\"]],AUTHORITY[\"EPSG\",\"6326\"]],PRIMEM[\"Greenwich\",0],UNIT[\"degree\",0.0174532925199433],AUTHORITY[\"EPSG\",\"4326\"]]",
		"json_geometry" : {
			"type" : "Point",
			"coordinates" : [ 3.25955197911698, 51.234107439352215 ]
		}
	},
	{
		"json_featuretype" : "DP01",
		"ID" : "DP01",
		"Parameter" : "26/06/2017",
		"Temperatuu" : "21,3",
		"Zuurstof_(" : "-",
		"Zuurstofpe" : "92,8",
		"pH_(6)" : "7,8",
		"Ammonium_(" : "0,1",
		"Nitraat_(1" : "1,9",
		"Orthofosfa" : "0,5",
		"Chloride_(" : "137",
		"BOD_(23)" : "2,845",
		"COD_(24)" : "22,743",
		"TOC_(25)" : "8,3",
		"Totaal_sti" : "",
		"Sulfaat_(1" : "78",
		"Zware_meta" : "",
		"Lood" : "",
		"Zink" : "",
		"Chroom" : "",
		"Basis_Prat" : "1,327274592",
		"Totale_Pra" : "1,353039978",
		"csv_line_n" : "7",
		"Nummer" : "DP01",
		"Naam" : "Zuidervaartje",
		"Ligging_me" : "",
		"Centrum" : "nee",
		"TPI04" : 4.6,
		"TPI05" : 4.4,
		"TPI06" : 4.3,
		"TPI07" : 4.2,
		"TPI08" : 3.9,
		"Aangemaakt op" : "07/11/2018",
		"json_ogc_wkt_crs" : "GEOGCS[\"WGS84 Lat/Longs\",DATUM[\"WGS_1984\",SPHEROID[\"World Geodetic System of 1984, GEM 10C\",6378137,298.257223563,AUTHORITY[\"EPSG\",\"7030\"]],AUTHORITY[\"EPSG\",\"6326\"]],PRIMEM[\"Greenwich\",0],UNIT[\"degree\",0.0174532925199433],AUTHORITY[\"EPSG\",\"4326\"]]",
		"json_geometry" : {
			"type" : "Point",
			"coordinates" : [ 3.25955197911698, 51.234107439352215 ]
		}
	},
	{
		"json_featuretype" : "DP01",
		"ID" : "DP01",
		"Parameter" : "29/08/2017",
		"Temperatuu" : "20",
		"Zuurstof_(" : "-",
		"Zuurstofpe" : "13,3",
		"pH_(6)" : "7,7",
		"Ammonium_(" : "2,28",
		"Nitraat_(1" : "0,82",
		"Orthofosfa" : "0,41",
		"Chloride_(" : "141",
		"BOD_(23)" : "2,3155",
		"COD_(24)" : "14,9417",
		"TOC_(25)" : "4,77",
		"Totaal_sti" : "",
		"Sulfaat_(1" : "82",
		"Zware_meta" : "",
		"Lood" : "",
		"Zink" : "",
		"Chroom" : "",
		"Basis_Prat" : "6,304222115",
		"Totale_Pra" : "3,647802528",
		"csv_line_n" : "8",
		"Nummer" : "DP01",
		"Naam" : "Zuidervaartje",
		"Ligging_me" : "",
		"Centrum" : "nee",
		"TPI04" : 4.6,
		"TPI05" : 4.4,
		"TPI06" : 4.3,
		"TPI07" : 4.2,
		"TPI08" : 3.9,
		"Aangemaakt op" : "07/11/2018",
		"json_ogc_wkt_crs" : "GEOGCS[\"WGS84 Lat/Longs\",DATUM[\"WGS_1984\",SPHEROID[\"World Geodetic System of 1984, GEM 10C\",6378137,298.257223563,AUTHORITY[\"EPSG\",\"7030\"]],AUTHORITY[\"EPSG\",\"6326\"]],PRIMEM[\"Greenwich\",0],UNIT[\"degree\",0.0174532925199433],AUTHORITY[\"EPSG\",\"4326\"]]",
		"json_geometry" : {
			"type" : "Point",
			"coordinates" : [ 3.25955197911698, 51.234107439352215 ]
		}
	},
	{
		"json_featuretype" : "DP01",
		"ID" : "DP01",
		"Parameter" : "7/11/2017",
		"Temperatuu" : "8,3",
		"Zuurstof_(" : "-",
		"Zuurstofpe" : "41,5",
		"pH_(6)" : "7,6",
		"Ammonium_(" : "1,57",
		"Nitraat_(1" : "1,79",
		"Orthofosfa" : "0,2",
		"Chloride_(" : "92,2",
		"BOD_(23)" : "3,16",
		"COD_(24)" : "27,384",
		"TOC_(25)" : "10,4",
		"Totaal_sti" : "",
		"Sulfaat_(1" : "71",
		"Zware_meta" : "",
		"Lood" : "",
		"Zink" : "",
		"Chroom" : "",
		"Basis_Prat" : "4,675492106",
		"Totale_Pra" : "3,005617143",
		"csv_line_n" : "9",
		"Nummer" : "DP01",
		"Naam" : "Zuidervaartje",
		"Ligging_me" : "",
		"Centrum" : "nee",
		"TPI04" : 4.6,
		"TPI05" : 4.4,
		"TPI06" : 4.3,
		"TPI07" : 4.2,
		"TPI08" : 3.9,
		"Aangemaakt op" : "07/11/2018",
		"json_ogc_wkt_crs" : "GEOGCS[\"WGS84 Lat/Longs\",DATUM[\"WGS_1984\",SPHEROID[\"World Geodetic System of 1984, GEM 10C\",6378137,298.257223563,AUTHORITY[\"EPSG\",\"7030\"]],AUTHORITY[\"EPSG\",\"6326\"]],PRIMEM[\"Greenwich\",0],UNIT[\"degree\",0.0174532925199433],AUTHORITY[\"EPSG\",\"4326\"]]",
		"json_geometry" : {
			"type" : "Point",
			"coordinates" : [ 3.25955197911698, 51.234107439352215 ]
		}
	},
	{
		"json_featuretype" : "DP01",
		"ID" : "DP01",
		"Parameter" : "4/12/2017",
		"Temperatuu" : "5,8",
		"Zuurstof_(" : "-",
		"Zuurstofpe" : "63,6",
		"pH_(6)" : "7,5",
		"Ammonium_(" : "0,53",
		"Nitraat_(1" : "11,1",
		"Orthofosfa" : "0,24",
		"Chloride_(" : "53,2",
		"BOD_(23)" : "3,88",
		"COD_(24)" : "37,992",
		"TOC_(25)" : "15,2",
		"Totaal_sti" : "",
		"Sulfaat_(1" : "68",
		"Zware_meta" : "",
		"Lood" : "",
		"Zink" : "",
		"Chroom" : "",
		"Basis_Prat" : "3,319504167",
		"Totale_Pra" : "2,946292044",
		"csv_line_n" : "10",
		"Nummer" : "DP01",
		"Naam" : "Zuidervaartje",
		"Ligging_me" : "",
		"Centrum" : "nee",
		"TPI04" : 4.6,
		"TPI05" : 4.4,
		"TPI06" : 4.3,
		"TPI07" : 4.2,
		"TPI08" : 3.9,
		"Aangemaakt op" : "07/11/2018",
		"json_ogc_wkt_crs" : "GEOGCS[\"WGS84 Lat/Longs\",DATUM[\"WGS_1984\",SPHEROID[\"World Geodetic System of 1984, GEM 10C\",6378137,298.257223563,AUTHORITY[\"EPSG\",\"7030\"]],AUTHORITY[\"EPSG\",\"6326\"]],PRIMEM[\"Greenwich\",0],UNIT[\"degree\",0.0174532925199433],AUTHORITY[\"EPSG\",\"4326\"]]",
		"json_geometry" : {
			"type" : "Point",
			"coordinates" : [ 3.25955197911698, 51.234107439352215 ]
		}
	}
]