[
	{
		"json_featuretype" : "DP02",
		"ID" : "DP02",
		"Parameter" : "7/02/2017",
		"Temperatuu" : "5,3",
		"Zuurstof_(" : "-",
		"Zuurstofpe" : "62,9",
		"pH_(6)" : "7,2",
		"Ammonium_(" : "0,5",
		"Nitraat_(1" : "6,4",
		"Orthofosfa" : "0,21",
		"Chloride_(" : "74",
		"BOD_(23)" : "3,52",
		"COD_(24)" : "32,688",
		"TOC_(25)" : "12,8",
		"Totaal_sti" : "",
		"Sulfaat_(1" : "52",
		"Zware_meta" : "",
		"Lood" : "",
		"Zink" : "",
		"Chroom" : "",
		"Basis_Prat" : "3,122224182",
		"Totale_Pra" : "2,533429705",
		"csv_line_n" : "4",
		"Nummer" : "DP02",
		"Naam" : "Edebeek (Edewatergang)",
		"Ligging_me" : "",
		"Centrum" : "nee",
		"TPI04" : 3.7,
		"TPI05" : 3.7,
		"TPI06" : 3.4,
		"TPI07" : 3.4,
		"TPI08" : 0,
		"Aangemaakt op" : "07/11/2018",
		"json_ogc_wkt_crs" : "GEOGCS[\"WGS84 Lat/Longs\",DATUM[\"WGS_1984\",SPHEROID[\"World Geodetic System of 1984, GEM 10C\",6378137,298.257223563,AUTHORITY[\"EPSG\",\"7030\"]],AUTHORITY[\"EPSG\",\"6326\"]],PRIMEM[\"Greenwich\",0],UNIT[\"degree\",0.0174532925199433],AUTHORITY[\"EPSG\",\"4326\"]]",
		"json_geometry" : {
			"type" : "Point",
			"coordinates" : [ 3.273585624438541, 51.23040150348728 ]
		}
	},
	{
		"json_featuretype" : "DP02",
		"ID" : "DP02",
		"Parameter" : "13/03/2017",
		"Temperatuu" : "7,8",
		"Zuurstof_(" : "-",
		"Zuurstofpe" : "45,7",
		"pH_(6)" : "7,5",
		"Ammonium_(" : "1,41",
		"Nitraat_(1" : "3,46",
		"Orthofosfa" : "0,56",
		"Chloride_(" : "95",
		"BOD_(23)" : "4,165",
		"COD_(24)" : "42,191",
		"TOC_(25)" : "17,1",
		"Totaal_sti" : "",
		"Sulfaat_(1" : "49",
		"Zware_meta" : "",
		"Lood" : "",
		"Zink" : "",
		"Chroom" : "",
		"Basis_Prat" : "4,884841449",
		"Totale_Pra" : "3,336328848",
		"csv_line_n" : "5",
		"Nummer" : "DP02",
		"Naam" : "Edebeek (Edewatergang)",
		"Ligging_me" : "",
		"Centrum" : "nee",
		"TPI04" : 3.7,
		"TPI05" : 3.7,
		"TPI06" : 3.4,
		"TPI07" : 3.4,
		"TPI08" : 0,
		"Aangemaakt op" : "07/11/2018",
		"json_ogc_wkt_crs" : "GEOGCS[\"WGS84 Lat/Longs\",DATUM[\"WGS_1984\",SPHEROID[\"World Geodetic System of 1984, GEM 10C\",6378137,298.257223563,AUTHORITY[\"EPSG\",\"7030\"]],AUTHORITY[\"EPSG\",\"6326\"]],PRIMEM[\"Greenwich\",0],UNIT[\"degree\",0.0174532925199433],AUTHORITY[\"EPSG\",\"4326\"]]",
		"json_geometry" : {
			"type" : "Point",
			"coordinates" : [ 3.273585624438541, 51.23040150348728 ]
		}
	},
	{
		"json_featuretype" : "DP02",
		"ID" : "DP02",
		"Parameter" : "2/05/2017",
		"Temperatuu" : "11,9",
		"Zuurstof_(" : "-",
		"Zuurstofpe" : "109,3",
		"pH_(6)" : "8,1",
		"Ammonium_(" : "0,07",
		"Nitraat_(1" : "3,18",
		"Orthofosfa" : "0,21",
		"Chloride_(" : "196",
		"BOD_(23)" : "2,545",
		"COD_(24)" : "18,323",
		"TOC_(25)" : "6,3",
		"Totaal_sti" : "",
		"Sulfaat_(1" : "112",
		"Zware_meta" : "",
		"Lood" : "",
		"Zink" : "",
		"Chroom" : "",
		"Basis_Prat" : "1,159803158",
		"Totale_Pra" : "1,433577599",
		"csv_line_n" : "6",
		"Nummer" : "DP02",
		"Naam" : "Edebeek (Edewatergang)",
		"Ligging_me" : "",
		"Centrum" : "nee",
		"TPI04" : 3.7,
		"TPI05" : 3.7,
		"TPI06" : 3.4,
		"TPI07" : 3.4,
		"TPI08" : 0,
		"Aangemaakt op" : "07/11/2018",
		"json_ogc_wkt_crs" : "GEOGCS[\"WGS84 Lat/Longs\",DATUM[\"WGS_1984\",SPHEROID[\"World Geodetic System of 1984, GEM 10C\",6378137,298.257223563,AUTHORITY[\"EPSG\",\"7030\"]],AUTHORITY[\"EPSG\",\"6326\"]],PRIMEM[\"Greenwich\",0],UNIT[\"degree\",0.0174532925199433],AUTHORITY[\"EPSG\",\"4326\"]]",
		"json_geometry" : {
			"type" : "Point",
			"coordinates" : [ 3.273585624438541, 51.23040150348728 ]
		}
	},
	{
		"json_featuretype" : "DP02",
		"ID" : "DP02",
		"Parameter" : "26/06/2017",
		"Temperatuu" : "21,6",
		"Zuurstof_(" : "-",
		"Zuurstofpe" : "68,3",
		"pH_(6)" : "7,8",
		"Ammonium_(" : "0,17",
		"Nitraat_(1" : "0,74",
		"Orthofosfa" : "0,28",
		"Chloride_(" : "234",
		"BOD_(23)" : "2,584",
		"COD_(24)" : "18,8976",
		"TOC_(25)" : "6,56",
		"Totaal_sti" : "",
		"Sulfaat_(1" : "112",
		"Zware_meta" : "",
		"Lood" : "",
		"Zink" : "",
		"Chroom" : "",
		"Basis_Prat" : "2,002754846",
		"Totale_Pra" : "1,542053286",
		"csv_line_n" : "7",
		"Nummer" : "DP02",
		"Naam" : "Edebeek (Edewatergang)",
		"Ligging_me" : "",
		"Centrum" : "nee",
		"TPI04" : 3.7,
		"TPI05" : 3.7,
		"TPI06" : 3.4,
		"TPI07" : 3.4,
		"TPI08" : 0,
		"Aangemaakt op" : "07/11/2018",
		"json_ogc_wkt_crs" : "GEOGCS[\"WGS84 Lat/Longs\",DATUM[\"WGS_1984\",SPHEROID[\"World Geodetic System of 1984, GEM 10C\",6378137,298.257223563,AUTHORITY[\"EPSG\",\"7030\"]],AUTHORITY[\"EPSG\",\"6326\"]],PRIMEM[\"Greenwich\",0],UNIT[\"degree\",0.0174532925199433],AUTHORITY[\"EPSG\",\"4326\"]]",
		"json_geometry" : {
			"type" : "Point",
			"coordinates" : [ 3.273585624438541, 51.23040150348728 ]
		}
	},
	{
		"json_featuretype" : "DP02",
		"ID" : "DP02",
		"Parameter" : "29/08/2017",
		"Temperatuu" : "20,5",
		"Zuurstof_(" : "-",
		"Zuurstofpe" : "24,4",
		"pH_(6)" : "7,7",
		"Ammonium_(" : "0,1",
		"Nitraat_(1" : "1,05",
		"Orthofosfa" : "0,3",
		"Chloride_(" : "311",
		"BOD_(23)" : "2,083",
		"COD_(24)" : "11,5162",
		"TOC_(25)" : "3,22",
		"Totaal_sti" : "",
		"Sulfaat_(1" : "124",
		"Zware_meta" : "",
		"Lood" : "",
		"Zink" : "",
		"Chroom" : "",
		"Basis_Prat" : "3,159169526",
		"Totale_Pra" : "2,075960267",
		"csv_line_n" : "8",
		"Nummer" : "DP02",
		"Naam" : "Edebeek (Edewatergang)",
		"Ligging_me" : "",
		"Centrum" : "nee",
		"TPI04" : 3.7,
		"TPI05" : 3.7,
		"TPI06" : 3.4,
		"TPI07" : 3.4,
		"TPI08" : 0,
		"Aangemaakt op" : "07/11/2018",
		"json_ogc_wkt_crs" : "GEOGCS[\"WGS84 Lat/Longs\",DATUM[\"WGS_1984\",SPHEROID[\"World Geodetic System of 1984, GEM 10C\",6378137,298.257223563,AUTHORITY[\"EPSG\",\"7030\"]],AUTHORITY[\"EPSG\",\"6326\"]],PRIMEM[\"Greenwich\",0],UNIT[\"degree\",0.0174532925199433],AUTHORITY[\"EPSG\",\"4326\"]]",
		"json_geometry" : {
			"type" : "Point",
			"coordinates" : [ 3.273585624438541, 51.23040150348728 ]
		}
	},
	{
		"json_featuretype" : "DP02",
		"ID" : "DP02",
		"Parameter" : "7/11/2017",
		"Temperatuu" : "4,9",
		"Zuurstof_(" : "-",
		"Zuurstofpe" : "33,2",
		"pH_(6)" : "7,6",
		"Ammonium_(" : "0,85",
		"Nitraat_(1" : "1,48",
		"Orthofosfa" : "0,31",
		"Chloride_(" : "82,7",
		"BOD_(23)" : "3,235",
		"COD_(24)" : "28,489",
		"TOC_(25)" : "10,9",
		"Totaal_sti" : "",
		"Sulfaat_(1" : "35,1",
		"Zware_meta" : "",
		"Lood" : "",
		"Zink" : "",
		"Chroom" : "",
		"Basis_Prat" : "4,36148651",
		"Totale_Pra" : "2,827863125",
		"csv_line_n" : "9",
		"Nummer" : "DP02",
		"Naam" : "Edebeek (Edewatergang)",
		"Ligging_me" : "",
		"Centrum" : "nee",
		"TPI04" : 3.7,
		"TPI05" : 3.7,
		"TPI06" : 3.4,
		"TPI07" : 3.4,
		"TPI08" : 0,
		"Aangemaakt op" : "07/11/2018",
		"json_ogc_wkt_crs" : "GEOGCS[\"WGS84 Lat/Longs\",DATUM[\"WGS_1984\",SPHEROID[\"World Geodetic System of 1984, GEM 10C\",6378137,298.257223563,AUTHORITY[\"EPSG\",\"7030\"]],AUTHORITY[\"EPSG\",\"6326\"]],PRIMEM[\"Greenwich\",0],UNIT[\"degree\",0.0174532925199433],AUTHORITY[\"EPSG\",\"4326\"]]",
		"json_geometry" : {
			"type" : "Point",
			"coordinates" : [ 3.273585624438541, 51.23040150348728 ]
		}
	},
	{
		"json_featuretype" : "DP02",
		"ID" : "DP02",
		"Parameter" : "4/12/2017",
		"Temperatuu" : "7",
		"Zuurstof_(" : "-",
		"Zuurstofpe" : "24,1",
		"pH_(6)" : "7,3",
		"Ammonium_(" : "0,69",
		"Nitraat_(1" : "11,9",
		"Orthofosfa" : "0,23",
		"Chloride_(" : "85,4",
		"BOD_(23)" : "3,565",
		"COD_(24)" : "33,351",
		"TOC_(25)" : "13,1",
		"Totaal_sti" : "",
		"Sulfaat_(1" : "55",
		"Zware_meta" : "",
		"Lood" : "",
		"Zink" : "",
		"Chroom" : "",
		"Basis_Prat" : "4,805419443",
		"Totale_Pra" : "3,664183111",
		"csv_line_n" : "10",
		"Nummer" : "DP02",
		"Naam" : "Edebeek (Edewatergang)",
		"Ligging_me" : "",
		"Centrum" : "nee",
		"TPI04" : 3.7,
		"TPI05" : 3.7,
		"TPI06" : 3.4,
		"TPI07" : 3.4,
		"TPI08" : 0,
		"Aangemaakt op" : "07/11/2018",
		"json_ogc_wkt_crs" : "GEOGCS[\"WGS84 Lat/Longs\",DATUM[\"WGS_1984\",SPHEROID[\"World Geodetic System of 1984, GEM 10C\",6378137,298.257223563,AUTHORITY[\"EPSG\",\"7030\"]],AUTHORITY[\"EPSG\",\"6326\"]],PRIMEM[\"Greenwich\",0],UNIT[\"degree\",0.0174532925199433],AUTHORITY[\"EPSG\",\"4326\"]]",
		"json_geometry" : {
			"type" : "Point",
			"coordinates" : [ 3.273585624438541, 51.23040150348728 ]
		}
	}
]