[
	{
		"json_featuretype" : "DP03",
		"ID" : "DP03",
		"Parameter" : "7/02/2017",
		"Temperatuu" : "5,9",
		"Zuurstof_(" : "-",
		"Zuurstofpe" : "63,7",
		"pH_(6)" : "7,5",
		"Ammonium_(" : "0,77",
		"Nitraat_(1" : "3,79",
		"Orthofosfa" : "0,02",
		"Chloride_(" : "34,9",
		"BOD_(23)" : "3,64",
		"COD_(24)" : "34,456",
		"TOC_(25)" : "13,6",
		"Totaal_sti" : "4,7",
		"Sulfaat_(1" : "46,8",
		"Zware_meta" : "",
		"Lood" : "",
		"Zink" : "",
		"Chroom" : "",
		"Basis_Prat" : "3,487254306",
		"Totale_Pra" : "2,602288934",
		"csv_line_n" : "4",
		"Nummer" : "DP03",
		"Naam" : "Maleleie",
		"Ligging_me" : "",
		"Centrum" : "nee",
		"TPI04" : 3.7,
		"TPI05" : 3.7,
		"TPI06" : 3.4,
		"TPI07" : 3.2,
		"TPI08" : 0,
		"Aangemaakt op" : "07/11/2018",
		"json_ogc_wkt_crs" : "GEOGCS[\"WGS84 Lat/Longs\",DATUM[\"WGS_1984\",SPHEROID[\"World Geodetic System of 1984, GEM 10C\",6378137,298.257223563,AUTHORITY[\"EPSG\",\"7030\"]],AUTHORITY[\"EPSG\",\"6326\"]],PRIMEM[\"Greenwich\",0],UNIT[\"degree\",0.0174532925199433],AUTHORITY[\"EPSG\",\"4326\"]]",
		"json_geometry" : {
			"type" : "Point",
			"coordinates" : [ 3.2936965513117262, 51.226228810856654 ]
		}
	},
	{
		"json_featuretype" : "DP03",
		"ID" : "DP03",
		"Parameter" : "13/03/2017",
		"Temperatuu" : "10,6",
		"Zuurstof_(" : "-",
		"Zuurstofpe" : "98,1",
		"pH_(6)" : "7,6",
		"Ammonium_(" : "1,08",
		"Nitraat_(1" : "2,69",
		"Orthofosfa" : "0,03",
		"Chloride_(" : "35,1",
		"BOD_(23)" : "3,64",
		"COD_(24)" : "34,456",
		"TOC_(25)" : "13,6",
		"Totaal_sti" : "5,1",
		"Sulfaat_(1" : "41,9",
		"Zware_meta" : "",
		"Lood" : "",
		"Zink" : "",
		"Chroom" : "",
		"Basis_Prat" : "2,896797323",
		"Totale_Pra" : "2,24501011",
		"csv_line_n" : "5",
		"Nummer" : "DP03",
		"Naam" : "Maleleie",
		"Ligging_me" : "",
		"Centrum" : "nee",
		"TPI04" : 3.7,
		"TPI05" : 3.7,
		"TPI06" : 3.4,
		"TPI07" : 3.2,
		"TPI08" : 0,
		"Aangemaakt op" : "07/11/2018",
		"json_ogc_wkt_crs" : "GEOGCS[\"WGS84 Lat/Longs\",DATUM[\"WGS_1984\",SPHEROID[\"World Geodetic System of 1984, GEM 10C\",6378137,298.257223563,AUTHORITY[\"EPSG\",\"7030\"]],AUTHORITY[\"EPSG\",\"6326\"]],PRIMEM[\"Greenwich\",0],UNIT[\"degree\",0.0174532925199433],AUTHORITY[\"EPSG\",\"4326\"]]",
		"json_geometry" : {
			"type" : "Point",
			"coordinates" : [ 3.2936965513117262, 51.226228810856654 ]
		}
	},
	{
		"json_featuretype" : "DP03",
		"ID" : "DP03",
		"Parameter" : "2/05/2017",
		"Temperatuu" : "10,2",
		"Zuurstof_(" : "-",
		"Zuurstofpe" : "119,8",
		"pH_(6)" : "7,7",
		"Ammonium_(" : "1,53",
		"Nitraat_(1" : "1,31",
		"Orthofosfa" : "0,01",
		"Chloride_(" : "37,7",
		"BOD_(23)" : "3,25",
		"COD_(24)" : "28,71",
		"TOC_(25)" : "11",
		"Totaal_sti" : "4,2",
		"Sulfaat_(1" : "76",
		"Zware_meta" : "",
		"Lood" : "",
		"Zink" : "",
		"Chroom" : "",
		"Basis_Prat" : "3,600731284",
		"Totale_Pra" : "2,453917681",
		"csv_line_n" : "6",
		"Nummer" : "DP03",
		"Naam" : "Maleleie",
		"Ligging_me" : "",
		"Centrum" : "nee",
		"TPI04" : 3.7,
		"TPI05" : 3.7,
		"TPI06" : 3.4,
		"TPI07" : 3.2,
		"TPI08" : 0,
		"Aangemaakt op" : "07/11/2018",
		"json_ogc_wkt_crs" : "GEOGCS[\"WGS84 Lat/Longs\",DATUM[\"WGS_1984\",SPHEROID[\"World Geodetic System of 1984, GEM 10C\",6378137,298.257223563,AUTHORITY[\"EPSG\",\"7030\"]],AUTHORITY[\"EPSG\",\"6326\"]],PRIMEM[\"Greenwich\",0],UNIT[\"degree\",0.0174532925199433],AUTHORITY[\"EPSG\",\"4326\"]]",
		"json_geometry" : {
			"type" : "Point",
			"coordinates" : [ 3.2936965513117262, 51.226228810856654 ]
		}
	},
	{
		"json_featuretype" : "DP03",
		"ID" : "DP03",
		"Parameter" : "26/06/2017",
		"Temperatuu" : "21,4",
		"Zuurstof_(" : "-",
		"Zuurstofpe" : "87,6",
		"pH_(6)" : "7,8",
		"Ammonium_(" : "0,29",
		"Nitraat_(1" : "0,62",
		"Orthofosfa" : "0,04",
		"Chloride_(" : "37,2",
		"BOD_(23)" : "3,22",
		"COD_(24)" : "28,268",
		"TOC_(25)" : "10,8",
		"Totaal_sti" : "1,8",
		"Sulfaat_(1" : "67",
		"Zware_meta" : "",
		"Lood" : "",
		"Zink" : "",
		"Chroom" : "",
		"Basis_Prat" : "2,012288873",
		"Totale_Pra" : "1,601942097",
		"csv_line_n" : "7",
		"Nummer" : "DP03",
		"Naam" : "Maleleie",
		"Ligging_me" : "",
		"Centrum" : "nee",
		"TPI04" : 3.7,
		"TPI05" : 3.7,
		"TPI06" : 3.4,
		"TPI07" : 3.2,
		"TPI08" : 0,
		"Aangemaakt op" : "07/11/2018",
		"json_ogc_wkt_crs" : "GEOGCS[\"WGS84 Lat/Longs\",DATUM[\"WGS_1984\",SPHEROID[\"World Geodetic System of 1984, GEM 10C\",6378137,298.257223563,AUTHORITY[\"EPSG\",\"7030\"]],AUTHORITY[\"EPSG\",\"6326\"]],PRIMEM[\"Greenwich\",0],UNIT[\"degree\",0.0174532925199433],AUTHORITY[\"EPSG\",\"4326\"]]",
		"json_geometry" : {
			"type" : "Point",
			"coordinates" : [ 3.2936965513117262, 51.226228810856654 ]
		}
	},
	{
		"json_featuretype" : "DP03",
		"ID" : "DP03",
		"Parameter" : "29/08/2017",
		"Temperatuu" : "17,8",
		"Zuurstof_(" : "-",
		"Zuurstofpe" : "81",
		"pH_(6)" : "7,9",
		"Ammonium_(" : "0,05",
		"Nitraat_(1" : "0,22",
		"Orthofosfa" : "0,11",
		"Chloride_(" : "38,7",
		"BOD_(23)" : "2,725",
		"COD_(24)" : "20,975",
		"TOC_(25)" : "7,5",
		"Totaal_sti" : "0,77",
		"Sulfaat_(1" : "47,5",
		"Zware_meta" : "",
		"Lood" : "",
		"Zink" : "",
		"Chroom" : "",
		"Basis_Prat" : "1,449189529",
		"Totale_Pra" : "1,230604363",
		"csv_line_n" : "8",
		"Nummer" : "DP03",
		"Naam" : "Maleleie",
		"Ligging_me" : "",
		"Centrum" : "nee",
		"TPI04" : 3.7,
		"TPI05" : 3.7,
		"TPI06" : 3.4,
		"TPI07" : 3.2,
		"TPI08" : 0,
		"Aangemaakt op" : "07/11/2018",
		"json_ogc_wkt_crs" : "GEOGCS[\"WGS84 Lat/Longs\",DATUM[\"WGS_1984\",SPHEROID[\"World Geodetic System of 1984, GEM 10C\",6378137,298.257223563,AUTHORITY[\"EPSG\",\"7030\"]],AUTHORITY[\"EPSG\",\"6326\"]],PRIMEM[\"Greenwich\",0],UNIT[\"degree\",0.0174532925199433],AUTHORITY[\"EPSG\",\"4326\"]]",
		"json_geometry" : {
			"type" : "Point",
			"coordinates" : [ 3.2936965513117262, 51.226228810856654 ]
		}
	},
	{
		"json_featuretype" : "DP03",
		"ID" : "DP03",
		"Parameter" : "7/11/2017",
		"Temperatuu" : "6,1",
		"Zuurstof_(" : "-",
		"Zuurstofpe" : "63,1",
		"pH_(6)" : "7,7",
		"Ammonium_(" : "0,22",
		"Nitraat_(1" : "1,61",
		"Orthofosfa" : "0,11",
		"Chloride_(" : "35,6",
		"BOD_(23)" : "3,67",
		"COD_(24)" : "34,898",
		"TOC_(25)" : "13,8",
		"Totaal_sti" : "3",
		"Sulfaat_(1" : "33,4",
		"Zware_meta" : "",
		"Lood" : "",
		"Zink" : "",
		"Chroom" : "",
		"Basis_Prat" : "2,768149105",
		"Totale_Pra" : "2,113640286",
		"csv_line_n" : "9",
		"Nummer" : "DP03",
		"Naam" : "Maleleie",
		"Ligging_me" : "",
		"Centrum" : "nee",
		"TPI04" : 3.7,
		"TPI05" : 3.7,
		"TPI06" : 3.4,
		"TPI07" : 3.2,
		"TPI08" : 0,
		"Aangemaakt op" : "07/11/2018",
		"json_ogc_wkt_crs" : "GEOGCS[\"WGS84 Lat/Longs\",DATUM[\"WGS_1984\",SPHEROID[\"World Geodetic System of 1984, GEM 10C\",6378137,298.257223563,AUTHORITY[\"EPSG\",\"7030\"]],AUTHORITY[\"EPSG\",\"6326\"]],PRIMEM[\"Greenwich\",0],UNIT[\"degree\",0.0174532925199433],AUTHORITY[\"EPSG\",\"4326\"]]",
		"json_geometry" : {
			"type" : "Point",
			"coordinates" : [ 3.2936965513117262, 51.226228810856654 ]
		}
	},
	{
		"json_featuretype" : "DP03",
		"ID" : "DP03",
		"Parameter" : "4/12/2017",
		"Temperatuu" : "7",
		"Zuurstof_(" : "-",
		"Zuurstofpe" : "57,5",
		"pH_(6)" : "7,3",
		"Ammonium_(" : "0,55",
		"Nitraat_(1" : "4,74",
		"Orthofosfa" : "0,17",
		"Chloride_(" : "37,3",
		"BOD_(23)" : "3,88",
		"COD_(24)" : "37,992",
		"TOC_(25)" : "15,2",
		"Totaal_sti" : "6,5",
		"Sulfaat_(1" : "55",
		"Zware_meta" : "",
		"Lood" : "",
		"Zink" : "",
		"Chroom" : "",
		"Basis_Prat" : "3,507816409",
		"Totale_Pra" : "2,675228757",
		"csv_line_n" : "10",
		"Nummer" : "DP03",
		"Naam" : "Maleleie",
		"Ligging_me" : "",
		"Centrum" : "nee",
		"TPI04" : 3.7,
		"TPI05" : 3.7,
		"TPI06" : 3.4,
		"TPI07" : 3.2,
		"TPI08" : 0,
		"Aangemaakt op" : "07/11/2018",
		"json_ogc_wkt_crs" : "GEOGCS[\"WGS84 Lat/Longs\",DATUM[\"WGS_1984\",SPHEROID[\"World Geodetic System of 1984, GEM 10C\",6378137,298.257223563,AUTHORITY[\"EPSG\",\"7030\"]],AUTHORITY[\"EPSG\",\"6326\"]],PRIMEM[\"Greenwich\",0],UNIT[\"degree\",0.0174532925199433],AUTHORITY[\"EPSG\",\"4326\"]]",
		"json_geometry" : {
			"type" : "Point",
			"coordinates" : [ 3.2936965513117262, 51.226228810856654 ]
		}
	}
]