[
	{
		"json_featuretype" : "DP04",
		"ID" : "DP04",
		"Parameter" : "23/06/2015",
		"Temperatuu" : "13,9",
		"Zuurstof_(" : "-",
		"Zuurstofpe" : "40,4",
		"pH_(6)" : "7,5",
		"Ammonium_(" : "3,42",
		"Nitraat_(1" : "0,0331",
		"Orthofosfa" : "0,1",
		"Chloride_(" : "33,7",
		"BOD_(23)" : "6,025",
		"COD_(24)" : "69,595",
		"TOC_(25)" : "29,5",
		"Totaal_sti" : "",
		"Sulfaat_(1" : "105",
		"Zware_meta" : "",
		"Lood" : "",
		"Zink" : "",
		"Chroom" : "",
		"Basis_Prat" : "7,490705386",
		"Totale_Pra" : "4,477068824",
		"csv_line_n" : "4",
		"Nummer" : "DP04",
		"Naam" : "Gemene Weidebeek 1",
		"Ligging_me" : "",
		"Centrum" : "nee",
		"TPI04" : 4.3,
		"TPI05" : 4.3,
		"TPI06" : 4.3,
		"TPI07" : 4.1,
		"TPI08" : 4.2,
		"Aangemaakt op" : "07/11/2018",
		"json_ogc_wkt_crs" : "GEOGCS[\"WGS84 Lat/Longs\",DATUM[\"WGS_1984\",SPHEROID[\"World Geodetic System of 1984, GEM 10C\",6378137,298.257223563,AUTHORITY[\"EPSG\",\"7030\"]],AUTHORITY[\"EPSG\",\"6326\"]],PRIMEM[\"Greenwich\",0],UNIT[\"degree\",0.0174532925199433],AUTHORITY[\"EPSG\",\"4326\"]]",
		"json_geometry" : {
			"type" : "Point",
			"coordinates" : [ 3.25983129736316, 51.19971569440813 ]
		}
	}
]