[
	{
		"json_featuretype" : "DP05",
		"ID" : "DP05",
		"Parameter" : "13/09/2016",
		"Temperatuu" : "16,9",
		"Zuurstof_(" : "-",
		"Zuurstofpe" : "34,2",
		"pH_(6)" : "6,7",
		"Ammonium_(" : "0,83",
		"Nitraat_(1" : "0,01",
		"Orthofosfa" : "0,52",
		"Chloride_(" : "27,2",
		"BOD_(23)" : "5,65",
		"COD_(24)" : "64,07",
		"TOC_(25)" : "27",
		"Totaal_sti" : "",
		"Sulfaat_(1" : "2",
		"Zware_meta" : "",
		"Lood" : "",
		"Zink" : "",
		"Chroom" : "",
		"Basis_Prat" : "5,480598881",
		"Totale_Pra" : "3,477745672",
		"csv_line_n" : "4",
		"Nummer" : "DP05",
		"Naam" : "Gemene Weidebeek 2",
		"Ligging_me" : "",
		"Centrum" : "nee",
		"TPI04" : 3.7,
		"TPI05" : 3.7,
		"TPI06" : 3.1,
		"TPI07" : 3.5,
		"TPI08" : 3.3,
		"Aangemaakt op" : "07/11/2018",
		"json_ogc_wkt_crs" : "GEOGCS[\"WGS84 Lat/Longs\",DATUM[\"WGS_1984\",SPHEROID[\"World Geodetic System of 1984, GEM 10C\",6378137,298.257223563,AUTHORITY[\"EPSG\",\"7030\"]],AUTHORITY[\"EPSG\",\"6326\"]],PRIMEM[\"Greenwich\",0],UNIT[\"degree\",0.0174532925199433],AUTHORITY[\"EPSG\",\"4326\"]]",
		"json_geometry" : {
			"type" : "Point",
			"coordinates" : [ 3.2613507937566566, 51.19995916571132 ]
		}
	}
]