[
	{
		"json_featuretype" : "DP07",
		"ID" : "DP07",
		"Parameter" : "13/09/2016",
		"Temperatuu" : "18",
		"Zuurstof_(" : "-",
		"Zuurstofpe" : "25,8",
		"pH_(6)" : "7,1",
		"Ammonium_(" : "0,84",
		"Nitraat_(1" : "0,01",
		"Orthofosfa" : "0,81",
		"Chloride_(" : "27,3",
		"BOD_(23)" : "5,335",
		"COD_(24)" : "59,429",
		"TOC_(25)" : "24,9",
		"Totaal_sti" : "3,05",
		"Sulfaat_(1" : "19,1",
		"Zware_meta" : "",
		"Lood" : "",
		"Zink" : "",
		"Chroom" : "",
		"Basis_Prat" : "5,750661893",
		"Totale_Pra" : "3,479443845",
		"csv_line_n" : "4",
		"Nummer" : "DP07",
		"Naam" : "Gemene Weidebeek 4",
		"Ligging_me" : "",
		"Centrum" : "nee",
		"TPI04" : 3.9,
		"TPI05" : 3.8,
		"TPI06" : 2.8,
		"TPI07" : 3.3,
		"TPI08" : 3.2,
		"Aangemaakt op" : "07/11/2018",
		"json_ogc_wkt_crs" : "GEOGCS[\"WGS84 Lat/Longs\",DATUM[\"WGS_1984\",SPHEROID[\"World Geodetic System of 1984, GEM 10C\",6378137,298.257223563,AUTHORITY[\"EPSG\",\"7030\"]],AUTHORITY[\"EPSG\",\"6326\"]],PRIMEM[\"Greenwich\",0],UNIT[\"degree\",0.0174532925199433],AUTHORITY[\"EPSG\",\"4326\"]]",
		"json_geometry" : {
			"type" : "Point",
			"coordinates" : [ 3.263996807859716, 51.19982210593723 ]
		}
	}
]