[
	{
		"json_featuretype" : "KG08",
		"ID" : "KG08",
		"Parameter" : "7/02/2017",
		"Temperatuu" : "5,4",
		"Zuurstof_(" : "-",
		"Zuurstofpe" : "83,7",
		"pH_(6)" : "7,8",
		"Ammonium_(" : "0,2",
		"Nitraat_(1" : "0,32",
		"Orthofosfa" : "0,01",
		"Chloride_(" : "35,4",
		"BOD_(23)" : "2,695",
		"COD_(24)" : "20,533",
		"TOC_(25)" : "7,3",
		"Totaal_sti" : "2",
		"Sulfaat_(1" : "142",
		"Zware_meta" : "",
		"Lood" : "",
		"Zink" : "",
		"Chroom" : "",
		"Basis_Prat" : "1,70367798",
		"Totale_Pra" : "1,344418443",
		"csv_line_n" : "4",
		"Nummer" : "KG08",
		"Naam" : "Stil Ende",
		"Ligging_me" : "Aan de Ezelpoort",
		"Centrum" : "nee",
		"TPI04" : 2.6,
		"TPI05" : 2.2,
		"TPI06" : 2,
		"TPI07" : 2.1,
		"TPI08" : 2.1,
		"Aangemaakt op" : "07/11/2018",
		"json_ogc_wkt_crs" : "GEOGCS[\"WGS84 Lat/Longs\",DATUM[\"WGS_1984\",SPHEROID[\"World Geodetic System of 1984, GEM 10C\",6378137,298.257223563,AUTHORITY[\"EPSG\",\"7030\"]],AUTHORITY[\"EPSG\",\"6326\"]],PRIMEM[\"Greenwich\",0],UNIT[\"degree\",0.0174532925199433],AUTHORITY[\"EPSG\",\"4326\"]]",
		"json_geometry" : {
			"type" : "Point",
			"coordinates" : [ 3.215852919835861, 51.21558498826031 ]
		}
	},
	{
		"json_featuretype" : "KG08",
		"ID" : "KG08",
		"Parameter" : "13/03/2017",
		"Temperatuu" : "8,9",
		"Zuurstof_(" : "-",
		"Zuurstofpe" : "102,8",
		"pH_(6)" : "7,7",
		"Ammonium_(" : "0,06",
		"Nitraat_(1" : "3,04",
		"Orthofosfa" : "0,57",
		"Chloride_(" : "68",
		"BOD_(23)" : "2,665",
		"COD_(24)" : "20,091",
		"TOC_(25)" : "7,1",
		"Totaal_sti" : "3,8",
		"Sulfaat_(1" : "60",
		"Zware_meta" : "",
		"Lood" : "",
		"Zink" : "",
		"Chroom" : "",
		"Basis_Prat" : "1,017451676",
		"Totale_Pra" : "1,245374159",
		"csv_line_n" : "5",
		"Nummer" : "KG08",
		"Naam" : "Stil Ende",
		"Ligging_me" : "Aan de Ezelpoort",
		"Centrum" : "nee",
		"TPI04" : 2.6,
		"TPI05" : 2.2,
		"TPI06" : 2,
		"TPI07" : 2.1,
		"TPI08" : 2.1,
		"Aangemaakt op" : "07/11/2018",
		"json_ogc_wkt_crs" : "GEOGCS[\"WGS84 Lat/Longs\",DATUM[\"WGS_1984\",SPHEROID[\"World Geodetic System of 1984, GEM 10C\",6378137,298.257223563,AUTHORITY[\"EPSG\",\"7030\"]],AUTHORITY[\"EPSG\",\"6326\"]],PRIMEM[\"Greenwich\",0],UNIT[\"degree\",0.0174532925199433],AUTHORITY[\"EPSG\",\"4326\"]]",
		"json_geometry" : {
			"type" : "Point",
			"coordinates" : [ 3.215852919835861, 51.21558498826031 ]
		}
	},
	{
		"json_featuretype" : "KG08",
		"ID" : "KG08",
		"Parameter" : "2/05/2017",
		"Temperatuu" : "13,1",
		"Zuurstof_(" : "-",
		"Zuurstofpe" : "94,3",
		"pH_(6)" : "8",
		"Ammonium_(" : "0,05",
		"Nitraat_(1" : "2,1",
		"Orthofosfa" : "0,4",
		"Chloride_(" : "84",
		"BOD_(23)" : "2,62",
		"COD_(24)" : "19,428",
		"TOC_(25)" : "6,8",
		"Totaal_sti" : "3,2",
		"Sulfaat_(1" : "83",
		"Zware_meta" : "",
		"Lood" : "",
		"Zink" : "",
		"Chroom" : "",
		"Basis_Prat" : "1,042956195",
		"Totale_Pra" : "1,263294968",
		"csv_line_n" : "6",
		"Nummer" : "KG08",
		"Naam" : "Stil Ende",
		"Ligging_me" : "Aan de Ezelpoort",
		"Centrum" : "nee",
		"TPI04" : 2.6,
		"TPI05" : 2.2,
		"TPI06" : 2,
		"TPI07" : 2.1,
		"TPI08" : 2.1,
		"Aangemaakt op" : "07/11/2018",
		"json_ogc_wkt_crs" : "GEOGCS[\"WGS84 Lat/Longs\",DATUM[\"WGS_1984\",SPHEROID[\"World Geodetic System of 1984, GEM 10C\",6378137,298.257223563,AUTHORITY[\"EPSG\",\"7030\"]],AUTHORITY[\"EPSG\",\"6326\"]],PRIMEM[\"Greenwich\",0],UNIT[\"degree\",0.0174532925199433],AUTHORITY[\"EPSG\",\"4326\"]]",
		"json_geometry" : {
			"type" : "Point",
			"coordinates" : [ 3.215852919835861, 51.21558498826031 ]
		}
	},
	{
		"json_featuretype" : "KG08",
		"ID" : "KG08",
		"Parameter" : "27/06/2017",
		"Temperatuu" : "21,8",
		"Zuurstof_(" : "-",
		"Zuurstofpe" : "87,8",
		"pH_(6)" : "8,1",
		"Ammonium_(" : "0,09",
		"Nitraat_(1" : "0,82",
		"Orthofosfa" : "1,05",
		"Chloride_(" : "109",
		"BOD_(23)" : "2,581",
		"COD_(24)" : "18,8534",
		"TOC_(25)" : "6,54",
		"Totaal_sti" : "1,9",
		"Sulfaat_(1" : "87",
		"Zware_meta" : "",
		"Lood" : "",
		"Zink" : "",
		"Chroom" : "",
		"Basis_Prat" : "1,306651219",
		"Totale_Pra" : "1,29851708",
		"csv_line_n" : "7",
		"Nummer" : "KG08",
		"Naam" : "Stil Ende",
		"Ligging_me" : "Aan de Ezelpoort",
		"Centrum" : "nee",
		"TPI04" : 2.6,
		"TPI05" : 2.2,
		"TPI06" : 2,
		"TPI07" : 2.1,
		"TPI08" : 2.1,
		"Aangemaakt op" : "07/11/2018",
		"json_ogc_wkt_crs" : "GEOGCS[\"WGS84 Lat/Longs\",DATUM[\"WGS_1984\",SPHEROID[\"World Geodetic System of 1984, GEM 10C\",6378137,298.257223563,AUTHORITY[\"EPSG\",\"7030\"]],AUTHORITY[\"EPSG\",\"6326\"]],PRIMEM[\"Greenwich\",0],UNIT[\"degree\",0.0174532925199433],AUTHORITY[\"EPSG\",\"4326\"]]",
		"json_geometry" : {
			"type" : "Point",
			"coordinates" : [ 3.215852919835861, 51.21558498826031 ]
		}
	},
	{
		"json_featuretype" : "KG08",
		"ID" : "KG08",
		"Parameter" : "29/08/2017",
		"Temperatuu" : "23",
		"Zuurstof_(" : "-",
		"Zuurstofpe" : "121,4",
		"pH_(6)" : "8,6",
		"Ammonium_(" : "0,03",
		"Nitraat_(1" : "0,01",
		"Orthofosfa" : "1,18",
		"Chloride_(" : "115",
		"BOD_(23)" : "2,3545",
		"COD_(24)" : "15,5163",
		"TOC_(25)" : "5,03",
		"Totaal_sti" : "0,55",
		"Sulfaat_(1" : "78",
		"Zware_meta" : "",
		"Lood" : "",
		"Zink" : "",
		"Chroom" : "",
		"Basis_Prat" : "1,264073394",
		"Totale_Pra" : "1,329982929",
		"csv_line_n" : "8",
		"Nummer" : "KG08",
		"Naam" : "Stil Ende",
		"Ligging_me" : "Aan de Ezelpoort",
		"Centrum" : "nee",
		"TPI04" : 2.6,
		"TPI05" : 2.2,
		"TPI06" : 2,
		"TPI07" : 2.1,
		"TPI08" : 2.1,
		"Aangemaakt op" : "07/11/2018",
		"json_ogc_wkt_crs" : "GEOGCS[\"WGS84 Lat/Longs\",DATUM[\"WGS_1984\",SPHEROID[\"World Geodetic System of 1984, GEM 10C\",6378137,298.257223563,AUTHORITY[\"EPSG\",\"7030\"]],AUTHORITY[\"EPSG\",\"6326\"]],PRIMEM[\"Greenwich\",0],UNIT[\"degree\",0.0174532925199433],AUTHORITY[\"EPSG\",\"4326\"]]",
		"json_geometry" : {
			"type" : "Point",
			"coordinates" : [ 3.215852919835861, 51.21558498826031 ]
		}
	},
	{
		"json_featuretype" : "KG08",
		"ID" : "KG08",
		"Parameter" : "7/11/2017",
		"Temperatuu" : "9,7",
		"Zuurstof_(" : "-",
		"Zuurstofpe" : "67",
		"pH_(6)" : "8",
		"Ammonium_(" : "0,43",
		"Nitraat_(1" : "0,56",
		"Orthofosfa" : "1,26",
		"Chloride_(" : "101",
		"BOD_(23)" : "2,695",
		"COD_(24)" : "20,533",
		"TOC_(25)" : "7,3",
		"Totaal_sti" : "2,1",
		"Sulfaat_(1" : "63",
		"Zware_meta" : "",
		"Lood" : "",
		"Zink" : "",
		"Chroom" : "",
		"Basis_Prat" : "2,512846868",
		"Totale_Pra" : "1,845702234",
		"csv_line_n" : "9",
		"Nummer" : "KG08",
		"Naam" : "Stil Ende",
		"Ligging_me" : "Aan de Ezelpoort",
		"Centrum" : "nee",
		"TPI04" : 2.6,
		"TPI05" : 2.2,
		"TPI06" : 2,
		"TPI07" : 2.1,
		"TPI08" : 2.1,
		"Aangemaakt op" : "07/11/2018",
		"json_ogc_wkt_crs" : "GEOGCS[\"WGS84 Lat/Longs\",DATUM[\"WGS_1984\",SPHEROID[\"World Geodetic System of 1984, GEM 10C\",6378137,298.257223563,AUTHORITY[\"EPSG\",\"7030\"]],AUTHORITY[\"EPSG\",\"6326\"]],PRIMEM[\"Greenwich\",0],UNIT[\"degree\",0.0174532925199433],AUTHORITY[\"EPSG\",\"4326\"]]",
		"json_geometry" : {
			"type" : "Point",
			"coordinates" : [ 3.215852919835861, 51.21558498826031 ]
		}
	},
	{
		"json_featuretype" : "KG08",
		"ID" : "KG08",
		"Parameter" : "4/12/2017",
		"Temperatuu" : "4,8",
		"Zuurstof_(" : "-",
		"Zuurstofpe" : "78,5",
		"pH_(6)" : "7,9",
		"Ammonium_(" : "0,22",
		"Nitraat_(1" : "0,95",
		"Orthofosfa" : "0,97",
		"Chloride_(" : "94,1",
		"BOD_(23)" : "2,602",
		"COD_(24)" : "19,1628",
		"TOC_(25)" : "6,68",
		"Totaal_sti" : "2",
		"Sulfaat_(1" : "58",
		"Zware_meta" : "",
		"Lood" : "",
		"Zink" : "",
		"Chroom" : "",
		"Basis_Prat" : "1,832975771",
		"Totale_Pra" : "1,512627611",
		"csv_line_n" : "10",
		"Nummer" : "KG08",
		"Naam" : "Stil Ende",
		"Ligging_me" : "Aan de Ezelpoort",
		"Centrum" : "nee",
		"TPI04" : 2.6,
		"TPI05" : 2.2,
		"TPI06" : 2,
		"TPI07" : 2.1,
		"TPI08" : 2.1,
		"Aangemaakt op" : "07/11/2018",
		"json_ogc_wkt_crs" : "GEOGCS[\"WGS84 Lat/Longs\",DATUM[\"WGS_1984\",SPHEROID[\"World Geodetic System of 1984, GEM 10C\",6378137,298.257223563,AUTHORITY[\"EPSG\",\"7030\"]],AUTHORITY[\"EPSG\",\"6326\"]],PRIMEM[\"Greenwich\",0],UNIT[\"degree\",0.0174532925199433],AUTHORITY[\"EPSG\",\"4326\"]]",
		"json_geometry" : {
			"type" : "Point",
			"coordinates" : [ 3.215852919835861, 51.21558498826031 ]
		}
	}
]