[
	{
		"json_featuretype" : "KGO1",
		"ID" : "KGO1",
		"Parameter" : "7/02/2017",
		"Temperatuu" : "5,5",
		"Zuurstof_(" : "-",
		"Zuurstofpe" : "79,1",
		"pH_(6)" : "7,6",
		"Ammonium_(" : "0,5",
		"Nitraat_(1" : "9,2",
		"Orthofosfa" : "0,04",
		"Chloride_(" : "42",
		"BOD_(23)" : "3,61",
		"COD_(24)" : "34,014",
		"TOC_(25)" : "13,4",
		"Totaal_sti" : "9,4",
		"Sulfaat_(1" : "61",
		"Zware_meta" : "",
		"Lood" : "",
		"Zink" : "",
		"Chroom" : "",
		"Basis_Prat" : "2,734424182",
		"Totale_Pra" : "2,551016452",
		"csv_line_n" : "4",
		"Nummer" : "KGO1",
		"Naam" : "Kerkebeek 1",
		"Ligging_me" : "",
		"Centrum" : "nee",
		"TPI04" : 4.6,
		"TPI05" : 4.1,
		"TPI06" : 4.5,
		"TPI07" : 4.1,
		"TPI08" : 3.8,
		"Aangemaakt op" : "07/11/2018",
		"json_ogc_wkt_crs" : "GEOGCS[\"WGS84 Lat/Longs\",DATUM[\"WGS_1984\",SPHEROID[\"World Geodetic System of 1984, GEM 10C\",6378137,298.257223563,AUTHORITY[\"EPSG\",\"7030\"]],AUTHORITY[\"EPSG\",\"6326\"]],PRIMEM[\"Greenwich\",0],UNIT[\"degree\",0.0174532925199433],AUTHORITY[\"EPSG\",\"4326\"]]",
		"json_geometry" : {
			"type" : "Point",
			"coordinates" : [ 3.211181574607893, 51.17875586797124 ]
		}
	},
	{
		"json_featuretype" : "KGO1",
		"ID" : "KGO1",
		"Parameter" : "13/03/2017",
		"Temperatuu" : "9,4",
		"Zuurstof_(" : "-",
		"Zuurstofpe" : "93,9",
		"pH_(6)" : "7,3",
		"Ammonium_(" : "0,4",
		"Nitraat_(1" : "6,24",
		"Orthofosfa" : "0,02",
		"Chloride_(" : "43,4",
		"BOD_(23)" : "3,505",
		"COD_(24)" : "32,467",
		"TOC_(25)" : "12,7",
		"Totaal_sti" : "7,5",
		"Sulfaat_(1" : "67",
		"Zware_meta" : "",
		"Lood" : "",
		"Zink" : "",
		"Chroom" : "",
		"Basis_Prat" : "2,150929784",
		"Totale_Pra" : "2,045326869",
		"csv_line_n" : "5",
		"Nummer" : "KGO1",
		"Naam" : "Kerkebeek 1",
		"Ligging_me" : "",
		"Centrum" : "nee",
		"TPI04" : 4.6,
		"TPI05" : 4.1,
		"TPI06" : 4.5,
		"TPI07" : 4.1,
		"TPI08" : 3.8,
		"Aangemaakt op" : "07/11/2018",
		"json_ogc_wkt_crs" : "GEOGCS[\"WGS84 Lat/Longs\",DATUM[\"WGS_1984\",SPHEROID[\"World Geodetic System of 1984, GEM 10C\",6378137,298.257223563,AUTHORITY[\"EPSG\",\"7030\"]],AUTHORITY[\"EPSG\",\"6326\"]],PRIMEM[\"Greenwich\",0],UNIT[\"degree\",0.0174532925199433],AUTHORITY[\"EPSG\",\"4326\"]]",
		"json_geometry" : {
			"type" : "Point",
			"coordinates" : [ 3.211181574607893, 51.17875586797124 ]
		}
	},
	{
		"json_featuretype" : "KGO1",
		"ID" : "KGO1",
		"Parameter" : "2/05/2017",
		"Temperatuu" : "12",
		"Zuurstof_(" : "-",
		"Zuurstofpe" : "71,5",
		"pH_(6)" : "7,5",
		"Ammonium_(" : "1,72",
		"Nitraat_(1" : "2,06",
		"Orthofosfa" : "0,01",
		"Chloride_(" : "58",
		"BOD_(23)" : "3,22",
		"COD_(24)" : "28,268",
		"TOC_(25)" : "10,8",
		"Totaal_sti" : "5,4",
		"Sulfaat_(1" : "78",
		"Zware_meta" : "",
		"Lood" : "",
		"Zink" : "",
		"Chroom" : "",
		"Basis_Prat" : "3,980497829",
		"Totale_Pra" : "2,670300193",
		"csv_line_n" : "6",
		"Nummer" : "KGO1",
		"Naam" : "Kerkebeek 1",
		"Ligging_me" : "",
		"Centrum" : "nee",
		"TPI04" : 4.6,
		"TPI05" : 4.1,
		"TPI06" : 4.5,
		"TPI07" : 4.1,
		"TPI08" : 3.8,
		"Aangemaakt op" : "07/11/2018",
		"json_ogc_wkt_crs" : "GEOGCS[\"WGS84 Lat/Longs\",DATUM[\"WGS_1984\",SPHEROID[\"World Geodetic System of 1984, GEM 10C\",6378137,298.257223563,AUTHORITY[\"EPSG\",\"7030\"]],AUTHORITY[\"EPSG\",\"6326\"]],PRIMEM[\"Greenwich\",0],UNIT[\"degree\",0.0174532925199433],AUTHORITY[\"EPSG\",\"4326\"]]",
		"json_geometry" : {
			"type" : "Point",
			"coordinates" : [ 3.211181574607893, 51.17875586797124 ]
		}
	},
	{
		"json_featuretype" : "KGO1",
		"ID" : "KGO1",
		"Parameter" : "27/06/2017",
		"Temperatuu" : "18,5",
		"Zuurstof_(" : "-",
		"Zuurstofpe" : "70,5",
		"pH_(6)" : "7,8",
		"Ammonium_(" : "0,56",
		"Nitraat_(1" : "0,91",
		"Orthofosfa" : "0,02",
		"Chloride_(" : "80",
		"BOD_(23)" : "3,34",
		"COD_(24)" : "30,036",
		"TOC_(25)" : "11,6",
		"Totaal_sti" : "2,6",
		"Sulfaat_(1" : "72",
		"Zware_meta" : "",
		"Lood" : "",
		"Zink" : "",
		"Chroom" : "",
		"Basis_Prat" : "2,908643668",
		"Totale_Pra" : "2,099513116",
		"csv_line_n" : "7",
		"Nummer" : "KGO1",
		"Naam" : "Kerkebeek 1",
		"Ligging_me" : "",
		"Centrum" : "nee",
		"TPI04" : 4.6,
		"TPI05" : 4.1,
		"TPI06" : 4.5,
		"TPI07" : 4.1,
		"TPI08" : 3.8,
		"Aangemaakt op" : "07/11/2018",
		"json_ogc_wkt_crs" : "GEOGCS[\"WGS84 Lat/Longs\",DATUM[\"WGS_1984\",SPHEROID[\"World Geodetic System of 1984, GEM 10C\",6378137,298.257223563,AUTHORITY[\"EPSG\",\"7030\"]],AUTHORITY[\"EPSG\",\"6326\"]],PRIMEM[\"Greenwich\",0],UNIT[\"degree\",0.0174532925199433],AUTHORITY[\"EPSG\",\"4326\"]]",
		"json_geometry" : {
			"type" : "Point",
			"coordinates" : [ 3.211181574607893, 51.17875586797124 ]
		}
	},
	{
		"json_featuretype" : "KGO1",
		"ID" : "KGO1",
		"Parameter" : "29/08/2017",
		"Temperatuu" : "19,2",
		"Zuurstof_(" : "-",
		"Zuurstofpe" : "60,4",
		"pH_(6)" : "7,8",
		"Ammonium_(" : "1,64",
		"Nitraat_(1" : "0,54",
		"Orthofosfa" : "0,02",
		"Chloride_(" : "79,1",
		"BOD_(23)" : "2,674",
		"COD_(24)" : "20,2236",
		"TOC_(25)" : "7,16",
		"Totaal_sti" : "3",
		"Sulfaat_(1" : "78",
		"Zware_meta" : "",
		"Lood" : "",
		"Zink" : "",
		"Chroom" : "",
		"Basis_Prat" : "3,940778966",
		"Totale_Pra" : "2,494535593",
		"csv_line_n" : "8",
		"Nummer" : "KGO1",
		"Naam" : "Kerkebeek 1",
		"Ligging_me" : "",
		"Centrum" : "nee",
		"TPI04" : 4.6,
		"TPI05" : 4.1,
		"TPI06" : 4.5,
		"TPI07" : 4.1,
		"TPI08" : 3.8,
		"Aangemaakt op" : "07/11/2018",
		"json_ogc_wkt_crs" : "GEOGCS[\"WGS84 Lat/Longs\",DATUM[\"WGS_1984\",SPHEROID[\"World Geodetic System of 1984, GEM 10C\",6378137,298.257223563,AUTHORITY[\"EPSG\",\"7030\"]],AUTHORITY[\"EPSG\",\"6326\"]],PRIMEM[\"Greenwich\",0],UNIT[\"degree\",0.0174532925199433],AUTHORITY[\"EPSG\",\"4326\"]]",
		"json_geometry" : {
			"type" : "Point",
			"coordinates" : [ 3.211181574607893, 51.17875586797124 ]
		}
	},
	{
		"json_featuretype" : "KGO1",
		"ID" : "KGO1",
		"Parameter" : "7/11/2017",
		"Temperatuu" : "7,3",
		"Zuurstof_(" : "-",
		"Zuurstofpe" : "58,8",
		"pH_(6)" : "7,4",
		"Ammonium_(" : "1,49",
		"Nitraat_(1" : "3,02",
		"Orthofosfa" : "0,04",
		"Chloride_(" : "52,9",
		"BOD_(23)" : "3,37",
		"COD_(24)" : "30,478",
		"TOC_(25)" : "11,8",
		"Totaal_sti" : "6,2",
		"Sulfaat_(1" : "71",
		"Zware_meta" : "",
		"Lood" : "",
		"Zink" : "",
		"Chroom" : "",
		"Basis_Prat" : "4,195194135",
		"Totale_Pra" : "2,856084379",
		"csv_line_n" : "9",
		"Nummer" : "KGO1",
		"Naam" : "Kerkebeek 1",
		"Ligging_me" : "",
		"Centrum" : "nee",
		"TPI04" : 4.6,
		"TPI05" : 4.1,
		"TPI06" : 4.5,
		"TPI07" : 4.1,
		"TPI08" : 3.8,
		"Aangemaakt op" : "07/11/2018",
		"json_ogc_wkt_crs" : "GEOGCS[\"WGS84 Lat/Longs\",DATUM[\"WGS_1984\",SPHEROID[\"World Geodetic System of 1984, GEM 10C\",6378137,298.257223563,AUTHORITY[\"EPSG\",\"7030\"]],AUTHORITY[\"EPSG\",\"6326\"]],PRIMEM[\"Greenwich\",0],UNIT[\"degree\",0.0174532925199433],AUTHORITY[\"EPSG\",\"4326\"]]",
		"json_geometry" : {
			"type" : "Point",
			"coordinates" : [ 3.211181574607893, 51.17875586797124 ]
		}
	},
	{
		"json_featuretype" : "KGO1",
		"ID" : "KGO1",
		"Parameter" : "4/12/2017",
		"Temperatuu" : "7",
		"Zuurstof_(" : "-",
		"Zuurstofpe" : "73,1",
		"pH_(6)" : "7,2",
		"Ammonium_(" : "0,48",
		"Nitraat_(1" : "13,3",
		"Orthofosfa" : "0,2",
		"Chloride_(" : "47,9",
		"BOD_(23)" : "3,97",
		"COD_(24)" : "39,318",
		"TOC_(25)" : "15,8",
		"Totaal_sti" : "16",
		"Sulfaat_(1" : "69",
		"Zware_meta" : "",
		"Lood" : "",
		"Zink" : "",
		"Chroom" : "",
		"Basis_Prat" : "3,044645283",
		"Totale_Pra" : "2,88240618",
		"csv_line_n" : "10",
		"Nummer" : "KGO1",
		"Naam" : "Kerkebeek 1",
		"Ligging_me" : "",
		"Centrum" : "nee",
		"TPI04" : 4.6,
		"TPI05" : 4.1,
		"TPI06" : 4.5,
		"TPI07" : 4.1,
		"TPI08" : 3.8,
		"Aangemaakt op" : "07/11/2018",
		"json_ogc_wkt_crs" : "GEOGCS[\"WGS84 Lat/Longs\",DATUM[\"WGS_1984\",SPHEROID[\"World Geodetic System of 1984, GEM 10C\",6378137,298.257223563,AUTHORITY[\"EPSG\",\"7030\"]],AUTHORITY[\"EPSG\",\"6326\"]],PRIMEM[\"Greenwich\",0],UNIT[\"degree\",0.0174532925199433],AUTHORITY[\"EPSG\",\"4326\"]]",
		"json_geometry" : {
			"type" : "Point",
			"coordinates" : [ 3.211181574607893, 51.17875586797124 ]
		}
	}
]