[
	{
		"json_featuretype" : "KGO2",
		"ID" : "KGO2",
		"Parameter" : "7/02/2017",
		"Temperatuu" : "5,6",
		"Zuurstof_(" : "-",
		"Zuurstofpe" : "78,9",
		"pH_(6)" : "7,5",
		"Ammonium_(" : "0,55",
		"Nitraat_(1" : "0,01",
		"Orthofosfa" : "1,96",
		"Chloride_(" : "144",
		"BOD_(23)" : "3,73",
		"COD_(24)" : "35,782",
		"TOC_(25)" : "14,2",
		"Totaal_sti" : "9,5",
		"Sulfaat_(1" : "113",
		"Zware_meta" : "",
		"Lood" : "",
		"Zink" : "",
		"Chroom" : "",
		"Basis_Prat" : "2,863483076",
		"Totale_Pra" : "1,897521103",
		"csv_line_n" : "4",
		"Nummer" : "KGO2",
		"Naam" : "Kerkebeek 2",
		"Ligging_me" : "",
		"Centrum" : "nee",
		"TPI04" : 4.9,
		"TPI05" : 4.3,
		"TPI06" : 4.7,
		"TPI07" : 4.5,
		"TPI08" : 4.6,
		"Aangemaakt op" : "07/11/2018",
		"json_ogc_wkt_crs" : "GEOGCS[\"WGS84 Lat/Longs\",DATUM[\"WGS_1984\",SPHEROID[\"World Geodetic System of 1984, GEM 10C\",6378137,298.257223563,AUTHORITY[\"EPSG\",\"7030\"]],AUTHORITY[\"EPSG\",\"6326\"]],PRIMEM[\"Greenwich\",0],UNIT[\"degree\",0.0174532925199433],AUTHORITY[\"EPSG\",\"4326\"]]",
		"json_geometry" : {
			"type" : "Point",
			"coordinates" : [ 3.192543344967018, 51.16710461134039 ]
		}
	},
	{
		"json_featuretype" : "KGO2",
		"ID" : "KGO2",
		"Parameter" : "13/03/2017",
		"Temperatuu" : "9,4",
		"Zuurstof_(" : "-",
		"Zuurstofpe" : "93,9",
		"pH_(6)" : "7,3",
		"Ammonium_(" : "0,47",
		"Nitraat_(1" : "6,91",
		"Orthofosfa" : "0,01",
		"Chloride_(" : "42,5",
		"BOD_(23)" : "3,595",
		"COD_(24)" : "33,793",
		"TOC_(25)" : "13,3",
		"Totaal_sti" : "8,1",
		"Sulfaat_(1" : "69",
		"Zware_meta" : "",
		"Lood" : "",
		"Zink" : "",
		"Chroom" : "",
		"Basis_Prat" : "2,29236999",
		"Totale_Pra" : "2,163702538",
		"csv_line_n" : "5",
		"Nummer" : "KGO2",
		"Naam" : "Kerkebeek 2",
		"Ligging_me" : "",
		"Centrum" : "nee",
		"TPI04" : 4.9,
		"TPI05" : 4.3,
		"TPI06" : 4.7,
		"TPI07" : 4.5,
		"TPI08" : 4.6,
		"Aangemaakt op" : "07/11/2018",
		"json_ogc_wkt_crs" : "GEOGCS[\"WGS84 Lat/Longs\",DATUM[\"WGS_1984\",SPHEROID[\"World Geodetic System of 1984, GEM 10C\",6378137,298.257223563,AUTHORITY[\"EPSG\",\"7030\"]],AUTHORITY[\"EPSG\",\"6326\"]],PRIMEM[\"Greenwich\",0],UNIT[\"degree\",0.0174532925199433],AUTHORITY[\"EPSG\",\"4326\"]]",
		"json_geometry" : {
			"type" : "Point",
			"coordinates" : [ 3.192543344967018, 51.16710461134039 ]
		}
	},
	{
		"json_featuretype" : "KGO2",
		"ID" : "KGO2",
		"Parameter" : "2/05/2017",
		"Temperatuu" : "11,2",
		"Zuurstof_(" : "-",
		"Zuurstofpe" : "90,6",
		"pH_(6)" : "7,4",
		"Ammonium_(" : "1,92",
		"Nitraat_(1" : "3,38",
		"Orthofosfa" : "0,01",
		"Chloride_(" : "58",
		"BOD_(23)" : "3,43",
		"COD_(24)" : "31,362",
		"TOC_(25)" : "12,2",
		"Totaal_sti" : "7",
		"Sulfaat_(1" : "85",
		"Zware_meta" : "",
		"Lood" : "",
		"Zink" : "",
		"Chroom" : "",
		"Basis_Prat" : "3,738360836",
		"Totale_Pra" : "2,660704818",
		"csv_line_n" : "6",
		"Nummer" : "KGO2",
		"Naam" : "Kerkebeek 2",
		"Ligging_me" : "",
		"Centrum" : "nee",
		"TPI04" : 4.9,
		"TPI05" : 4.3,
		"TPI06" : 4.7,
		"TPI07" : 4.5,
		"TPI08" : 4.6,
		"Aangemaakt op" : "07/11/2018",
		"json_ogc_wkt_crs" : "GEOGCS[\"WGS84 Lat/Longs\",DATUM[\"WGS_1984\",SPHEROID[\"World Geodetic System of 1984, GEM 10C\",6378137,298.257223563,AUTHORITY[\"EPSG\",\"7030\"]],AUTHORITY[\"EPSG\",\"6326\"]],PRIMEM[\"Greenwich\",0],UNIT[\"degree\",0.0174532925199433],AUTHORITY[\"EPSG\",\"4326\"]]",
		"json_geometry" : {
			"type" : "Point",
			"coordinates" : [ 3.192543344967018, 51.16710461134039 ]
		}
	},
	{
		"json_featuretype" : "KGO2",
		"ID" : "KGO2",
		"Parameter" : "27/06/2017",
		"Temperatuu" : "17,2",
		"Zuurstof_(" : "-",
		"Zuurstofpe" : "41,2",
		"pH_(6)" : "7,3",
		"Ammonium_(" : "3,9",
		"Nitraat_(1" : "0,37",
		"Orthofosfa" : "0,01",
		"Chloride_(" : "100",
		"BOD_(23)" : "3,115",
		"COD_(24)" : "26,721",
		"TOC_(25)" : "10,1",
		"Totaal_sti" : "5,5",
		"Sulfaat_(1" : "70",
		"Zware_meta" : "",
		"Lood" : "",
		"Zink" : "",
		"Chroom" : "",
		"Basis_Prat" : "6,336388859",
		"Totale_Pra" : "3,624085412",
		"csv_line_n" : "7",
		"Nummer" : "KGO2",
		"Naam" : "Kerkebeek 2",
		"Ligging_me" : "",
		"Centrum" : "nee",
		"TPI04" : 4.9,
		"TPI05" : 4.3,
		"TPI06" : 4.7,
		"TPI07" : 4.5,
		"TPI08" : 4.6,
		"Aangemaakt op" : "07/11/2018",
		"json_ogc_wkt_crs" : "GEOGCS[\"WGS84 Lat/Longs\",DATUM[\"WGS_1984\",SPHEROID[\"World Geodetic System of 1984, GEM 10C\",6378137,298.257223563,AUTHORITY[\"EPSG\",\"7030\"]],AUTHORITY[\"EPSG\",\"6326\"]],PRIMEM[\"Greenwich\",0],UNIT[\"degree\",0.0174532925199433],AUTHORITY[\"EPSG\",\"4326\"]]",
		"json_geometry" : {
			"type" : "Point",
			"coordinates" : [ 3.192543344967018, 51.16710461134039 ]
		}
	},
	{
		"json_featuretype" : "KGO2",
		"ID" : "KGO2",
		"Parameter" : "29/08/2017",
		"Temperatuu" : "22,2",
		"Zuurstof_(" : "-",
		"Zuurstofpe" : "132,1",
		"pH_(6)" : "7,7",
		"Ammonium_(" : "2,22",
		"Nitraat_(1" : "0,53",
		"Orthofosfa" : "0,01",
		"Chloride_(" : "84,9",
		"BOD_(23)" : "2,98",
		"COD_(24)" : "24,732",
		"TOC_(25)" : "9,2",
		"Totaal_sti" : "3,3",
		"Sulfaat_(1" : "80",
		"Zware_meta" : "",
		"Lood" : "",
		"Zink" : "",
		"Chroom" : "",
		"Basis_Prat" : "4,357452897",
		"Totale_Pra" : "2,710458599",
		"csv_line_n" : "8",
		"Nummer" : "KGO2",
		"Naam" : "Kerkebeek 2",
		"Ligging_me" : "",
		"Centrum" : "nee",
		"TPI04" : 4.9,
		"TPI05" : 4.3,
		"TPI06" : 4.7,
		"TPI07" : 4.5,
		"TPI08" : 4.6,
		"Aangemaakt op" : "07/11/2018",
		"json_ogc_wkt_crs" : "GEOGCS[\"WGS84 Lat/Longs\",DATUM[\"WGS_1984\",SPHEROID[\"World Geodetic System of 1984, GEM 10C\",6378137,298.257223563,AUTHORITY[\"EPSG\",\"7030\"]],AUTHORITY[\"EPSG\",\"6326\"]],PRIMEM[\"Greenwich\",0],UNIT[\"degree\",0.0174532925199433],AUTHORITY[\"EPSG\",\"4326\"]]",
		"json_geometry" : {
			"type" : "Point",
			"coordinates" : [ 3.192543344967018, 51.16710461134039 ]
		}
	},
	{
		"json_featuretype" : "KGO2",
		"ID" : "KGO2",
		"Parameter" : "7/11/2017",
		"Temperatuu" : "7,6",
		"Zuurstof_(" : "-",
		"Zuurstofpe" : "56,7",
		"pH_(6)" : "7,4",
		"Ammonium_(" : "1,82",
		"Nitraat_(1" : "3,47",
		"Orthofosfa" : "0,1",
		"Chloride_(" : "51,2",
		"BOD_(23)" : "3,52",
		"COD_(24)" : "32,688",
		"TOC_(25)" : "12,8",
		"Totaal_sti" : "7,3",
		"Sulfaat_(1" : "72",
		"Zware_meta" : "",
		"Lood" : "",
		"Zink" : "",
		"Chroom" : "",
		"Basis_Prat" : "4,605358761",
		"Totale_Pra" : "3,110632033",
		"csv_line_n" : "9",
		"Nummer" : "KGO2",
		"Naam" : "Kerkebeek 2",
		"Ligging_me" : "",
		"Centrum" : "nee",
		"TPI04" : 4.9,
		"TPI05" : 4.3,
		"TPI06" : 4.7,
		"TPI07" : 4.5,
		"TPI08" : 4.6,
		"Aangemaakt op" : "07/11/2018",
		"json_ogc_wkt_crs" : "GEOGCS[\"WGS84 Lat/Longs\",DATUM[\"WGS_1984\",SPHEROID[\"World Geodetic System of 1984, GEM 10C\",6378137,298.257223563,AUTHORITY[\"EPSG\",\"7030\"]],AUTHORITY[\"EPSG\",\"6326\"]],PRIMEM[\"Greenwich\",0],UNIT[\"degree\",0.0174532925199433],AUTHORITY[\"EPSG\",\"4326\"]]",
		"json_geometry" : {
			"type" : "Point",
			"coordinates" : [ 3.192543344967018, 51.16710461134039 ]
		}
	},
	{
		"json_featuretype" : "KGO2",
		"ID" : "KGO2",
		"Parameter" : "4/12/2017",
		"Temperatuu" : "7,2",
		"Zuurstof_(" : "-",
		"Zuurstofpe" : "73,1",
		"pH_(6)" : "7,2",
		"Ammonium_(" : "0,48",
		"Nitraat_(1" : "13,9",
		"Orthofosfa" : "0,21",
		"Chloride_(" : "45,6",
		"BOD_(23)" : "3,955",
		"COD_(24)" : "39,097",
		"TOC_(25)" : "15,7",
		"Totaal_sti" : "16",
		"Sulfaat_(1" : "69",
		"Zware_meta" : "",
		"Lood" : "",
		"Zink" : "",
		"Chroom" : "",
		"Basis_Prat" : "3,037278616",
		"Totale_Pra" : "2,902862346",
		"csv_line_n" : "10",
		"Nummer" : "KGO2",
		"Naam" : "Kerkebeek 2",
		"Ligging_me" : "",
		"Centrum" : "nee",
		"TPI04" : 4.9,
		"TPI05" : 4.3,
		"TPI06" : 4.7,
		"TPI07" : 4.5,
		"TPI08" : 4.6,
		"Aangemaakt op" : "07/11/2018",
		"json_ogc_wkt_crs" : "GEOGCS[\"WGS84 Lat/Longs\",DATUM[\"WGS_1984\",SPHEROID[\"World Geodetic System of 1984, GEM 10C\",6378137,298.257223563,AUTHORITY[\"EPSG\",\"7030\"]],AUTHORITY[\"EPSG\",\"6326\"]],PRIMEM[\"Greenwich\",0],UNIT[\"degree\",0.0174532925199433],AUTHORITY[\"EPSG\",\"4326\"]]",
		"json_geometry" : {
			"type" : "Point",
			"coordinates" : [ 3.192543344967018, 51.16710461134039 ]
		}
	}
]