[
	{
		"json_featuretype" : "KGO4",
		"ID" : "KGO4",
		"Parameter" : "7/02/2017",
		"Temperatuu" : "7,2",
		"Zuurstof_(" : "-",
		"Zuurstofpe" : "14,7",
		"pH_(6)" : "7,6",
		"Ammonium_(" : "5,5",
		"Nitraat_(1" : "1,54",
		"Orthofosfa" : "0,28",
		"Chloride_(" : "67",
		"BOD_(23)" : "4,42",
		"COD_(24)" : "45,948",
		"TOC_(25)" : "18,8",
		"Totaal_sti" : "10,2",
		"Sulfaat_(1" : "40,7",
		"Zware_meta" : "",
		"Lood" : "",
		"Zink" : "",
		"Chroom" : "",
		"Basis_Prat" : "9,271593206",
		"Totale_Pra" : "5,420375338",
		"csv_line_n" : "4",
		"Nummer" : "KGO4",
		"Naam" : "Leiselebeek",
		"Ligging_me" : "Heidelbergstraat tussen nr",
		"Centrum" : "nee",
		"TPI04" : 4.4,
		"TPI05" : 3.9,
		"TPI06" : 4,
		"TPI07" : 3.7,
		"TPI08" : 4,
		"Aangemaakt op" : "07/11/2018",
		"json_ogc_wkt_crs" : "GEOGCS[\"WGS84 Lat/Longs\",DATUM[\"WGS_1984\",SPHEROID[\"World Geodetic System of 1984, GEM 10C\",6378137,298.257223563,AUTHORITY[\"EPSG\",\"7030\"]],AUTHORITY[\"EPSG\",\"6326\"]],PRIMEM[\"Greenwich\",0],UNIT[\"degree\",0.0174532925199433],AUTHORITY[\"EPSG\",\"4326\"]]",
		"json_geometry" : {
			"type" : "Point",
			"coordinates" : [ 3.2261969122512713, 51.17555784350932 ]
		}
	},
	{
		"json_featuretype" : "KGO4",
		"ID" : "KGO4",
		"Parameter" : "13/03/2017",
		"Temperatuu" : "9,9",
		"Zuurstof_(" : "-",
		"Zuurstofpe" : "2,6",
		"pH_(6)" : "7,6",
		"Ammonium_(" : "4,9",
		"Nitraat_(1" : "3,93",
		"Orthofosfa" : "0,34",
		"Chloride_(" : "48,3",
		"BOD_(23)" : "4,48",
		"COD_(24)" : "46,832",
		"TOC_(25)" : "19,2",
		"Totaal_sti" : "12,1",
		"Sulfaat_(1" : "49",
		"Zware_meta" : "",
		"Lood" : "",
		"Zink" : "",
		"Chroom" : "",
		"Basis_Prat" : "9,851992126",
		"Totale_Pra" : "5,905893885",
		"csv_line_n" : "5",
		"Nummer" : "KGO4",
		"Naam" : "Leiselebeek",
		"Ligging_me" : "Heidelbergstraat tussen nr",
		"Centrum" : "nee",
		"TPI04" : 4.4,
		"TPI05" : 3.9,
		"TPI06" : 4,
		"TPI07" : 3.7,
		"TPI08" : 4,
		"Aangemaakt op" : "07/11/2018",
		"json_ogc_wkt_crs" : "GEOGCS[\"WGS84 Lat/Longs\",DATUM[\"WGS_1984\",SPHEROID[\"World Geodetic System of 1984, GEM 10C\",6378137,298.257223563,AUTHORITY[\"EPSG\",\"7030\"]],AUTHORITY[\"EPSG\",\"6326\"]],PRIMEM[\"Greenwich\",0],UNIT[\"degree\",0.0174532925199433],AUTHORITY[\"EPSG\",\"4326\"]]",
		"json_geometry" : {
			"type" : "Point",
			"coordinates" : [ 3.2261969122512713, 51.17555784350932 ]
		}
	},
	{
		"json_featuretype" : "KGO4",
		"ID" : "KGO4",
		"Parameter" : "2/05/2017",
		"Temperatuu" : "13,4",
		"Zuurstof_(" : "-",
		"Zuurstofpe" : "101,2",
		"pH_(6)" : "7,8",
		"Ammonium_(" : "0,56",
		"Nitraat_(1" : "1,86",
		"Orthofosfa" : "0,01",
		"Chloride_(" : "172",
		"BOD_(23)" : "3,49",
		"COD_(24)" : "32,246",
		"TOC_(25)" : "12,6",
		"Totaal_sti" : "3,3",
		"Sulfaat_(1" : "69",
		"Zware_meta" : "",
		"Lood" : "",
		"Zink" : "",
		"Chroom" : "",
		"Basis_Prat" : "2,227643668",
		"Totale_Pra" : "1,871328881",
		"csv_line_n" : "6",
		"Nummer" : "KGO4",
		"Naam" : "Leiselebeek",
		"Ligging_me" : "Heidelbergstraat tussen nr",
		"Centrum" : "nee",
		"TPI04" : 4.4,
		"TPI05" : 3.9,
		"TPI06" : 4,
		"TPI07" : 3.7,
		"TPI08" : 4,
		"Aangemaakt op" : "07/11/2018",
		"json_ogc_wkt_crs" : "GEOGCS[\"WGS84 Lat/Longs\",DATUM[\"WGS_1984\",SPHEROID[\"World Geodetic System of 1984, GEM 10C\",6378137,298.257223563,AUTHORITY[\"EPSG\",\"7030\"]],AUTHORITY[\"EPSG\",\"6326\"]],PRIMEM[\"Greenwich\",0],UNIT[\"degree\",0.0174532925199433],AUTHORITY[\"EPSG\",\"4326\"]]",
		"json_geometry" : {
			"type" : "Point",
			"coordinates" : [ 3.2261969122512713, 51.17555784350932 ]
		}
	},
	{
		"json_featuretype" : "KGO4",
		"ID" : "KGO4",
		"Parameter" : "27/06/2017",
		"Temperatuu" : "18,9",
		"Zuurstof_(" : "-",
		"Zuurstofpe" : "45",
		"pH_(6)" : "8,2",
		"Ammonium_(" : "4",
		"Nitraat_(1" : "0,04",
		"Orthofosfa" : "0,37",
		"Chloride_(" : "81",
		"BOD_(23)" : "3,82",
		"COD_(24)" : "37,108",
		"TOC_(25)" : "14,8",
		"Totaal_sti" : "6,4",
		"Sulfaat_(1" : "25,7",
		"Zware_meta" : "",
		"Lood" : "",
		"Zink" : "",
		"Chroom" : "",
		"Basis_Prat" : "6,612834714",
		"Totale_Pra" : "3,994086873",
		"csv_line_n" : "7",
		"Nummer" : "KGO4",
		"Naam" : "Leiselebeek",
		"Ligging_me" : "Heidelbergstraat tussen nr",
		"Centrum" : "nee",
		"TPI04" : 4.4,
		"TPI05" : 3.9,
		"TPI06" : 4,
		"TPI07" : 3.7,
		"TPI08" : 4,
		"Aangemaakt op" : "07/11/2018",
		"json_ogc_wkt_crs" : "GEOGCS[\"WGS84 Lat/Longs\",DATUM[\"WGS_1984\",SPHEROID[\"World Geodetic System of 1984, GEM 10C\",6378137,298.257223563,AUTHORITY[\"EPSG\",\"7030\"]],AUTHORITY[\"EPSG\",\"6326\"]],PRIMEM[\"Greenwich\",0],UNIT[\"degree\",0.0174532925199433],AUTHORITY[\"EPSG\",\"4326\"]]",
		"json_geometry" : {
			"type" : "Point",
			"coordinates" : [ 3.2261969122512713, 51.17555784350932 ]
		}
	},
	{
		"json_featuretype" : "KGO4",
		"ID" : "KGO4",
		"Parameter" : "29/08/2017",
		"Temperatuu" : "20,3",
		"Zuurstof_(" : "-",
		"Zuurstofpe" : "26,6",
		"pH_(6)" : "7,9",
		"Ammonium_(" : "1,82",
		"Nitraat_(1" : "0,07",
		"Orthofosfa" : "0,18",
		"Chloride_(" : "18,4",
		"BOD_(23)" : "2,1775",
		"COD_(24)" : "12,9085",
		"TOC_(25)" : "3,85",
		"Totaal_sti" : "2,1",
		"Sulfaat_(1" : "12,5",
		"Zware_meta" : "",
		"Lood" : "",
		"Zink" : "",
		"Chroom" : "",
		"Basis_Prat" : "5,070022361",
		"Totale_Pra" : "2,945038003",
		"csv_line_n" : "8",
		"Nummer" : "KGO4",
		"Naam" : "Leiselebeek",
		"Ligging_me" : "Heidelbergstraat tussen nr",
		"Centrum" : "nee",
		"TPI04" : 4.4,
		"TPI05" : 3.9,
		"TPI06" : 4,
		"TPI07" : 3.7,
		"TPI08" : 4,
		"Aangemaakt op" : "07/11/2018",
		"json_ogc_wkt_crs" : "GEOGCS[\"WGS84 Lat/Longs\",DATUM[\"WGS_1984\",SPHEROID[\"World Geodetic System of 1984, GEM 10C\",6378137,298.257223563,AUTHORITY[\"EPSG\",\"7030\"]],AUTHORITY[\"EPSG\",\"6326\"]],PRIMEM[\"Greenwich\",0],UNIT[\"degree\",0.0174532925199433],AUTHORITY[\"EPSG\",\"4326\"]]",
		"json_geometry" : {
			"type" : "Point",
			"coordinates" : [ 3.2261969122512713, 51.17555784350932 ]
		}
	},
	{
		"json_featuretype" : "KGO4",
		"ID" : "KGO4",
		"Parameter" : "7/11/2017",
		"Temperatuu" : "9,1",
		"Zuurstof_(" : "-",
		"Zuurstofpe" : "35,8",
		"pH_(6)" : "7,4",
		"Ammonium_(" : "1,86",
		"Nitraat_(1" : "0,73",
		"Orthofosfa" : "0,07",
		"Chloride_(" : "32,5",
		"BOD_(23)" : "2,476",
		"COD_(24)" : "17,3064",
		"TOC_(25)" : "5,84",
		"Totaal_sti" : "3,7",
		"Sulfaat_(1" : "24,5",
		"Zware_meta" : "",
		"Lood" : "",
		"Zink" : "",
		"Chroom" : "",
		"Basis_Prat" : "4,808403492",
		"Totale_Pra" : "2,851619558",
		"csv_line_n" : "9",
		"Nummer" : "KGO4",
		"Naam" : "Leiselebeek",
		"Ligging_me" : "Heidelbergstraat tussen nr",
		"Centrum" : "nee",
		"TPI04" : 4.4,
		"TPI05" : 3.9,
		"TPI06" : 4,
		"TPI07" : 3.7,
		"TPI08" : 4,
		"Aangemaakt op" : "07/11/2018",
		"json_ogc_wkt_crs" : "GEOGCS[\"WGS84 Lat/Longs\",DATUM[\"WGS_1984\",SPHEROID[\"World Geodetic System of 1984, GEM 10C\",6378137,298.257223563,AUTHORITY[\"EPSG\",\"7030\"]],AUTHORITY[\"EPSG\",\"6326\"]],PRIMEM[\"Greenwich\",0],UNIT[\"degree\",0.0174532925199433],AUTHORITY[\"EPSG\",\"4326\"]]",
		"json_geometry" : {
			"type" : "Point",
			"coordinates" : [ 3.2261969122512713, 51.17555784350932 ]
		}
	},
	{
		"json_featuretype" : "KGO4",
		"ID" : "KGO4",
		"Parameter" : "4/12/2017",
		"Temperatuu" : "5,1",
		"Zuurstof_(" : "-",
		"Zuurstofpe" : "42,9",
		"pH_(6)" : "7,2",
		"Ammonium_(" : "0,29",
		"Nitraat_(1" : "6,87",
		"Orthofosfa" : "0,35",
		"Chloride_(" : "44,2",
		"BOD_(23)" : "3,67",
		"COD_(24)" : "34,898",
		"TOC_(25)" : "13,8",
		"Totaal_sti" : "8,5",
		"Sulfaat_(1" : "58",
		"Zware_meta" : "",
		"Lood" : "",
		"Zink" : "",
		"Chroom" : "",
		"Basis_Prat" : "3,464938473",
		"Totale_Pra" : "2,747777532",
		"csv_line_n" : "10",
		"Nummer" : "KGO4",
		"Naam" : "Leiselebeek",
		"Ligging_me" : "Heidelbergstraat tussen nr",
		"Centrum" : "nee",
		"TPI04" : 4.4,
		"TPI05" : 3.9,
		"TPI06" : 4,
		"TPI07" : 3.7,
		"TPI08" : 4,
		"Aangemaakt op" : "07/11/2018",
		"json_ogc_wkt_crs" : "GEOGCS[\"WGS84 Lat/Longs\",DATUM[\"WGS_1984\",SPHEROID[\"World Geodetic System of 1984, GEM 10C\",6378137,298.257223563,AUTHORITY[\"EPSG\",\"7030\"]],AUTHORITY[\"EPSG\",\"6326\"]],PRIMEM[\"Greenwich\",0],UNIT[\"degree\",0.0174532925199433],AUTHORITY[\"EPSG\",\"4326\"]]",
		"json_geometry" : {
			"type" : "Point",
			"coordinates" : [ 3.2261969122512713, 51.17555784350932 ]
		}
	}
]