[
	{
		"json_featuretype" : "KGO5",
		"ID" : "KGO5",
		"Parameter" : "7/02/2017",
		"Temperatuu" : "6,1",
		"Zuurstof_(" : "-",
		"Zuurstofpe" : "66,9",
		"pH_(6)" : "7,5",
		"Ammonium_(" : "0,8",
		"Nitraat_(1" : "6,56",
		"Orthofosfa" : "0,2",
		"Chloride_(" : "81",
		"BOD_(23)" : "2,755",
		"COD_(24)" : "21,417",
		"TOC_(25)" : "7,7",
		"Totaal_sti" : "7,3",
		"Sulfaat_(1" : "89",
		"Zware_meta" : "",
		"Lood" : "",
		"Zink" : "",
		"Chroom" : "",
		"Basis_Prat" : "3,000810408",
		"Totale_Pra" : "2,431761608",
		"csv_line_n" : "4",
		"Nummer" : "KGO5",
		"Naam" : "Gentse Vaart Steenbruggebrug",
		"Ligging_me" : "",
		"Centrum" : "nee",
		"TPI04" : 4.3,
		"TPI05" : 3.4,
		"TPI06" : 2.7,
		"TPI07" : 3.3,
		"TPI08" : 3.4,
		"Aangemaakt op" : "07/11/2018",
		"json_ogc_wkt_crs" : "GEOGCS[\"WGS84 Lat/Longs\",DATUM[\"WGS_1984\",SPHEROID[\"World Geodetic System of 1984, GEM 10C\",6378137,298.257223563,AUTHORITY[\"EPSG\",\"7030\"]],AUTHORITY[\"EPSG\",\"6326\"]],PRIMEM[\"Greenwich\",0],UNIT[\"degree\",0.0174532925199433],AUTHORITY[\"EPSG\",\"4326\"]]",
		"json_geometry" : {
			"type" : "Point",
			"coordinates" : [ 3.2340072276684992, 51.17942130580976 ]
		}
	},
	{
		"json_featuretype" : "KGO5",
		"ID" : "KGO5",
		"Parameter" : "13/03/2017",
		"Temperatuu" : "8,9",
		"Zuurstof_(" : "-",
		"Zuurstofpe" : "62,7",
		"pH_(6)" : "7,6",
		"Ammonium_(" : "0,37",
		"Nitraat_(1" : "5,96",
		"Orthofosfa" : "0,11",
		"Chloride_(" : "44,7",
		"BOD_(23)" : "3,025",
		"COD_(24)" : "25,395",
		"TOC_(25)" : "9,5",
		"Totaal_sti" : "7,4",
		"Sulfaat_(1" : "70",
		"Zware_meta" : "",
		"Lood" : "",
		"Zink" : "",
		"Chroom" : "",
		"Basis_Prat" : "2,70362581",
		"Totale_Pra" : "2,297167606",
		"csv_line_n" : "5",
		"Nummer" : "KGO5",
		"Naam" : "Gentse Vaart Steenbruggebrug",
		"Ligging_me" : "",
		"Centrum" : "nee",
		"TPI04" : 4.3,
		"TPI05" : 3.4,
		"TPI06" : 2.7,
		"TPI07" : 3.3,
		"TPI08" : 3.4,
		"Aangemaakt op" : "07/11/2018",
		"json_ogc_wkt_crs" : "GEOGCS[\"WGS84 Lat/Longs\",DATUM[\"WGS_1984\",SPHEROID[\"World Geodetic System of 1984, GEM 10C\",6378137,298.257223563,AUTHORITY[\"EPSG\",\"7030\"]],AUTHORITY[\"EPSG\",\"6326\"]],PRIMEM[\"Greenwich\",0],UNIT[\"degree\",0.0174532925199433],AUTHORITY[\"EPSG\",\"4326\"]]",
		"json_geometry" : {
			"type" : "Point",
			"coordinates" : [ 3.2340072276684992, 51.17942130580976 ]
		}
	},
	{
		"json_featuretype" : "KGO5",
		"ID" : "KGO5",
		"Parameter" : "2/05/2017",
		"Temperatuu" : "13,1",
		"Zuurstof_(" : "-",
		"Zuurstofpe" : "77,6",
		"pH_(6)" : "7,7",
		"Ammonium_(" : "0,18",
		"Nitraat_(1" : "4,86",
		"Orthofosfa" : "0,22",
		"Chloride_(" : "118",
		"BOD_(23)" : "2,44",
		"COD_(24)" : "16,776",
		"TOC_(25)" : "5,6",
		"Totaal_sti" : "6,3",
		"Sulfaat_(1" : "108",
		"Zware_meta" : "",
		"Lood" : "",
		"Zink" : "",
		"Chroom" : "",
		"Basis_Prat" : "1,703443832",
		"Totale_Pra" : "1,687279438",
		"csv_line_n" : "6",
		"Nummer" : "KGO5",
		"Naam" : "Gentse Vaart Steenbruggebrug",
		"Ligging_me" : "",
		"Centrum" : "nee",
		"TPI04" : 4.3,
		"TPI05" : 3.4,
		"TPI06" : 2.7,
		"TPI07" : 3.3,
		"TPI08" : 3.4,
		"Aangemaakt op" : "07/11/2018",
		"json_ogc_wkt_crs" : "GEOGCS[\"WGS84 Lat/Longs\",DATUM[\"WGS_1984\",SPHEROID[\"World Geodetic System of 1984, GEM 10C\",6378137,298.257223563,AUTHORITY[\"EPSG\",\"7030\"]],AUTHORITY[\"EPSG\",\"6326\"]],PRIMEM[\"Greenwich\",0],UNIT[\"degree\",0.0174532925199433],AUTHORITY[\"EPSG\",\"4326\"]]",
		"json_geometry" : {
			"type" : "Point",
			"coordinates" : [ 3.2340072276684992, 51.17942130580976 ]
		}
	},
	{
		"json_featuretype" : "KGO5",
		"ID" : "KGO5",
		"Parameter" : "26/06/2017",
		"Temperatuu" : "23,2",
		"Zuurstof_(" : "-",
		"Zuurstofpe" : "79,6",
		"pH_(6)" : "8,1",
		"Ammonium_(" : "0,12",
		"Nitraat_(1" : "3,05",
		"Orthofosfa" : "0,18",
		"Chloride_(" : "136",
		"BOD_(23)" : "2,5375",
		"COD_(24)" : "18,2125",
		"TOC_(25)" : "6,25",
		"Totaal_sti" : "3,8",
		"Sulfaat_(1" : "119",
		"Zware_meta" : "",
		"Lood" : "",
		"Zink" : "",
		"Chroom" : "",
		"Basis_Prat" : "1,574334226",
		"Totale_Pra" : "1,630394582",
		"csv_line_n" : "7",
		"Nummer" : "KGO5",
		"Naam" : "Gentse Vaart Steenbruggebrug",
		"Ligging_me" : "",
		"Centrum" : "nee",
		"TPI04" : 4.3,
		"TPI05" : 3.4,
		"TPI06" : 2.7,
		"TPI07" : 3.3,
		"TPI08" : 3.4,
		"Aangemaakt op" : "07/11/2018",
		"json_ogc_wkt_crs" : "GEOGCS[\"WGS84 Lat/Longs\",DATUM[\"WGS_1984\",SPHEROID[\"World Geodetic System of 1984, GEM 10C\",6378137,298.257223563,AUTHORITY[\"EPSG\",\"7030\"]],AUTHORITY[\"EPSG\",\"6326\"]],PRIMEM[\"Greenwich\",0],UNIT[\"degree\",0.0174532925199433],AUTHORITY[\"EPSG\",\"4326\"]]",
		"json_geometry" : {
			"type" : "Point",
			"coordinates" : [ 3.2340072276684992, 51.17942130580976 ]
		}
	},
	{
		"json_featuretype" : "KGO5",
		"ID" : "KGO5",
		"Parameter" : "29/08/2017",
		"Temperatuu" : "21,7",
		"Zuurstof_(" : "-",
		"Zuurstofpe" : "63,3",
		"pH_(6)" : "7,8",
		"Ammonium_(" : "0,09",
		"Nitraat_(1" : "2,18",
		"Orthofosfa" : "0,24",
		"Chloride_(" : "145",
		"BOD_(23)" : "2,1265",
		"COD_(24)" : "12,1571",
		"TOC_(25)" : "3,51",
		"Totaal_sti" : "2",
		"Sulfaat_(1" : "101",
		"Zware_meta" : "",
		"Lood" : "",
		"Zink" : "",
		"Chroom" : "",
		"Basis_Prat" : "1,736774552",
		"Totale_Pra" : "1,502164043",
		"csv_line_n" : "8",
		"Nummer" : "KGO5",
		"Naam" : "Gentse Vaart Steenbruggebrug",
		"Ligging_me" : "",
		"Centrum" : "nee",
		"TPI04" : 4.3,
		"TPI05" : 3.4,
		"TPI06" : 2.7,
		"TPI07" : 3.3,
		"TPI08" : 3.4,
		"Aangemaakt op" : "07/11/2018",
		"json_ogc_wkt_crs" : "GEOGCS[\"WGS84 Lat/Longs\",DATUM[\"WGS_1984\",SPHEROID[\"World Geodetic System of 1984, GEM 10C\",6378137,298.257223563,AUTHORITY[\"EPSG\",\"7030\"]],AUTHORITY[\"EPSG\",\"6326\"]],PRIMEM[\"Greenwich\",0],UNIT[\"degree\",0.0174532925199433],AUTHORITY[\"EPSG\",\"4326\"]]",
		"json_geometry" : {
			"type" : "Point",
			"coordinates" : [ 3.2340072276684992, 51.17942130580976 ]
		}
	},
	{
		"json_featuretype" : "KGO5",
		"ID" : "KGO5",
		"Parameter" : "7/11/2017",
		"Temperatuu" : "10,4",
		"Zuurstof_(" : "-",
		"Zuurstofpe" : "48,4",
		"pH_(6)" : "7,8",
		"Ammonium_(" : "0,35",
		"Nitraat_(1" : "3,41",
		"Orthofosfa" : "0,23",
		"Chloride_(" : "154",
		"BOD_(23)" : "2,518",
		"COD_(24)" : "17,9252",
		"TOC_(25)" : "6,12",
		"Totaal_sti" : "4,7",
		"Sulfaat_(1" : "122",
		"Zware_meta" : "",
		"Lood" : "",
		"Zink" : "",
		"Chroom" : "",
		"Basis_Prat" : "2,817947894",
		"Totale_Pra" : "2,181314683",
		"csv_line_n" : "9",
		"Nummer" : "KGO5",
		"Naam" : "Gentse Vaart Steenbruggebrug",
		"Ligging_me" : "",
		"Centrum" : "nee",
		"TPI04" : 4.3,
		"TPI05" : 3.4,
		"TPI06" : 2.7,
		"TPI07" : 3.3,
		"TPI08" : 3.4,
		"Aangemaakt op" : "07/11/2018",
		"json_ogc_wkt_crs" : "GEOGCS[\"WGS84 Lat/Longs\",DATUM[\"WGS_1984\",SPHEROID[\"World Geodetic System of 1984, GEM 10C\",6378137,298.257223563,AUTHORITY[\"EPSG\",\"7030\"]],AUTHORITY[\"EPSG\",\"6326\"]],PRIMEM[\"Greenwich\",0],UNIT[\"degree\",0.0174532925199433],AUTHORITY[\"EPSG\",\"4326\"]]",
		"json_geometry" : {
			"type" : "Point",
			"coordinates" : [ 3.2340072276684992, 51.17942130580976 ]
		}
	},
	{
		"json_featuretype" : "KGO5",
		"ID" : "KGO5",
		"Parameter" : "4/12/2017",
		"Temperatuu" : "5,5",
		"Zuurstof_(" : "-",
		"Zuurstofpe" : "53",
		"pH_(6)" : "7,5",
		"Ammonium_(" : "0,58",
		"Nitraat_(1" : "7,6",
		"Orthofosfa" : "0,25",
		"Chloride_(" : "62,2",
		"BOD_(23)" : "3,115",
		"COD_(24)" : "26,721",
		"TOC_(25)" : "10,1",
		"Totaal_sti" : "9,3",
		"Sulfaat_(1" : "78",
		"Zware_meta" : "",
		"Lood" : "",
		"Zink" : "",
		"Chroom" : "",
		"Basis_Prat" : "3,289950837",
		"Totale_Pra" : "2,673226095",
		"csv_line_n" : "10",
		"Nummer" : "KGO5",
		"Naam" : "Gentse Vaart Steenbruggebrug",
		"Ligging_me" : "",
		"Centrum" : "nee",
		"TPI04" : 4.3,
		"TPI05" : 3.4,
		"TPI06" : 2.7,
		"TPI07" : 3.3,
		"TPI08" : 3.4,
		"Aangemaakt op" : "07/11/2018",
		"json_ogc_wkt_crs" : "GEOGCS[\"WGS84 Lat/Longs\",DATUM[\"WGS_1984\",SPHEROID[\"World Geodetic System of 1984, GEM 10C\",6378137,298.257223563,AUTHORITY[\"EPSG\",\"7030\"]],AUTHORITY[\"EPSG\",\"6326\"]],PRIMEM[\"Greenwich\",0],UNIT[\"degree\",0.0174532925199433],AUTHORITY[\"EPSG\",\"4326\"]]",
		"json_geometry" : {
			"type" : "Point",
			"coordinates" : [ 3.2340072276684992, 51.17942130580976 ]
		}
	}
]