[
	{
		"json_featuretype" : "KGO6",
		"ID" : "KGO6",
		"Parameter" : "7/02/2017",
		"Temperatuu" : "5,7",
		"Zuurstof_(" : "-",
		"Zuurstofpe" : "43,7",
		"pH_(6)" : "7,1",
		"Ammonium_(" : "0,31",
		"Nitraat_(1" : "1,44",
		"Orthofosfa" : "1,29",
		"Chloride_(" : "77",
		"BOD_(23)" : "3,805",
		"COD_(24)" : "36,887",
		"TOC_(25)" : "14,7",
		"Totaal_sti" : "1,7",
		"Sulfaat_(1" : "41,9",
		"Zware_meta" : "",
		"Lood" : "",
		"Zink" : "",
		"Chroom" : "",
		"Basis_Prat" : "3,535579451",
		"Totale_Pra" : "2,416000073",
		"csv_line_n" : "4",
		"Nummer" : "KGO6",
		"Naam" : "Veldbeek",
		"Ligging_me" : "Thv Diksmuidse Heerweg  nr 626",
		"Centrum" : "nee",
		"TPI04" : 4.9,
		"TPI05" : 4.5,
		"TPI06" : 4.4,
		"TPI07" : 3.9,
		"TPI08" : 4.5,
		"Aangemaakt op" : "07/11/2018",
		"json_ogc_wkt_crs" : "GEOGCS[\"WGS84 Lat/Longs\",DATUM[\"WGS_1984\",SPHEROID[\"World Geodetic System of 1984, GEM 10C\",6378137,298.257223563,AUTHORITY[\"EPSG\",\"7030\"]],AUTHORITY[\"EPSG\",\"6326\"]],PRIMEM[\"Greenwich\",0],UNIT[\"degree\",0.0174532925199433],AUTHORITY[\"EPSG\",\"4326\"]]",
		"json_geometry" : {
			"type" : "Point",
			"coordinates" : [ 3.1504102923869812, 51.162799480587424 ]
		}
	},
	{
		"json_featuretype" : "KGO6",
		"ID" : "KGO6",
		"Parameter" : "13/03/2017",
		"Temperatuu" : "10,8",
		"Zuurstof_(" : "-",
		"Zuurstofpe" : "122,8",
		"pH_(6)" : "7,1",
		"Ammonium_(" : "0,02",
		"Nitraat_(1" : "0,13",
		"Orthofosfa" : "0,01",
		"Chloride_(" : "35,7",
		"BOD_(23)" : "4,27",
		"COD_(24)" : "43,738",
		"TOC_(25)" : "17,8",
		"Totaal_sti" : "1,6",
		"Sulfaat_(1" : "147",
		"Zware_meta" : "",
		"Lood" : "",
		"Zink" : "",
		"Chroom" : "",
		"Basis_Prat" : "2,202290969",
		"Totale_Pra" : "1,626183843",
		"csv_line_n" : "5",
		"Nummer" : "KGO6",
		"Naam" : "Veldbeek",
		"Ligging_me" : "Thv Diksmuidse Heerweg  nr 626",
		"Centrum" : "nee",
		"TPI04" : 4.9,
		"TPI05" : 4.5,
		"TPI06" : 4.4,
		"TPI07" : 3.9,
		"TPI08" : 4.5,
		"Aangemaakt op" : "07/11/2018",
		"json_ogc_wkt_crs" : "GEOGCS[\"WGS84 Lat/Longs\",DATUM[\"WGS_1984\",SPHEROID[\"World Geodetic System of 1984, GEM 10C\",6378137,298.257223563,AUTHORITY[\"EPSG\",\"7030\"]],AUTHORITY[\"EPSG\",\"6326\"]],PRIMEM[\"Greenwich\",0],UNIT[\"degree\",0.0174532925199433],AUTHORITY[\"EPSG\",\"4326\"]]",
		"json_geometry" : {
			"type" : "Point",
			"coordinates" : [ 3.1504102923869812, 51.162799480587424 ]
		}
	},
	{
		"json_featuretype" : "KGO6",
		"ID" : "KGO6",
		"Parameter" : "2/05/2017",
		"Temperatuu" : "12,1",
		"Zuurstof_(" : "-",
		"Zuurstofpe" : "82,8",
		"pH_(6)" : "7,2",
		"Ammonium_(" : "0,28",
		"Nitraat_(1" : "0,01",
		"Orthofosfa" : "0,01",
		"Chloride_(" : "42,5",
		"BOD_(23)" : "5,725",
		"COD_(24)" : "65,175",
		"TOC_(25)" : "27,5",
		"Totaal_sti" : "2,8",
		"Sulfaat_(1" : "186",
		"Zware_meta" : "",
		"Lood" : "",
		"Zink" : "",
		"Chroom" : "",
		"Basis_Prat" : "3,354301344",
		"Totale_Pra" : "2,329596903",
		"csv_line_n" : "6",
		"Nummer" : "KGO6",
		"Naam" : "Veldbeek",
		"Ligging_me" : "Thv Diksmuidse Heerweg  nr 626",
		"Centrum" : "nee",
		"TPI04" : 4.9,
		"TPI05" : 4.5,
		"TPI06" : 4.4,
		"TPI07" : 3.9,
		"TPI08" : 4.5,
		"Aangemaakt op" : "07/11/2018",
		"json_ogc_wkt_crs" : "GEOGCS[\"WGS84 Lat/Longs\",DATUM[\"WGS_1984\",SPHEROID[\"World Geodetic System of 1984, GEM 10C\",6378137,298.257223563,AUTHORITY[\"EPSG\",\"7030\"]],AUTHORITY[\"EPSG\",\"6326\"]],PRIMEM[\"Greenwich\",0],UNIT[\"degree\",0.0174532925199433],AUTHORITY[\"EPSG\",\"4326\"]]",
		"json_geometry" : {
			"type" : "Point",
			"coordinates" : [ 3.1504102923869812, 51.162799480587424 ]
		}
	},
	{
		"json_featuretype" : "KGO6",
		"ID" : "KGO6",
		"Parameter" : "7/11/2017",
		"Temperatuu" : "6,4",
		"Zuurstof_(" : "-",
		"Zuurstofpe" : "47,7",
		"pH_(6)" : "3,4",
		"Ammonium_(" : "2,84",
		"Nitraat_(1" : "0,04",
		"Orthofosfa" : "0,01",
		"Chloride_(" : "37,5",
		"BOD_(23)" : "2,89",
		"COD_(24)" : "23,406",
		"TOC_(25)" : "8,6",
		"Totaal_sti" : "4,1",
		"Sulfaat_(1" : "430",
		"Zware_meta" : "",
		"Lood" : "",
		"Zink" : "",
		"Chroom" : "",
		"Basis_Prat" : "5,316359319",
		"Totale_Pra" : "4,565182509",
		"csv_line_n" : "7",
		"Nummer" : "KGO6",
		"Naam" : "Veldbeek",
		"Ligging_me" : "Thv Diksmuidse Heerweg  nr 626",
		"Centrum" : "nee",
		"TPI04" : 4.9,
		"TPI05" : 4.5,
		"TPI06" : 4.4,
		"TPI07" : 3.9,
		"TPI08" : 4.5,
		"Aangemaakt op" : "07/11/2018",
		"json_ogc_wkt_crs" : "GEOGCS[\"WGS84 Lat/Longs\",DATUM[\"WGS_1984\",SPHEROID[\"World Geodetic System of 1984, GEM 10C\",6378137,298.257223563,AUTHORITY[\"EPSG\",\"7030\"]],AUTHORITY[\"EPSG\",\"6326\"]],PRIMEM[\"Greenwich\",0],UNIT[\"degree\",0.0174532925199433],AUTHORITY[\"EPSG\",\"4326\"]]",
		"json_geometry" : {
			"type" : "Point",
			"coordinates" : [ 3.1504102923869812, 51.162799480587424 ]
		}
	},
	{
		"json_featuretype" : "KGO6",
		"ID" : "KGO6",
		"Parameter" : "4/12/2017",
		"Temperatuu" : "5,6",
		"Zuurstof_(" : "-",
		"Zuurstofpe" : "61,6",
		"pH_(6)" : "4,4",
		"Ammonium_(" : "3,18",
		"Nitraat_(1" : "0,41",
		"Orthofosfa" : "0,18",
		"Chloride_(" : "31,8",
		"BOD_(23)" : "2,71",
		"COD_(24)" : "20,754",
		"TOC_(25)" : "7,4",
		"Totaal_sti" : "4,6",
		"Sulfaat_(1" : "298",
		"Zware_meta" : "",
		"Lood" : "",
		"Zink" : "",
		"Chroom" : "",
		"Basis_Prat" : "5,075660541",
		"Totale_Pra" : "3,982742538",
		"csv_line_n" : "8",
		"Nummer" : "KGO6",
		"Naam" : "Veldbeek",
		"Ligging_me" : "Thv Diksmuidse Heerweg  nr 626",
		"Centrum" : "nee",
		"TPI04" : 4.9,
		"TPI05" : 4.5,
		"TPI06" : 4.4,
		"TPI07" : 3.9,
		"TPI08" : 4.5,
		"Aangemaakt op" : "07/11/2018",
		"json_ogc_wkt_crs" : "GEOGCS[\"WGS84 Lat/Longs\",DATUM[\"WGS_1984\",SPHEROID[\"World Geodetic System of 1984, GEM 10C\",6378137,298.257223563,AUTHORITY[\"EPSG\",\"7030\"]],AUTHORITY[\"EPSG\",\"6326\"]],PRIMEM[\"Greenwich\",0],UNIT[\"degree\",0.0174532925199433],AUTHORITY[\"EPSG\",\"4326\"]]",
		"json_geometry" : {
			"type" : "Point",
			"coordinates" : [ 3.1504102923869812, 51.162799480587424 ]
		}
	}
]