[
	{
		"json_featuretype" : "KGO7",
		"ID" : "KGO7",
		"Parameter" : "7/02/2017",
		"Temperatuu" : "6,1",
		"Zuurstof_(" : "-",
		"Zuurstofpe" : "71,8",
		"pH_(6)" : "7,3",
		"Ammonium_(" : "0,77",
		"Nitraat_(1" : "6,58",
		"Orthofosfa" : "0,21",
		"Chloride_(" : "118",
		"BOD_(23)" : "2,725",
		"COD_(24)" : "20,975",
		"TOC_(25)" : "7,5",
		"Totaal_sti" : "7,2",
		"Sulfaat_(1" : "94",
		"Zware_meta" : "",
		"Lood" : "",
		"Zink" : "",
		"Chroom" : "",
		"Basis_Prat" : "2,82188764",
		"Totale_Pra" : "2,31342434",
		"csv_line_n" : "4",
		"Nummer" : "KGO7",
		"Naam" : "Oostendse Vaart",
		"Ligging_me" : "Thv roeiclub",
		"Centrum" : "nee",
		"TPI04" : 4.7,
		"TPI05" : 4.1,
		"TPI06" : 3.4,
		"TPI07" : 3.4,
		"TPI08" : 3.3,
		"Aangemaakt op" : "07/11/2018",
		"json_ogc_wkt_crs" : "GEOGCS[\"WGS84 Lat/Longs\",DATUM[\"WGS_1984\",SPHEROID[\"World Geodetic System of 1984, GEM 10C\",6378137,298.257223563,AUTHORITY[\"EPSG\",\"7030\"]],AUTHORITY[\"EPSG\",\"6326\"]],PRIMEM[\"Greenwich\",0],UNIT[\"degree\",0.0174532925199433],AUTHORITY[\"EPSG\",\"4326\"]]",
		"json_geometry" : {
			"type" : "Point",
			"coordinates" : [ 3.1977952259375013, 51.21803344302541 ]
		}
	},
	{
		"json_featuretype" : "KGO7",
		"ID" : "KGO7",
		"Parameter" : "13/03/2017",
		"Temperatuu" : "9,4",
		"Zuurstof_(" : "-",
		"Zuurstofpe" : "74,3",
		"pH_(6)" : "7,1",
		"Ammonium_(" : "0,36",
		"Nitraat_(1" : "6",
		"Orthofosfa" : "0,12",
		"Chloride_(" : "92",
		"BOD_(23)" : "3,025",
		"COD_(24)" : "25,395",
		"TOC_(25)" : "9,5",
		"Totaal_sti" : "7,2",
		"Sulfaat_(1" : "76",
		"Zware_meta" : "",
		"Lood" : "",
		"Zink" : "",
		"Chroom" : "",
		"Basis_Prat" : "2,379482779",
		"Totale_Pra" : "2,079090168",
		"csv_line_n" : "5",
		"Nummer" : "KGO7",
		"Naam" : "Oostendse Vaart",
		"Ligging_me" : "Thv roeiclub",
		"Centrum" : "nee",
		"TPI04" : 4.7,
		"TPI05" : 4.1,
		"TPI06" : 3.4,
		"TPI07" : 3.4,
		"TPI08" : 3.3,
		"Aangemaakt op" : "07/11/2018",
		"json_ogc_wkt_crs" : "GEOGCS[\"WGS84 Lat/Longs\",DATUM[\"WGS_1984\",SPHEROID[\"World Geodetic System of 1984, GEM 10C\",6378137,298.257223563,AUTHORITY[\"EPSG\",\"7030\"]],AUTHORITY[\"EPSG\",\"6326\"]],PRIMEM[\"Greenwich\",0],UNIT[\"degree\",0.0174532925199433],AUTHORITY[\"EPSG\",\"4326\"]]",
		"json_geometry" : {
			"type" : "Point",
			"coordinates" : [ 3.1977952259375013, 51.21803344302541 ]
		}
	},
	{
		"json_featuretype" : "KGO7",
		"ID" : "KGO7",
		"Parameter" : "2/05/2017",
		"Temperatuu" : "13,3",
		"Zuurstof_(" : "-",
		"Zuurstofpe" : "87,3",
		"pH_(6)" : "7,6",
		"Ammonium_(" : "0,17",
		"Nitraat_(1" : "4,87",
		"Orthofosfa" : "0,2",
		"Chloride_(" : "153",
		"BOD_(23)" : "2,455",
		"COD_(24)" : "16,997",
		"TOC_(25)" : "5,7",
		"Totaal_sti" : "6,2",
		"Sulfaat_(1" : "109",
		"Zware_meta" : "",
		"Lood" : "",
		"Zink" : "",
		"Chroom" : "",
		"Basis_Prat" : "1,432734846",
		"Totale_Pra" : "1,532552682",
		"csv_line_n" : "6",
		"Nummer" : "KGO7",
		"Naam" : "Oostendse Vaart",
		"Ligging_me" : "Thv roeiclub",
		"Centrum" : "nee",
		"TPI04" : 4.7,
		"TPI05" : 4.1,
		"TPI06" : 3.4,
		"TPI07" : 3.4,
		"TPI08" : 3.3,
		"Aangemaakt op" : "07/11/2018",
		"json_ogc_wkt_crs" : "GEOGCS[\"WGS84 Lat/Longs\",DATUM[\"WGS_1984\",SPHEROID[\"World Geodetic System of 1984, GEM 10C\",6378137,298.257223563,AUTHORITY[\"EPSG\",\"7030\"]],AUTHORITY[\"EPSG\",\"6326\"]],PRIMEM[\"Greenwich\",0],UNIT[\"degree\",0.0174532925199433],AUTHORITY[\"EPSG\",\"4326\"]]",
		"json_geometry" : {
			"type" : "Point",
			"coordinates" : [ 3.1977952259375013, 51.21803344302541 ]
		}
	},
	{
		"json_featuretype" : "KGO7",
		"ID" : "KGO7",
		"Parameter" : "27/06/2017",
		"Temperatuu" : "22,3",
		"Zuurstof_(" : "-",
		"Zuurstofpe" : "66,1",
		"pH_(6)" : "7,9",
		"Ammonium_(" : "0,19",
		"Nitraat_(1" : "2,65",
		"Orthofosfa" : "0,24",
		"Chloride_(" : "462",
		"BOD_(23)" : "2,41",
		"COD_(24)" : "16,334",
		"TOC_(25)" : "5,4",
		"Totaal_sti" : "3,3",
		"Sulfaat_(1" : "147",
		"Zware_meta" : "",
		"Lood" : "",
		"Zink" : "",
		"Chroom" : "",
		"Basis_Prat" : "2,014393309",
		"Totale_Pra" : "1,739010404",
		"csv_line_n" : "7",
		"Nummer" : "KGO7",
		"Naam" : "Oostendse Vaart",
		"Ligging_me" : "Thv roeiclub",
		"Centrum" : "nee",
		"TPI04" : 4.7,
		"TPI05" : 4.1,
		"TPI06" : 3.4,
		"TPI07" : 3.4,
		"TPI08" : 3.3,
		"Aangemaakt op" : "07/11/2018",
		"json_ogc_wkt_crs" : "GEOGCS[\"WGS84 Lat/Longs\",DATUM[\"WGS_1984\",SPHEROID[\"World Geodetic System of 1984, GEM 10C\",6378137,298.257223563,AUTHORITY[\"EPSG\",\"7030\"]],AUTHORITY[\"EPSG\",\"6326\"]],PRIMEM[\"Greenwich\",0],UNIT[\"degree\",0.0174532925199433],AUTHORITY[\"EPSG\",\"4326\"]]",
		"json_geometry" : {
			"type" : "Point",
			"coordinates" : [ 3.1977952259375013, 51.21803344302541 ]
		}
	},
	{
		"json_featuretype" : "KGO7",
		"ID" : "KGO7",
		"Parameter" : "29/08/2017",
		"Temperatuu" : "22,9",
		"Zuurstof_(" : "-",
		"Zuurstofpe" : "76,4",
		"pH_(6)" : "7,9",
		"Ammonium_(" : "0,08",
		"Nitraat_(1" : "1,96",
		"Orthofosfa" : "0,28",
		"Chloride_(" : "592",
		"BOD_(23)" : "2,1445",
		"COD_(24)" : "12,4223",
		"TOC_(25)" : "3,63",
		"Totaal_sti" : "1,7",
		"Sulfaat_(1" : "158",
		"Zware_meta" : "",
		"Lood" : "",
		"Zink" : "",
		"Chroom" : "",
		"Basis_Prat" : "1,370961435",
		"Totale_Pra" : "1,330675567",
		"csv_line_n" : "8",
		"Nummer" : "KGO7",
		"Naam" : "Oostendse Vaart",
		"Ligging_me" : "Thv roeiclub",
		"Centrum" : "nee",
		"TPI04" : 4.7,
		"TPI05" : 4.1,
		"TPI06" : 3.4,
		"TPI07" : 3.4,
		"TPI08" : 3.3,
		"Aangemaakt op" : "07/11/2018",
		"json_ogc_wkt_crs" : "GEOGCS[\"WGS84 Lat/Longs\",DATUM[\"WGS_1984\",SPHEROID[\"World Geodetic System of 1984, GEM 10C\",6378137,298.257223563,AUTHORITY[\"EPSG\",\"7030\"]],AUTHORITY[\"EPSG\",\"6326\"]],PRIMEM[\"Greenwich\",0],UNIT[\"degree\",0.0174532925199433],AUTHORITY[\"EPSG\",\"4326\"]]",
		"json_geometry" : {
			"type" : "Point",
			"coordinates" : [ 3.1977952259375013, 51.21803344302541 ]
		}
	},
	{
		"json_featuretype" : "KGO7",
		"ID" : "KGO7",
		"Parameter" : "7/11/2017",
		"Temperatuu" : "10,6",
		"Zuurstof_(" : "-",
		"Zuurstofpe" : "51,8",
		"pH_(6)" : "7,2",
		"Ammonium_(" : "0,25",
		"Nitraat_(1" : "3,37",
		"Orthofosfa" : "0,16",
		"Chloride_(" : "339",
		"BOD_(23)" : "2,464",
		"COD_(24)" : "17,1296",
		"TOC_(25)" : "5,76",
		"Totaal_sti" : "4,5",
		"Sulfaat_(1" : "137",
		"Zware_meta" : "",
		"Lood" : "",
		"Zink" : "",
		"Chroom" : "",
		"Basis_Prat" : "2,529459965",
		"Totale_Pra" : "1,928202935",
		"csv_line_n" : "9",
		"Nummer" : "KGO7",
		"Naam" : "Oostendse Vaart",
		"Ligging_me" : "Thv roeiclub",
		"Centrum" : "nee",
		"TPI04" : 4.7,
		"TPI05" : 4.1,
		"TPI06" : 3.4,
		"TPI07" : 3.4,
		"TPI08" : 3.3,
		"Aangemaakt op" : "07/11/2018",
		"json_ogc_wkt_crs" : "GEOGCS[\"WGS84 Lat/Longs\",DATUM[\"WGS_1984\",SPHEROID[\"World Geodetic System of 1984, GEM 10C\",6378137,298.257223563,AUTHORITY[\"EPSG\",\"7030\"]],AUTHORITY[\"EPSG\",\"6326\"]],PRIMEM[\"Greenwich\",0],UNIT[\"degree\",0.0174532925199433],AUTHORITY[\"EPSG\",\"4326\"]]",
		"json_geometry" : {
			"type" : "Point",
			"coordinates" : [ 3.1977952259375013, 51.21803344302541 ]
		}
	},
	{
		"json_featuretype" : "KGO7",
		"ID" : "KGO7",
		"Parameter" : "4/12/2017",
		"Temperatuu" : "5,4",
		"Zuurstof_(" : "-",
		"Zuurstofpe" : "55,8",
		"pH_(6)" : "7,1",
		"Ammonium_(" : "0,6",
		"Nitraat_(1" : "7,5",
		"Orthofosfa" : "0,26",
		"Chloride_(" : "120",
		"BOD_(23)" : "3,07",
		"COD_(24)" : "26,058",
		"TOC_(25)" : "9,8",
		"Totaal_sti" : "9,1",
		"Sulfaat_(1" : "86",
		"Zware_meta" : "",
		"Lood" : "",
		"Zink" : "",
		"Chroom" : "",
		"Basis_Prat" : "3,21800773",
		"Totale_Pra" : "2,58691416",
		"csv_line_n" : "10",
		"Nummer" : "KGO7",
		"Naam" : "Oostendse Vaart",
		"Ligging_me" : "Thv roeiclub",
		"Centrum" : "nee",
		"TPI04" : 4.7,
		"TPI05" : 4.1,
		"TPI06" : 3.4,
		"TPI07" : 3.4,
		"TPI08" : 3.3,
		"Aangemaakt op" : "07/11/2018",
		"json_ogc_wkt_crs" : "GEOGCS[\"WGS84 Lat/Longs\",DATUM[\"WGS_1984\",SPHEROID[\"World Geodetic System of 1984, GEM 10C\",6378137,298.257223563,AUTHORITY[\"EPSG\",\"7030\"]],AUTHORITY[\"EPSG\",\"6326\"]],PRIMEM[\"Greenwich\",0],UNIT[\"degree\",0.0174532925199433],AUTHORITY[\"EPSG\",\"4326\"]]",
		"json_geometry" : {
			"type" : "Point",
			"coordinates" : [ 3.1977952259375013, 51.21803344302541 ]
		}
	}
]