[
	{
		"json_featuretype" : "PSTL1",
		"ID" : "PSTL1",
		"Parameter" : "42773",
		"Temperatuu" : "5,8",
		"Zuurstof_(" : "-",
		"Zuurstofpe" : "75,1",
		"pH_(6)" : "7,5",
		"Ammonium_(" : "0,47",
		"Nitraat_(1" : "7,7",
		"Orthofosfa" : "0,06",
		"Chloride_(" : "46,7",
		"BOD_(23)" : "3,715",
		"COD_(24)" : "35,561",
		"TOC_(25)" : "14,1",
		"Totaal_sti" : "7,7",
		"Sulfaat_(1" : "59",
		"Zware_meta" : "",
		"Lood" : "",
		"Zink" : "",
		"Chroom" : "",
		"Basis_Prat" : "2,852636656",
		"Totale_Pra" : "2,526550268",
		"csv_line_n" : "4",
		"Nummer" : "PSTL1",
		"Naam" : "Zuidervaartje Baron Ruzettel.",
		"Ligging_me" : "",
		"Centrum" : "nee",
		"TPI04" : 4.3,
		"TPI05" : 4.4,
		"TPI06" : 4.8,
		"TPI07" : 4.1,
		"TPI08" : 4.1,
		"Aangemaakt op" : "07/11/2018",
		"json_ogc_wkt_crs" : "GEOGCS[\"WGS84 Lat/Longs\",DATUM[\"WGS_1984\",SPHEROID[\"World Geodetic System of 1984, GEM 10C\",6378137,298.257223563,AUTHORITY[\"EPSG\",\"7030\"]],AUTHORITY[\"EPSG\",\"6326\"]],PRIMEM[\"Greenwich\",0],UNIT[\"degree\",0.0174532925199433],AUTHORITY[\"EPSG\",\"4326\"]]",
		"json_geometry" : {
			"type" : "Point",
			"coordinates" : [ 3.230077076177337, 51.19800897250814 ]
		}
	},
	{
		"json_featuretype" : "PSTL1",
		"ID" : "PSTL1",
		"Parameter" : "42807",
		"Temperatuu" : "8,5",
		"Zuurstof_(" : "-",
		"Zuurstofpe" : "70",
		"pH_(6)" : "7,6",
		"Ammonium_(" : "0,35",
		"Nitraat_(1" : "5,46",
		"Orthofosfa" : "0,03",
		"Chloride_(" : "45",
		"BOD_(23)" : "3,505",
		"COD_(24)" : "32,467",
		"TOC_(25)" : "12,7",
		"Totaal_sti" : "6,7",
		"Sulfaat_(1" : "64",
		"Zware_meta" : "",
		"Lood" : "",
		"Zink" : "",
		"Chroom" : "",
		"Basis_Prat" : "2,714920961",
		"Totale_Pra" : "2,326552504",
		"csv_line_n" : "5",
		"Nummer" : "PSTL1",
		"Naam" : "Zuidervaartje Baron Ruzettel.",
		"Ligging_me" : "",
		"Centrum" : "nee",
		"TPI04" : 4.3,
		"TPI05" : 4.4,
		"TPI06" : 4.8,
		"TPI07" : 4.1,
		"TPI08" : 4.1,
		"Aangemaakt op" : "07/11/2018",
		"json_ogc_wkt_crs" : "GEOGCS[\"WGS84 Lat/Longs\",DATUM[\"WGS_1984\",SPHEROID[\"World Geodetic System of 1984, GEM 10C\",6378137,298.257223563,AUTHORITY[\"EPSG\",\"7030\"]],AUTHORITY[\"EPSG\",\"6326\"]],PRIMEM[\"Greenwich\",0],UNIT[\"degree\",0.0174532925199433],AUTHORITY[\"EPSG\",\"4326\"]]",
		"json_geometry" : {
			"type" : "Point",
			"coordinates" : [ 3.230077076177337, 51.19800897250814 ]
		}
	},
	{
		"json_featuretype" : "PSTL1",
		"ID" : "PSTL1",
		"Parameter" : "42857",
		"Temperatuu" : "12,2",
		"Zuurstof_(" : "-",
		"Zuurstofpe" : "80,6",
		"pH_(6)" : "7,8",
		"Ammonium_(" : "0,99",
		"Nitraat_(1" : "1,24",
		"Orthofosfa" : "0,04",
		"Chloride_(" : "73",
		"BOD_(23)" : "3,25",
		"COD_(24)" : "28,71",
		"TOC_(25)" : "11",
		"Totaal_sti" : "3,5",
		"Sulfaat_(1" : "71",
		"Zware_meta" : "",
		"Lood" : "",
		"Zink" : "",
		"Chroom" : "",
		"Basis_Prat" : "3,081075355",
		"Totale_Pra" : "2,211898092",
		"csv_line_n" : "6",
		"Nummer" : "PSTL1",
		"Naam" : "Zuidervaartje Baron Ruzettel.",
		"Ligging_me" : "",
		"Centrum" : "nee",
		"TPI04" : 4.3,
		"TPI05" : 4.4,
		"TPI06" : 4.8,
		"TPI07" : 4.1,
		"TPI08" : 4.1,
		"Aangemaakt op" : "07/11/2018",
		"json_ogc_wkt_crs" : "GEOGCS[\"WGS84 Lat/Longs\",DATUM[\"WGS_1984\",SPHEROID[\"World Geodetic System of 1984, GEM 10C\",6378137,298.257223563,AUTHORITY[\"EPSG\",\"7030\"]],AUTHORITY[\"EPSG\",\"6326\"]],PRIMEM[\"Greenwich\",0],UNIT[\"degree\",0.0174532925199433],AUTHORITY[\"EPSG\",\"4326\"]]",
		"json_geometry" : {
			"type" : "Point",
			"coordinates" : [ 3.230077076177337, 51.19800897250814 ]
		}
	},
	{
		"json_featuretype" : "PSTL1",
		"ID" : "PSTL1",
		"Parameter" : "42912",
		"Temperatuu" : "18,6",
		"Zuurstof_(" : "-",
		"Zuurstofpe" : "4,4",
		"pH_(6)" : "7,3",
		"Ammonium_(" : "2,64",
		"Nitraat_(1" : "0,32",
		"Orthofosfa" : "0,17",
		"Chloride_(" : "141",
		"BOD_(23)" : "3,01",
		"COD_(24)" : "25,174",
		"TOC_(25)" : "9,4",
		"Totaal_sti" : "4,1",
		"Sulfaat_(1" : "68",
		"Zware_meta" : "",
		"Lood" : "",
		"Zink" : "",
		"Chroom" : "",
		"Basis_Prat" : "7,558977353",
		"Totale_Pra" : "4,215401463",
		"csv_line_n" : "7",
		"Nummer" : "PSTL1",
		"Naam" : "Zuidervaartje Baron Ruzettel.",
		"Ligging_me" : "",
		"Centrum" : "nee",
		"TPI04" : 4.3,
		"TPI05" : 4.4,
		"TPI06" : 4.8,
		"TPI07" : 4.1,
		"TPI08" : 4.1,
		"Aangemaakt op" : "07/11/2018",
		"json_ogc_wkt_crs" : "GEOGCS[\"WGS84 Lat/Longs\",DATUM[\"WGS_1984\",SPHEROID[\"World Geodetic System of 1984, GEM 10C\",6378137,298.257223563,AUTHORITY[\"EPSG\",\"7030\"]],AUTHORITY[\"EPSG\",\"6326\"]],PRIMEM[\"Greenwich\",0],UNIT[\"degree\",0.0174532925199433],AUTHORITY[\"EPSG\",\"4326\"]]",
		"json_geometry" : {
			"type" : "Point",
			"coordinates" : [ 3.230077076177337, 51.19800897250814 ]
		}
	},
	{
		"json_featuretype" : "PSTL1",
		"ID" : "PSTL1",
		"Parameter" : "42976",
		"Temperatuu" : "18,6",
		"Zuurstof_(" : "-",
		"Zuurstofpe" : "12,4",
		"pH_(6)" : "7,6",
		"Ammonium_(" : "2,56",
		"Nitraat_(1" : "0,4",
		"Orthofosfa" : "0,22",
		"Chloride_(" : "121",
		"BOD_(23)" : "2,476",
		"COD_(24)" : "17,3064",
		"TOC_(25)" : "5,84",
		"Totaal_sti" : "3,3",
		"Sulfaat_(1" : "74",
		"Zware_meta" : "",
		"Lood" : "",
		"Zink" : "",
		"Chroom" : "",
		"Basis_Prat" : "6,651511946",
		"Totale_Pra" : "3,760435147",
		"csv_line_n" : "8",
		"Nummer" : "PSTL1",
		"Naam" : "Zuidervaartje Baron Ruzettel.",
		"Ligging_me" : "",
		"Centrum" : "nee",
		"TPI04" : 4.3,
		"TPI05" : 4.4,
		"TPI06" : 4.8,
		"TPI07" : 4.1,
		"TPI08" : 4.1,
		"Aangemaakt op" : "07/11/2018",
		"json_ogc_wkt_crs" : "GEOGCS[\"WGS84 Lat/Longs\",DATUM[\"WGS_1984\",SPHEROID[\"World Geodetic System of 1984, GEM 10C\",6378137,298.257223563,AUTHORITY[\"EPSG\",\"7030\"]],AUTHORITY[\"EPSG\",\"6326\"]],PRIMEM[\"Greenwich\",0],UNIT[\"degree\",0.0174532925199433],AUTHORITY[\"EPSG\",\"4326\"]]",
		"json_geometry" : {
			"type" : "Point",
			"coordinates" : [ 3.230077076177337, 51.19800897250814 ]
		}
	},
	{
		"json_featuretype" : "PSTL1",
		"ID" : "PSTL1",
		"Parameter" : "43046",
		"Temperatuu" : "8,4",
		"Zuurstof_(" : "-",
		"Zuurstofpe" : "38,5",
		"pH_(6)" : "7,6",
		"Ammonium_(" : "1,48",
		"Nitraat_(1" : "1,68",
		"Orthofosfa" : "0,16",
		"Chloride_(" : "61,2",
		"BOD_(23)" : "3,22",
		"COD_(24)" : "28,268",
		"TOC_(25)" : "10,8",
		"Totaal_sti" : "4,6",
		"Sulfaat_(1" : "59",
		"Zware_meta" : "",
		"Lood" : "",
		"Zink" : "",
		"Chroom" : "",
		"Basis_Prat" : "4,740382526",
		"Totale_Pra" : "3,034638392",
		"csv_line_n" : "9",
		"Nummer" : "PSTL1",
		"Naam" : "Zuidervaartje Baron Ruzettel.",
		"Ligging_me" : "",
		"Centrum" : "nee",
		"TPI04" : 4.3,
		"TPI05" : 4.4,
		"TPI06" : 4.8,
		"TPI07" : 4.1,
		"TPI08" : 4.1,
		"Aangemaakt op" : "07/11/2018",
		"json_ogc_wkt_crs" : "GEOGCS[\"WGS84 Lat/Longs\",DATUM[\"WGS_1984\",SPHEROID[\"World Geodetic System of 1984, GEM 10C\",6378137,298.257223563,AUTHORITY[\"EPSG\",\"7030\"]],AUTHORITY[\"EPSG\",\"6326\"]],PRIMEM[\"Greenwich\",0],UNIT[\"degree\",0.0174532925199433],AUTHORITY[\"EPSG\",\"4326\"]]",
		"json_geometry" : {
			"type" : "Point",
			"coordinates" : [ 3.230077076177337, 51.19800897250814 ]
		}
	},
	{
		"json_featuretype" : "PSTL1",
		"ID" : "PSTL1",
		"Parameter" : "43073",
		"Temperatuu" : "6,2",
		"Zuurstof_(" : "-",
		"Zuurstofpe" : "63,9",
		"pH_(6)" : "7,3",
		"Ammonium_(" : "0,49",
		"Nitraat_(1" : "10,7",
		"Orthofosfa" : "0,23",
		"Chloride_(" : "48,1",
		"BOD_(23)" : "3,865",
		"COD_(24)" : "37,771",
		"TOC_(25)" : "15,1",
		"Totaal_sti" : "13,3",
		"Sulfaat_(1" : "68",
		"Zware_meta" : "",
		"Lood" : "",
		"Zink" : "",
		"Chroom" : "",
		"Basis_Prat" : "3,251751284",
		"Totale_Pra" : "2,865419312",
		"csv_line_n" : "10",
		"Nummer" : "PSTL1",
		"Naam" : "Zuidervaartje Baron Ruzettel.",
		"Ligging_me" : "",
		"Centrum" : "nee",
		"TPI04" : 4.3,
		"TPI05" : 4.4,
		"TPI06" : 4.8,
		"TPI07" : 4.1,
		"TPI08" : 4.1,
		"Aangemaakt op" : "07/11/2018",
		"json_ogc_wkt_crs" : "GEOGCS[\"WGS84 Lat/Longs\",DATUM[\"WGS_1984\",SPHEROID[\"World Geodetic System of 1984, GEM 10C\",6378137,298.257223563,AUTHORITY[\"EPSG\",\"7030\"]],AUTHORITY[\"EPSG\",\"6326\"]],PRIMEM[\"Greenwich\",0],UNIT[\"degree\",0.0174532925199433],AUTHORITY[\"EPSG\",\"4326\"]]",
		"json_geometry" : {
			"type" : "Point",
			"coordinates" : [ 3.230077076177337, 51.19800897250814 ]
		}
	}
]