[
	{
		"json_featuretype" : "PSTL2",
		"ID" : "PSTL2",
		"Parameter" : "7/02/2017",
		"Temperatuu" : "5,6",
		"Zuurstof_(" : "-",
		"Zuurstofpe" : "75,1",
		"pH_(6)" : "7,4",
		"Ammonium_(" : "0,27",
		"Nitraat_(1" : "7",
		"Orthofosfa" : "0,06",
		"Chloride_(" : "43,8",
		"BOD_(23)" : "3,805",
		"COD_(24)" : "36,887",
		"TOC_(25)" : "14,7",
		"Totaal_sti" : "",
		"Sulfaat_(1" : "58",
		"Zware_meta" : "",
		"Lood" : "",
		"Zink" : "",
		"Chroom" : "",
		"Basis_Prat" : "2,600265927",
		"Totale_Pra" : "2,357604188",
		"csv_line_n" : "4",
		"Nummer" : "PSTL2",
		"Naam" : "Sint Trudoledeke",
		"Ligging_me" : "",
		"Centrum" : "nee",
		"TPI04" : 3.5,
		"TPI05" : 3.7,
		"TPI06" : 3.1,
		"TPI07" : 3.6,
		"TPI08" : 3.6,
		"Aangemaakt op" : "07/11/2018",
		"json_ogc_wkt_crs" : "GEOGCS[\"WGS84 Lat/Longs\",DATUM[\"WGS_1984\",SPHEROID[\"World Geodetic System of 1984, GEM 10C\",6378137,298.257223563,AUTHORITY[\"EPSG\",\"7030\"]],AUTHORITY[\"EPSG\",\"6326\"]],PRIMEM[\"Greenwich\",0],UNIT[\"degree\",0.0174532925199433],AUTHORITY[\"EPSG\",\"4326\"]]",
		"json_geometry" : {
			"type" : "Point",
			"coordinates" : [ 3.232176707940753, 51.1915773859068 ]
		}
	},
	{
		"json_featuretype" : "PSTL2",
		"ID" : "PSTL2",
		"Parameter" : "13/03/2017",
		"Temperatuu" : "8,7",
		"Zuurstof_(" : "-",
		"Zuurstofpe" : "89",
		"pH_(6)" : "7,5",
		"Ammonium_(" : "0,39",
		"Nitraat_(1" : "5,71",
		"Orthofosfa" : "0,04",
		"Chloride_(" : "43,2",
		"BOD_(23)" : "3,64",
		"COD_(24)" : "34,456",
		"TOC_(25)" : "13,6",
		"Totaal_sti" : "",
		"Sulfaat_(1" : "60",
		"Zware_meta" : "",
		"Lood" : "",
		"Zink" : "",
		"Chroom" : "",
		"Basis_Prat" : "2,333510888",
		"Totale_Pra" : "2,147431343",
		"csv_line_n" : "5",
		"Nummer" : "PSTL2",
		"Naam" : "Sint Trudoledeke",
		"Ligging_me" : "",
		"Centrum" : "nee",
		"TPI04" : 3.5,
		"TPI05" : 3.7,
		"TPI06" : 3.1,
		"TPI07" : 3.6,
		"TPI08" : 3.6,
		"Aangemaakt op" : "07/11/2018",
		"json_ogc_wkt_crs" : "GEOGCS[\"WGS84 Lat/Longs\",DATUM[\"WGS_1984\",SPHEROID[\"World Geodetic System of 1984, GEM 10C\",6378137,298.257223563,AUTHORITY[\"EPSG\",\"7030\"]],AUTHORITY[\"EPSG\",\"6326\"]],PRIMEM[\"Greenwich\",0],UNIT[\"degree\",0.0174532925199433],AUTHORITY[\"EPSG\",\"4326\"]]",
		"json_geometry" : {
			"type" : "Point",
			"coordinates" : [ 3.232176707940753, 51.1915773859068 ]
		}
	},
	{
		"json_featuretype" : "PSTL2",
		"ID" : "PSTL2",
		"Parameter" : "2/05/2017",
		"Temperatuu" : "11,5",
		"Zuurstof_(" : "-",
		"Zuurstofpe" : "75,7",
		"pH_(6)" : "7,7",
		"Ammonium_(" : "0,35",
		"Nitraat_(1" : "0,47",
		"Orthofosfa" : "0,02",
		"Chloride_(" : "67",
		"BOD_(23)" : "3,205",
		"COD_(24)" : "28,047",
		"TOC_(25)" : "10,7",
		"Totaal_sti" : "",
		"Sulfaat_(1" : "63",
		"Zware_meta" : "",
		"Lood" : "",
		"Zink" : "",
		"Chroom" : "",
		"Basis_Prat" : "2,415587628",
		"Totale_Pra" : "1,755825858",
		"csv_line_n" : "6",
		"Nummer" : "PSTL2",
		"Naam" : "Sint Trudoledeke",
		"Ligging_me" : "",
		"Centrum" : "nee",
		"TPI04" : 3.5,
		"TPI05" : 3.7,
		"TPI06" : 3.1,
		"TPI07" : 3.6,
		"TPI08" : 3.6,
		"Aangemaakt op" : "07/11/2018",
		"json_ogc_wkt_crs" : "GEOGCS[\"WGS84 Lat/Longs\",DATUM[\"WGS_1984\",SPHEROID[\"World Geodetic System of 1984, GEM 10C\",6378137,298.257223563,AUTHORITY[\"EPSG\",\"7030\"]],AUTHORITY[\"EPSG\",\"6326\"]],PRIMEM[\"Greenwich\",0],UNIT[\"degree\",0.0174532925199433],AUTHORITY[\"EPSG\",\"4326\"]]",
		"json_geometry" : {
			"type" : "Point",
			"coordinates" : [ 3.232176707940753, 51.1915773859068 ]
		}
	},
	{
		"json_featuretype" : "PSTL2",
		"ID" : "PSTL2",
		"Parameter" : "26/06/2017",
		"Temperatuu" : "16,8",
		"Zuurstof_(" : "-",
		"Zuurstofpe" : "31,3",
		"pH_(6)" : "7,6",
		"Ammonium_(" : "0,64",
		"Nitraat_(1" : "0,38",
		"Orthofosfa" : "0,01",
		"Chloride_(" : "58",
		"BOD_(23)" : "2,5285",
		"COD_(24)" : "18,0799",
		"TOC_(25)" : "6,19",
		"Totaal_sti" : "",
		"Sulfaat_(1" : "61",
		"Zware_meta" : "",
		"Lood" : "",
		"Zink" : "",
		"Chroom" : "",
		"Basis_Prat" : "3,863723467",
		"Totale_Pra" : "2,369197457",
		"csv_line_n" : "7",
		"Nummer" : "PSTL2",
		"Naam" : "Sint Trudoledeke",
		"Ligging_me" : "",
		"Centrum" : "nee",
		"TPI04" : 3.5,
		"TPI05" : 3.7,
		"TPI06" : 3.1,
		"TPI07" : 3.6,
		"TPI08" : 3.6,
		"Aangemaakt op" : "07/11/2018",
		"json_ogc_wkt_crs" : "GEOGCS[\"WGS84 Lat/Longs\",DATUM[\"WGS_1984\",SPHEROID[\"World Geodetic System of 1984, GEM 10C\",6378137,298.257223563,AUTHORITY[\"EPSG\",\"7030\"]],AUTHORITY[\"EPSG\",\"6326\"]],PRIMEM[\"Greenwich\",0],UNIT[\"degree\",0.0174532925199433],AUTHORITY[\"EPSG\",\"4326\"]]",
		"json_geometry" : {
			"type" : "Point",
			"coordinates" : [ 3.232176707940753, 51.1915773859068 ]
		}
	},
	{
		"json_featuretype" : "PSTL2",
		"ID" : "PSTL2",
		"Parameter" : "29/08/2017",
		"Temperatuu" : "18,3",
		"Zuurstof_(" : "-",
		"Zuurstofpe" : "18",
		"pH_(6)" : "7,5",
		"Ammonium_(" : "0,52",
		"Nitraat_(1" : "0,49",
		"Orthofosfa" : "0,16",
		"Chloride_(" : "128",
		"BOD_(23)" : "2,287",
		"COD_(24)" : "14,5218",
		"TOC_(25)" : "4,58",
		"Totaal_sti" : "",
		"Sulfaat_(1" : "82",
		"Zware_meta" : "",
		"Lood" : "",
		"Zink" : "",
		"Chroom" : "",
		"Basis_Prat" : "4,330048089",
		"Totale_Pra" : "2,573999216",
		"csv_line_n" : "8",
		"Nummer" : "PSTL2",
		"Naam" : "Sint Trudoledeke",
		"Ligging_me" : "",
		"Centrum" : "nee",
		"TPI04" : 3.5,
		"TPI05" : 3.7,
		"TPI06" : 3.1,
		"TPI07" : 3.6,
		"TPI08" : 3.6,
		"Aangemaakt op" : "07/11/2018",
		"json_ogc_wkt_crs" : "GEOGCS[\"WGS84 Lat/Longs\",DATUM[\"WGS_1984\",SPHEROID[\"World Geodetic System of 1984, GEM 10C\",6378137,298.257223563,AUTHORITY[\"EPSG\",\"7030\"]],AUTHORITY[\"EPSG\",\"6326\"]],PRIMEM[\"Greenwich\",0],UNIT[\"degree\",0.0174532925199433],AUTHORITY[\"EPSG\",\"4326\"]]",
		"json_geometry" : {
			"type" : "Point",
			"coordinates" : [ 3.232176707940753, 51.1915773859068 ]
		}
	},
	{
		"json_featuretype" : "PSTL2",
		"ID" : "PSTL2",
		"Parameter" : "7/11/2017",
		"Temperatuu" : "6,4",
		"Zuurstof_(" : "-",
		"Zuurstofpe" : "42,6",
		"pH_(6)" : "7,7",
		"Ammonium_(" : "0,74",
		"Nitraat_(1" : "0,99",
		"Orthofosfa" : "0,14",
		"Chloride_(" : "68,3",
		"BOD_(23)" : "3,31",
		"COD_(24)" : "29,594",
		"TOC_(25)" : "11,4",
		"Totaal_sti" : "",
		"Sulfaat_(1" : "53",
		"Zware_meta" : "",
		"Lood" : "",
		"Zink" : "",
		"Chroom" : "",
		"Basis_Prat" : "3,895993108",
		"Totale_Pra" : "2,57401377",
		"csv_line_n" : "9",
		"Nummer" : "PSTL2",
		"Naam" : "Sint Trudoledeke",
		"Ligging_me" : "",
		"Centrum" : "nee",
		"TPI04" : 3.5,
		"TPI05" : 3.7,
		"TPI06" : 3.1,
		"TPI07" : 3.6,
		"TPI08" : 3.6,
		"Aangemaakt op" : "07/11/2018",
		"json_ogc_wkt_crs" : "GEOGCS[\"WGS84 Lat/Longs\",DATUM[\"WGS_1984\",SPHEROID[\"World Geodetic System of 1984, GEM 10C\",6378137,298.257223563,AUTHORITY[\"EPSG\",\"7030\"]],AUTHORITY[\"EPSG\",\"6326\"]],PRIMEM[\"Greenwich\",0],UNIT[\"degree\",0.0174532925199433],AUTHORITY[\"EPSG\",\"4326\"]]",
		"json_geometry" : {
			"type" : "Point",
			"coordinates" : [ 3.232176707940753, 51.1915773859068 ]
		}
	},
	{
		"json_featuretype" : "PSTL2",
		"ID" : "PSTL2",
		"Parameter" : "4/12/2017",
		"Temperatuu" : "6,6",
		"Zuurstof_(" : "-",
		"Zuurstofpe" : "56,8",
		"pH_(6)" : "7,4",
		"Ammonium_(" : "0,66",
		"Nitraat_(1" : "11,6",
		"Orthofosfa" : "0,15",
		"Chloride_(" : "53,2",
		"BOD_(23)" : "4,075",
		"COD_(24)" : "40,865",
		"TOC_(25)" : "16,5",
		"Totaal_sti" : "",
		"Sulfaat_(1" : "75",
		"Zware_meta" : "",
		"Lood" : "",
		"Zink" : "",
		"Chroom" : "",
		"Basis_Prat" : "3,757615087",
		"Totale_Pra" : "3,194998574",
		"csv_line_n" : "10",
		"Nummer" : "PSTL2",
		"Naam" : "Sint Trudoledeke",
		"Ligging_me" : "",
		"Centrum" : "nee",
		"TPI04" : 3.5,
		"TPI05" : 3.7,
		"TPI06" : 3.1,
		"TPI07" : 3.6,
		"TPI08" : 3.6,
		"Aangemaakt op" : "07/11/2018",
		"json_ogc_wkt_crs" : "GEOGCS[\"WGS84 Lat/Longs\",DATUM[\"WGS_1984\",SPHEROID[\"World Geodetic System of 1984, GEM 10C\",6378137,298.257223563,AUTHORITY[\"EPSG\",\"7030\"]],AUTHORITY[\"EPSG\",\"6326\"]],PRIMEM[\"Greenwich\",0],UNIT[\"degree\",0.0174532925199433],AUTHORITY[\"EPSG\",\"4326\"]]",
		"json_geometry" : {
			"type" : "Point",
			"coordinates" : [ 3.232176707940753, 51.1915773859068 ]
		}
	}
]