[
	{
		"json_featuretype" : "R1",
		"ID" : "R1",
		"Parameter" : "6/02/2017",
		"Temperatuu" : "5,8",
		"Zuurstof_(" : "-",
		"Zuurstofpe" : "60,5",
		"pH_(6)" : "7,7",
		"Ammonium_(" : "1,6",
		"Nitraat_(1" : "3,91",
		"Orthofosfa" : "0,85",
		"Chloride_(" : "86",
		"BOD_(23)" : "2,485",
		"COD_(24)" : "17,439",
		"TOC_(25)" : "5,9",
		"Totaal_sti" : "5,2",
		"Sulfaat_(1" : "82",
		"Zware_meta" : "",
		"Lood" : "",
		"Zink" : "",
		"Chroom" : "",
		"col18" : "3,811052387",
		"Basis_Prat" : "3,811052387",
		"Totale_Pra" : "2,684064733",
		"csv_line_n" : "4",
		"Nummer" : "R1",
		"Naam" : "Leeuwenbrug",
		"Ligging_me" : "Leeuwstraat",
		"Centrum" : "ja",
		"TPI04" : 3.8,
		"TPI05" : 3.3,
		"TPI06" : 3.1,
		"TPI07" : 3.3,
		"TPI08" : 3.4,
		"Aangemaakt op" : "07/11/2018",
		"json_ogc_wkt_crs" : "GEOGCS[\"WGS84 Lat/Longs\",DATUM[\"WGS_1984\",SPHEROID[\"World Geodetic System of 1984, GEM 10C\",6378137,298.257223563,AUTHORITY[\"EPSG\",\"7030\"]],AUTHORITY[\"EPSG\",\"6326\"]],PRIMEM[\"Greenwich\",0],UNIT[\"degree\",0.0174532925199433],AUTHORITY[\"EPSG\",\"4326\"]]",
		"json_geometry" : {
			"type" : "Point",
			"coordinates" : [ 3.2191322009032883, 51.210004763804214 ]
		}
	},
	{
		"json_featuretype" : "R1",
		"ID" : "R1",
		"Parameter" : "13/03/2017",
		"Temperatuu" : "8,7",
		"Zuurstof_(" : "-",
		"Zuurstofpe" : "98,2",
		"pH_(6)" : "7,6",
		"Ammonium_(" : "0,08",
		"Nitraat_(1" : "4,6",
		"Orthofosfa" : "1,4",
		"Chloride_(" : "77",
		"BOD_(23)" : "2,485",
		"COD_(24)" : "17,439",
		"TOC_(25)" : "5,9",
		"Totaal_sti" : "5,3",
		"Sulfaat_(1" : "83",
		"Zware_meta" : "",
		"Lood" : "",
		"Zink" : "",
		"Chroom" : "",
		"col18" : "0,956851435",
		"Basis_Prat" : "0,956851435",
		"Totale_Pra" : "1,280824546",
		"csv_line_n" : "5",
		"Nummer" : "R1",
		"Naam" : "Leeuwenbrug",
		"Ligging_me" : "Leeuwstraat",
		"Centrum" : "ja",
		"TPI04" : 3.8,
		"TPI05" : 3.3,
		"TPI06" : 3.1,
		"TPI07" : 3.3,
		"TPI08" : 3.4,
		"Aangemaakt op" : "07/11/2018",
		"json_ogc_wkt_crs" : "GEOGCS[\"WGS84 Lat/Longs\",DATUM[\"WGS_1984\",SPHEROID[\"World Geodetic System of 1984, GEM 10C\",6378137,298.257223563,AUTHORITY[\"EPSG\",\"7030\"]],AUTHORITY[\"EPSG\",\"6326\"]],PRIMEM[\"Greenwich\",0],UNIT[\"degree\",0.0174532925199433],AUTHORITY[\"EPSG\",\"4326\"]]",
		"json_geometry" : {
			"type" : "Point",
			"coordinates" : [ 3.2191322009032883, 51.210004763804214 ]
		}
	},
	{
		"json_featuretype" : "R1",
		"ID" : "R1",
		"Parameter" : "2/05/2017",
		"Temperatuu" : "11,4",
		"Zuurstof_(" : "-",
		"Zuurstofpe" : "94,3",
		"pH_(6)" : "8,4",
		"Ammonium_(" : "0,09",
		"Nitraat_(1" : "0,97",
		"Orthofosfa" : "1,12",
		"Chloride_(" : "84",
		"BOD_(23)" : "2,815",
		"COD_(24)" : "22,301",
		"TOC_(25)" : "8,1",
		"Totaal_sti" : "2,4",
		"Sulfaat_(1" : "74",
		"Zware_meta" : "",
		"Lood" : "",
		"Zink" : "",
		"Chroom" : "",
		"col18" : "1,248237886",
		"Basis_Prat" : "1,248237886",
		"Totale_Pra" : "1,437872697",
		"csv_line_n" : "6",
		"Nummer" : "R1",
		"Naam" : "Leeuwenbrug",
		"Ligging_me" : "Leeuwstraat",
		"Centrum" : "ja",
		"TPI04" : 3.8,
		"TPI05" : 3.3,
		"TPI06" : 3.1,
		"TPI07" : 3.3,
		"TPI08" : 3.4,
		"Aangemaakt op" : "07/11/2018",
		"json_ogc_wkt_crs" : "GEOGCS[\"WGS84 Lat/Longs\",DATUM[\"WGS_1984\",SPHEROID[\"World Geodetic System of 1984, GEM 10C\",6378137,298.257223563,AUTHORITY[\"EPSG\",\"7030\"]],AUTHORITY[\"EPSG\",\"6326\"]],PRIMEM[\"Greenwich\",0],UNIT[\"degree\",0.0174532925199433],AUTHORITY[\"EPSG\",\"4326\"]]",
		"json_geometry" : {
			"type" : "Point",
			"coordinates" : [ 3.2191322009032883, 51.210004763804214 ]
		}
	},
	{
		"json_featuretype" : "R1",
		"ID" : "R1",
		"Parameter" : "26/06/2017",
		"Temperatuu" : "19,6",
		"Zuurstof_(" : "-",
		"Zuurstofpe" : "10,6",
		"pH_(6)" : "7,8",
		"Ammonium_(" : "1,07",
		"Nitraat_(1" : "0,25",
		"Orthofosfa" : "2,46",
		"Chloride_(" : "110",
		"BOD_(23)" : "2,632",
		"COD_(24)" : "19,6048",
		"TOC_(25)" : "6,88",
		"Totaal_sti" : "2,5",
		"Sulfaat_(1" : "78",
		"Zware_meta" : "",
		"Lood" : "",
		"Zink" : "",
		"Chroom" : "",
		"col18" : "5,612338613",
		"Basis_Prat" : "5,612338613",
		"Totale_Pra" : "3,279255074",
		"csv_line_n" : "7",
		"Nummer" : "R1",
		"Naam" : "Leeuwenbrug",
		"Ligging_me" : "Leeuwstraat",
		"Centrum" : "ja",
		"TPI04" : 3.8,
		"TPI05" : 3.3,
		"TPI06" : 3.1,
		"TPI07" : 3.3,
		"TPI08" : 3.4,
		"Aangemaakt op" : "07/11/2018",
		"json_ogc_wkt_crs" : "GEOGCS[\"WGS84 Lat/Longs\",DATUM[\"WGS_1984\",SPHEROID[\"World Geodetic System of 1984, GEM 10C\",6378137,298.257223563,AUTHORITY[\"EPSG\",\"7030\"]],AUTHORITY[\"EPSG\",\"6326\"]],PRIMEM[\"Greenwich\",0],UNIT[\"degree\",0.0174532925199433],AUTHORITY[\"EPSG\",\"4326\"]]",
		"json_geometry" : {
			"type" : "Point",
			"coordinates" : [ 3.2191322009032883, 51.210004763804214 ]
		}
	},
	{
		"json_featuretype" : "R1",
		"ID" : "R1",
		"Parameter" : "28/08/2017",
		"Temperatuu" : "20,2",
		"Zuurstof_(" : "-",
		"Zuurstofpe" : "68,9",
		"pH_(6)" : "8,2",
		"Ammonium_(" : "0,19",
		"Nitraat_(1" : "1,24",
		"Orthofosfa" : "0,62",
		"Chloride_(" : "149",
		"BOD_(23)" : "2,143",
		"COD_(24)" : "12,4002",
		"TOC_(25)" : "3,62",
		"Totaal_sti" : "1,6",
		"Sulfaat_(1" : "99",
		"Zware_meta" : "",
		"Lood" : "",
		"Zink" : "",
		"Chroom" : "",
		"col18" : "1,808599975",
		"Basis_Prat" : "1,808599975",
		"Totale_Pra" : "1,585993736",
		"csv_line_n" : "8",
		"Nummer" : "R1",
		"Naam" : "Leeuwenbrug",
		"Ligging_me" : "Leeuwstraat",
		"Centrum" : "ja",
		"TPI04" : 3.8,
		"TPI05" : 3.3,
		"TPI06" : 3.1,
		"TPI07" : 3.3,
		"TPI08" : 3.4,
		"Aangemaakt op" : "07/11/2018",
		"json_ogc_wkt_crs" : "GEOGCS[\"WGS84 Lat/Longs\",DATUM[\"WGS_1984\",SPHEROID[\"World Geodetic System of 1984, GEM 10C\",6378137,298.257223563,AUTHORITY[\"EPSG\",\"7030\"]],AUTHORITY[\"EPSG\",\"6326\"]],PRIMEM[\"Greenwich\",0],UNIT[\"degree\",0.0174532925199433],AUTHORITY[\"EPSG\",\"4326\"]]",
		"json_geometry" : {
			"type" : "Point",
			"coordinates" : [ 3.2191322009032883, 51.210004763804214 ]
		}
	}
]