[
	{
		"json_featuretype" : "R2",
		"ID" : "R2",
		"Parameter" : "6/02/2017",
		"Temperatuu" : "6",
		"Zuurstof_(" : "-",
		"Zuurstofpe" : "44,9",
		"pH_(6)" : "7,6",
		"Ammonium_(" : "1,99",
		"Nitraat_(1" : "4,72",
		"Orthofosfa" : "0,51",
		"Chloride_(" : "101",
		"BOD_(23)" : "2,425",
		"COD_(24)" : "16,555",
		"TOC_(25)" : "5,5",
		"Totaal_sti" : "6,5",
		"Sulfaat_(1" : "97",
		"Zware_meta" : "",
		"Lood" : "",
		"Zink" : "",
		"Chroom" : "",
		"col18" : "4,54496418",
		"Basis_Prat" : "4,54496418",
		"Totale_Pra" : "3,075867438",
		"csv_line_n" : "4",
		"Nummer" : "R2",
		"Naam" : "Speelmansrei",
		"Ligging_me" : "Thv huisnr 2",
		"Centrum" : "ja",
		"TPI04" : 4.4,
		"TPI05" : 3.9,
		"TPI06" : 4.1,
		"TPI07" : 4.1,
		"TPI08" : 4.1,
		"Aangemaakt op" : "07/11/2018",
		"json_ogc_wkt_crs" : "GEOGCS[\"WGS84 Lat/Longs\",DATUM[\"WGS_1984\",SPHEROID[\"World Geodetic System of 1984, GEM 10C\",6378137,298.257223563,AUTHORITY[\"EPSG\",\"7030\"]],AUTHORITY[\"EPSG\",\"6326\"]],PRIMEM[\"Greenwich\",0],UNIT[\"degree\",0.0174532925199433],AUTHORITY[\"EPSG\",\"4326\"]]",
		"json_geometry" : {
			"type" : "Point",
			"coordinates" : [ 3.2173150658986787, 51.2065647789511 ]
		}
	},
	{
		"json_featuretype" : "R2",
		"ID" : "R2",
		"Parameter" : "13/03/2017",
		"Temperatuu" : "8,4",
		"Zuurstof_(" : "-",
		"Zuurstofpe" : "80,9",
		"pH_(6)" : "7,6",
		"Ammonium_(" : "0,13",
		"Nitraat_(1" : "4,39",
		"Orthofosfa" : "1,58",
		"Chloride_(" : "80",
		"BOD_(23)" : "2,515",
		"COD_(24)" : "17,881",
		"TOC_(25)" : "6,1",
		"Totaal_sti" : "5,2",
		"Sulfaat_(1" : "87",
		"Zware_meta" : "",
		"Lood" : "",
		"Zink" : "",
		"Chroom" : "",
		"col18" : "1,550585165",
		"Basis_Prat" : "1,550585165",
		"Totale_Pra" : "1,567452455",
		"csv_line_n" : "5",
		"Nummer" : "R2",
		"Naam" : "Speelmansrei",
		"Ligging_me" : "Thv huisnr 2",
		"Centrum" : "ja",
		"TPI04" : 4.4,
		"TPI05" : 3.9,
		"TPI06" : 4.1,
		"TPI07" : 4.1,
		"TPI08" : 4.1,
		"Aangemaakt op" : "07/11/2018",
		"json_ogc_wkt_crs" : "GEOGCS[\"WGS84 Lat/Longs\",DATUM[\"WGS_1984\",SPHEROID[\"World Geodetic System of 1984, GEM 10C\",6378137,298.257223563,AUTHORITY[\"EPSG\",\"7030\"]],AUTHORITY[\"EPSG\",\"6326\"]],PRIMEM[\"Greenwich\",0],UNIT[\"degree\",0.0174532925199433],AUTHORITY[\"EPSG\",\"4326\"]]",
		"json_geometry" : {
			"type" : "Point",
			"coordinates" : [ 3.2173150658986787, 51.2065647789511 ]
		}
	},
	{
		"json_featuretype" : "R2",
		"ID" : "R2",
		"Parameter" : "2/05/2017",
		"Temperatuu" : "11,4",
		"Zuurstof_(" : "-",
		"Zuurstofpe" : "72,8",
		"pH_(6)" : "7,8",
		"Ammonium_(" : "0,75",
		"Nitraat_(1" : "1,41",
		"Orthofosfa" : "1,99",
		"Chloride_(" : "82",
		"BOD_(23)" : "2,77",
		"COD_(24)" : "21,638",
		"TOC_(25)" : "7,8",
		"Totaal_sti" : "3,4",
		"Sulfaat_(1" : "78",
		"Zware_meta" : "",
		"Lood" : "",
		"Zink" : "",
		"Chroom" : "",
		"col18" : "2,794705173",
		"Basis_Prat" : "2,794705173",
		"Totale_Pra" : "2,032604522",
		"csv_line_n" : "6",
		"Nummer" : "R2",
		"Naam" : "Speelmansrei",
		"Ligging_me" : "Thv huisnr 2",
		"Centrum" : "ja",
		"TPI04" : 4.4,
		"TPI05" : 3.9,
		"TPI06" : 4.1,
		"TPI07" : 4.1,
		"TPI08" : 4.1,
		"Aangemaakt op" : "07/11/2018",
		"json_ogc_wkt_crs" : "GEOGCS[\"WGS84 Lat/Longs\",DATUM[\"WGS_1984\",SPHEROID[\"World Geodetic System of 1984, GEM 10C\",6378137,298.257223563,AUTHORITY[\"EPSG\",\"7030\"]],AUTHORITY[\"EPSG\",\"6326\"]],PRIMEM[\"Greenwich\",0],UNIT[\"degree\",0.0174532925199433],AUTHORITY[\"EPSG\",\"4326\"]]",
		"json_geometry" : {
			"type" : "Point",
			"coordinates" : [ 3.2173150658986787, 51.2065647789511 ]
		}
	},
	{
		"json_featuretype" : "R2",
		"ID" : "R2",
		"Parameter" : "26/06/2017",
		"Temperatuu" : "19,3",
		"Zuurstof_(" : "-",
		"Zuurstofpe" : "22,5",
		"pH_(6)" : "7,7",
		"Ammonium_(" : "1,3",
		"Nitraat_(1" : "0,23",
		"Orthofosfa" : "2,84",
		"Chloride_(" : "107",
		"BOD_(23)" : "2,725",
		"COD_(24)" : "20,975",
		"TOC_(25)" : "7,5",
		"Totaal_sti" : "2,9",
		"Sulfaat_(1" : "75",
		"Zware_meta" : "",
		"Lood" : "",
		"Zink" : "",
		"Chroom" : "",
		"col18" : "5,113526817",
		"Basis_Prat" : "5,113526817",
		"Totale_Pra" : "3,011384233",
		"csv_line_n" : "7",
		"Nummer" : "R2",
		"Naam" : "Speelmansrei",
		"Ligging_me" : "Thv huisnr 2",
		"Centrum" : "ja",
		"TPI04" : 4.4,
		"TPI05" : 3.9,
		"TPI06" : 4.1,
		"TPI07" : 4.1,
		"TPI08" : 4.1,
		"Aangemaakt op" : "07/11/2018",
		"json_ogc_wkt_crs" : "GEOGCS[\"WGS84 Lat/Longs\",DATUM[\"WGS_1984\",SPHEROID[\"World Geodetic System of 1984, GEM 10C\",6378137,298.257223563,AUTHORITY[\"EPSG\",\"7030\"]],AUTHORITY[\"EPSG\",\"6326\"]],PRIMEM[\"Greenwich\",0],UNIT[\"degree\",0.0174532925199433],AUTHORITY[\"EPSG\",\"4326\"]]",
		"json_geometry" : {
			"type" : "Point",
			"coordinates" : [ 3.2173150658986787, 51.2065647789511 ]
		}
	},
	{
		"json_featuretype" : "R2",
		"ID" : "R2",
		"Parameter" : "28/08/2017",
		"Temperatuu" : "20,4",
		"Zuurstof_(" : "-",
		"Zuurstofpe" : "63,5",
		"pH_(6)" : "7,9",
		"Ammonium_(" : "0,31",
		"Nitraat_(1" : "2,03",
		"Orthofosfa" : "0,4",
		"Chloride_(" : "167",
		"BOD_(23)" : "2,1145",
		"COD_(24)" : "11,9803",
		"TOC_(25)" : "3,43",
		"Totaal_sti" : "2",
		"Sulfaat_(1" : "107",
		"Zware_meta" : "",
		"Lood" : "",
		"Zink" : "",
		"Chroom" : "",
		"col18" : "2,143869718",
		"Basis_Prat" : "2,143869718",
		"Totale_Pra" : "1,719895833",
		"csv_line_n" : "8",
		"Nummer" : "R2",
		"Naam" : "Speelmansrei",
		"Ligging_me" : "Thv huisnr 2",
		"Centrum" : "ja",
		"TPI04" : 4.4,
		"TPI05" : 3.9,
		"TPI06" : 4.1,
		"TPI07" : 4.1,
		"TPI08" : 4.1,
		"Aangemaakt op" : "07/11/2018",
		"json_ogc_wkt_crs" : "GEOGCS[\"WGS84 Lat/Longs\",DATUM[\"WGS_1984\",SPHEROID[\"World Geodetic System of 1984, GEM 10C\",6378137,298.257223563,AUTHORITY[\"EPSG\",\"7030\"]],AUTHORITY[\"EPSG\",\"6326\"]],PRIMEM[\"Greenwich\",0],UNIT[\"degree\",0.0174532925199433],AUTHORITY[\"EPSG\",\"4326\"]]",
		"json_geometry" : {
			"type" : "Point",
			"coordinates" : [ 3.2173150658986787, 51.2065647789511 ]
		}
	}
]