[
	{
		"json_featuretype" : "R3",
		"ID" : "R3",
		"Parameter" : "6/02/2017",
		"Temperatuu" : "6,4",
		"Zuurstof_(" : "-",
		"Zuurstofpe" : "37,6",
		"pH_(6)" : "7,6",
		"Ammonium_(" : "6,7",
		"Nitraat_(1" : "0,01",
		"Orthofosfa" : "1,97",
		"Chloride_(" : "151",
		"BOD_(23)" : "3,01",
		"COD_(24)" : "25,174",
		"TOC_(25)" : "9,4",
		"Totaal_sti" : "9,1",
		"Sulfaat_(1" : "108",
		"Zware_meta" : "",
		"Lood" : "",
		"Zink" : "",
		"Chroom" : "",
		"col18" : "4,39582146",
		"Basis_Prat" : "7,983417123",
		"Totale_Pra" : "4,39582146",
		"csv_line_n" : "4",
		"Nummer" : "R3",
		"Naam" : "Capucijnerei",
		"Ligging_me" : "Thv restaurant 't Capucientje",
		"Centrum" : "ja",
		"TPI04" : 4.1,
		"TPI05" : 3.9,
		"TPI06" : 3.4,
		"TPI07" : 3.8,
		"TPI08" : 4.1,
		"Aangemaakt op" : "07/11/2018",
		"json_ogc_wkt_crs" : "GEOGCS[\"WGS84 Lat/Longs\",DATUM[\"WGS_1984\",SPHEROID[\"World Geodetic System of 1984, GEM 10C\",6378137,298.257223563,AUTHORITY[\"EPSG\",\"7030\"]],AUTHORITY[\"EPSG\",\"6326\"]],PRIMEM[\"Greenwich\",0],UNIT[\"degree\",0.0174532925199433],AUTHORITY[\"EPSG\",\"4326\"]]",
		"json_geometry" : {
			"type" : "Point",
			"coordinates" : [ 3.219524042261634, 51.202578736513544 ]
		}
	},
	{
		"json_featuretype" : "R3",
		"ID" : "R3",
		"Parameter" : "13/03/2017",
		"Temperatuu" : "8",
		"Zuurstof_(" : "-",
		"Zuurstofpe" : "130,1",
		"pH_(6)" : "7,9",
		"Ammonium_(" : "0,08",
		"Nitraat_(1" : "1,32",
		"Orthofosfa" : "1,17",
		"Chloride_(" : "102",
		"BOD_(23)" : "2,95",
		"COD_(24)" : "24,29",
		"TOC_(25)" : "9",
		"Totaal_sti" : "2,4",
		"Sulfaat_(1" : "57",
		"Zware_meta" : "",
		"Lood" : "",
		"Zink" : "",
		"Chroom" : "",
		"col18" : "1,644510127",
		"Basis_Prat" : "1,939884768",
		"Totale_Pra" : "1,644510127",
		"csv_line_n" : "5",
		"Nummer" : "R3",
		"Naam" : "Capucijnerei",
		"Ligging_me" : "Thv restaurant 't Capucientje",
		"Centrum" : "ja",
		"TPI04" : 4.1,
		"TPI05" : 3.9,
		"TPI06" : 3.4,
		"TPI07" : 3.8,
		"TPI08" : 4.1,
		"Aangemaakt op" : "07/11/2018",
		"json_ogc_wkt_crs" : "GEOGCS[\"WGS84 Lat/Longs\",DATUM[\"WGS_1984\",SPHEROID[\"World Geodetic System of 1984, GEM 10C\",6378137,298.257223563,AUTHORITY[\"EPSG\",\"7030\"]],AUTHORITY[\"EPSG\",\"6326\"]],PRIMEM[\"Greenwich\",0],UNIT[\"degree\",0.0174532925199433],AUTHORITY[\"EPSG\",\"4326\"]]",
		"json_geometry" : {
			"type" : "Point",
			"coordinates" : [ 3.219524042261634, 51.202578736513544 ]
		}
	},
	{
		"json_featuretype" : "R3",
		"ID" : "R3",
		"Parameter" : "2/05/2017",
		"Temperatuu" : "11,8",
		"Zuurstof_(" : "-",
		"Zuurstofpe" : "81,8",
		"pH_(6)" : "7,8",
		"Ammonium_(" : "0,84",
		"Nitraat_(1" : "4",
		"Orthofosfa" : "3,11",
		"Chloride_(" : "152",
		"BOD_(23)" : "2,695",
		"COD_(24)" : "20,533",
		"TOC_(25)" : "7,3",
		"Totaal_sti" : "6,4",
		"Sulfaat_(1" : "147",
		"Zware_meta" : "",
		"Lood" : "",
		"Zink" : "",
		"Chroom" : "",
		"col18" : "2,141967153",
		"Basis_Prat" : "2,617996826",
		"Totale_Pra" : "2,141967153",
		"csv_line_n" : "6",
		"Nummer" : "R3",
		"Naam" : "Capucijnerei",
		"Ligging_me" : "Thv restaurant 't Capucientje",
		"Centrum" : "ja",
		"TPI04" : 4.1,
		"TPI05" : 3.9,
		"TPI06" : 3.4,
		"TPI07" : 3.8,
		"TPI08" : 4.1,
		"Aangemaakt op" : "07/11/2018",
		"json_ogc_wkt_crs" : "GEOGCS[\"WGS84 Lat/Longs\",DATUM[\"WGS_1984\",SPHEROID[\"World Geodetic System of 1984, GEM 10C\",6378137,298.257223563,AUTHORITY[\"EPSG\",\"7030\"]],AUTHORITY[\"EPSG\",\"6326\"]],PRIMEM[\"Greenwich\",0],UNIT[\"degree\",0.0174532925199433],AUTHORITY[\"EPSG\",\"4326\"]]",
		"json_geometry" : {
			"type" : "Point",
			"coordinates" : [ 3.219524042261634, 51.202578736513544 ]
		}
	},
	{
		"json_featuretype" : "R3",
		"ID" : "R3",
		"Parameter" : "26/06/2017",
		"Temperatuu" : "20,1",
		"Zuurstof_(" : "-",
		"Zuurstofpe" : "46,2",
		"pH_(6)" : "7,7",
		"Ammonium_(" : "0,81",
		"Nitraat_(1" : "0,68",
		"Orthofosfa" : "2,1",
		"Chloride_(" : "126",
		"BOD_(23)" : "2,6695",
		"COD_(24)" : "20,1573",
		"TOC_(25)" : "7,13",
		"Totaal_sti" : "2,6",
		"Sulfaat_(1" : "104",
		"Zware_meta" : "",
		"Lood" : "",
		"Zink" : "",
		"Chroom" : "",
		"col18" : "2,287898658",
		"Basis_Prat" : "3,540737828",
		"Totale_Pra" : "2,287898658",
		"csv_line_n" : "7",
		"Nummer" : "R3",
		"Naam" : "Capucijnerei",
		"Ligging_me" : "Thv restaurant 't Capucientje",
		"Centrum" : "ja",
		"TPI04" : 4.1,
		"TPI05" : 3.9,
		"TPI06" : 3.4,
		"TPI07" : 3.8,
		"TPI08" : 4.1,
		"Aangemaakt op" : "07/11/2018",
		"json_ogc_wkt_crs" : "GEOGCS[\"WGS84 Lat/Longs\",DATUM[\"WGS_1984\",SPHEROID[\"World Geodetic System of 1984, GEM 10C\",6378137,298.257223563,AUTHORITY[\"EPSG\",\"7030\"]],AUTHORITY[\"EPSG\",\"6326\"]],PRIMEM[\"Greenwich\",0],UNIT[\"degree\",0.0174532925199433],AUTHORITY[\"EPSG\",\"4326\"]]",
		"json_geometry" : {
			"type" : "Point",
			"coordinates" : [ 3.219524042261634, 51.202578736513544 ]
		}
	},
	{
		"json_featuretype" : "R3",
		"ID" : "R3",
		"Parameter" : "28/08/2017",
		"Temperatuu" : "21,8",
		"Zuurstof_(" : "-",
		"Zuurstofpe" : "96,3",
		"pH_(6)" : "8",
		"Ammonium_(" : "0,11",
		"Nitraat_(1" : "2,25",
		"Orthofosfa" : "0,29",
		"Chloride_(" : "164",
		"BOD_(23)" : "2,179",
		"COD_(24)" : "12,9306",
		"TOC_(25)" : "3,86",
		"Totaal_sti" : "2,2",
		"Sulfaat_(1" : "103",
		"Zware_meta" : "",
		"Lood" : "",
		"Zink" : "",
		"Chroom" : "",
		"col18" : "1,170621887",
		"Basis_Prat" : "0,930285198",
		"Totale_Pra" : "1,170621887",
		"csv_line_n" : "8",
		"Nummer" : "R3",
		"Naam" : "Capucijnerei",
		"Ligging_me" : "Thv restaurant 't Capucientje",
		"Centrum" : "ja",
		"TPI04" : 4.1,
		"TPI05" : 3.9,
		"TPI06" : 3.4,
		"TPI07" : 3.8,
		"TPI08" : 4.1,
		"Aangemaakt op" : "07/11/2018",
		"json_ogc_wkt_crs" : "GEOGCS[\"WGS84 Lat/Longs\",DATUM[\"WGS_1984\",SPHEROID[\"World Geodetic System of 1984, GEM 10C\",6378137,298.257223563,AUTHORITY[\"EPSG\",\"7030\"]],AUTHORITY[\"EPSG\",\"6326\"]],PRIMEM[\"Greenwich\",0],UNIT[\"degree\",0.0174532925199433],AUTHORITY[\"EPSG\",\"4326\"]]",
		"json_geometry" : {
			"type" : "Point",
			"coordinates" : [ 3.219524042261634, 51.202578736513544 ]
		}
	}
]