[
	{
		"json_featuretype" : "R4",
		"ID" : "R4",
		"Parameter" : "6/02/2017",
		"Temperatuu" : "5,7",
		"Zuurstof_(" : "-",
		"Zuurstofpe" : "129,6",
		"pH_(6)" : "8,5",
		"Ammonium_(" : "0,01",
		"Nitraat_(1" : "3,59",
		"Orthofosfa" : "0,91",
		"Chloride_(" : "78",
		"BOD_(23)" : "2,71",
		"COD_(24)" : "20,754",
		"TOC_(25)" : "7,4",
		"Totaal_sti" : "3,7",
		"Sulfaat_(1" : "75",
		"Zware_meta" : "",
		"Lood" : "",
		"Zink" : "",
		"Chroom" : "",
		"col18" : "",
		"Basis_Prat" : "1,569112418",
		"Totale_Pra" : "1,859318606",
		"csv_line_n" : "4",
		"Nummer" : "R4",
		"Naam" : "Duinenbrug",
		"Ligging_me" : "",
		"Centrum" : "ja",
		"TPI04" : 3.1,
		"TPI05" : 3,
		"TPI06" : 2.7,
		"TPI07" : 3.1,
		"TPI08" : 2.6,
		"Aangemaakt op" : "07/11/2018",
		"json_ogc_wkt_crs" : "GEOGCS[\"WGS84 Lat/Longs\",DATUM[\"WGS_1984\",SPHEROID[\"World Geodetic System of 1984, GEM 10C\",6378137,298.257223563,AUTHORITY[\"EPSG\",\"7030\"]],AUTHORITY[\"EPSG\",\"6326\"]],PRIMEM[\"Greenwich\",0],UNIT[\"degree\",0.0174532925199433],AUTHORITY[\"EPSG\",\"4326\"]]",
		"json_geometry" : {
			"type" : "Point",
			"coordinates" : [ 3.229327328454472, 51.217878416777644 ]
		}
	},
	{
		"json_featuretype" : "R4",
		"ID" : "R4",
		"Parameter" : "13/03/2017",
		"Temperatuu" : "8,4",
		"Zuurstof_(" : "-",
		"Zuurstofpe" : "148,4",
		"pH_(6)" : "8,8",
		"Ammonium_(" : "0,02",
		"Nitraat_(1" : "1,84",
		"Orthofosfa" : "0,8",
		"Chloride_(" : "79",
		"BOD_(23)" : "2,605",
		"COD_(24)" : "19,207",
		"TOC_(25)" : "6,7",
		"Totaal_sti" : "2,6",
		"Sulfaat_(1" : "69",
		"Zware_meta" : "",
		"Lood" : "",
		"Zink" : "",
		"Chroom" : "",
		"col18" : "",
		"Basis_Prat" : "2,067257635",
		"Totale_Pra" : "2,124344155",
		"csv_line_n" : "5",
		"Nummer" : "R4",
		"Naam" : "Duinenbrug",
		"Ligging_me" : "",
		"Centrum" : "ja",
		"TPI04" : 3.1,
		"TPI05" : 3,
		"TPI06" : 2.7,
		"TPI07" : 3.1,
		"TPI08" : 2.6,
		"Aangemaakt op" : "07/11/2018",
		"json_ogc_wkt_crs" : "GEOGCS[\"WGS84 Lat/Longs\",DATUM[\"WGS_1984\",SPHEROID[\"World Geodetic System of 1984, GEM 10C\",6378137,298.257223563,AUTHORITY[\"EPSG\",\"7030\"]],AUTHORITY[\"EPSG\",\"6326\"]],PRIMEM[\"Greenwich\",0],UNIT[\"degree\",0.0174532925199433],AUTHORITY[\"EPSG\",\"4326\"]]",
		"json_geometry" : {
			"type" : "Point",
			"coordinates" : [ 3.229327328454472, 51.217878416777644 ]
		}
	},
	{
		"json_featuretype" : "R4",
		"ID" : "R4",
		"Parameter" : "2/05/2017",
		"Temperatuu" : "12,7",
		"Zuurstof_(" : "-",
		"Zuurstofpe" : "173,4",
		"pH_(6)" : "9,1",
		"Ammonium_(" : "0,02",
		"Nitraat_(1" : "0,14",
		"Orthofosfa" : "0,74",
		"Chloride_(" : "89",
		"BOD_(23)" : "2,83",
		"COD_(24)" : "22,522",
		"TOC_(25)" : "8,2",
		"Totaal_sti" : "1,33",
		"Sulfaat_(1" : "69",
		"Zware_meta" : "",
		"Lood" : "",
		"Zink" : "",
		"Chroom" : "",
		"col18" : "",
		"Basis_Prat" : "2,844424302",
		"Totale_Pra" : "2,520597209",
		"csv_line_n" : "6",
		"Nummer" : "R4",
		"Naam" : "Duinenbrug",
		"Ligging_me" : "",
		"Centrum" : "ja",
		"TPI04" : 3.1,
		"TPI05" : 3,
		"TPI06" : 2.7,
		"TPI07" : 3.1,
		"TPI08" : 2.6,
		"Aangemaakt op" : "07/11/2018",
		"json_ogc_wkt_crs" : "GEOGCS[\"WGS84 Lat/Longs\",DATUM[\"WGS_1984\",SPHEROID[\"World Geodetic System of 1984, GEM 10C\",6378137,298.257223563,AUTHORITY[\"EPSG\",\"7030\"]],AUTHORITY[\"EPSG\",\"6326\"]],PRIMEM[\"Greenwich\",0],UNIT[\"degree\",0.0174532925199433],AUTHORITY[\"EPSG\",\"4326\"]]",
		"json_geometry" : {
			"type" : "Point",
			"coordinates" : [ 3.229327328454472, 51.217878416777644 ]
		}
	},
	{
		"json_featuretype" : "R4",
		"ID" : "R4",
		"Parameter" : "26/06/2017",
		"Temperatuu" : "23,5",
		"Zuurstof_(" : "-",
		"Zuurstofpe" : "166,6",
		"pH_(6)" : "8,7",
		"Ammonium_(" : "0,03",
		"Nitraat_(1" : "1,37",
		"Orthofosfa" : "1",
		"Chloride_(" : "113",
		"BOD_(23)" : "2,6845",
		"COD_(24)" : "20,3783",
		"TOC_(25)" : "7,23",
		"Totaal_sti" : "2,2",
		"Sulfaat_(1" : "89",
		"Zware_meta" : "",
		"Lood" : "",
		"Zink" : "",
		"Chroom" : "",
		"col18" : "",
		"Basis_Prat" : "2,631473394",
		"Totale_Pra" : "2,312507804",
		"csv_line_n" : "7",
		"Nummer" : "R4",
		"Naam" : "Duinenbrug",
		"Ligging_me" : "",
		"Centrum" : "ja",
		"TPI04" : 3.1,
		"TPI05" : 3,
		"TPI06" : 2.7,
		"TPI07" : 3.1,
		"TPI08" : 2.6,
		"Aangemaakt op" : "07/11/2018",
		"json_ogc_wkt_crs" : "GEOGCS[\"WGS84 Lat/Longs\",DATUM[\"WGS_1984\",SPHEROID[\"World Geodetic System of 1984, GEM 10C\",6378137,298.257223563,AUTHORITY[\"EPSG\",\"7030\"]],AUTHORITY[\"EPSG\",\"6326\"]],PRIMEM[\"Greenwich\",0],UNIT[\"degree\",0.0174532925199433],AUTHORITY[\"EPSG\",\"4326\"]]",
		"json_geometry" : {
			"type" : "Point",
			"coordinates" : [ 3.229327328454472, 51.217878416777644 ]
		}
	},
	{
		"json_featuretype" : "R4",
		"ID" : "R4",
		"Parameter" : "29/08/2017",
		"Temperatuu" : "21,1",
		"Zuurstof_(" : "-",
		"Zuurstofpe" : "144,8",
		"pH_(6)" : "8,9",
		"Ammonium_(" : "0,03",
		"Nitraat_(1" : "0,004",
		"Orthofosfa" : "0,91",
		"Chloride_(" : "120",
		"BOD_(23)" : "2,467",
		"COD_(24)" : "17,1738",
		"TOC_(25)" : "5,78",
		"Totaal_sti" : "0,85",
		"Sulfaat_(1" : "87",
		"Zware_meta" : "",
		"Lood" : "",
		"Zink" : "",
		"Chroom" : "",
		"col18" : "",
		"Basis_Prat" : "1,943323394",
		"Totale_Pra" : "1,852856914",
		"csv_line_n" : "8",
		"Nummer" : "R4",
		"Naam" : "Duinenbrug",
		"Ligging_me" : "",
		"Centrum" : "ja",
		"TPI04" : 3.1,
		"TPI05" : 3,
		"TPI06" : 2.7,
		"TPI07" : 3.1,
		"TPI08" : 2.6,
		"Aangemaakt op" : "07/11/2018",
		"json_ogc_wkt_crs" : "GEOGCS[\"WGS84 Lat/Longs\",DATUM[\"WGS_1984\",SPHEROID[\"World Geodetic System of 1984, GEM 10C\",6378137,298.257223563,AUTHORITY[\"EPSG\",\"7030\"]],AUTHORITY[\"EPSG\",\"6326\"]],PRIMEM[\"Greenwich\",0],UNIT[\"degree\",0.0174532925199433],AUTHORITY[\"EPSG\",\"4326\"]]",
		"json_geometry" : {
			"type" : "Point",
			"coordinates" : [ 3.229327328454472, 51.217878416777644 ]
		}
	},
	{
		"json_featuretype" : "R4",
		"ID" : "R4",
		"Parameter" : "7/11/2017",
		"Temperatuu" : "9,8",
		"Zuurstof_(" : "-",
		"Zuurstofpe" : "58,8",
		"pH_(6)" : "8",
		"Ammonium_(" : "0,55",
		"Nitraat_(1" : "0,87",
		"Orthofosfa" : "0,93",
		"Chloride_(" : "110",
		"BOD_(23)" : "2,4715",
		"COD_(24)" : "17,2401",
		"TOC_(25)" : "5,81",
		"Totaal_sti" : "2,2",
		"Sulfaat_(1" : "86",
		"Zware_meta" : "",
		"Lood" : "",
		"Zink" : "",
		"Chroom" : "",
		"col18" : "",
		"Basis_Prat" : "2,781419742",
		"Totale_Pra" : "1,994710788",
		"csv_line_n" : "9",
		"Nummer" : "R4",
		"Naam" : "Duinenbrug",
		"Ligging_me" : "",
		"Centrum" : "ja",
		"TPI04" : 3.1,
		"TPI05" : 3,
		"TPI06" : 2.7,
		"TPI07" : 3.1,
		"TPI08" : 2.6,
		"Aangemaakt op" : "07/11/2018",
		"json_ogc_wkt_crs" : "GEOGCS[\"WGS84 Lat/Longs\",DATUM[\"WGS_1984\",SPHEROID[\"World Geodetic System of 1984, GEM 10C\",6378137,298.257223563,AUTHORITY[\"EPSG\",\"7030\"]],AUTHORITY[\"EPSG\",\"6326\"]],PRIMEM[\"Greenwich\",0],UNIT[\"degree\",0.0174532925199433],AUTHORITY[\"EPSG\",\"4326\"]]",
		"json_geometry" : {
			"type" : "Point",
			"coordinates" : [ 3.229327328454472, 51.217878416777644 ]
		}
	},
	{
		"json_featuretype" : "R4",
		"ID" : "R4",
		"Parameter" : "4/12/2017",
		"Temperatuu" : "4,8",
		"Zuurstof_(" : "-",
		"Zuurstofpe" : "50,6",
		"pH_(6)" : "7,9",
		"Ammonium_(" : "0,48",
		"Nitraat_(1" : "2,1",
		"Orthofosfa" : "0,76",
		"Chloride_(" : "111",
		"BOD_(23)" : "2,425",
		"COD_(24)" : "16,555",
		"TOC_(25)" : "5,5",
		"Totaal_sti" : "3,3",
		"Sulfaat_(1" : "87",
		"Zware_meta" : "",
		"Lood" : "",
		"Zink" : "",
		"Chroom" : "",
		"col18" : "",
		"Basis_Prat" : "2,885878616",
		"Totale_Pra" : "2,131422845",
		"csv_line_n" : "10",
		"Nummer" : "R4",
		"Naam" : "Duinenbrug",
		"Ligging_me" : "",
		"Centrum" : "ja",
		"TPI04" : 3.1,
		"TPI05" : 3,
		"TPI06" : 2.7,
		"TPI07" : 3.1,
		"TPI08" : 2.6,
		"Aangemaakt op" : "07/11/2018",
		"json_ogc_wkt_crs" : "GEOGCS[\"WGS84 Lat/Longs\",DATUM[\"WGS_1984\",SPHEROID[\"World Geodetic System of 1984, GEM 10C\",6378137,298.257223563,AUTHORITY[\"EPSG\",\"7030\"]],AUTHORITY[\"EPSG\",\"6326\"]],PRIMEM[\"Greenwich\",0],UNIT[\"degree\",0.0174532925199433],AUTHORITY[\"EPSG\",\"4326\"]]",
		"json_geometry" : {
			"type" : "Point",
			"coordinates" : [ 3.229327328454472, 51.217878416777644 ]
		}
	}
]