[
	{
		"json_featuretype" : "R5",
		"ID" : "R5",
		"Parameter" : "42772",
		"Temperatuu" : "5,9",
		"Zuurstof_(" : "-",
		"Zuurstofpe" : "88,8",
		"pH_(6)" : "7,9",
		"Ammonium_(" : "0,4",
		"Nitraat_(1" : "4,16",
		"Orthofosfa" : "1,11",
		"Chloride_(" : "80",
		"BOD_(23)" : "2,53",
		"COD_(24)" : "18,102",
		"TOC_(25)" : "6,2",
		"Totaal_sti" : "4,5",
		"Sulfaat_(1" : "71",
		"Zware_meta" : "",
		"Lood" : "",
		"Zink" : "",
		"Chroom" : "",
		"col18" : "1,80809645",
		"Basis_Prat" : "1,80809645",
		"Totale_Pra" : "1,757732717",
		"csv_line_n" : "4",
		"Nummer" : "R5",
		"Naam" : "Coupure",
		"Ligging_me" : "",
		"Centrum" : "ja",
		"TPI04" : 2.7,
		"TPI05" : 2.6,
		"TPI06" : 2.3,
		"TPI07" : 2.3,
		"TPI08" : 2.6,
		"Aangemaakt op" : "07/11/2018",
		"json_ogc_wkt_crs" : "GEOGCS[\"WGS84 Lat/Longs\",DATUM[\"WGS_1984\",SPHEROID[\"World Geodetic System of 1984, GEM 10C\",6378137,298.257223563,AUTHORITY[\"EPSG\",\"7030\"]],AUTHORITY[\"EPSG\",\"6326\"]],PRIMEM[\"Greenwich\",0],UNIT[\"degree\",0.0174532925199433],AUTHORITY[\"EPSG\",\"4326\"]]",
		"json_geometry" : {
			"type" : "Point",
			"coordinates" : [ 3.2313106635105715, 51.20950673415894 ]
		}
	},
	{
		"json_featuretype" : "R5",
		"ID" : "R5",
		"Parameter" : "42807",
		"Temperatuu" : "8,5",
		"Zuurstof_(" : "-",
		"Zuurstofpe" : "85,3",
		"pH_(6)" : "7,9",
		"Ammonium_(" : "0,15",
		"Nitraat_(1" : "3,59",
		"Orthofosfa" : "1,08",
		"Chloride_(" : "83",
		"BOD_(23)" : "2,485",
		"COD_(24)" : "17,439",
		"TOC_(25)" : "5,9",
		"Totaal_sti" : "4,4",
		"Sulfaat_(1" : "66",
		"Zware_meta" : "",
		"Lood" : "",
		"Zink" : "",
		"Chroom" : "",
		"col18" : "1,46067226",
		"Basis_Prat" : "1,46067226",
		"Totale_Pra" : "1,540098527",
		"csv_line_n" : "5",
		"Nummer" : "R5",
		"Naam" : "Coupure",
		"Ligging_me" : "",
		"Centrum" : "ja",
		"TPI04" : 2.7,
		"TPI05" : 2.6,
		"TPI06" : 2.3,
		"TPI07" : 2.3,
		"TPI08" : 2.6,
		"Aangemaakt op" : "07/11/2018",
		"json_ogc_wkt_crs" : "GEOGCS[\"WGS84 Lat/Longs\",DATUM[\"WGS_1984\",SPHEROID[\"World Geodetic System of 1984, GEM 10C\",6378137,298.257223563,AUTHORITY[\"EPSG\",\"7030\"]],AUTHORITY[\"EPSG\",\"6326\"]],PRIMEM[\"Greenwich\",0],UNIT[\"degree\",0.0174532925199433],AUTHORITY[\"EPSG\",\"4326\"]]",
		"json_geometry" : {
			"type" : "Point",
			"coordinates" : [ 3.2313106635105715, 51.20950673415894 ]
		}
	},
	{
		"json_featuretype" : "R5",
		"ID" : "R5",
		"Parameter" : "42857",
		"Temperatuu" : "12,6",
		"Zuurstof_(" : "-",
		"Zuurstofpe" : "83,4",
		"pH_(6)" : "8",
		"Ammonium_(" : "0,11",
		"Nitraat_(1" : "3,39",
		"Orthofosfa" : "0,72",
		"Chloride_(" : "102",
		"BOD_(23)" : "2,53",
		"COD_(24)" : "18,102",
		"TOC_(25)" : "6,2",
		"Totaal_sti" : "4,6",
		"Sulfaat_(1" : "90",
		"Zware_meta" : "",
		"Lood" : "",
		"Zink" : "",
		"Chroom" : "",
		"col18" : "1,446665198",
		"Basis_Prat" : "1,446665198",
		"Totale_Pra" : "1,555574333",
		"csv_line_n" : "6",
		"Nummer" : "R5",
		"Naam" : "Coupure",
		"Ligging_me" : "",
		"Centrum" : "ja",
		"TPI04" : 2.7,
		"TPI05" : 2.6,
		"TPI06" : 2.3,
		"TPI07" : 2.3,
		"TPI08" : 2.6,
		"Aangemaakt op" : "07/11/2018",
		"json_ogc_wkt_crs" : "GEOGCS[\"WGS84 Lat/Longs\",DATUM[\"WGS_1984\",SPHEROID[\"World Geodetic System of 1984, GEM 10C\",6378137,298.257223563,AUTHORITY[\"EPSG\",\"7030\"]],AUTHORITY[\"EPSG\",\"6326\"]],PRIMEM[\"Greenwich\",0],UNIT[\"degree\",0.0174532925199433],AUTHORITY[\"EPSG\",\"4326\"]]",
		"json_geometry" : {
			"type" : "Point",
			"coordinates" : [ 3.2313106635105715, 51.20950673415894 ]
		}
	},
	{
		"json_featuretype" : "R5",
		"ID" : "R5",
		"Parameter" : "42912",
		"Temperatuu" : "22,1",
		"Zuurstof_(" : "-",
		"Zuurstofpe" : "53,5",
		"pH_(6)" : "7,9",
		"Ammonium_(" : "0,31",
		"Nitraat_(1" : "1,96",
		"Orthofosfa" : "1,16",
		"Chloride_(" : "114",
		"BOD_(23)" : "2,422",
		"COD_(24)" : "16,5108",
		"TOC_(25)" : "5,48",
		"Totaal_sti" : "2,9",
		"Sulfaat_(1" : "90",
		"Zware_meta" : "",
		"Lood" : "",
		"Zink" : "",
		"Chroom" : "",
		"col18" : "2,561553051",
		"Basis_Prat" : "2,561553051",
		"Totale_Pra" : "1,956804709",
		"csv_line_n" : "7",
		"Nummer" : "R5",
		"Naam" : "Coupure",
		"Ligging_me" : "",
		"Centrum" : "ja",
		"TPI04" : 2.7,
		"TPI05" : 2.6,
		"TPI06" : 2.3,
		"TPI07" : 2.3,
		"TPI08" : 2.6,
		"Aangemaakt op" : "07/11/2018",
		"json_ogc_wkt_crs" : "GEOGCS[\"WGS84 Lat/Longs\",DATUM[\"WGS_1984\",SPHEROID[\"World Geodetic System of 1984, GEM 10C\",6378137,298.257223563,AUTHORITY[\"EPSG\",\"7030\"]],AUTHORITY[\"EPSG\",\"6326\"]],PRIMEM[\"Greenwich\",0],UNIT[\"degree\",0.0174532925199433],AUTHORITY[\"EPSG\",\"4326\"]]",
		"json_geometry" : {
			"type" : "Point",
			"coordinates" : [ 3.2313106635105715, 51.20950673415894 ]
		}
	},
	{
		"json_featuretype" : "R5",
		"ID" : "R5",
		"Parameter" : "42976",
		"Temperatuu" : "21,3",
		"Zuurstof_(" : "-",
		"Zuurstofpe" : "76,1",
		"pH_(6)" : "8",
		"Ammonium_(" : "0,13",
		"Nitraat_(1" : "1,11",
		"Orthofosfa" : "0,92",
		"Chloride_(" : "118",
		"BOD_(23)" : "2,0095",
		"COD_(24)" : "10,4333",
		"TOC_(25)" : "2,73",
		"Totaal_sti" : "1,12",
		"Sulfaat_(1" : "86",
		"Zware_meta" : "",
		"Lood" : "",
		"Zink" : "",
		"Chroom" : "",
		"col18" : "1,430328498",
		"Basis_Prat" : "1,430328498",
		"Totale_Pra" : "1,294925434",
		"csv_line_n" : "8",
		"Nummer" : "R5",
		"Naam" : "Coupure",
		"Ligging_me" : "",
		"Centrum" : "ja",
		"TPI04" : 2.7,
		"TPI05" : 2.6,
		"TPI06" : 2.3,
		"TPI07" : 2.3,
		"TPI08" : 2.6,
		"Aangemaakt op" : "07/11/2018",
		"json_ogc_wkt_crs" : "GEOGCS[\"WGS84 Lat/Longs\",DATUM[\"WGS_1984\",SPHEROID[\"World Geodetic System of 1984, GEM 10C\",6378137,298.257223563,AUTHORITY[\"EPSG\",\"7030\"]],AUTHORITY[\"EPSG\",\"6326\"]],PRIMEM[\"Greenwich\",0],UNIT[\"degree\",0.0174532925199433],AUTHORITY[\"EPSG\",\"4326\"]]",
		"json_geometry" : {
			"type" : "Point",
			"coordinates" : [ 3.2313106635105715, 51.20950673415894 ]
		}
	}
]