[
	{
		"json_featuretype" : "R6",
		"ID" : "R6",
		"Parameter" : "6/02/2017",
		"Temperatuu" : "5,8",
		"Zuurstof_(" : "-",
		"Zuurstofpe" : "77,2",
		"pH_(6)" : "60,2",
		"Ammonium_(" : "0,52",
		"Nitraat_(1" : "4,15",
		"Orthofosfa" : "1,14",
		"Chloride_(" : "88",
		"BOD_(23)" : "2,62",
		"COD_(24)" : "19,428",
		"TOC_(25)" : "6,8",
		"Totaal_sti" : "4,5",
		"Sulfaat_(1" : "71",
		"Zware_meta" : "",
		"Lood" : "",
		"Zink" : "",
		"Chroom" : "",
		"col18" : "2,325081422",
		"Basis_Prat" : "2,325081422",
		"Totale_Pra" : "1,890559962",
		"csv_line_n" : "4",
		"Nummer" : "R6",
		"Naam" : "Nepomucemusbrug",
		"Ligging_me" : "",
		"Centrum" : "ja",
		"TPI04" : 2.4,
		"TPI05" : 2.3,
		"TPI06" : 2.4,
		"TPI07" : 2.1,
		"TPI08" : 1.9,
		"Aangemaakt op" : "07/11/2018",
		"json_ogc_wkt_crs" : "GEOGCS[\"WGS84 Lat/Longs\",DATUM[\"WGS_1984\",SPHEROID[\"World Geodetic System of 1984, GEM 10C\",6378137,298.257223563,AUTHORITY[\"EPSG\",\"7030\"]],AUTHORITY[\"EPSG\",\"6326\"]],PRIMEM[\"Greenwich\",0],UNIT[\"degree\",0.0174532925199433],AUTHORITY[\"EPSG\",\"4326\"]]",
		"json_geometry" : {
			"type" : "Point",
			"coordinates" : [ 3.2262952283903306, 51.20649545424867 ]
		}
	},
	{
		"json_featuretype" : "R6",
		"ID" : "R6",
		"Parameter" : "13/03/2017",
		"Temperatuu" : "8,7",
		"Zuurstof_(" : "-",
		"Zuurstofpe" : "80,1",
		"pH_(6)" : "7,9",
		"Ammonium_(" : "0,01",
		"Nitraat_(1" : "3,88",
		"Orthofosfa" : "1,3",
		"Chloride_(" : "84",
		"BOD_(23)" : "2,47",
		"COD_(24)" : "17,218",
		"TOC_(25)" : "5,8",
		"Totaal_sti" : "4,6",
		"Sulfaat_(1" : "61",
		"Zware_meta" : "",
		"Lood" : "",
		"Zink" : "",
		"Chroom" : "",
		"col18" : "1,192579085",
		"Basis_Prat" : "1,192579085",
		"Totale_Pra" : "1,424451019",
		"csv_line_n" : "5",
		"Nummer" : "R6",
		"Naam" : "Nepomucemusbrug",
		"Ligging_me" : "",
		"Centrum" : "ja",
		"TPI04" : 2.4,
		"TPI05" : 2.3,
		"TPI06" : 2.4,
		"TPI07" : 2.1,
		"TPI08" : 1.9,
		"Aangemaakt op" : "07/11/2018",
		"json_ogc_wkt_crs" : "GEOGCS[\"WGS84 Lat/Longs\",DATUM[\"WGS_1984\",SPHEROID[\"World Geodetic System of 1984, GEM 10C\",6378137,298.257223563,AUTHORITY[\"EPSG\",\"7030\"]],AUTHORITY[\"EPSG\",\"6326\"]],PRIMEM[\"Greenwich\",0],UNIT[\"degree\",0.0174532925199433],AUTHORITY[\"EPSG\",\"4326\"]]",
		"json_geometry" : {
			"type" : "Point",
			"coordinates" : [ 3.2262952283903306, 51.20649545424867 ]
		}
	},
	{
		"json_featuretype" : "R6",
		"ID" : "R6",
		"Parameter" : "2/05/2017",
		"Temperatuu" : "12,2",
		"Zuurstof_(" : "-",
		"Zuurstofpe" : "82,7",
		"pH_(6)" : "8",
		"Ammonium_(" : "0,05",
		"Nitraat_(1" : "4,64",
		"Orthofosfa" : "0,45",
		"Chloride_(" : "114",
		"BOD_(23)" : "2,44",
		"COD_(24)" : "16,776",
		"TOC_(25)" : "5,6",
		"Totaal_sti" : "6",
		"Sulfaat_(1" : "107",
		"Zware_meta" : "",
		"Lood" : "",
		"Zink" : "",
		"Chroom" : "",
		"col18" : "1,263889529",
		"Basis_Prat" : "1,263889529",
		"Totale_Pra" : "1,538569393",
		"csv_line_n" : "6",
		"Nummer" : "R6",
		"Naam" : "Nepomucemusbrug",
		"Ligging_me" : "",
		"Centrum" : "ja",
		"TPI04" : 2.4,
		"TPI05" : 2.3,
		"TPI06" : 2.4,
		"TPI07" : 2.1,
		"TPI08" : 1.9,
		"Aangemaakt op" : "07/11/2018",
		"json_ogc_wkt_crs" : "GEOGCS[\"WGS84 Lat/Longs\",DATUM[\"WGS_1984\",SPHEROID[\"World Geodetic System of 1984, GEM 10C\",6378137,298.257223563,AUTHORITY[\"EPSG\",\"7030\"]],AUTHORITY[\"EPSG\",\"6326\"]],PRIMEM[\"Greenwich\",0],UNIT[\"degree\",0.0174532925199433],AUTHORITY[\"EPSG\",\"4326\"]]",
		"json_geometry" : {
			"type" : "Point",
			"coordinates" : [ 3.2262952283903306, 51.20649545424867 ]
		}
	},
	{
		"json_featuretype" : "R6",
		"ID" : "R6",
		"Parameter" : "26/06/2017",
		"Temperatuu" : "21",
		"Zuurstof_(" : "-",
		"Zuurstofpe" : "62,2",
		"pH_(6)" : "7,9",
		"Ammonium_(" : "0,1",
		"Nitraat_(1" : "3,01",
		"Orthofosfa" : "0,34",
		"Chloride_(" : "118",
		"BOD_(23)" : "2,4385",
		"COD_(24)" : "16,7539",
		"TOC_(25)" : "5,59",
		"Totaal_sti" : "3,8",
		"Sulfaat_(1" : "101",
		"Zware_meta" : "",
		"Lood" : "",
		"Zink" : "",
		"Chroom" : "",
		"col18" : "1,943637926",
		"Basis_Prat" : "1,943637926",
		"Totale_Pra" : "1,734391072",
		"csv_line_n" : "7",
		"Nummer" : "R6",
		"Naam" : "Nepomucemusbrug",
		"Ligging_me" : "",
		"Centrum" : "ja",
		"TPI04" : 2.4,
		"TPI05" : 2.3,
		"TPI06" : 2.4,
		"TPI07" : 2.1,
		"TPI08" : 1.9,
		"Aangemaakt op" : "07/11/2018",
		"json_ogc_wkt_crs" : "GEOGCS[\"WGS84 Lat/Longs\",DATUM[\"WGS_1984\",SPHEROID[\"World Geodetic System of 1984, GEM 10C\",6378137,298.257223563,AUTHORITY[\"EPSG\",\"7030\"]],AUTHORITY[\"EPSG\",\"6326\"]],PRIMEM[\"Greenwich\",0],UNIT[\"degree\",0.0174532925199433],AUTHORITY[\"EPSG\",\"4326\"]]",
		"json_geometry" : {
			"type" : "Point",
			"coordinates" : [ 3.2262952283903306, 51.20649545424867 ]
		}
	},
	{
		"json_featuretype" : "R6",
		"ID" : "R6",
		"Parameter" : "29/08/2017",
		"Temperatuu" : "20,8",
		"Zuurstof_(" : "-",
		"Zuurstofpe" : "77,8",
		"pH_(6)" : "8",
		"Ammonium_(" : "0,1",
		"Nitraat_(1" : "1,48",
		"Orthofosfa" : "0,53",
		"Chloride_(" : "133",
		"BOD_(23)" : "2,0815",
		"COD_(24)" : "11,4941",
		"TOC_(25)" : "3,21",
		"Totaal_sti" : "1,5",
		"Sulfaat_(1" : "93",
		"Zware_meta" : "",
		"Lood" : "",
		"Zink" : "",
		"Chroom" : "",
		"col18" : "1,352311259",
		"Basis_Prat" : "1,352311259",
		"Totale_Pra" : "1,3017755",
		"csv_line_n" : "8",
		"Nummer" : "R6",
		"Naam" : "Nepomucemusbrug",
		"Ligging_me" : "",
		"Centrum" : "ja",
		"TPI04" : 2.4,
		"TPI05" : 2.3,
		"TPI06" : 2.4,
		"TPI07" : 2.1,
		"TPI08" : 1.9,
		"Aangemaakt op" : "07/11/2018",
		"json_ogc_wkt_crs" : "GEOGCS[\"WGS84 Lat/Longs\",DATUM[\"WGS_1984\",SPHEROID[\"World Geodetic System of 1984, GEM 10C\",6378137,298.257223563,AUTHORITY[\"EPSG\",\"7030\"]],AUTHORITY[\"EPSG\",\"6326\"]],PRIMEM[\"Greenwich\",0],UNIT[\"degree\",0.0174532925199433],AUTHORITY[\"EPSG\",\"4326\"]]",
		"json_geometry" : {
			"type" : "Point",
			"coordinates" : [ 3.2262952283903306, 51.20649545424867 ]
		}
	}
]