[
	{
		"json_featuretype" : "R7",
		"ID" : "R7",
		"Parameter" : "6/02/2017",
		"Temperatuu" : "5,6",
		"Zuurstof_(" : "-",
		"Zuurstofpe" : "96,1",
		"pH_(6)" : "7,6",
		"Ammonium_(" : "0,13",
		"Nitraat_(1" : "2,61",
		"Orthofosfa" : "1,33",
		"Chloride_(" : "57",
		"BOD_(23)" : "2,74",
		"COD_(24)" : "21,196",
		"TOC_(25)" : "7,6",
		"Totaal_sti" : "2,8",
		"Sulfaat_(1" : "58",
		"Zware_meta" : "",
		"Lood" : "",
		"Zink" : "",
		"Chroom" : "",
		"col18" : "1,255751831",
		"Basis_Prat" : "1,255751831",
		"Totale_Pra" : "1,318207867",
		"csv_line_n" : "4",
		"Nummer" : "R7",
		"Naam" : "Bakkersrei",
		"Ligging_me" : "",
		"Centrum" : "ja",
		"TPI04" : 3.8,
		"TPI05" : 3.3,
		"TPI06" : 2.3,
		"TPI07" : 2.3,
		"TPI08" : 2.3,
		"Aangemaakt op" : "07/11/2018",
		"json_ogc_wkt_crs" : "GEOGCS[\"WGS84 Lat/Longs\",DATUM[\"WGS_1984\",SPHEROID[\"World Geodetic System of 1984, GEM 10C\",6378137,298.257223563,AUTHORITY[\"EPSG\",\"7030\"]],AUTHORITY[\"EPSG\",\"6326\"]],PRIMEM[\"Greenwich\",0],UNIT[\"degree\",0.0174532925199433],AUTHORITY[\"EPSG\",\"4326\"]]",
		"json_geometry" : {
			"type" : "Point",
			"coordinates" : [ 3.2263720541833307, 51.1993818938773 ]
		}
	},
	{
		"json_featuretype" : "R7",
		"ID" : "R7",
		"Parameter" : "13/03/2017",
		"Temperatuu" : "8,7",
		"Zuurstof_(" : "-",
		"Zuurstofpe" : "200",
		"pH_(6)" : "8,2",
		"Ammonium_(" : "0,02",
		"Nitraat_(1" : "0,85",
		"Orthofosfa" : "1,17",
		"Chloride_(" : "42,8",
		"BOD_(23)" : "3,205",
		"COD_(24)" : "28,047",
		"TOC_(25)" : "10,7",
		"Totaal_sti" : "2,1",
		"Sulfaat_(1" : "50",
		"Zware_meta" : "",
		"Lood" : "",
		"Zink" : "",
		"Chroom" : "",
		"col18" : "3,737924302",
		"Basis_Prat" : "3,737924302",
		"Totale_Pra" : "2,625421525",
		"csv_line_n" : "5",
		"Nummer" : "R7",
		"Naam" : "Bakkersrei",
		"Ligging_me" : "",
		"Centrum" : "ja",
		"TPI04" : 3.8,
		"TPI05" : 3.3,
		"TPI06" : 2.3,
		"TPI07" : 2.3,
		"TPI08" : 2.3,
		"Aangemaakt op" : "07/11/2018",
		"json_ogc_wkt_crs" : "GEOGCS[\"WGS84 Lat/Longs\",DATUM[\"WGS_1984\",SPHEROID[\"World Geodetic System of 1984, GEM 10C\",6378137,298.257223563,AUTHORITY[\"EPSG\",\"7030\"]],AUTHORITY[\"EPSG\",\"6326\"]],PRIMEM[\"Greenwich\",0],UNIT[\"degree\",0.0174532925199433],AUTHORITY[\"EPSG\",\"4326\"]]",
		"json_geometry" : {
			"type" : "Point",
			"coordinates" : [ 3.2263720541833307, 51.1993818938773 ]
		}
	},
	{
		"json_featuretype" : "R7",
		"ID" : "R7",
		"Parameter" : "2/05/2017",
		"Temperatuu" : "12",
		"Zuurstof_(" : "-",
		"Zuurstofpe" : "86,7",
		"pH_(6)" : "8",
		"Ammonium_(" : "0,12",
		"Nitraat_(1" : "0,44",
		"Orthofosfa" : "1,27",
		"Chloride_(" : "56",
		"BOD_(23)" : "2,98",
		"COD_(24)" : "24,732",
		"TOC_(25)" : "9,2",
		"Totaal_sti" : "1,7",
		"Sulfaat_(1" : "57",
		"Zware_meta" : "",
		"Lood" : "",
		"Zink" : "",
		"Chroom" : "",
		"col18" : "1,60231756",
		"Basis_Prat" : "1,60231756",
		"Totale_Pra" : "1,404688166",
		"csv_line_n" : "6",
		"Nummer" : "R7",
		"Naam" : "Bakkersrei",
		"Ligging_me" : "",
		"Centrum" : "ja",
		"TPI04" : 3.8,
		"TPI05" : 3.3,
		"TPI06" : 2.3,
		"TPI07" : 2.3,
		"TPI08" : 2.3,
		"Aangemaakt op" : "07/11/2018",
		"json_ogc_wkt_crs" : "GEOGCS[\"WGS84 Lat/Longs\",DATUM[\"WGS_1984\",SPHEROID[\"World Geodetic System of 1984, GEM 10C\",6378137,298.257223563,AUTHORITY[\"EPSG\",\"7030\"]],AUTHORITY[\"EPSG\",\"6326\"]],PRIMEM[\"Greenwich\",0],UNIT[\"degree\",0.0174532925199433],AUTHORITY[\"EPSG\",\"4326\"]]",
		"json_geometry" : {
			"type" : "Point",
			"coordinates" : [ 3.2263720541833307, 51.1993818938773 ]
		}
	},
	{
		"json_featuretype" : "R7",
		"ID" : "R7",
		"Parameter" : "26/06/2017",
		"Temperatuu" : "20,6",
		"Zuurstof_(" : "-",
		"Zuurstofpe" : "42,6",
		"pH_(6)" : "7,9",
		"Ammonium_(" : "0,14",
		"Nitraat_(1" : "0,29",
		"Orthofosfa" : "1,83",
		"Chloride_(" : "94",
		"BOD_(23)" : "2,83",
		"COD_(24)" : "22,522",
		"TOC_(25)" : "8,2",
		"Totaal_sti" : "1,4",
		"Sulfaat_(1" : "73",
		"Zware_meta" : "",
		"Lood" : "",
		"Zink" : "",
		"Chroom" : "",
		"col18" : "2,79011813",
		"Basis_Prat" : "2,79011813",
		"Totale_Pra" : "1,925754921",
		"csv_line_n" : "7",
		"Nummer" : "R7",
		"Naam" : "Bakkersrei",
		"Ligging_me" : "",
		"Centrum" : "ja",
		"TPI04" : 3.8,
		"TPI05" : 3.3,
		"TPI06" : 2.3,
		"TPI07" : 2.3,
		"TPI08" : 2.3,
		"Aangemaakt op" : "07/11/2018",
		"json_ogc_wkt_crs" : "GEOGCS[\"WGS84 Lat/Longs\",DATUM[\"WGS_1984\",SPHEROID[\"World Geodetic System of 1984, GEM 10C\",6378137,298.257223563,AUTHORITY[\"EPSG\",\"7030\"]],AUTHORITY[\"EPSG\",\"6326\"]],PRIMEM[\"Greenwich\",0],UNIT[\"degree\",0.0174532925199433],AUTHORITY[\"EPSG\",\"4326\"]]",
		"json_geometry" : {
			"type" : "Point",
			"coordinates" : [ 3.2263720541833307, 51.1993818938773 ]
		}
	},
	{
		"json_featuretype" : "R7",
		"ID" : "R7",
		"Parameter" : "29/08/2017",
		"Temperatuu" : "19,8",
		"Zuurstof_(" : "-",
		"Zuurstofpe" : "77,1",
		"pH_(6)" : "7,9",
		"Ammonium_(" : "0,04",
		"Nitraat_(1" : "0,02",
		"Orthofosfa" : "1,34",
		"Chloride_(" : "101,7",
		"BOD_(23)" : "2,341",
		"COD_(24)" : "15,3174",
		"TOC_(25)" : "4,94",
		"Totaal_sti" : "0,67",
		"Sulfaat_(1" : "67",
		"Zware_meta" : "",
		"Lood" : "",
		"Zink" : "",
		"Chroom" : "",
		"col18" : "1,332585587",
		"Basis_Prat" : "1,332585587",
		"Totale_Pra" : "1,076388915",
		"csv_line_n" : "8",
		"Nummer" : "R7",
		"Naam" : "Bakkersrei",
		"Ligging_me" : "",
		"Centrum" : "ja",
		"TPI04" : 3.8,
		"TPI05" : 3.3,
		"TPI06" : 2.3,
		"TPI07" : 2.3,
		"TPI08" : 2.3,
		"Aangemaakt op" : "07/11/2018",
		"json_ogc_wkt_crs" : "GEOGCS[\"WGS84 Lat/Longs\",DATUM[\"WGS_1984\",SPHEROID[\"World Geodetic System of 1984, GEM 10C\",6378137,298.257223563,AUTHORITY[\"EPSG\",\"7030\"]],AUTHORITY[\"EPSG\",\"6326\"]],PRIMEM[\"Greenwich\",0],UNIT[\"degree\",0.0174532925199433],AUTHORITY[\"EPSG\",\"4326\"]]",
		"json_geometry" : {
			"type" : "Point",
			"coordinates" : [ 3.2263720541833307, 51.1993818938773 ]
		}
	},
	{
		"json_featuretype" : "R7",
		"ID" : "R7",
		"Parameter" : "7/11/2017",
		"Temperatuu" : "8,6",
		"Zuurstof_(" : "-",
		"Zuurstofpe" : "27,8",
		"pH_(6)" : "7,8",
		"Ammonium_(" : "0,21",
		"Nitraat_(1" : "0,19",
		"Orthofosfa" : "2,3",
		"Chloride_(" : "65,6",
		"BOD_(23)" : "2,77",
		"COD_(24)" : "21,638",
		"TOC_(25)" : "7,8",
		"Totaal_sti" : "1,27",
		"Sulfaat_(1" : "47,4",
		"Zware_meta" : "",
		"Lood" : "",
		"Zink" : "",
		"Chroom" : "",
		"col18" : "3,539919654",
		"Basis_Prat" : "3,539919654",
		"Totale_Pra" : "2,246596729",
		"csv_line_n" : "9",
		"Nummer" : "R7",
		"Naam" : "Bakkersrei",
		"Ligging_me" : "",
		"Centrum" : "ja",
		"TPI04" : 3.8,
		"TPI05" : 3.3,
		"TPI06" : 2.3,
		"TPI07" : 2.3,
		"TPI08" : 2.3,
		"Aangemaakt op" : "07/11/2018",
		"json_ogc_wkt_crs" : "GEOGCS[\"WGS84 Lat/Longs\",DATUM[\"WGS_1984\",SPHEROID[\"World Geodetic System of 1984, GEM 10C\",6378137,298.257223563,AUTHORITY[\"EPSG\",\"7030\"]],AUTHORITY[\"EPSG\",\"6326\"]],PRIMEM[\"Greenwich\",0],UNIT[\"degree\",0.0174532925199433],AUTHORITY[\"EPSG\",\"4326\"]]",
		"json_geometry" : {
			"type" : "Point",
			"coordinates" : [ 3.2263720541833307, 51.1993818938773 ]
		}
	},
	{
		"json_featuretype" : "R7",
		"ID" : "R7",
		"Parameter" : "4/12/2017",
		"Temperatuu" : "4,9",
		"Zuurstof_(" : "-",
		"Zuurstofpe" : "20,5",
		"pH_(6)" : "7,5",
		"Ammonium_(" : "0,38",
		"Nitraat_(1" : "0,99",
		"Orthofosfa" : "1,52",
		"Chloride_(" : "47",
		"BOD_(23)" : "2,725",
		"COD_(24)" : "20,975",
		"TOC_(25)" : "7,5",
		"Totaal_sti" : "2,2",
		"Sulfaat_(1" : "40,2",
		"Zware_meta" : "",
		"Lood" : "",
		"Zink" : "",
		"Chroom" : "",
		"col18" : "4,199528986",
		"Basis_Prat" : "4,199528986",
		"Totale_Pra" : "2,620781709",
		"csv_line_n" : "10",
		"Nummer" : "R7",
		"Naam" : "Bakkersrei",
		"Ligging_me" : "",
		"Centrum" : "ja",
		"TPI04" : 3.8,
		"TPI05" : 3.3,
		"TPI06" : 2.3,
		"TPI07" : 2.3,
		"TPI08" : 2.3,
		"Aangemaakt op" : "07/11/2018",
		"json_ogc_wkt_crs" : "GEOGCS[\"WGS84 Lat/Longs\",DATUM[\"WGS_1984\",SPHEROID[\"World Geodetic System of 1984, GEM 10C\",6378137,298.257223563,AUTHORITY[\"EPSG\",\"7030\"]],AUTHORITY[\"EPSG\",\"6326\"]],PRIMEM[\"Greenwich\",0],UNIT[\"degree\",0.0174532925199433],AUTHORITY[\"EPSG\",\"4326\"]]",
		"json_geometry" : {
			"type" : "Point",
			"coordinates" : [ 3.2263720541833307, 51.1993818938773 ]
		}
	}
]