[
	{
		"json_featuretype" : "ZBH1",
		"ID" : "ZBH1",
		"Parameter" : "viswater",
		"Temperatuu" : "",
		"Zuurstof_(" : "",
		"Zuurstofpe" : "50%>70%*",
		"pH_(6)" : "6,0-9,0",
		"Ammonium_(" : "1 (NH4)",
		"Nitraat_(1" : "",
		"Orthofosfa" : "1 (tot. Fosfaat)",
		"Chloride_(" : "",
		"BOD_(23)" : "6",
		"COD_(24)" : "",
		"TOC_(25)" : "",
		"Totaal_sti" : "",
		"Sulfaat_(1" : "",
		"Zware_meta" : "",
		"Lood" : "",
		"Zink" : "",
		"Chroom" : "",
		"Basis_Prat" : "",
		"Totale_Pra" : "",
		"csv_line_n" : "4",
		"Nummer" : "ZBH1",
		"Naam" : "Boudewijnkanaal oude zeesluis",
		"Ligging_me" : "",
		"Centrum" : "nee",
		"TPI04" : 3.7,
		"TPI05" : 2.13,
		"TPI06" : 1.9,
		"TPI07" : 1.6,
		"TPI08" : 1.5,
		"Aangemaakt op" : "07/11/2018",
		"json_ogc_wkt_crs" : "GEOGCS[\"WGS84 Lat/Longs\",DATUM[\"WGS_1984\",SPHEROID[\"World Geodetic System of 1984, GEM 10C\",6378137,298.257223563,AUTHORITY[\"EPSG\",\"7030\"]],AUTHORITY[\"EPSG\",\"6326\"]],PRIMEM[\"Greenwich\",0],UNIT[\"degree\",0.0174532925199433],AUTHORITY[\"EPSG\",\"4326\"]]",
		"json_geometry" : {
			"type" : "Point",
			"coordinates" : [ 3.1984541936408295, 51.32671633395858 ]
		}
	},
	{
		"json_featuretype" : "ZBH1",
		"ID" : "ZBH1",
		"Parameter" : "7/03/2017",
		"Temperatuu" : "6,2",
		"Zuurstof_(" : "-",
		"Zuurstofpe" : "112,8",
		"pH_(6)" : "7,8",
		"Ammonium_(" : "",
		"Nitraat_(1" : "0,22",
		"Orthofosfa" : "0,06",
		"Chloride_(" : "16000",
		"BOD_(23)" : "2,0545",
		"COD_(24)" : "11,0963",
		"TOC_(25)" : "3,03",
		"Totaal_sti" : "1,5",
		"Sulfaat_(1" : "",
		"Zware_meta" : "",
		"Lood" : "",
		"Zink" : "",
		"Chroom" : "",
		"Basis_Prat" : "1,066815",
		"Totale_Pra" : "0,910537518",
		"csv_line_n" : "5",
		"Nummer" : "ZBH1",
		"Naam" : "Boudewijnkanaal oude zeesluis",
		"Ligging_me" : "",
		"Centrum" : "nee",
		"TPI04" : 3.7,
		"TPI05" : 2.13,
		"TPI06" : 1.9,
		"TPI07" : 1.6,
		"TPI08" : 1.5,
		"Aangemaakt op" : "07/11/2018",
		"json_ogc_wkt_crs" : "GEOGCS[\"WGS84 Lat/Longs\",DATUM[\"WGS_1984\",SPHEROID[\"World Geodetic System of 1984, GEM 10C\",6378137,298.257223563,AUTHORITY[\"EPSG\",\"7030\"]],AUTHORITY[\"EPSG\",\"6326\"]],PRIMEM[\"Greenwich\",0],UNIT[\"degree\",0.0174532925199433],AUTHORITY[\"EPSG\",\"4326\"]]",
		"json_geometry" : {
			"type" : "Point",
			"coordinates" : [ 3.1984541936408295, 51.32671633395858 ]
		}
	},
	{
		"json_featuretype" : "ZBH1",
		"ID" : "ZBH1",
		"Parameter" : "25/04/2017",
		"Temperatuu" : "11,2",
		"Zuurstof_(" : "-",
		"Zuurstofpe" : "94,7",
		"pH_(6)" : "8",
		"Ammonium_(" : "0,03",
		"Nitraat_(1" : "0,63",
		"Orthofosfa" : "0,01",
		"Chloride_(" : "19400",
		"BOD_(23)" : "2,041",
		"COD_(24)" : "10,8974",
		"TOC_(25)" : "2,94",
		"Totaal_sti" : "0,98",
		"Sulfaat_(1" : "",
		"Zware_meta" : "",
		"Lood" : "",
		"Zink" : "",
		"Chroom" : "",
		"Basis_Prat" : "0,680776728",
		"Totale_Pra" : "0,866521382",
		"csv_line_n" : "6",
		"Nummer" : "ZBH1",
		"Naam" : "Boudewijnkanaal oude zeesluis",
		"Ligging_me" : "",
		"Centrum" : "nee",
		"TPI04" : 3.7,
		"TPI05" : 2.13,
		"TPI06" : 1.9,
		"TPI07" : 1.6,
		"TPI08" : 1.5,
		"Aangemaakt op" : "07/11/2018",
		"json_ogc_wkt_crs" : "GEOGCS[\"WGS84 Lat/Longs\",DATUM[\"WGS_1984\",SPHEROID[\"World Geodetic System of 1984, GEM 10C\",6378137,298.257223563,AUTHORITY[\"EPSG\",\"7030\"]],AUTHORITY[\"EPSG\",\"6326\"]],PRIMEM[\"Greenwich\",0],UNIT[\"degree\",0.0174532925199433],AUTHORITY[\"EPSG\",\"4326\"]]",
		"json_geometry" : {
			"type" : "Point",
			"coordinates" : [ 3.1984541936408295, 51.32671633395858 ]
		}
	},
	{
		"json_featuretype" : "ZBH1",
		"ID" : "ZBH1",
		"Parameter" : "4/07/2017",
		"Temperatuu" : "19,9",
		"Zuurstof_(" : "-",
		"Zuurstofpe" : "93,3",
		"pH_(6)" : "7,7",
		"Ammonium_(" : "0,2",
		"Nitraat_(1" : "0,004",
		"Orthofosfa" : "0,11",
		"Chloride_(" : "16400",
		"BOD_(23)" : "2",
		"COD_(24)" : "9,0189",
		"TOC_(25)" : "2,09",
		"Totaal_sti" : "0,49",
		"Sulfaat_(1" : "",
		"Zware_meta" : "",
		"Lood" : "",
		"Zink" : "",
		"Chroom" : "",
		"Basis_Prat" : "1,063874646",
		"Totale_Pra" : "0,841243652",
		"csv_line_n" : "7",
		"Nummer" : "ZBH1",
		"Naam" : "Boudewijnkanaal oude zeesluis",
		"Ligging_me" : "",
		"Centrum" : "nee",
		"TPI04" : 3.7,
		"TPI05" : 2.13,
		"TPI06" : 1.9,
		"TPI07" : 1.6,
		"TPI08" : 1.5,
		"Aangemaakt op" : "07/11/2018",
		"json_ogc_wkt_crs" : "GEOGCS[\"WGS84 Lat/Longs\",DATUM[\"WGS_1984\",SPHEROID[\"World Geodetic System of 1984, GEM 10C\",6378137,298.257223563,AUTHORITY[\"EPSG\",\"7030\"]],AUTHORITY[\"EPSG\",\"6326\"]],PRIMEM[\"Greenwich\",0],UNIT[\"degree\",0.0174532925199433],AUTHORITY[\"EPSG\",\"4326\"]]",
		"json_geometry" : {
			"type" : "Point",
			"coordinates" : [ 3.1984541936408295, 51.32671633395858 ]
		}
	},
	{
		"json_featuretype" : "ZBH1",
		"ID" : "ZBH1",
		"Parameter" : "19/09/2017",
		"Temperatuu" : "17,7",
		"Zuurstof_(" : "-",
		"Zuurstofpe" : "85,5",
		"pH_(6)" : "7,5",
		"Ammonium_(" : "0,09",
		"Nitraat_(1" : "",
		"Orthofosfa" : "0,1",
		"Chloride_(" : "19100",
		"BOD_(23)" : "2,0845",
		"COD_(24)" : "11,5383",
		"TOC_(25)" : "3,23",
		"Totaal_sti" : "1,04",
		"Sulfaat_(1" : "",
		"Zware_meta" : "",
		"Lood" : "",
		"Zink" : "",
		"Chroom" : "",
		"Basis_Prat" : "1,124147886",
		"Totale_Pra" : "1,002422065",
		"csv_line_n" : "8",
		"Nummer" : "ZBH1",
		"Naam" : "Boudewijnkanaal oude zeesluis",
		"Ligging_me" : "",
		"Centrum" : "nee",
		"TPI04" : 3.7,
		"TPI05" : 2.13,
		"TPI06" : 1.9,
		"TPI07" : 1.6,
		"TPI08" : 1.5,
		"Aangemaakt op" : "07/11/2018",
		"json_ogc_wkt_crs" : "GEOGCS[\"WGS84 Lat/Longs\",DATUM[\"WGS_1984\",SPHEROID[\"World Geodetic System of 1984, GEM 10C\",6378137,298.257223563,AUTHORITY[\"EPSG\",\"7030\"]],AUTHORITY[\"EPSG\",\"6326\"]],PRIMEM[\"Greenwich\",0],UNIT[\"degree\",0.0174532925199433],AUTHORITY[\"EPSG\",\"4326\"]]",
		"json_geometry" : {
			"type" : "Point",
			"coordinates" : [ 3.1984541936408295, 51.32671633395858 ]
		}
	},
	{
		"json_featuretype" : "ZBH1",
		"ID" : "ZBH1",
		"Parameter" : "13/11/2017",
		"Temperatuu" : "10,4",
		"Zuurstof_(" : "-",
		"Zuurstofpe" : "92,6",
		"pH_(6)" : "7,8",
		"Ammonium_(" : "0,14",
		"Nitraat_(1" : "0,69",
		"Orthofosfa" : "0,1",
		"Chloride_(" : "15200",
		"BOD_(23)" : "2",
		"COD_(24)" : "10,146",
		"TOC_(25)" : "2,6",
		"Totaal_sti" : "1,09",
		"Sulfaat_(1" : "",
		"Zware_meta" : "",
		"Lood" : "",
		"Zink" : "",
		"Chroom" : "",
		"Basis_Prat" : "1,002105863",
		"Totale_Pra" : "0,970484867",
		"csv_line_n" : "9",
		"Nummer" : "ZBH1",
		"Naam" : "Boudewijnkanaal oude zeesluis",
		"Ligging_me" : "",
		"Centrum" : "nee",
		"TPI04" : 3.7,
		"TPI05" : 2.13,
		"TPI06" : 1.9,
		"TPI07" : 1.6,
		"TPI08" : 1.5,
		"Aangemaakt op" : "07/11/2018",
		"json_ogc_wkt_crs" : "GEOGCS[\"WGS84 Lat/Longs\",DATUM[\"WGS_1984\",SPHEROID[\"World Geodetic System of 1984, GEM 10C\",6378137,298.257223563,AUTHORITY[\"EPSG\",\"7030\"]],AUTHORITY[\"EPSG\",\"6326\"]],PRIMEM[\"Greenwich\",0],UNIT[\"degree\",0.0174532925199433],AUTHORITY[\"EPSG\",\"4326\"]]",
		"json_geometry" : {
			"type" : "Point",
			"coordinates" : [ 3.1984541936408295, 51.32671633395858 ]
		}
	}
]