[
	{
		"json_featuretype" : "ZBH2",
		"ID" : "ZBH2",
		"Parameter" : "viswater",
		"Temperatuu" : "",
		"Zuurstof_(" : "",
		"Zuurstofpe" : "50%>70%*",
		"pH_(6)" : "6,0-9,0",
		"Ammonium_(" : "1 (NH4)",
		"Nitraat_(1" : "",
		"Orthofosfa" : "1 (tot. Fosfaat)",
		"Chloride_(" : "",
		"BOD_(23)" : "6",
		"COD_(24)" : "",
		"TOC_(25)" : "",
		"Totaal_sti" : "",
		"Sulfaat_(1" : "",
		"Zware_meta" : "",
		"Lood" : "",
		"Zink" : "",
		"Chroom" : "",
		"Basis_Prat" : "",
		"Totale_Pra" : "",
		"csv_line_n" : "4",
		"Nummer" : "ZBH2",
		"Naam" : "Boudewijnkanaal Herdersbrug",
		"Ligging_me" : "",
		"Centrum" : "nee",
		"TPI04" : 2,
		"TPI05" : 1.6,
		"TPI06" : 1.9,
		"TPI07" : 1.7,
		"TPI08" : 1.7,
		"Aangemaakt op" : "07/11/2018",
		"json_ogc_wkt_crs" : "GEOGCS[\"WGS84 Lat/Longs\",DATUM[\"WGS_1984\",SPHEROID[\"World Geodetic System of 1984, GEM 10C\",6378137,298.257223563,AUTHORITY[\"EPSG\",\"7030\"]],AUTHORITY[\"EPSG\",\"6326\"]],PRIMEM[\"Greenwich\",0],UNIT[\"degree\",0.0174532925199433],AUTHORITY[\"EPSG\",\"4326\"]]",
		"json_geometry" : {
			"type" : "Point",
			"coordinates" : [ 3.2129305655899385, 51.26987851315048 ]
		}
	},
	{
		"json_featuretype" : "ZBH2",
		"ID" : "ZBH2",
		"Parameter" : "7/03/2017",
		"Temperatuu" : "6,9",
		"Zuurstof_(" : "-",
		"Zuurstofpe" : "117,5",
		"pH_(6)" : "7,4",
		"Ammonium_(" : "",
		"Nitraat_(1" : "0,26",
		"Orthofosfa" : "0,14",
		"Chloride_(" : "13000",
		"BOD_(23)" : "2,275",
		"COD_(24)" : "14,345",
		"TOC_(25)" : "4,5",
		"Totaal_sti" : "",
		"Sulfaat_(1" : "",
		"Zware_meta" : "",
		"Lood" : "",
		"Zink" : "",
		"Chroom" : "",
		"Basis_Prat" : "1,41725",
		"Totale_Pra" : "0,993231376",
		"csv_line_n" : "5",
		"Nummer" : "ZBH2",
		"Naam" : "Boudewijnkanaal Herdersbrug",
		"Ligging_me" : "",
		"Centrum" : "nee",
		"TPI04" : 2,
		"TPI05" : 1.6,
		"TPI06" : 1.9,
		"TPI07" : 1.7,
		"TPI08" : 1.7,
		"Aangemaakt op" : "07/11/2018",
		"json_ogc_wkt_crs" : "GEOGCS[\"WGS84 Lat/Longs\",DATUM[\"WGS_1984\",SPHEROID[\"World Geodetic System of 1984, GEM 10C\",6378137,298.257223563,AUTHORITY[\"EPSG\",\"7030\"]],AUTHORITY[\"EPSG\",\"6326\"]],PRIMEM[\"Greenwich\",0],UNIT[\"degree\",0.0174532925199433],AUTHORITY[\"EPSG\",\"4326\"]]",
		"json_geometry" : {
			"type" : "Point",
			"coordinates" : [ 3.2129305655899385, 51.26987851315048 ]
		}
	},
	{
		"json_featuretype" : "ZBH2",
		"ID" : "ZBH2",
		"Parameter" : "24/04/2017",
		"Temperatuu" : "13,8",
		"Zuurstof_(" : "-",
		"Zuurstofpe" : "141,9",
		"pH_(6)" : "8,5",
		"Ammonium_(" : "0,03",
		"Nitraat_(1" : "0,27",
		"Orthofosfa" : "0,01",
		"Chloride_(" : "16000",
		"BOD_(23)" : "2,44",
		"COD_(24)" : "16,776",
		"TOC_(25)" : "5,6",
		"Totaal_sti" : "",
		"Sulfaat_(1" : "",
		"Zware_meta" : "",
		"Lood" : "",
		"Zink" : "",
		"Chroom" : "",
		"Basis_Prat" : "1,852730061",
		"Totale_Pra" : "1,650138794",
		"csv_line_n" : "6",
		"Nummer" : "ZBH2",
		"Naam" : "Boudewijnkanaal Herdersbrug",
		"Ligging_me" : "",
		"Centrum" : "nee",
		"TPI04" : 2,
		"TPI05" : 1.6,
		"TPI06" : 1.9,
		"TPI07" : 1.7,
		"TPI08" : 1.7,
		"Aangemaakt op" : "07/11/2018",
		"json_ogc_wkt_crs" : "GEOGCS[\"WGS84 Lat/Longs\",DATUM[\"WGS_1984\",SPHEROID[\"World Geodetic System of 1984, GEM 10C\",6378137,298.257223563,AUTHORITY[\"EPSG\",\"7030\"]],AUTHORITY[\"EPSG\",\"6326\"]],PRIMEM[\"Greenwich\",0],UNIT[\"degree\",0.0174532925199433],AUTHORITY[\"EPSG\",\"4326\"]]",
		"json_geometry" : {
			"type" : "Point",
			"coordinates" : [ 3.2129305655899385, 51.26987851315048 ]
		}
	},
	{
		"json_featuretype" : "ZBH2",
		"ID" : "ZBH2",
		"Parameter" : "4/07/2017",
		"Temperatuu" : "20",
		"Zuurstof_(" : "-",
		"Zuurstofpe" : "184,6",
		"pH_(6)" : "8,3",
		"Ammonium_(" : "0,15",
		"Nitraat_(1" : "0,004",
		"Orthofosfa" : "0,15",
		"Chloride_(" : "14400",
		"BOD_(23)" : "2,287",
		"COD_(24)" : "14,5218",
		"TOC_(25)" : "4,58",
		"Totaal_sti" : "",
		"Sulfaat_(1" : "",
		"Zware_meta" : "",
		"Lood" : "",
		"Zink" : "",
		"Chroom" : "",
		"Basis_Prat" : "3,22743226",
		"Totale_Pra" : "2,154911347",
		"csv_line_n" : "7",
		"Nummer" : "ZBH2",
		"Naam" : "Boudewijnkanaal Herdersbrug",
		"Ligging_me" : "",
		"Centrum" : "nee",
		"TPI04" : 2,
		"TPI05" : 1.6,
		"TPI06" : 1.9,
		"TPI07" : 1.7,
		"TPI08" : 1.7,
		"Aangemaakt op" : "07/11/2018",
		"json_ogc_wkt_crs" : "GEOGCS[\"WGS84 Lat/Longs\",DATUM[\"WGS_1984\",SPHEROID[\"World Geodetic System of 1984, GEM 10C\",6378137,298.257223563,AUTHORITY[\"EPSG\",\"7030\"]],AUTHORITY[\"EPSG\",\"6326\"]],PRIMEM[\"Greenwich\",0],UNIT[\"degree\",0.0174532925199433],AUTHORITY[\"EPSG\",\"4326\"]]",
		"json_geometry" : {
			"type" : "Point",
			"coordinates" : [ 3.2129305655899385, 51.26987851315048 ]
		}
	},
	{
		"json_featuretype" : "ZBH2",
		"ID" : "ZBH2",
		"Parameter" : "19/09/2017",
		"Temperatuu" : "16,4",
		"Zuurstof_(" : "-",
		"Zuurstofpe" : "85,9",
		"pH_(6)" : "7,3",
		"Ammonium_(" : "0,22",
		"Nitraat_(1" : "",
		"Orthofosfa" : "0,33",
		"Chloride_(" : "9900",
		"BOD_(23)" : "2,3065",
		"COD_(24)" : "14,8091",
		"TOC_(25)" : "4,71",
		"Totaal_sti" : "",
		"Sulfaat_(1" : "",
		"Zware_meta" : "",
		"Lood" : "",
		"Zink" : "",
		"Chroom" : "",
		"Basis_Prat" : "1,490519105",
		"Totale_Pra" : "1,219844796",
		"csv_line_n" : "8",
		"Nummer" : "ZBH2",
		"Naam" : "Boudewijnkanaal Herdersbrug",
		"Ligging_me" : "",
		"Centrum" : "nee",
		"TPI04" : 2,
		"TPI05" : 1.6,
		"TPI06" : 1.9,
		"TPI07" : 1.7,
		"TPI08" : 1.7,
		"Aangemaakt op" : "07/11/2018",
		"json_ogc_wkt_crs" : "GEOGCS[\"WGS84 Lat/Longs\",DATUM[\"WGS_1984\",SPHEROID[\"World Geodetic System of 1984, GEM 10C\",6378137,298.257223563,AUTHORITY[\"EPSG\",\"7030\"]],AUTHORITY[\"EPSG\",\"6326\"]],PRIMEM[\"Greenwich\",0],UNIT[\"degree\",0.0174532925199433],AUTHORITY[\"EPSG\",\"4326\"]]",
		"json_geometry" : {
			"type" : "Point",
			"coordinates" : [ 3.2129305655899385, 51.26987851315048 ]
		}
	},
	{
		"json_featuretype" : "ZBH2",
		"ID" : "ZBH2",
		"Parameter" : "13/11/2017",
		"Temperatuu" : "11,9",
		"Zuurstof_(" : "-",
		"Zuurstofpe" : "86,2",
		"pH_(6)" : "7,7",
		"Ammonium_(" : "0,05",
		"Nitraat_(1" : "0,85",
		"Orthofosfa" : "0,13",
		"Chloride_(" : "13200",
		"BOD_(23)" : "2,047",
		"COD_(24)" : "10,9858",
		"TOC_(25)" : "2,98",
		"Totaal_sti" : "",
		"Sulfaat_(1" : "",
		"Zware_meta" : "",
		"Lood" : "",
		"Zink" : "",
		"Chroom" : "",
		"Basis_Prat" : "0,977549529",
		"Totale_Pra" : "0,958234139",
		"csv_line_n" : "9",
		"Nummer" : "ZBH2",
		"Naam" : "Boudewijnkanaal Herdersbrug",
		"Ligging_me" : "",
		"Centrum" : "nee",
		"TPI04" : 2,
		"TPI05" : 1.6,
		"TPI06" : 1.9,
		"TPI07" : 1.7,
		"TPI08" : 1.7,
		"Aangemaakt op" : "07/11/2018",
		"json_ogc_wkt_crs" : "GEOGCS[\"WGS84 Lat/Longs\",DATUM[\"WGS_1984\",SPHEROID[\"World Geodetic System of 1984, GEM 10C\",6378137,298.257223563,AUTHORITY[\"EPSG\",\"7030\"]],AUTHORITY[\"EPSG\",\"6326\"]],PRIMEM[\"Greenwich\",0],UNIT[\"degree\",0.0174532925199433],AUTHORITY[\"EPSG\",\"4326\"]]",
		"json_geometry" : {
			"type" : "Point",
			"coordinates" : [ 3.2129305655899385, 51.26987851315048 ]
		}
	}
]