[
	{
		"json_featuretype" : "ZBH3",
		"ID" : "ZBH3",
		"Parameter" : "viswater",
		"Temperatuu" : "",
		"Zuurstof_(" : "",
		"Zuurstofpe" : "50%>70%*",
		"pH_(6)" : "6,0-9,0",
		"Ammonium_(" : "1 (NH4)",
		"Nitraat_(1" : "",
		"Orthofosfa" : "1 (tot. Fosfaat)",
		"Chloride_(" : "",
		"BOD_(23)" : "6",
		"COD_(24)" : "",
		"TOC_(25)" : "",
		"Totaal_sti" : "",
		"Sulfaat_(1" : "",
		"Zware_meta" : "",
		"Lood" : "",
		"Zink" : "",
		"Chroom" : "",
		"Basis_Prat" : "",
		"Totale_Pra" : "",
		"csv_line_n" : "4",
		"Nummer" : "ZBH3",
		"Naam" : "Boudewijnkanaal Minne",
		"Ligging_me" : "",
		"Centrum" : "nee",
		"TPI04" : 2.3,
		"TPI05" : 2.1,
		"TPI06" : 2.5,
		"TPI07" : 1.9,
		"TPI08" : 1.7,
		"Aangemaakt op" : "07/11/2018",
		"json_ogc_wkt_crs" : "GEOGCS[\"WGS84 Lat/Longs\",DATUM[\"WGS_1984\",SPHEROID[\"World Geodetic System of 1984, GEM 10C\",6378137,298.257223563,AUTHORITY[\"EPSG\",\"7030\"]],AUTHORITY[\"EPSG\",\"6326\"]],PRIMEM[\"Greenwich\",0],UNIT[\"degree\",0.0174532925199433],AUTHORITY[\"EPSG\",\"4326\"]]",
		"json_geometry" : {
			"type" : "Point",
			"coordinates" : [ 3.2216837971564907, 51.23079609685969 ]
		}
	},
	{
		"json_featuretype" : "ZBH3",
		"ID" : "ZBH3",
		"Parameter" : "7/03/2017",
		"Temperatuu" : "6,6",
		"Zuurstof_(" : "-",
		"Zuurstofpe" : "115,4",
		"pH_(6)" : "7,8",
		"Ammonium_(" : "",
		"Nitraat_(1" : "0,39",
		"Orthofosfa" : "0,15",
		"Chloride_(" : "13000",
		"BOD_(23)" : "2,41",
		"COD_(24)" : "16,334",
		"TOC_(25)" : "5,4",
		"Totaal_sti" : "2,6",
		"Sulfaat_(1" : "",
		"Zware_meta" : "",
		"Lood" : "",
		"Zink" : "",
		"Chroom" : "",
		"Basis_Prat" : "1,4327",
		"Totale_Pra" : "1,211997928",
		"csv_line_n" : "5",
		"Nummer" : "ZBH3",
		"Naam" : "Boudewijnkanaal Minne",
		"Ligging_me" : "",
		"Centrum" : "nee",
		"TPI04" : 2.3,
		"TPI05" : 2.1,
		"TPI06" : 2.5,
		"TPI07" : 1.9,
		"TPI08" : 1.7,
		"Aangemaakt op" : "07/11/2018",
		"json_ogc_wkt_crs" : "GEOGCS[\"WGS84 Lat/Longs\",DATUM[\"WGS_1984\",SPHEROID[\"World Geodetic System of 1984, GEM 10C\",6378137,298.257223563,AUTHORITY[\"EPSG\",\"7030\"]],AUTHORITY[\"EPSG\",\"6326\"]],PRIMEM[\"Greenwich\",0],UNIT[\"degree\",0.0174532925199433],AUTHORITY[\"EPSG\",\"4326\"]]",
		"json_geometry" : {
			"type" : "Point",
			"coordinates" : [ 3.2216837971564907, 51.23079609685969 ]
		}
	},
	{
		"json_featuretype" : "ZBH3",
		"ID" : "ZBH3",
		"Parameter" : "25/04/2017",
		"Temperatuu" : "11,2",
		"Zuurstof_(" : "-",
		"Zuurstofpe" : "130,2",
		"pH_(6)" : "8,4",
		"Ammonium_(" : "0,03",
		"Nitraat_(1" : "0,92",
		"Orthofosfa" : "0,01",
		"Chloride_(" : "13300",
		"BOD_(23)" : "2,425",
		"COD_(24)" : "16,555",
		"TOC_(25)" : "5,5",
		"Totaal_sti" : "1,9",
		"Sulfaat_(1" : "",
		"Zware_meta" : "",
		"Lood" : "",
		"Zink" : "",
		"Chroom" : "",
		"Basis_Prat" : "1,533363394",
		"Totale_Pra" : "1,531366969",
		"csv_line_n" : "6",
		"Nummer" : "ZBH3",
		"Naam" : "Boudewijnkanaal Minne",
		"Ligging_me" : "",
		"Centrum" : "nee",
		"TPI04" : 2.3,
		"TPI05" : 2.1,
		"TPI06" : 2.5,
		"TPI07" : 1.9,
		"TPI08" : 1.7,
		"Aangemaakt op" : "07/11/2018",
		"json_ogc_wkt_crs" : "GEOGCS[\"WGS84 Lat/Longs\",DATUM[\"WGS_1984\",SPHEROID[\"World Geodetic System of 1984, GEM 10C\",6378137,298.257223563,AUTHORITY[\"EPSG\",\"7030\"]],AUTHORITY[\"EPSG\",\"6326\"]],PRIMEM[\"Greenwich\",0],UNIT[\"degree\",0.0174532925199433],AUTHORITY[\"EPSG\",\"4326\"]]",
		"json_geometry" : {
			"type" : "Point",
			"coordinates" : [ 3.2216837971564907, 51.23079609685969 ]
		}
	},
	{
		"json_featuretype" : "ZBH3",
		"ID" : "ZBH3",
		"Parameter" : "4/07/2017",
		"Temperatuu" : "19,7",
		"Zuurstof_(" : "-",
		"Zuurstofpe" : "130,2",
		"pH_(6)" : "8",
		"Ammonium_(" : "0,23",
		"Nitraat_(1" : "0,004",
		"Orthofosfa" : "0,2",
		"Chloride_(" : "15700",
		"BOD_(23)" : "2,29",
		"COD_(24)" : "14,566",
		"TOC_(25)" : "4,6",
		"Totaal_sti" : "0,71",
		"Sulfaat_(1" : "",
		"Zware_meta" : "",
		"Lood" : "",
		"Zink" : "",
		"Chroom" : "",
		"Basis_Prat" : "1,929443826",
		"Totale_Pra" : "1,306250463",
		"csv_line_n" : "7",
		"Nummer" : "ZBH3",
		"Naam" : "Boudewijnkanaal Minne",
		"Ligging_me" : "",
		"Centrum" : "nee",
		"TPI04" : 2.3,
		"TPI05" : 2.1,
		"TPI06" : 2.5,
		"TPI07" : 1.9,
		"TPI08" : 1.7,
		"Aangemaakt op" : "07/11/2018",
		"json_ogc_wkt_crs" : "GEOGCS[\"WGS84 Lat/Longs\",DATUM[\"WGS_1984\",SPHEROID[\"World Geodetic System of 1984, GEM 10C\",6378137,298.257223563,AUTHORITY[\"EPSG\",\"7030\"]],AUTHORITY[\"EPSG\",\"6326\"]],PRIMEM[\"Greenwich\",0],UNIT[\"degree\",0.0174532925199433],AUTHORITY[\"EPSG\",\"4326\"]]",
		"json_geometry" : {
			"type" : "Point",
			"coordinates" : [ 3.2216837971564907, 51.23079609685969 ]
		}
	},
	{
		"json_featuretype" : "ZBH3",
		"ID" : "ZBH3",
		"Parameter" : "19/09/2017",
		"Temperatuu" : "17,1",
		"Zuurstof_(" : "-",
		"Zuurstofpe" : "145,1",
		"pH_(6)" : "8",
		"Ammonium_(" : "0,21",
		"Nitraat_(1" : "1,14",
		"Orthofosfa" : "0,26",
		"Chloride_(" : "10310",
		"BOD_(23)" : "2,413",
		"COD_(24)" : "16,3782",
		"TOC_(25)" : "5,42",
		"Totaal_sti" : "2,3",
		"Sulfaat_(1" : "",
		"Zware_meta" : "",
		"Lood" : "",
		"Zink" : "",
		"Chroom" : "",
		"Basis_Prat" : "2,35149592",
		"Totale_Pra" : "1,803569665",
		"csv_line_n" : "8",
		"Nummer" : "ZBH3",
		"Naam" : "Boudewijnkanaal Minne",
		"Ligging_me" : "",
		"Centrum" : "nee",
		"TPI04" : 2.3,
		"TPI05" : 2.1,
		"TPI06" : 2.5,
		"TPI07" : 1.9,
		"TPI08" : 1.7,
		"Aangemaakt op" : "07/11/2018",
		"json_ogc_wkt_crs" : "GEOGCS[\"WGS84 Lat/Longs\",DATUM[\"WGS_1984\",SPHEROID[\"World Geodetic System of 1984, GEM 10C\",6378137,298.257223563,AUTHORITY[\"EPSG\",\"7030\"]],AUTHORITY[\"EPSG\",\"6326\"]],PRIMEM[\"Greenwich\",0],UNIT[\"degree\",0.0174532925199433],AUTHORITY[\"EPSG\",\"4326\"]]",
		"json_geometry" : {
			"type" : "Point",
			"coordinates" : [ 3.2216837971564907, 51.23079609685969 ]
		}
	},
	{
		"json_featuretype" : "ZBH3",
		"ID" : "ZBH3",
		"Parameter" : "14/11/2017",
		"Temperatuu" : "9,2",
		"Zuurstof_(" : "-",
		"Zuurstofpe" : "99,1",
		"pH_(6)" : "7,7",
		"Ammonium_(" : "0,13",
		"Nitraat_(1" : "1,25",
		"Orthofosfa" : "0,17",
		"Chloride_(" : "13000",
		"BOD_(23)" : "2,122",
		"COD_(24)" : "12,0908",
		"TOC_(25)" : "3,48",
		"Totaal_sti" : "2",
		"Sulfaat_(1" : "",
		"Zware_meta" : "",
		"Lood" : "",
		"Zink" : "",
		"Chroom" : "",
		"Basis_Prat" : "0,872245165",
		"Totale_Pra" : "9,043186012",
		"csv_line_n" : "9",
		"Nummer" : "ZBH3",
		"Naam" : "Boudewijnkanaal Minne",
		"Ligging_me" : "",
		"Centrum" : "nee",
		"TPI04" : 2.3,
		"TPI05" : 2.1,
		"TPI06" : 2.5,
		"TPI07" : 1.9,
		"TPI08" : 1.7,
		"Aangemaakt op" : "07/11/2018",
		"json_ogc_wkt_crs" : "GEOGCS[\"WGS84 Lat/Longs\",DATUM[\"WGS_1984\",SPHEROID[\"World Geodetic System of 1984, GEM 10C\",6378137,298.257223563,AUTHORITY[\"EPSG\",\"7030\"]],AUTHORITY[\"EPSG\",\"6326\"]],PRIMEM[\"Greenwich\",0],UNIT[\"degree\",0.0174532925199433],AUTHORITY[\"EPSG\",\"4326\"]]",
		"json_geometry" : {
			"type" : "Point",
			"coordinates" : [ 3.2216837971564907, 51.23079609685969 ]
		}
	}
]