[
	{
		"json_featuretype" : "ZBH4",
		"ID" : "ZBH4",
		"Parameter" : "7/03/2017",
		"Temperatuu" : "7,8",
		"Zuurstof_(" : "-",
		"Zuurstofpe" : "29,3",
		"pH_(6)" : "7,7",
		"Ammonium_(" : "",
		"Nitraat_(1" : "0,54",
		"Orthofosfa" : "0,47",
		"Chloride_(" : "1410",
		"BOD_(23)" : "3,565",
		"COD_(24)" : "33,351",
		"TOC_(25)" : "13,1",
		"Totaal_sti" : "7",
		"Sulfaat_(1" : "205",
		"Zware_meta" : "",
		"Lood" : "",
		"Zink" : "",
		"Chroom" : "",
		"Basis_Prat" : "4,8766916",
		"Totale_Pra" : "2,668451972",
		"csv_line_n" : "4",
		"Nummer" : "ZBH4",
		"Naam" : "Isabellavaart",
		"Ligging_me" : "Thv sportzaal",
		"Centrum" : "nee",
		"TPI04" : 9.9,
		"TPI05" : 8.2,
		"TPI06" : 7.6,
		"TPI07" : 6.6,
		"TPI08" : 5.8,
		"Aangemaakt op" : "07/11/2018",
		"json_ogc_wkt_crs" : "GEOGCS[\"WGS84 Lat/Longs\",DATUM[\"WGS_1984\",SPHEROID[\"World Geodetic System of 1984, GEM 10C\",6378137,298.257223563,AUTHORITY[\"EPSG\",\"7030\"]],AUTHORITY[\"EPSG\",\"6326\"]],PRIMEM[\"Greenwich\",0],UNIT[\"degree\",0.0174532925199433],AUTHORITY[\"EPSG\",\"4326\"]]",
		"json_geometry" : {
			"type" : "Point",
			"coordinates" : [ 3.213484221551973, 51.33049441594857 ]
		}
	},
	{
		"json_featuretype" : "ZBH4",
		"ID" : "ZBH4",
		"Parameter" : "25/04/2017",
		"Temperatuu" : "10,2",
		"Zuurstof_(" : "-",
		"Zuurstofpe" : "26",
		"pH_(6)" : "7,6",
		"Ammonium_(" : "2",
		"Nitraat_(1" : "0,1",
		"Orthofosfa" : "1,11",
		"Chloride_(" : "2740",
		"BOD_(23)" : "4,45",
		"COD_(24)" : "46,39",
		"TOC_(25)" : "19",
		"Totaal_sti" : "12",
		"Sulfaat_(1" : "369",
		"Zware_meta" : "",
		"Lood" : "",
		"Zink" : "",
		"Chroom" : "",
		"Basis_Prat" : "6,363167328",
		"Totale_Pra" : "3,777477677",
		"csv_line_n" : "5",
		"Nummer" : "ZBH4",
		"Naam" : "Isabellavaart",
		"Ligging_me" : "Thv sportzaal",
		"Centrum" : "nee",
		"TPI04" : 9.9,
		"TPI05" : 8.2,
		"TPI06" : 7.6,
		"TPI07" : 6.6,
		"TPI08" : 5.8,
		"Aangemaakt op" : "07/11/2018",
		"json_ogc_wkt_crs" : "GEOGCS[\"WGS84 Lat/Longs\",DATUM[\"WGS_1984\",SPHEROID[\"World Geodetic System of 1984, GEM 10C\",6378137,298.257223563,AUTHORITY[\"EPSG\",\"7030\"]],AUTHORITY[\"EPSG\",\"6326\"]],PRIMEM[\"Greenwich\",0],UNIT[\"degree\",0.0174532925199433],AUTHORITY[\"EPSG\",\"4326\"]]",
		"json_geometry" : {
			"type" : "Point",
			"coordinates" : [ 3.213484221551973, 51.33049441594857 ]
		}
	},
	{
		"json_featuretype" : "ZBH4",
		"ID" : "ZBH4",
		"Parameter" : "4/07/2017",
		"Temperatuu" : "16,8",
		"Zuurstof_(" : "-",
		"Zuurstofpe" : "16,5",
		"pH_(6)" : "7,6",
		"Ammonium_(" : "8,5",
		"Nitraat_(1" : "0,004",
		"Orthofosfa" : "1,02",
		"Chloride_(" : "2580",
		"BOD_(23)" : "3,235",
		"COD_(24)" : "28,489",
		"TOC_(25)" : "10,9",
		"Totaal_sti" : "9,3",
		"Sulfaat_(1" : "349",
		"Zware_meta" : "",
		"Lood" : "",
		"Zink" : "",
		"Chroom" : "",
		"Basis_Prat" : "10,07678197",
		"Totale_Pra" : "5,463252869",
		"csv_line_n" : "6",
		"Nummer" : "ZBH4",
		"Naam" : "Isabellavaart",
		"Ligging_me" : "Thv sportzaal",
		"Centrum" : "nee",
		"TPI04" : 9.9,
		"TPI05" : 8.2,
		"TPI06" : 7.6,
		"TPI07" : 6.6,
		"TPI08" : 5.8,
		"Aangemaakt op" : "07/11/2018",
		"json_ogc_wkt_crs" : "GEOGCS[\"WGS84 Lat/Longs\",DATUM[\"WGS_1984\",SPHEROID[\"World Geodetic System of 1984, GEM 10C\",6378137,298.257223563,AUTHORITY[\"EPSG\",\"7030\"]],AUTHORITY[\"EPSG\",\"6326\"]],PRIMEM[\"Greenwich\",0],UNIT[\"degree\",0.0174532925199433],AUTHORITY[\"EPSG\",\"4326\"]]",
		"json_geometry" : {
			"type" : "Point",
			"coordinates" : [ 3.213484221551973, 51.33049441594857 ]
		}
	},
	{
		"json_featuretype" : "ZBH4",
		"ID" : "ZBH4",
		"Parameter" : "19/09/2017",
		"Temperatuu" : "14,6",
		"Zuurstof_(" : "-",
		"Zuurstofpe" : "28,5",
		"pH_(6)" : "7,6",
		"Ammonium_(" : "2,4",
		"Nitraat_(1" : "1,18",
		"Orthofosfa" : "0,26",
		"Chloride_(" : "270",
		"BOD_(23)" : "2,6065",
		"COD_(24)" : "19,2291",
		"TOC_(25)" : "6,71",
		"Totaal_sti" : "5,1",
		"Sulfaat_(1" : "60",
		"Zware_meta" : "",
		"Lood" : "",
		"Zink" : "",
		"Chroom" : "",
		"Basis_Prat" : "5,633091806",
		"Totale_Pra" : "3,36345568",
		"csv_line_n" : "7",
		"Nummer" : "ZBH4",
		"Naam" : "Isabellavaart",
		"Ligging_me" : "Thv sportzaal",
		"Centrum" : "nee",
		"TPI04" : 9.9,
		"TPI05" : 8.2,
		"TPI06" : 7.6,
		"TPI07" : 6.6,
		"TPI08" : 5.8,
		"Aangemaakt op" : "07/11/2018",
		"json_ogc_wkt_crs" : "GEOGCS[\"WGS84 Lat/Longs\",DATUM[\"WGS_1984\",SPHEROID[\"World Geodetic System of 1984, GEM 10C\",6378137,298.257223563,AUTHORITY[\"EPSG\",\"7030\"]],AUTHORITY[\"EPSG\",\"6326\"]],PRIMEM[\"Greenwich\",0],UNIT[\"degree\",0.0174532925199433],AUTHORITY[\"EPSG\",\"4326\"]]",
		"json_geometry" : {
			"type" : "Point",
			"coordinates" : [ 3.213484221551973, 51.33049441594857 ]
		}
	},
	{
		"json_featuretype" : "ZBH4",
		"ID" : "ZBH4",
		"Parameter" : "14/11/2017",
		"Temperatuu" : "8",
		"Zuurstof_(" : "-",
		"Zuurstofpe" : "56",
		"pH_(6)" : "7,9",
		"Ammonium_(" : "5,6",
		"Nitraat_(1" : "0,36",
		"Orthofosfa" : "",
		"Chloride_(" : "1480",
		"BOD_(23)" : "3,58",
		"COD_(24)" : "33,572",
		"TOC_(25)" : "13,2",
		"Totaal_sti" : "7,7",
		"Sulfaat_(1" : "208",
		"Zware_meta" : "",
		"Lood" : "",
		"Zink" : "",
		"Chroom" : "",
		"Basis_Prat" : "7,09727619",
		"Totale_Pra" : "4,174568233",
		"csv_line_n" : "8",
		"Nummer" : "ZBH4",
		"Naam" : "Isabellavaart",
		"Ligging_me" : "Thv sportzaal",
		"Centrum" : "nee",
		"TPI04" : 9.9,
		"TPI05" : 8.2,
		"TPI06" : 7.6,
		"TPI07" : 6.6,
		"TPI08" : 5.8,
		"Aangemaakt op" : "07/11/2018",
		"json_ogc_wkt_crs" : "GEOGCS[\"WGS84 Lat/Longs\",DATUM[\"WGS_1984\",SPHEROID[\"World Geodetic System of 1984, GEM 10C\",6378137,298.257223563,AUTHORITY[\"EPSG\",\"7030\"]],AUTHORITY[\"EPSG\",\"6326\"]],PRIMEM[\"Greenwich\",0],UNIT[\"degree\",0.0174532925199433],AUTHORITY[\"EPSG\",\"4326\"]]",
		"json_geometry" : {
			"type" : "Point",
			"coordinates" : [ 3.213484221551973, 51.33049441594857 ]
		}
	}
]