[
	{
		"json_featuretype" : "ZBH5",
		"ID" : "ZBH5",
		"Parameter" : "7/03/2017",
		"Temperatuu" : "7,4",
		"Zuurstof_(" : "-",
		"Zuurstofpe" : "78,2",
		"pH_(6)" : "7,9",
		"Ammonium_(" : "0,54",
		"Nitraat_(1" : "6,44",
		"Orthofosfa" : "0,25",
		"Chloride_(" : "154",
		"BOD_(23)" : "2,575",
		"COD_(24)" : "18,765",
		"TOC_(25)" : "6,5",
		"Totaal_sti" : "8,2",
		"Sulfaat_(1" : "93",
		"Zware_meta" : "",
		"Lood" : "",
		"Zink" : "",
		"Chroom" : "",
		"Basis_Prat" : "2,302137297",
		"Totale_Pra" : "2,148987012",
		"csv_line_n" : "4",
		"Nummer" : "ZBH5",
		"Naam" : "Schipdonkkanaal",
		"Ligging_me" : "",
		"Centrum" : "nee",
		"TPI04" : 3.3,
		"TPI05" : 3.5,
		"TPI06" : 2.89,
		"TPI07" : 2.9,
		"TPI08" : 3.3,
		"Aangemaakt op" : "07/11/2018",
		"json_ogc_wkt_crs" : "GEOGCS[\"WGS84 Lat/Longs\",DATUM[\"WGS_1984\",SPHEROID[\"World Geodetic System of 1984, GEM 10C\",6378137,298.257223563,AUTHORITY[\"EPSG\",\"7030\"]],AUTHORITY[\"EPSG\",\"6326\"]],PRIMEM[\"Greenwich\",0],UNIT[\"degree\",0.0174532925199433],AUTHORITY[\"EPSG\",\"4326\"]]",
		"json_geometry" : {
			"type" : "Point",
			"coordinates" : [ 3.2220113771353938, 51.33190396768948 ]
		}
	},
	{
		"json_featuretype" : "ZBH5",
		"ID" : "ZBH5",
		"Parameter" : "25/04/2017",
		"Temperatuu" : "11,7",
		"Zuurstof_(" : "-",
		"Zuurstofpe" : "97,8",
		"pH_(6)" : "8,1",
		"Ammonium_(" : "0,08",
		"Nitraat_(1" : "3,99",
		"Orthofosfa" : "0,17",
		"Chloride_(" : "95",
		"BOD_(23)" : "3,355",
		"COD_(24)" : "30,257",
		"TOC_(25)" : "11,7",
		"Totaal_sti" : "5,6",
		"Sulfaat_(1" : "78",
		"Zware_meta" : "",
		"Lood" : "",
		"Zink" : "",
		"Chroom" : "",
		"Basis_Prat" : "1,394784768",
		"Totale_Pra" : "1,698019538",
		"csv_line_n" : "5",
		"Nummer" : "ZBH5",
		"Naam" : "Schipdonkkanaal",
		"Ligging_me" : "",
		"Centrum" : "nee",
		"TPI04" : 3.3,
		"TPI05" : 3.5,
		"TPI06" : 2.89,
		"TPI07" : 2.9,
		"TPI08" : 3.3,
		"Aangemaakt op" : "07/11/2018",
		"json_ogc_wkt_crs" : "GEOGCS[\"WGS84 Lat/Longs\",DATUM[\"WGS_1984\",SPHEROID[\"World Geodetic System of 1984, GEM 10C\",6378137,298.257223563,AUTHORITY[\"EPSG\",\"7030\"]],AUTHORITY[\"EPSG\",\"6326\"]],PRIMEM[\"Greenwich\",0],UNIT[\"degree\",0.0174532925199433],AUTHORITY[\"EPSG\",\"4326\"]]",
		"json_geometry" : {
			"type" : "Point",
			"coordinates" : [ 3.2220113771353938, 51.33190396768948 ]
		}
	},
	{
		"json_featuretype" : "ZBH5",
		"ID" : "ZBH5",
		"Parameter" : "4/07/2017",
		"Temperatuu" : "19,9",
		"Zuurstof_(" : "-",
		"Zuurstofpe" : "98,9",
		"pH_(6)" : "8,3",
		"Ammonium_(" : "0,1",
		"Nitraat_(1" : "0,13",
		"Orthofosfa" : "0,47",
		"Chloride_(" : "191",
		"BOD_(23)" : "2,5645",
		"COD_(24)" : "18,6103",
		"TOC_(25)" : "6,43",
		"Totaal_sti" : "0,9",
		"Sulfaat_(1" : "96",
		"Zware_meta" : "",
		"Lood" : "",
		"Zink" : "",
		"Chroom" : "",
		"Basis_Prat" : "1,026851259",
		"Totale_Pra" : "1,128963988",
		"csv_line_n" : "6",
		"Nummer" : "ZBH5",
		"Naam" : "Schipdonkkanaal",
		"Ligging_me" : "",
		"Centrum" : "nee",
		"TPI04" : 3.3,
		"TPI05" : 3.5,
		"TPI06" : 2.89,
		"TPI07" : 2.9,
		"TPI08" : 3.3,
		"Aangemaakt op" : "07/11/2018",
		"json_ogc_wkt_crs" : "GEOGCS[\"WGS84 Lat/Longs\",DATUM[\"WGS_1984\",SPHEROID[\"World Geodetic System of 1984, GEM 10C\",6378137,298.257223563,AUTHORITY[\"EPSG\",\"7030\"]],AUTHORITY[\"EPSG\",\"6326\"]],PRIMEM[\"Greenwich\",0],UNIT[\"degree\",0.0174532925199433],AUTHORITY[\"EPSG\",\"4326\"]]",
		"json_geometry" : {
			"type" : "Point",
			"coordinates" : [ 3.2220113771353938, 51.33190396768948 ]
		}
	},
	{
		"json_featuretype" : "ZBH5",
		"ID" : "ZBH5",
		"Parameter" : "19/09/2017",
		"Temperatuu" : "14,8",
		"Zuurstof_(" : "-",
		"Zuurstofpe" : "75,5",
		"pH_(6)" : "8",
		"Ammonium_(" : "0,16",
		"Nitraat_(1" : "1,2",
		"Orthofosfa" : "0,6",
		"Chloride_(" : "139",
		"BOD_(23)" : "2,6665",
		"COD_(24)" : "20,1131",
		"TOC_(25)" : "7,11",
		"Totaal_sti" : "2,2",
		"Sulfaat_(1" : "74",
		"Zware_meta" : "",
		"Lood" : "",
		"Zink" : "",
		"Chroom" : "",
		"Basis_Prat" : "1,831437695",
		"Totale_Pra" : "1,5780694",
		"csv_line_n" : "7",
		"Nummer" : "ZBH5",
		"Naam" : "Schipdonkkanaal",
		"Ligging_me" : "",
		"Centrum" : "nee",
		"TPI04" : 3.3,
		"TPI05" : 3.5,
		"TPI06" : 2.89,
		"TPI07" : 2.9,
		"TPI08" : 3.3,
		"Aangemaakt op" : "07/11/2018",
		"json_ogc_wkt_crs" : "GEOGCS[\"WGS84 Lat/Longs\",DATUM[\"WGS_1984\",SPHEROID[\"World Geodetic System of 1984, GEM 10C\",6378137,298.257223563,AUTHORITY[\"EPSG\",\"7030\"]],AUTHORITY[\"EPSG\",\"6326\"]],PRIMEM[\"Greenwich\",0],UNIT[\"degree\",0.0174532925199433],AUTHORITY[\"EPSG\",\"4326\"]]",
		"json_geometry" : {
			"type" : "Point",
			"coordinates" : [ 3.2220113771353938, 51.33190396768948 ]
		}
	},
	{
		"json_featuretype" : "ZBH5",
		"ID" : "ZBH5",
		"Parameter" : "14/11/2017",
		"Temperatuu" : "7,5",
		"Zuurstof_(" : "-",
		"Zuurstofpe" : "98,4",
		"pH_(6)" : "8,2",
		"Ammonium_(" : "0,75",
		"Nitraat_(1" : "0,89",
		"Orthofosfa" : "",
		"Chloride_(" : "154",
		"BOD_(23)" : "2,965",
		"COD_(24)" : "24,511",
		"TOC_(25)" : "9,1",
		"Totaal_sti" : "3",
		"Sulfaat_(1" : "70",
		"Zware_meta" : "",
		"Lood" : "",
		"Zink" : "",
		"Chroom" : "",
		"Basis_Prat" : "2,207805173",
		"Totale_Pra" : "1,838425046",
		"csv_line_n" : "8",
		"Nummer" : "ZBH5",
		"Naam" : "Schipdonkkanaal",
		"Ligging_me" : "",
		"Centrum" : "nee",
		"TPI04" : 3.3,
		"TPI05" : 3.5,
		"TPI06" : 2.89,
		"TPI07" : 2.9,
		"TPI08" : 3.3,
		"Aangemaakt op" : "07/11/2018",
		"json_ogc_wkt_crs" : "GEOGCS[\"WGS84 Lat/Longs\",DATUM[\"WGS_1984\",SPHEROID[\"World Geodetic System of 1984, GEM 10C\",6378137,298.257223563,AUTHORITY[\"EPSG\",\"7030\"]],AUTHORITY[\"EPSG\",\"6326\"]],PRIMEM[\"Greenwich\",0],UNIT[\"degree\",0.0174532925199433],AUTHORITY[\"EPSG\",\"4326\"]]",
		"json_geometry" : {
			"type" : "Point",
			"coordinates" : [ 3.2220113771353938, 51.33190396768948 ]
		}
	}
]