[
	{
		"json_featuretype" : "ZBH7",
		"ID" : "ZBH7",
		"Parameter" : "7/03/2017",
		"Temperatuu" : "6,3",
		"Zuurstof_(" : "-",
		"Zuurstofpe" : "116,5",
		"pH_(6)" : "7,7",
		"Ammonium_(" : "",
		"Nitraat_(1" : "0,21",
		"Orthofosfa" : "0,06",
		"Chloride_(" : "17200",
		"BOD_(23)" : "2",
		"COD_(24)" : "10,1902",
		"TOC_(25)" : "2,62",
		"Totaal_sti" : "1,5",
		"Sulfaat_(1" : "2350",
		"Zware_meta" : "",
		"Lood" : "",
		"Zink" : "",
		"Chroom" : "",
		"Basis_Prat" : "1,16951",
		"Totale_Pra" : "0,91197602",
		"csv_line_n" : "4",
		"Nummer" : "ZBH7",
		"Naam" : "Achterhaven",
		"Ligging_me" : "",
		"Centrum" : "nee",
		"TPI04" : 1.5,
		"TPI05" : 2.3,
		"TPI06" : 1.4,
		"TPI07" : 1.5,
		"TPI08" : 1.4,
		"Aangemaakt op" : "07/11/2018",
		"json_ogc_wkt_crs" : "GEOGCS[\"WGS84 Lat/Longs\",DATUM[\"WGS_1984\",SPHEROID[\"World Geodetic System of 1984, GEM 10C\",6378137,298.257223563,AUTHORITY[\"EPSG\",\"7030\"]],AUTHORITY[\"EPSG\",\"6326\"]],PRIMEM[\"Greenwich\",0],UNIT[\"degree\",0.0174532925199433],AUTHORITY[\"EPSG\",\"4326\"]]",
		"json_geometry" : {
			"type" : "Point",
			"coordinates" : [ 3.219798019522893, 51.330944984953355 ]
		}
	},
	{
		"json_featuretype" : "ZBH7",
		"ID" : "ZBH7",
		"Parameter" : "25/04/2017",
		"Temperatuu" : "11,4",
		"Zuurstof_(" : "-",
		"Zuurstofpe" : "96,4",
		"pH_(6)" : "8",
		"Ammonium_(" : "0,03",
		"Nitraat_(1" : "0,56",
		"Orthofosfa" : "0,01",
		"Chloride_(" : "18800",
		"BOD_(23)" : "2,056",
		"COD_(24)" : "11,1184",
		"TOC_(25)" : "3,04",
		"Totaal_sti" : "1,06",
		"Sulfaat_(1" : "2570",
		"Zware_meta" : "",
		"Lood" : "",
		"Zink" : "",
		"Chroom" : "",
		"Basis_Prat" : "0,642810061",
		"Totale_Pra" : "0,839683831",
		"csv_line_n" : "5",
		"Nummer" : "ZBH7",
		"Naam" : "Achterhaven",
		"Ligging_me" : "",
		"Centrum" : "nee",
		"TPI04" : 1.5,
		"TPI05" : 2.3,
		"TPI06" : 1.4,
		"TPI07" : 1.5,
		"TPI08" : 1.4,
		"Aangemaakt op" : "07/11/2018",
		"json_ogc_wkt_crs" : "GEOGCS[\"WGS84 Lat/Longs\",DATUM[\"WGS_1984\",SPHEROID[\"World Geodetic System of 1984, GEM 10C\",6378137,298.257223563,AUTHORITY[\"EPSG\",\"7030\"]],AUTHORITY[\"EPSG\",\"6326\"]],PRIMEM[\"Greenwich\",0],UNIT[\"degree\",0.0174532925199433],AUTHORITY[\"EPSG\",\"4326\"]]",
		"json_geometry" : {
			"type" : "Point",
			"coordinates" : [ 3.219798019522893, 51.330944984953355 ]
		}
	},
	{
		"json_featuretype" : "ZBH7",
		"ID" : "ZBH7",
		"Parameter" : "4/07/2017",
		"Temperatuu" : "19,8",
		"Zuurstof_(" : "-",
		"Zuurstofpe" : "85,7",
		"pH_(6)" : "7,9",
		"Ammonium_(" : "1,92",
		"Nitraat_(1" : "0,11",
		"Orthofosfa" : "0,11",
		"Chloride_(" : "17200",
		"BOD_(23)" : "2,2225",
		"COD_(24)" : "13,5715",
		"TOC_(25)" : "4,15",
		"Totaal_sti" : "2,9",
		"Sulfaat_(1" : "2340",
		"Zware_meta" : "",
		"Lood" : "",
		"Zink" : "",
		"Chroom" : "",
		"Basis_Prat" : "3,276010836",
		"Totale_Pra" : "2,063973602",
		"csv_line_n" : "6",
		"Nummer" : "ZBH7",
		"Naam" : "Achterhaven",
		"Ligging_me" : "",
		"Centrum" : "nee",
		"TPI04" : 1.5,
		"TPI05" : 2.3,
		"TPI06" : 1.4,
		"TPI07" : 1.5,
		"TPI08" : 1.4,
		"Aangemaakt op" : "07/11/2018",
		"json_ogc_wkt_crs" : "GEOGCS[\"WGS84 Lat/Longs\",DATUM[\"WGS_1984\",SPHEROID[\"World Geodetic System of 1984, GEM 10C\",6378137,298.257223563,AUTHORITY[\"EPSG\",\"7030\"]],AUTHORITY[\"EPSG\",\"6326\"]],PRIMEM[\"Greenwich\",0],UNIT[\"degree\",0.0174532925199433],AUTHORITY[\"EPSG\",\"4326\"]]",
		"json_geometry" : {
			"type" : "Point",
			"coordinates" : [ 3.219798019522893, 51.330944984953355 ]
		}
	},
	{
		"json_featuretype" : "ZBH7",
		"ID" : "ZBH7",
		"Parameter" : "19/09/2017",
		"Temperatuu" : "17,5",
		"Zuurstof_(" : "-",
		"Zuurstofpe" : "71,2",
		"pH_(6)" : "7,5",
		"Ammonium_(" : "0,16",
		"Nitraat_(1" : "",
		"Orthofosfa" : "0,11",
		"Chloride_(" : "16700",
		"BOD_(23)" : "2,05",
		"COD_(24)" : "11,03",
		"TOC_(25)" : "3",
		"Totaal_sti" : "1,03",
		"Sulfaat_(1" : "2280",
		"Zware_meta" : "",
		"Lood" : "",
		"Zink" : "",
		"Chroom" : "",
		"Basis_Prat" : "1,643334362",
		"Totale_Pra" : "1,30933395",
		"csv_line_n" : "7",
		"Nummer" : "ZBH7",
		"Naam" : "Achterhaven",
		"Ligging_me" : "",
		"Centrum" : "nee",
		"TPI04" : 1.5,
		"TPI05" : 2.3,
		"TPI06" : 1.4,
		"TPI07" : 1.5,
		"TPI08" : 1.4,
		"Aangemaakt op" : "07/11/2018",
		"json_ogc_wkt_crs" : "GEOGCS[\"WGS84 Lat/Longs\",DATUM[\"WGS_1984\",SPHEROID[\"World Geodetic System of 1984, GEM 10C\",6378137,298.257223563,AUTHORITY[\"EPSG\",\"7030\"]],AUTHORITY[\"EPSG\",\"6326\"]],PRIMEM[\"Greenwich\",0],UNIT[\"degree\",0.0174532925199433],AUTHORITY[\"EPSG\",\"4326\"]]",
		"json_geometry" : {
			"type" : "Point",
			"coordinates" : [ 3.219798019522893, 51.330944984953355 ]
		}
	},
	{
		"json_featuretype" : "ZBH7",
		"ID" : "ZBH7",
		"Parameter" : "14/11/2017",
		"Temperatuu" : "11",
		"Zuurstof_(" : "-",
		"Zuurstofpe" : "101,3",
		"pH_(6)" : "7,9",
		"Ammonium_(" : "0,11",
		"Nitraat_(1" : "0,61",
		"Orthofosfa" : "0,09",
		"Chloride_(" : "15300",
		"BOD_(23)" : "2",
		"COD_(24)" : "9,5051",
		"TOC_(25)" : "2,31",
		"Totaal_sti" : "1,07",
		"Sulfaat_(1" : "2100",
		"Zware_meta" : "",
		"Lood" : "",
		"Zink" : "",
		"Chroom" : "",
		"Basis_Prat" : "0,752101865",
		"Totale_Pra" : "0,863283068",
		"csv_line_n" : "8",
		"Nummer" : "ZBH7",
		"Naam" : "Achterhaven",
		"Ligging_me" : "",
		"Centrum" : "nee",
		"TPI04" : 1.5,
		"TPI05" : 2.3,
		"TPI06" : 1.4,
		"TPI07" : 1.5,
		"TPI08" : 1.4,
		"Aangemaakt op" : "07/11/2018",
		"json_ogc_wkt_crs" : "GEOGCS[\"WGS84 Lat/Longs\",DATUM[\"WGS_1984\",SPHEROID[\"World Geodetic System of 1984, GEM 10C\",6378137,298.257223563,AUTHORITY[\"EPSG\",\"7030\"]],AUTHORITY[\"EPSG\",\"6326\"]],PRIMEM[\"Greenwich\",0],UNIT[\"degree\",0.0174532925199433],AUTHORITY[\"EPSG\",\"4326\"]]",
		"json_geometry" : {
			"type" : "Point",
			"coordinates" : [ 3.219798019522893, 51.330944984953355 ]
		}
	}
]