[
	{
		"json_featuretype" : "ZP01",
		"ID" : "ZP01",
		"Parameter" : "6/03/2017",
		"Temperatuu" : "8,6",
		"Zuurstof_(" : "-",
		"Zuurstofpe" : "98",
		"pH_(6)" : "7,9",
		"Ammonium_(" : "",
		"Nitraat_(1" : "3,73",
		"Orthofosfa" : "0,41",
		"Chloride_(" : "1120",
		"BOD_(23)" : "3,22",
		"COD_(24)" : "28,268",
		"TOC_(25)" : "10,8",
		"Totaal_sti" : "5,4",
		"Sulfaat_(1" : "203",
		"Zware_meta" : "",
		"Lood" : "",
		"Zink" : "",
		"Chroom" : "",
		"Basis_Prat" : "1,4934",
		"Totale_Pra" : "1,678785108",
		"csv_line_n" : "4",
		"Nummer" : "ZP01",
		"Naam" : "Zijdelings Vaartje Oost 1",
		"Ligging_me" : "",
		"Centrum" : "nee",
		"TPI04" : 4,
		"TPI05" : 4.3,
		"TPI06" : 3.1,
		"TPI07" : 3.8,
		"TPI08" : 3.7,
		"Aangemaakt op" : "07/11/2018",
		"json_ogc_wkt_crs" : "GEOGCS[\"WGS84 Lat/Longs\",DATUM[\"WGS_1984\",SPHEROID[\"World Geodetic System of 1984, GEM 10C\",6378137,298.257223563,AUTHORITY[\"EPSG\",\"7030\"]],AUTHORITY[\"EPSG\",\"6326\"]],PRIMEM[\"Greenwich\",0],UNIT[\"degree\",0.0174532925199433],AUTHORITY[\"EPSG\",\"4326\"]]",
		"json_geometry" : {
			"type" : "Point",
			"coordinates" : [ 3.2140994470724777, 51.27047511890816 ]
		}
	},
	{
		"json_featuretype" : "ZP01",
		"ID" : "ZP01",
		"Parameter" : "24/04/2017",
		"Temperatuu" : "14,1",
		"Zuurstof_(" : "-",
		"Zuurstofpe" : "142,5",
		"pH_(6)" : "8,6",
		"Ammonium_(" : "0,03",
		"Nitraat_(1" : "3,79",
		"Orthofosfa" : "0,09",
		"Chloride_(" : "220",
		"BOD_(23)" : "2,53",
		"COD_(24)" : "18,102",
		"TOC_(25)" : "6,2",
		"Totaal_sti" : "5,1",
		"Sulfaat_(1" : "120",
		"Zware_meta" : "",
		"Lood" : "",
		"Zink" : "",
		"Chroom" : "",
		"Basis_Prat" : "1,912930061",
		"Totale_Pra" : "2,076793478",
		"csv_line_n" : "5",
		"Nummer" : "ZP01",
		"Naam" : "Zijdelings Vaartje Oost 1",
		"Ligging_me" : "",
		"Centrum" : "nee",
		"TPI04" : 4,
		"TPI05" : 4.3,
		"TPI06" : 3.1,
		"TPI07" : 3.8,
		"TPI08" : 3.7,
		"Aangemaakt op" : "07/11/2018",
		"json_ogc_wkt_crs" : "GEOGCS[\"WGS84 Lat/Longs\",DATUM[\"WGS_1984\",SPHEROID[\"World Geodetic System of 1984, GEM 10C\",6378137,298.257223563,AUTHORITY[\"EPSG\",\"7030\"]],AUTHORITY[\"EPSG\",\"6326\"]],PRIMEM[\"Greenwich\",0],UNIT[\"degree\",0.0174532925199433],AUTHORITY[\"EPSG\",\"4326\"]]",
		"json_geometry" : {
			"type" : "Point",
			"coordinates" : [ 3.2140994470724777, 51.27047511890816 ]
		}
	},
	{
		"json_featuretype" : "ZP01",
		"ID" : "ZP01",
		"Parameter" : "3/07/2017",
		"Temperatuu" : "21,4",
		"Zuurstof_(" : "-",
		"Zuurstofpe" : "72,8",
		"pH_(6)" : "8,1",
		"Ammonium_(" : "0,46",
		"Nitraat_(1" : "1,12",
		"Orthofosfa" : "0,14",
		"Chloride_(" : "1120",
		"BOD_(23)" : "2,1805",
		"COD_(24)" : "12,9527",
		"TOC_(25)" : "3,87",
		"Totaal_sti" : "1,8",
		"Sulfaat_(1" : "261",
		"Zware_meta" : "",
		"Lood" : "",
		"Zink" : "",
		"Chroom" : "",
		"Basis_Prat" : "2,146812407",
		"Totale_Pra" : "1,708246642",
		"csv_line_n" : "6",
		"Nummer" : "ZP01",
		"Naam" : "Zijdelings Vaartje Oost 1",
		"Ligging_me" : "",
		"Centrum" : "nee",
		"TPI04" : 4,
		"TPI05" : 4.3,
		"TPI06" : 3.1,
		"TPI07" : 3.8,
		"TPI08" : 3.7,
		"Aangemaakt op" : "07/11/2018",
		"json_ogc_wkt_crs" : "GEOGCS[\"WGS84 Lat/Longs\",DATUM[\"WGS_1984\",SPHEROID[\"World Geodetic System of 1984, GEM 10C\",6378137,298.257223563,AUTHORITY[\"EPSG\",\"7030\"]],AUTHORITY[\"EPSG\",\"6326\"]],PRIMEM[\"Greenwich\",0],UNIT[\"degree\",0.0174532925199433],AUTHORITY[\"EPSG\",\"4326\"]]",
		"json_geometry" : {
			"type" : "Point",
			"coordinates" : [ 3.2140994470724777, 51.27047511890816 ]
		}
	},
	{
		"json_featuretype" : "ZP01",
		"ID" : "ZP01",
		"Parameter" : "19/09/2017",
		"Temperatuu" : "13,5",
		"Zuurstof_(" : "-",
		"Zuurstofpe" : "47,1",
		"pH_(6)" : "7,5",
		"Ammonium_(" : "0,2",
		"Nitraat_(1" : "1,07",
		"Orthofosfa" : "0,53",
		"Chloride_(" : "351",
		"BOD_(23)" : "2,71",
		"COD_(24)" : "20,754",
		"TOC_(25)" : "7,4",
		"Totaal_sti" : "2",
		"Sulfaat_(1" : "85",
		"Zware_meta" : "",
		"Lood" : "",
		"Zink" : "",
		"Chroom" : "",
		"Basis_Prat" : "2,702334246",
		"Totale_Pra" : "1,879408353",
		"csv_line_n" : "7",
		"Nummer" : "ZP01",
		"Naam" : "Zijdelings Vaartje Oost 1",
		"Ligging_me" : "",
		"Centrum" : "nee",
		"TPI04" : 4,
		"TPI05" : 4.3,
		"TPI06" : 3.1,
		"TPI07" : 3.8,
		"TPI08" : 3.7,
		"Aangemaakt op" : "07/11/2018",
		"json_ogc_wkt_crs" : "GEOGCS[\"WGS84 Lat/Longs\",DATUM[\"WGS_1984\",SPHEROID[\"World Geodetic System of 1984, GEM 10C\",6378137,298.257223563,AUTHORITY[\"EPSG\",\"7030\"]],AUTHORITY[\"EPSG\",\"6326\"]],PRIMEM[\"Greenwich\",0],UNIT[\"degree\",0.0174532925199433],AUTHORITY[\"EPSG\",\"4326\"]]",
		"json_geometry" : {
			"type" : "Point",
			"coordinates" : [ 3.2140994470724777, 51.27047511890816 ]
		}
	},
	{
		"json_featuretype" : "ZP01",
		"ID" : "ZP01",
		"Parameter" : "13/11/2017",
		"Temperatuu" : "8,1",
		"Zuurstof_(" : "-",
		"Zuurstofpe" : "96,6",
		"pH_(6)" : "8,1",
		"Ammonium_(" : "0,17",
		"Nitraat_(1" : "1,97",
		"Orthofosfa" : "",
		"Chloride_(" : "477",
		"BOD_(23)" : "2,5195",
		"COD_(24)" : "17,9473",
		"TOC_(25)" : "6,13",
		"Totaal_sti" : "2,9",
		"Sulfaat_(1" : "146",
		"Zware_meta" : "",
		"Lood" : "",
		"Zink" : "",
		"Chroom" : "",
		"Basis_Prat" : "1,216411512",
		"Totale_Pra" : "1,362610138",
		"csv_line_n" : "8",
		"Nummer" : "ZP01",
		"Naam" : "Zijdelings Vaartje Oost 1",
		"Ligging_me" : "",
		"Centrum" : "nee",
		"TPI04" : 4,
		"TPI05" : 4.3,
		"TPI06" : 3.1,
		"TPI07" : 3.8,
		"TPI08" : 3.7,
		"Aangemaakt op" : "07/11/2018",
		"json_ogc_wkt_crs" : "GEOGCS[\"WGS84 Lat/Longs\",DATUM[\"WGS_1984\",SPHEROID[\"World Geodetic System of 1984, GEM 10C\",6378137,298.257223563,AUTHORITY[\"EPSG\",\"7030\"]],AUTHORITY[\"EPSG\",\"6326\"]],PRIMEM[\"Greenwich\",0],UNIT[\"degree\",0.0174532925199433],AUTHORITY[\"EPSG\",\"4326\"]]",
		"json_geometry" : {
			"type" : "Point",
			"coordinates" : [ 3.2140994470724777, 51.27047511890816 ]
		}
	}
]