[
	{
		"json_featuretype" : "ZP02",
		"ID" : "ZP02",
		"Parameter" : "6/03/2017",
		"Temperatuu" : "7,6",
		"Zuurstof_(" : "-",
		"Zuurstofpe" : "87",
		"pH_(6)" : "7,7",
		"Ammonium_(" : "",
		"Nitraat_(1" : "0,73",
		"Orthofosfa" : "0,33",
		"Chloride_(" : "2550",
		"BOD_(23)" : "3,85",
		"COD_(24)" : "37,55",
		"TOC_(25)" : "15",
		"Totaal_sti" : "2,9",
		"Sulfaat_(1" : "385",
		"Zware_meta" : "",
		"Lood" : "",
		"Zink" : "",
		"Chroom" : "",
		"col18" : "",
		"Basis_Prat" : "2,3975",
		"Totale_Pra" : "1,745101375",
		"csv_line_n" : "4",
		"Nummer" : "ZP02",
		"Naam" : "Zijdelings Vaartje Oost 2",
		"Ligging_me" : "",
		"Centrum" : "nee",
		"TPI04" : 2.7,
		"TPI05" : 3.4,
		"TPI06" : 2.5,
		"TPI07" : 3.3,
		"TPI08" : 3.1,
		"Aangemaakt op" : "07/11/2018",
		"json_ogc_wkt_crs" : "GEOGCS[\"WGS84 Lat/Longs\",DATUM[\"WGS_1984\",SPHEROID[\"World Geodetic System of 1984, GEM 10C\",6378137,298.257223563,AUTHORITY[\"EPSG\",\"7030\"]],AUTHORITY[\"EPSG\",\"6326\"]],PRIMEM[\"Greenwich\",0],UNIT[\"degree\",0.0174532925199433],AUTHORITY[\"EPSG\",\"4326\"]]",
		"json_geometry" : {
			"type" : "Point",
			"coordinates" : [ 3.267677703795878, 51.282336902831005 ]
		}
	},
	{
		"json_featuretype" : "ZP02",
		"ID" : "ZP02",
		"Parameter" : "24/04/2017",
		"Temperatuu" : "14,3",
		"Zuurstof_(" : "-",
		"Zuurstofpe" : "110,5",
		"pH_(6)" : "8,2",
		"Ammonium_(" : "0,06",
		"Nitraat_(1" : "0,004",
		"Orthofosfa" : "0,07",
		"Chloride_(" : "3560",
		"BOD_(23)" : "3,88",
		"COD_(24)" : "37,992",
		"TOC_(25)" : "15,2",
		"Totaal_sti" : "1,5",
		"Sulfaat_(1" : "520",
		"Zware_meta" : "",
		"Lood" : "",
		"Zink" : "",
		"Chroom" : "",
		"col18" : "",
		"Basis_Prat" : "1,819485009",
		"Totale_Pra" : "1,586271055",
		"csv_line_n" : "5",
		"Nummer" : "ZP02",
		"Naam" : "Zijdelings Vaartje Oost 2",
		"Ligging_me" : "",
		"Centrum" : "nee",
		"TPI04" : 2.7,
		"TPI05" : 3.4,
		"TPI06" : 2.5,
		"TPI07" : 3.3,
		"TPI08" : 3.1,
		"Aangemaakt op" : "07/11/2018",
		"json_ogc_wkt_crs" : "GEOGCS[\"WGS84 Lat/Longs\",DATUM[\"WGS_1984\",SPHEROID[\"World Geodetic System of 1984, GEM 10C\",6378137,298.257223563,AUTHORITY[\"EPSG\",\"7030\"]],AUTHORITY[\"EPSG\",\"6326\"]],PRIMEM[\"Greenwich\",0],UNIT[\"degree\",0.0174532925199433],AUTHORITY[\"EPSG\",\"4326\"]]",
		"json_geometry" : {
			"type" : "Point",
			"coordinates" : [ 3.267677703795878, 51.282336902831005 ]
		}
	},
	{
		"json_featuretype" : "ZP02",
		"ID" : "ZP02",
		"Parameter" : "3/07/2017",
		"Temperatuu" : "19,8",
		"Zuurstof_(" : "-",
		"Zuurstofpe" : "109,7",
		"pH_(6)" : "8,4",
		"Ammonium_(" : "0,22",
		"Nitraat_(1" : "0,004",
		"Orthofosfa" : "0,27",
		"Chloride_(" : "3540",
		"BOD_(23)" : "3,625",
		"COD_(24)" : "34,235",
		"TOC_(25)" : "13,5",
		"Totaal_sti" : "0,94",
		"Sulfaat_(1" : "463",
		"Zware_meta" : "",
		"Lood" : "",
		"Zink" : "",
		"Chroom" : "",
		"col18" : "",
		"Basis_Prat" : "2,020715771",
		"Totale_Pra" : "1,74521977",
		"csv_line_n" : "6",
		"Nummer" : "ZP02",
		"Naam" : "Zijdelings Vaartje Oost 2",
		"Ligging_me" : "",
		"Centrum" : "nee",
		"TPI04" : 2.7,
		"TPI05" : 3.4,
		"TPI06" : 2.5,
		"TPI07" : 3.3,
		"TPI08" : 3.1,
		"Aangemaakt op" : "07/11/2018",
		"json_ogc_wkt_crs" : "GEOGCS[\"WGS84 Lat/Longs\",DATUM[\"WGS_1984\",SPHEROID[\"World Geodetic System of 1984, GEM 10C\",6378137,298.257223563,AUTHORITY[\"EPSG\",\"7030\"]],AUTHORITY[\"EPSG\",\"6326\"]],PRIMEM[\"Greenwich\",0],UNIT[\"degree\",0.0174532925199433],AUTHORITY[\"EPSG\",\"4326\"]]",
		"json_geometry" : {
			"type" : "Point",
			"coordinates" : [ 3.267677703795878, 51.282336902831005 ]
		}
	},
	{
		"json_featuretype" : "ZP02",
		"ID" : "ZP02",
		"Parameter" : "19/09/2017",
		"Temperatuu" : "13",
		"Zuurstof_(" : "-",
		"Zuurstofpe" : "35,9",
		"pH_(6)" : "7",
		"Ammonium_(" : "0,38",
		"Nitraat_(1" : "0,98",
		"Orthofosfa" : "0,92",
		"Chloride_(" : "667",
		"BOD_(23)" : "4,09",
		"COD_(24)" : "41,086",
		"TOC_(25)" : "16,6",
		"Totaal_sti" : "2,8",
		"Sulfaat_(1" : "107",
		"Zware_meta" : "",
		"Lood" : "",
		"Zink" : "",
		"Chroom" : "",
		"col18" : "",
		"Basis_Prat" : "4,080142586",
		"Totale_Pra" : "2,669958902",
		"csv_line_n" : "7",
		"Nummer" : "ZP02",
		"Naam" : "Zijdelings Vaartje Oost 2",
		"Ligging_me" : "",
		"Centrum" : "nee",
		"TPI04" : 2.7,
		"TPI05" : 3.4,
		"TPI06" : 2.5,
		"TPI07" : 3.3,
		"TPI08" : 3.1,
		"Aangemaakt op" : "07/11/2018",
		"json_ogc_wkt_crs" : "GEOGCS[\"WGS84 Lat/Longs\",DATUM[\"WGS_1984\",SPHEROID[\"World Geodetic System of 1984, GEM 10C\",6378137,298.257223563,AUTHORITY[\"EPSG\",\"7030\"]],AUTHORITY[\"EPSG\",\"6326\"]],PRIMEM[\"Greenwich\",0],UNIT[\"degree\",0.0174532925199433],AUTHORITY[\"EPSG\",\"4326\"]]",
		"json_geometry" : {
			"type" : "Point",
			"coordinates" : [ 3.267677703795878, 51.282336902831005 ]
		}
	},
	{
		"json_featuretype" : "ZP02",
		"ID" : "ZP02",
		"Parameter" : "13/11/2017",
		"Temperatuu" : "7,1",
		"Zuurstof_(" : "-",
		"Zuurstofpe" : "71,1",
		"pH_(6)" : "8",
		"Ammonium_(" : "0,65",
		"Nitraat_(1" : "0,8",
		"Orthofosfa" : "",
		"Chloride_(" : "2260",
		"BOD_(23)" : "3,655",
		"COD_(24)" : "34,677",
		"TOC_(25)" : "13,7",
		"Totaal_sti" : "2,7",
		"Sulfaat_(1" : "343",
		"Zware_meta" : "",
		"Lood" : "",
		"Zink" : "",
		"Chroom" : "",
		"col18" : "",
		"Basis_Prat" : "3,158071636",
		"Totale_Pra" : "2,306132837",
		"csv_line_n" : "8",
		"Nummer" : "ZP02",
		"Naam" : "Zijdelings Vaartje Oost 2",
		"Ligging_me" : "",
		"Centrum" : "nee",
		"TPI04" : 2.7,
		"TPI05" : 3.4,
		"TPI06" : 2.5,
		"TPI07" : 3.3,
		"TPI08" : 3.1,
		"Aangemaakt op" : "07/11/2018",
		"json_ogc_wkt_crs" : "GEOGCS[\"WGS84 Lat/Longs\",DATUM[\"WGS_1984\",SPHEROID[\"World Geodetic System of 1984, GEM 10C\",6378137,298.257223563,AUTHORITY[\"EPSG\",\"7030\"]],AUTHORITY[\"EPSG\",\"6326\"]],PRIMEM[\"Greenwich\",0],UNIT[\"degree\",0.0174532925199433],AUTHORITY[\"EPSG\",\"4326\"]]",
		"json_geometry" : {
			"type" : "Point",
			"coordinates" : [ 3.267677703795878, 51.282336902831005 ]
		}
	}
]