[
	{
		"json_featuretype" : "ZP03",
		"ID" : "ZP03",
		"Parameter" : "6/03/2017",
		"Temperatuu" : "7,7",
		"Zuurstof_(" : "-",
		"Zuurstofpe" : "92,5",
		"pH_(6)" : "7,8",
		"Ammonium_(" : "",
		"Nitraat_(1" : "0,65",
		"Orthofosfa" : "0,31",
		"Chloride_(" : "2890",
		"BOD_(23)" : "3,82",
		"COD_(24)" : "37,108",
		"TOC_(25)" : "14,8",
		"Totaal_sti" : "2,5",
		"Sulfaat_(1" : "414",
		"Zware_meta" : "",
		"Lood" : "",
		"Zink" : "",
		"Chroom" : "",
		"col18" : "2,1554",
		"Basis_Prat" : "2,1554",
		"Totale_Pra" : "1,661896688",
		"csv_line_n" : "4",
		"Nummer" : "ZP03",
		"Naam" : "",
		"Ligging_me" : "",
		"Centrum" : "nee",
		"TPI04" : 3.2,
		"TPI05" : 3.6,
		"TPI06" : 3,
		"TPI07" : 3.8,
		"TPI08" : 3.8,
		"Aangemaakt op" : "07/11/2018",
		"json_ogc_wkt_crs" : "GEOGCS[\"WGS84 Lat/Longs\",DATUM[\"WGS_1984\",SPHEROID[\"World Geodetic System of 1984, GEM 10C\",6378137,298.257223563,AUTHORITY[\"EPSG\",\"7030\"]],AUTHORITY[\"EPSG\",\"6326\"]],PRIMEM[\"Greenwich\",0],UNIT[\"degree\",0.0174532925199433],AUTHORITY[\"EPSG\",\"4326\"]]",
		"json_geometry" : {
			"type" : "Point",
			"coordinates" : [ 3.2479282744382063, 51.28264968991136 ]
		}
	},
	{
		"json_featuretype" : "ZP03",
		"ID" : "ZP03",
		"Parameter" : "24/04/2017",
		"Temperatuu" : "14,7",
		"Zuurstof_(" : "-",
		"Zuurstofpe" : "133,1",
		"pH_(6)" : "8,3",
		"Ammonium_(" : "0,03",
		"Nitraat_(1" : "0,004",
		"Orthofosfa" : "0,01",
		"Chloride_(" : "3740",
		"BOD_(23)" : "4,015",
		"COD_(24)" : "39,981",
		"TOC_(25)" : "16,1",
		"Totaal_sti" : "1,6",
		"Sulfaat_(1" : "530",
		"Zware_meta" : "",
		"Lood" : "",
		"Zink" : "",
		"Chroom" : "",
		"col18" : "2,391563394",
		"Basis_Prat" : "2,391563394",
		"Totale_Pra" : "1,928976914",
		"csv_line_n" : "5",
		"Nummer" : "ZP03",
		"Naam" : "",
		"Ligging_me" : "",
		"Centrum" : "nee",
		"TPI04" : 3.2,
		"TPI05" : 3.6,
		"TPI06" : 3,
		"TPI07" : 3.8,
		"TPI08" : 3.8,
		"Aangemaakt op" : "07/11/2018",
		"json_ogc_wkt_crs" : "GEOGCS[\"WGS84 Lat/Longs\",DATUM[\"WGS_1984\",SPHEROID[\"World Geodetic System of 1984, GEM 10C\",6378137,298.257223563,AUTHORITY[\"EPSG\",\"7030\"]],AUTHORITY[\"EPSG\",\"6326\"]],PRIMEM[\"Greenwich\",0],UNIT[\"degree\",0.0174532925199433],AUTHORITY[\"EPSG\",\"4326\"]]",
		"json_geometry" : {
			"type" : "Point",
			"coordinates" : [ 3.2479282744382063, 51.28264968991136 ]
		}
	},
	{
		"json_featuretype" : "ZP03",
		"ID" : "ZP03",
		"Parameter" : "3/07/2017",
		"Temperatuu" : "19,4",
		"Zuurstof_(" : "-",
		"Zuurstofpe" : "106,8",
		"pH_(6)" : "8,3",
		"Ammonium_(" : "0,1",
		"Nitraat_(1" : "0,004",
		"Orthofosfa" : "1,01",
		"Chloride_(" : "3060",
		"BOD_(23)" : "2,95",
		"COD_(24)" : "24,29",
		"TOC_(25)" : "9",
		"Totaal_sti" : "0,7",
		"Sulfaat_(1" : "412",
		"Zware_meta" : "",
		"Lood" : "",
		"Zink" : "",
		"Chroom" : "",
		"col18" : "1,368174592",
		"Basis_Prat" : "1,368174592",
		"Totale_Pra" : "1,29894918",
		"csv_line_n" : "6",
		"Nummer" : "ZP03",
		"Naam" : "",
		"Ligging_me" : "",
		"Centrum" : "nee",
		"TPI04" : 3.2,
		"TPI05" : 3.6,
		"TPI06" : 3,
		"TPI07" : 3.8,
		"TPI08" : 3.8,
		"Aangemaakt op" : "07/11/2018",
		"json_ogc_wkt_crs" : "GEOGCS[\"WGS84 Lat/Longs\",DATUM[\"WGS_1984\",SPHEROID[\"World Geodetic System of 1984, GEM 10C\",6378137,298.257223563,AUTHORITY[\"EPSG\",\"7030\"]],AUTHORITY[\"EPSG\",\"6326\"]],PRIMEM[\"Greenwich\",0],UNIT[\"degree\",0.0174532925199433],AUTHORITY[\"EPSG\",\"4326\"]]",
		"json_geometry" : {
			"type" : "Point",
			"coordinates" : [ 3.2479282744382063, 51.28264968991136 ]
		}
	},
	{
		"json_featuretype" : "ZP03",
		"ID" : "ZP03",
		"Parameter" : "19/09/2017",
		"Temperatuu" : "13,3",
		"Zuurstof_(" : "-",
		"Zuurstofpe" : "28,8",
		"pH_(6)" : "7,3",
		"Ammonium_(" : "0,28",
		"Nitraat_(1" : "0,86",
		"Orthofosfa" : "0,86",
		"Chloride_(" : "823",
		"BOD_(23)" : "3,94",
		"COD_(24)" : "38,876",
		"TOC_(25)" : "15,6",
		"Totaal_sti" : "2,5",
		"Sulfaat_(1" : "125",
		"Zware_meta" : "",
		"Lood" : "",
		"Zink" : "",
		"Chroom" : "",
		"col18" : "4,18359441",
		"Basis_Prat" : "4,18359441",
		"Totale_Pra" : "2,706113223",
		"csv_line_n" : "7",
		"Nummer" : "ZP03",
		"Naam" : "",
		"Ligging_me" : "",
		"Centrum" : "nee",
		"TPI04" : 3.2,
		"TPI05" : 3.6,
		"TPI06" : 3,
		"TPI07" : 3.8,
		"TPI08" : 3.8,
		"Aangemaakt op" : "07/11/2018",
		"json_ogc_wkt_crs" : "GEOGCS[\"WGS84 Lat/Longs\",DATUM[\"WGS_1984\",SPHEROID[\"World Geodetic System of 1984, GEM 10C\",6378137,298.257223563,AUTHORITY[\"EPSG\",\"7030\"]],AUTHORITY[\"EPSG\",\"6326\"]],PRIMEM[\"Greenwich\",0],UNIT[\"degree\",0.0174532925199433],AUTHORITY[\"EPSG\",\"4326\"]]",
		"json_geometry" : {
			"type" : "Point",
			"coordinates" : [ 3.2479282744382063, 51.28264968991136 ]
		}
	},
	{
		"json_featuretype" : "ZP03",
		"ID" : "ZP03",
		"Parameter" : "13/11/2017",
		"Temperatuu" : "7,9",
		"Zuurstof_(" : "-",
		"Zuurstofpe" : "76,6",
		"pH_(6)" : "7,9",
		"Ammonium_(" : "0,65",
		"Nitraat_(1" : "0,78",
		"Orthofosfa" : "",
		"Chloride_(" : "2310",
		"BOD_(23)" : "3,67",
		"COD_(24)" : "34,898",
		"TOC_(25)" : "13,8",
		"Totaal_sti" : "2,8",
		"Sulfaat_(1" : "346",
		"Zware_meta" : "",
		"Lood" : "",
		"Zink" : "",
		"Chroom" : "",
		"col18" : "3,018771636",
		"Basis_Prat" : "3,018771636",
		"Totale_Pra" : "2,20403262",
		"csv_line_n" : "8",
		"Nummer" : "ZP03",
		"Naam" : "",
		"Ligging_me" : "",
		"Centrum" : "nee",
		"TPI04" : 3.2,
		"TPI05" : 3.6,
		"TPI06" : 3,
		"TPI07" : 3.8,
		"TPI08" : 3.8,
		"Aangemaakt op" : "07/11/2018",
		"json_ogc_wkt_crs" : "GEOGCS[\"WGS84 Lat/Longs\",DATUM[\"WGS_1984\",SPHEROID[\"World Geodetic System of 1984, GEM 10C\",6378137,298.257223563,AUTHORITY[\"EPSG\",\"7030\"]],AUTHORITY[\"EPSG\",\"6326\"]],PRIMEM[\"Greenwich\",0],UNIT[\"degree\",0.0174532925199433],AUTHORITY[\"EPSG\",\"4326\"]]",
		"json_geometry" : {
			"type" : "Point",
			"coordinates" : [ 3.2479282744382063, 51.28264968991136 ]
		}
	}
]