[
	{
		"json_featuretype" : "ZP04",
		"ID" : "ZP04",
		"Parameter" : "6/03/2017",
		"Temperatuu" : "8,1",
		"Zuurstof_(" : "-",
		"Zuurstofpe" : "92,6",
		"pH_(6)" : "7,7",
		"Ammonium_(" : "0,26",
		"Nitraat_(1" : "0,65",
		"Orthofosfa" : "0,25",
		"Chloride_(" : "630",
		"BOD_(23)" : "3,64",
		"COD_(24)" : "34,456",
		"TOC_(25)" : "13,6",
		"Totaal_sti" : "2,3",
		"Sulfaat_(1" : "145",
		"Zware_meta" : "",
		"Lood" : "",
		"Zink" : "",
		"Chroom" : "",
		"col18" : "2,035905008",
		"Basis_Prat" : "2,035905008",
		"Totale_Pra" : "1,639399744",
		"csv_line_n" : "4",
		"Nummer" : "ZP04",
		"Naam" : "Ronsaardbeek",
		"Ligging_me" : "",
		"Centrum" : "nee",
		"TPI04" : 3.6,
		"TPI05" : 2.7,
		"TPI06" : 3,
		"TPI07" : 3.2,
		"TPI08" : 3,
		"Aangemaakt op" : "07/11/2018",
		"json_ogc_wkt_crs" : "GEOGCS[\"WGS84 Lat/Longs\",DATUM[\"WGS_1984\",SPHEROID[\"World Geodetic System of 1984, GEM 10C\",6378137,298.257223563,AUTHORITY[\"EPSG\",\"7030\"]],AUTHORITY[\"EPSG\",\"6326\"]],PRIMEM[\"Greenwich\",0],UNIT[\"degree\",0.0174532925199433],AUTHORITY[\"EPSG\",\"4326\"]]",
		"json_geometry" : {
			"type" : "Point",
			"coordinates" : [ 3.2576408164951918, 51.26516369690447 ]
		}
	},
	{
		"json_featuretype" : "ZP04",
		"ID" : "ZP04",
		"Parameter" : "24/04/2017",
		"Temperatuu" : "13,4",
		"Zuurstof_(" : "-",
		"Zuurstofpe" : "76,6",
		"pH_(6)" : "7,8",
		"Ammonium_(" : "0,18",
		"Nitraat_(1" : "1,56",
		"Orthofosfa" : "0,03",
		"Chloride_(" : "305",
		"BOD_(23)" : "2,725",
		"COD_(24)" : "20,975",
		"TOC_(25)" : "7,5",
		"Totaal_sti" : "5,9",
		"Sulfaat_(1" : "131",
		"Zware_meta" : "",
		"Lood" : "",
		"Zink" : "",
		"Chroom" : "",
		"col18" : "1,870077165",
		"Basis_Prat" : "1,870077165",
		"Totale_Pra" : "1,579862847",
		"csv_line_n" : "5",
		"Nummer" : "ZP04",
		"Naam" : "Ronsaardbeek",
		"Ligging_me" : "",
		"Centrum" : "nee",
		"TPI04" : 3.6,
		"TPI05" : 2.7,
		"TPI06" : 3,
		"TPI07" : 3.2,
		"TPI08" : 3,
		"Aangemaakt op" : "07/11/2018",
		"json_ogc_wkt_crs" : "GEOGCS[\"WGS84 Lat/Longs\",DATUM[\"WGS_1984\",SPHEROID[\"World Geodetic System of 1984, GEM 10C\",6378137,298.257223563,AUTHORITY[\"EPSG\",\"7030\"]],AUTHORITY[\"EPSG\",\"6326\"]],PRIMEM[\"Greenwich\",0],UNIT[\"degree\",0.0174532925199433],AUTHORITY[\"EPSG\",\"4326\"]]",
		"json_geometry" : {
			"type" : "Point",
			"coordinates" : [ 3.2576408164951918, 51.26516369690447 ]
		}
	},
	{
		"json_featuretype" : "ZP04",
		"ID" : "ZP04",
		"Parameter" : "3/07/2017",
		"Temperatuu" : "17,9",
		"Zuurstof_(" : "-",
		"Zuurstofpe" : "57,2",
		"pH_(6)" : "7,1",
		"Ammonium_(" : "0,11",
		"Nitraat_(1" : "0,39",
		"Orthofosfa" : "0,17",
		"Chloride_(" : "680",
		"BOD_(23)" : "2,3485",
		"COD_(24)" : "15,4279",
		"TOC_(25)" : "4,99",
		"Totaal_sti" : "0,8",
		"Sulfaat_(1" : "169",
		"Zware_meta" : "",
		"Lood" : "",
		"Zink" : "",
		"Chroom" : "",
		"col18" : "2,056195198",
		"Basis_Prat" : "2,056195198",
		"Totale_Pra" : "1,388695873",
		"csv_line_n" : "6",
		"Nummer" : "ZP04",
		"Naam" : "Ronsaardbeek",
		"Ligging_me" : "",
		"Centrum" : "nee",
		"TPI04" : 3.6,
		"TPI05" : 2.7,
		"TPI06" : 3,
		"TPI07" : 3.2,
		"TPI08" : 3,
		"Aangemaakt op" : "07/11/2018",
		"json_ogc_wkt_crs" : "GEOGCS[\"WGS84 Lat/Longs\",DATUM[\"WGS_1984\",SPHEROID[\"World Geodetic System of 1984, GEM 10C\",6378137,298.257223563,AUTHORITY[\"EPSG\",\"7030\"]],AUTHORITY[\"EPSG\",\"6326\"]],PRIMEM[\"Greenwich\",0],UNIT[\"degree\",0.0174532925199433],AUTHORITY[\"EPSG\",\"4326\"]]",
		"json_geometry" : {
			"type" : "Point",
			"coordinates" : [ 3.2576408164951918, 51.26516369690447 ]
		}
	},
	{
		"json_featuretype" : "ZP04",
		"ID" : "ZP04",
		"Parameter" : "12/09/2017",
		"Temperatuu" : "15,9",
		"Zuurstof_(" : "-",
		"Zuurstofpe" : "44,2",
		"pH_(6)" : "7,7",
		"Ammonium_(" : "0,45",
		"Nitraat_(1" : "0,64",
		"Orthofosfa" : "0,49",
		"Chloride_(" : "308",
		"BOD_(23)" : "3,535",
		"COD_(24)" : "32,909",
		"TOC_(25)" : "12,9",
		"Totaal_sti" : "2,4",
		"Sulfaat_(1" : "87",
		"Zware_meta" : "",
		"Lood" : "",
		"Zink" : "",
		"Chroom" : "",
		"col18" : "3,591031114",
		"Basis_Prat" : "3,591031114",
		"Totale_Pra" : "2,403976157",
		"csv_line_n" : "7",
		"Nummer" : "ZP04",
		"Naam" : "Ronsaardbeek",
		"Ligging_me" : "",
		"Centrum" : "nee",
		"TPI04" : 3.6,
		"TPI05" : 2.7,
		"TPI06" : 3,
		"TPI07" : 3.2,
		"TPI08" : 3,
		"Aangemaakt op" : "07/11/2018",
		"json_ogc_wkt_crs" : "GEOGCS[\"WGS84 Lat/Longs\",DATUM[\"WGS_1984\",SPHEROID[\"World Geodetic System of 1984, GEM 10C\",6378137,298.257223563,AUTHORITY[\"EPSG\",\"7030\"]],AUTHORITY[\"EPSG\",\"6326\"]],PRIMEM[\"Greenwich\",0],UNIT[\"degree\",0.0174532925199433],AUTHORITY[\"EPSG\",\"4326\"]]",
		"json_geometry" : {
			"type" : "Point",
			"coordinates" : [ 3.2576408164951918, 51.26516369690447 ]
		}
	},
	{
		"json_featuretype" : "ZP04",
		"ID" : "ZP04",
		"Parameter" : "13/11/2017",
		"Temperatuu" : "7,1",
		"Zuurstof_(" : "-",
		"Zuurstofpe" : "90",
		"pH_(6)" : "8,1",
		"Ammonium_(" : "0,32",
		"Nitraat_(1" : "0,82",
		"Orthofosfa" : "",
		"Chloride_(" : "675",
		"BOD_(23)" : "3,13",
		"COD_(24)" : "26,942",
		"TOC_(25)" : "10,2",
		"Totaal_sti" : "2,2",
		"Sulfaat_(1" : "163",
		"Zware_meta" : "",
		"Lood" : "",
		"Zink" : "",
		"Chroom" : "",
		"col18" : "1,95156087",
		"Basis_Prat" : "1,95156087",
		"Totale_Pra" : "1,681971906",
		"csv_line_n" : "8",
		"Nummer" : "ZP04",
		"Naam" : "Ronsaardbeek",
		"Ligging_me" : "",
		"Centrum" : "nee",
		"TPI04" : 3.6,
		"TPI05" : 2.7,
		"TPI06" : 3,
		"TPI07" : 3.2,
		"TPI08" : 3,
		"Aangemaakt op" : "07/11/2018",
		"json_ogc_wkt_crs" : "GEOGCS[\"WGS84 Lat/Longs\",DATUM[\"WGS_1984\",SPHEROID[\"World Geodetic System of 1984, GEM 10C\",6378137,298.257223563,AUTHORITY[\"EPSG\",\"7030\"]],AUTHORITY[\"EPSG\",\"6326\"]],PRIMEM[\"Greenwich\",0],UNIT[\"degree\",0.0174532925199433],AUTHORITY[\"EPSG\",\"4326\"]]",
		"json_geometry" : {
			"type" : "Point",
			"coordinates" : [ 3.2576408164951918, 51.26516369690447 ]
		}
	}
]