[
	{
		"json_featuretype" : "ZP05",
		"ID" : "ZP05",
		"Parameter" : "6/03/2017",
		"Temperatuu" : "8,6",
		"Zuurstof_(" : "-",
		"Zuurstofpe" : "107,6",
		"pH_(6)" : "7,6",
		"Ammonium_(" : "0,22",
		"Nitraat_(1" : "1,04",
		"Orthofosfa" : "0,22",
		"Chloride_(" : "650",
		"BOD_(23)" : "3,55",
		"COD_(24)" : "33,13",
		"TOC_(25)" : "13",
		"Totaal_sti" : "2,5",
		"Sulfaat_(1" : "159",
		"Zware_meta" : "",
		"Lood" : "",
		"Zink" : "",
		"Chroom" : "",
		"col18" : "1,927882438",
		"Basis_Prat" : "1,927882438",
		"Totale_Pra" : "1,600544754",
		"csv_line_n" : "4",
		"Nummer" : "ZP05",
		"Naam" : "",
		"Ligging_me" : "",
		"Centrum" : "nee",
		"TPI04" : 3.1,
		"TPI05" : 3.2,
		"TPI06" : 3,
		"TPI07" : 3.2,
		"TPI08" : 0,
		"Aangemaakt op" : "07/11/2018",
		"json_ogc_wkt_crs" : "GEOGCS[\"WGS84 Lat/Longs\",DATUM[\"WGS_1984\",SPHEROID[\"World Geodetic System of 1984, GEM 10C\",6378137,298.257223563,AUTHORITY[\"EPSG\",\"7030\"]],AUTHORITY[\"EPSG\",\"6326\"]],PRIMEM[\"Greenwich\",0],UNIT[\"degree\",0.0174532925199433],AUTHORITY[\"EPSG\",\"4326\"]]",
		"json_geometry" : {
			"type" : "Point",
			"coordinates" : [ 3.2398672966418833, 51.26234195764131 ]
		}
	},
	{
		"json_featuretype" : "ZP05",
		"ID" : "ZP05",
		"Parameter" : "24/04/2017",
		"Temperatuu" : "13,4",
		"Zuurstof_(" : "-",
		"Zuurstofpe" : "100,8",
		"pH_(6)" : "8,1",
		"Ammonium_(" : "0,1",
		"Nitraat_(1" : "2,84",
		"Orthofosfa" : "0,04",
		"Chloride_(" : "149",
		"BOD_(23)" : "2,545",
		"COD_(24)" : "18,323",
		"TOC_(25)" : "6,3",
		"Totaal_sti" : "4,2",
		"Sulfaat_(1" : "113",
		"Zware_meta" : "",
		"Lood" : "",
		"Zink" : "",
		"Chroom" : "",
		"col18" : "1,009274592",
		"Basis_Prat" : "1,009274592",
		"Totale_Pra" : "1,332840743",
		"csv_line_n" : "5",
		"Nummer" : "ZP05",
		"Naam" : "",
		"Ligging_me" : "",
		"Centrum" : "nee",
		"TPI04" : 3.1,
		"TPI05" : 3.2,
		"TPI06" : 3,
		"TPI07" : 3.2,
		"TPI08" : 0,
		"Aangemaakt op" : "07/11/2018",
		"json_ogc_wkt_crs" : "GEOGCS[\"WGS84 Lat/Longs\",DATUM[\"WGS_1984\",SPHEROID[\"World Geodetic System of 1984, GEM 10C\",6378137,298.257223563,AUTHORITY[\"EPSG\",\"7030\"]],AUTHORITY[\"EPSG\",\"6326\"]],PRIMEM[\"Greenwich\",0],UNIT[\"degree\",0.0174532925199433],AUTHORITY[\"EPSG\",\"4326\"]]",
		"json_geometry" : {
			"type" : "Point",
			"coordinates" : [ 3.2398672966418833, 51.26234195764131 ]
		}
	},
	{
		"json_featuretype" : "ZP05",
		"ID" : "ZP05",
		"Parameter" : "3/07/2017",
		"Temperatuu" : "17,8",
		"Zuurstof_(" : "-",
		"Zuurstofpe" : "51,6",
		"pH_(6)" : "7,8",
		"Ammonium_(" : "0,24",
		"Nitraat_(1" : "1,07",
		"Orthofosfa" : "0,03",
		"Chloride_(" : "2040",
		"BOD_(23)" : "2,1325",
		"COD_(24)" : "12,2455",
		"TOC_(25)" : "3,55",
		"Totaal_sti" : "1,33",
		"Sulfaat_(1" : "369",
		"Zware_meta" : "",
		"Lood" : "",
		"Zink" : "",
		"Chroom" : "",
		"col18" : "2,354841037",
		"Basis_Prat" : "2,354841037",
		"Totale_Pra" : "1,706495082",
		"csv_line_n" : "6",
		"Nummer" : "ZP05",
		"Naam" : "",
		"Ligging_me" : "",
		"Centrum" : "nee",
		"TPI04" : 3.1,
		"TPI05" : 3.2,
		"TPI06" : 3,
		"TPI07" : 3.2,
		"TPI08" : 0,
		"Aangemaakt op" : "07/11/2018",
		"json_ogc_wkt_crs" : "GEOGCS[\"WGS84 Lat/Longs\",DATUM[\"WGS_1984\",SPHEROID[\"World Geodetic System of 1984, GEM 10C\",6378137,298.257223563,AUTHORITY[\"EPSG\",\"7030\"]],AUTHORITY[\"EPSG\",\"6326\"]],PRIMEM[\"Greenwich\",0],UNIT[\"degree\",0.0174532925199433],AUTHORITY[\"EPSG\",\"4326\"]]",
		"json_geometry" : {
			"type" : "Point",
			"coordinates" : [ 3.2398672966418833, 51.26234195764131 ]
		}
	},
	{
		"json_featuretype" : "ZP05",
		"ID" : "ZP05",
		"Parameter" : "12/09/2017",
		"Temperatuu" : "16,8",
		"Zuurstof_(" : "-",
		"Zuurstofpe" : "65,5",
		"pH_(6)" : "7,7",
		"Ammonium_(" : "0,09",
		"Nitraat_(1" : "1,31",
		"Orthofosfa" : "0,29",
		"Chloride_(" : "208",
		"BOD_(23)" : "2,8",
		"COD_(24)" : "22,08",
		"TOC_(25)" : "8",
		"Totaal_sti" : "2,2",
		"Sulfaat_(1" : "89",
		"Zware_meta" : "",
		"Lood" : "",
		"Zink" : "",
		"Chroom" : "",
		"col18" : "2,008871219",
		"Basis_Prat" : "2,008871219",
		"Totale_Pra" : "1,607987648",
		"csv_line_n" : "7",
		"Nummer" : "ZP05",
		"Naam" : "",
		"Ligging_me" : "",
		"Centrum" : "nee",
		"TPI04" : 3.1,
		"TPI05" : 3.2,
		"TPI06" : 3,
		"TPI07" : 3.2,
		"TPI08" : 0,
		"Aangemaakt op" : "07/11/2018",
		"json_ogc_wkt_crs" : "GEOGCS[\"WGS84 Lat/Longs\",DATUM[\"WGS_1984\",SPHEROID[\"World Geodetic System of 1984, GEM 10C\",6378137,298.257223563,AUTHORITY[\"EPSG\",\"7030\"]],AUTHORITY[\"EPSG\",\"6326\"]],PRIMEM[\"Greenwich\",0],UNIT[\"degree\",0.0174532925199433],AUTHORITY[\"EPSG\",\"4326\"]]",
		"json_geometry" : {
			"type" : "Point",
			"coordinates" : [ 3.2398672966418833, 51.26234195764131 ]
		}
	},
	{
		"json_featuretype" : "ZP05",
		"ID" : "ZP05",
		"Parameter" : "13/11/2017",
		"Temperatuu" : "7,7",
		"Zuurstof_(" : "-",
		"Zuurstofpe" : "91,6",
		"pH_(6)" : "8,1",
		"Ammonium_(" : "0,41",
		"Nitraat_(1" : "1,02",
		"Orthofosfa" : "",
		"Chloride_(" : "750",
		"BOD_(23)" : "3,805",
		"COD_(24)" : "36,887",
		"TOC_(25)" : "14,7",
		"Totaal_sti" : "2,8",
		"Sulfaat_(1" : "187",
		"Zware_meta" : "",
		"Lood" : "",
		"Zink" : "",
		"Chroom" : "",
		"col18" : "2,373850314",
		"Basis_Prat" : "2,373850314",
		"Totale_Pra" : "1,991306286",
		"csv_line_n" : "8",
		"Nummer" : "ZP05",
		"Naam" : "",
		"Ligging_me" : "",
		"Centrum" : "nee",
		"TPI04" : 3.1,
		"TPI05" : 3.2,
		"TPI06" : 3,
		"TPI07" : 3.2,
		"TPI08" : 0,
		"Aangemaakt op" : "07/11/2018",
		"json_ogc_wkt_crs" : "GEOGCS[\"WGS84 Lat/Longs\",DATUM[\"WGS_1984\",SPHEROID[\"World Geodetic System of 1984, GEM 10C\",6378137,298.257223563,AUTHORITY[\"EPSG\",\"7030\"]],AUTHORITY[\"EPSG\",\"6326\"]],PRIMEM[\"Greenwich\",0],UNIT[\"degree\",0.0174532925199433],AUTHORITY[\"EPSG\",\"4326\"]]",
		"json_geometry" : {
			"type" : "Point",
			"coordinates" : [ 3.2398672966418833, 51.26234195764131 ]
		}
	}
]