[
	{
		"json_featuretype" : "ZP06",
		"ID" : "ZP06",
		"Parameter" : "6/03/2017",
		"Temperatuu" : "9,3",
		"Zuurstof_(" : "-",
		"Zuurstofpe" : "130,8",
		"pH_(6)" : "7,7",
		"Ammonium_(" : "0,25",
		"Nitraat_(1" : "0,56",
		"Orthofosfa" : "0,29",
		"Chloride_(" : "770",
		"BOD_(23)" : "3,475",
		"COD_(24)" : "32,025",
		"TOC_(25)" : "12,5",
		"Totaal_sti" : "2",
		"Sulfaat_(1" : "151",
		"Zware_meta" : "",
		"Lood" : "",
		"Zink" : "",
		"Chroom" : "",
		"col18" : "2,561973298",
		"Basis_Prat" : "2,561973298",
		"Totale_Pra" : "1,871932116",
		"csv_line_n" : "4",
		"Nummer" : "ZP06",
		"Naam" : "",
		"Ligging_me" : "",
		"Centrum" : "nee",
		"TPI04" : 3.5,
		"TPI05" : 3.1,
		"TPI06" : 2.9,
		"TPI07" : 3.9,
		"TPI08" : 0,
		"Aangemaakt op" : "07/11/2018",
		"json_ogc_wkt_crs" : "GEOGCS[\"WGS84 Lat/Longs\",DATUM[\"WGS_1984\",SPHEROID[\"World Geodetic System of 1984, GEM 10C\",6378137,298.257223563,AUTHORITY[\"EPSG\",\"7030\"]],AUTHORITY[\"EPSG\",\"6326\"]],PRIMEM[\"Greenwich\",0],UNIT[\"degree\",0.0174532925199433],AUTHORITY[\"EPSG\",\"4326\"]]",
		"json_geometry" : {
			"type" : "Point",
			"coordinates" : [ 3.242919496149158, 51.24429262381847 ]
		}
	},
	{
		"json_featuretype" : "ZP06",
		"ID" : "ZP06",
		"Parameter" : "24/04/2017",
		"Temperatuu" : "13,4",
		"Zuurstof_(" : "-",
		"Zuurstofpe" : "66,3",
		"pH_(6)" : "7,6",
		"Ammonium_(" : "0,19",
		"Nitraat_(1" : "1,56",
		"Orthofosfa" : "0,02",
		"Chloride_(" : "310",
		"BOD_(23)" : "2,71",
		"COD_(24)" : "20,754",
		"TOC_(25)" : "7,4",
		"Totaal_sti" : "2,9",
		"Sulfaat_(1" : "126",
		"Zware_meta" : "",
		"Lood" : "",
		"Zink" : "",
		"Chroom" : "",
		"col18" : "2,156393309",
		"Basis_Prat" : "2,156393309",
		"Totale_Pra" : "1,674687586",
		"csv_line_n" : "5",
		"Nummer" : "ZP06",
		"Naam" : "",
		"Ligging_me" : "",
		"Centrum" : "nee",
		"TPI04" : 3.5,
		"TPI05" : 3.1,
		"TPI06" : 2.9,
		"TPI07" : 3.9,
		"TPI08" : 0,
		"Aangemaakt op" : "07/11/2018",
		"json_ogc_wkt_crs" : "GEOGCS[\"WGS84 Lat/Longs\",DATUM[\"WGS_1984\",SPHEROID[\"World Geodetic System of 1984, GEM 10C\",6378137,298.257223563,AUTHORITY[\"EPSG\",\"7030\"]],AUTHORITY[\"EPSG\",\"6326\"]],PRIMEM[\"Greenwich\",0],UNIT[\"degree\",0.0174532925199433],AUTHORITY[\"EPSG\",\"4326\"]]",
		"json_geometry" : {
			"type" : "Point",
			"coordinates" : [ 3.242919496149158, 51.24429262381847 ]
		}
	},
	{
		"json_featuretype" : "ZP06",
		"ID" : "ZP06",
		"Parameter" : "3/07/2017",
		"Temperatuu" : "16",
		"Zuurstof_(" : "-",
		"Zuurstofpe" : "15,1",
		"pH_(6)" : "7,5",
		"Ammonium_(" : "0,15",
		"Nitraat_(1" : "0,1",
		"Orthofosfa" : "0,25",
		"Chloride_(" : "550",
		"BOD_(23)" : "2,3215",
		"COD_(24)" : "15,0301",
		"TOC_(25)" : "4,81",
		"Totaal_sti" : "0,63",
		"Sulfaat_(1" : "139",
		"Zware_meta" : "",
		"Lood" : "",
		"Zink" : "",
		"Chroom" : "",
		"col18" : "3,951441193",
		"Basis_Prat" : "3,951441193",
		"Totale_Pra" : "2,316781276",
		"csv_line_n" : "6",
		"Nummer" : "ZP06",
		"Naam" : "",
		"Ligging_me" : "",
		"Centrum" : "nee",
		"TPI04" : 3.5,
		"TPI05" : 3.1,
		"TPI06" : 2.9,
		"TPI07" : 3.9,
		"TPI08" : 0,
		"Aangemaakt op" : "07/11/2018",
		"json_ogc_wkt_crs" : "GEOGCS[\"WGS84 Lat/Longs\",DATUM[\"WGS_1984\",SPHEROID[\"World Geodetic System of 1984, GEM 10C\",6378137,298.257223563,AUTHORITY[\"EPSG\",\"7030\"]],AUTHORITY[\"EPSG\",\"6326\"]],PRIMEM[\"Greenwich\",0],UNIT[\"degree\",0.0174532925199433],AUTHORITY[\"EPSG\",\"4326\"]]",
		"json_geometry" : {
			"type" : "Point",
			"coordinates" : [ 3.242919496149158, 51.24429262381847 ]
		}
	},
	{
		"json_featuretype" : "ZP06",
		"ID" : "ZP06",
		"Parameter" : "12/09/2017",
		"Temperatuu" : "15,9",
		"Zuurstof_(" : "-",
		"Zuurstofpe" : "34,5",
		"pH_(6)" : "7,6",
		"Ammonium_(" : "5",
		"Nitraat_(1" : "0,59",
		"Orthofosfa" : "0,48",
		"Chloride_(" : "32,6",
		"BOD_(23)" : "2,5675",
		"COD_(24)" : "18,6545",
		"TOC_(25)" : "6,45",
		"Totaal_sti" : "6,6",
		"Sulfaat_(1" : "19",
		"Zware_meta" : "",
		"Lood" : "",
		"Zink" : "",
		"Chroom" : "",
		"col18" : "6,988809116",
		"Basis_Prat" : "6,988809116",
		"Totale_Pra" : "3,966981082",
		"csv_line_n" : "7",
		"Nummer" : "ZP06",
		"Naam" : "",
		"Ligging_me" : "",
		"Centrum" : "nee",
		"TPI04" : 3.5,
		"TPI05" : 3.1,
		"TPI06" : 2.9,
		"TPI07" : 3.9,
		"TPI08" : 0,
		"Aangemaakt op" : "07/11/2018",
		"json_ogc_wkt_crs" : "GEOGCS[\"WGS84 Lat/Longs\",DATUM[\"WGS_1984\",SPHEROID[\"World Geodetic System of 1984, GEM 10C\",6378137,298.257223563,AUTHORITY[\"EPSG\",\"7030\"]],AUTHORITY[\"EPSG\",\"6326\"]],PRIMEM[\"Greenwich\",0],UNIT[\"degree\",0.0174532925199433],AUTHORITY[\"EPSG\",\"4326\"]]",
		"json_geometry" : {
			"type" : "Point",
			"coordinates" : [ 3.242919496149158, 51.24429262381847 ]
		}
	},
	{
		"json_featuretype" : "ZP06",
		"ID" : "ZP06",
		"Parameter" : "13/11/2017",
		"Temperatuu" : "7,4",
		"Zuurstof_(" : "-",
		"Zuurstofpe" : "93,1",
		"pH_(6)" : "8",
		"Ammonium_(" : "0,26",
		"Nitraat_(1" : "0,98",
		"Orthofosfa" : "",
		"Chloride_(" : "449",
		"BOD_(23)" : "2,935",
		"COD_(24)" : "24,069",
		"TOC_(25)" : "8,9",
		"Totaal_sti" : "2,5",
		"Sulfaat_(1" : "120",
		"Zware_meta" : "",
		"Lood" : "",
		"Zink" : "",
		"Chroom" : "",
		"col18" : "1,676338341",
		"Basis_Prat" : "1,676338341",
		"Totale_Pra" : "1,506390113",
		"csv_line_n" : "8",
		"Nummer" : "ZP06",
		"Naam" : "",
		"Ligging_me" : "",
		"Centrum" : "nee",
		"TPI04" : 3.5,
		"TPI05" : 3.1,
		"TPI06" : 2.9,
		"TPI07" : 3.9,
		"TPI08" : 0,
		"Aangemaakt op" : "07/11/2018",
		"json_ogc_wkt_crs" : "GEOGCS[\"WGS84 Lat/Longs\",DATUM[\"WGS_1984\",SPHEROID[\"World Geodetic System of 1984, GEM 10C\",6378137,298.257223563,AUTHORITY[\"EPSG\",\"7030\"]],AUTHORITY[\"EPSG\",\"6326\"]],PRIMEM[\"Greenwich\",0],UNIT[\"degree\",0.0174532925199433],AUTHORITY[\"EPSG\",\"4326\"]]",
		"json_geometry" : {
			"type" : "Point",
			"coordinates" : [ 3.242919496149158, 51.24429262381847 ]
		}
	}
]