[
	{
		"json_featuretype" : "ZP07",
		"ID" : "ZP07",
		"Parameter" : "6/03/2017",
		"Temperatuu" : "9,1",
		"Zuurstof_(" : "-",
		"Zuurstofpe" : "12",
		"pH_(6)" : "7,6",
		"Ammonium_(" : "0,27",
		"Nitraat_(1" : "0,32",
		"Orthofosfa" : "0,27",
		"Chloride_(" : "158",
		"BOD_(23)" : "3,445",
		"COD_(24)" : "31,583",
		"TOC_(25)" : "12,3",
		"Totaal_sti" : "1,7",
		"Sulfaat_(1" : "91",
		"Zware_meta" : "",
		"Lood" : "",
		"Zink" : "",
		"Chroom" : "",
		"col18" : "4,932372594",
		"Basis_Prat" : "4,932372594",
		"Totale_Pra" : "2,995432417",
		"csv_line_n" : "4",
		"Nummer" : "ZP07",
		"Naam" : "Eivoordebeek",
		"Ligging_me" : "",
		"Centrum" : "nee",
		"TPI04" : 3.5,
		"TPI05" : 3.7,
		"TPI06" : 4,
		"TPI07" : 3.6,
		"TPI08" : 3.1,
		"Aangemaakt op" : "07/11/2018",
		"json_ogc_wkt_crs" : "GEOGCS[\"WGS84 Lat/Longs\",DATUM[\"WGS_1984\",SPHEROID[\"World Geodetic System of 1984, GEM 10C\",6378137,298.257223563,AUTHORITY[\"EPSG\",\"7030\"]],AUTHORITY[\"EPSG\",\"6326\"]],PRIMEM[\"Greenwich\",0],UNIT[\"degree\",0.0174532925199433],AUTHORITY[\"EPSG\",\"4326\"]]",
		"json_geometry" : {
			"type" : "Point",
			"coordinates" : [ 3.2348277641355425, 51.238156547860484 ]
		}
	},
	{
		"json_featuretype" : "ZP07",
		"ID" : "ZP07",
		"Parameter" : "24/04/2017",
		"Temperatuu" : "14,4",
		"Zuurstof_(" : "-",
		"Zuurstofpe" : "146,4",
		"pH_(6)" : "8,3",
		"Ammonium_(" : "0,04",
		"Nitraat_(1" : "3,53",
		"Orthofosfa" : "0,06",
		"Chloride_(" : "110",
		"BOD_(23)" : "2,53",
		"COD_(24)" : "18,102",
		"TOC_(25)" : "6,2",
		"Totaal_sti" : "4,7",
		"Sulfaat_(1" : "105",
		"Zware_meta" : "",
		"Lood" : "",
		"Zink" : "",
		"Chroom" : "",
		"col18" : "2,052072253",
		"Basis_Prat" : "2,052072253",
		"Totale_Pra" : "1,983240235",
		"csv_line_n" : "5",
		"Nummer" : "ZP07",
		"Naam" : "Eivoordebeek",
		"Ligging_me" : "",
		"Centrum" : "nee",
		"TPI04" : 3.5,
		"TPI05" : 3.7,
		"TPI06" : 4,
		"TPI07" : 3.6,
		"TPI08" : 3.1,
		"Aangemaakt op" : "07/11/2018",
		"json_ogc_wkt_crs" : "GEOGCS[\"WGS84 Lat/Longs\",DATUM[\"WGS_1984\",SPHEROID[\"World Geodetic System of 1984, GEM 10C\",6378137,298.257223563,AUTHORITY[\"EPSG\",\"7030\"]],AUTHORITY[\"EPSG\",\"6326\"]],PRIMEM[\"Greenwich\",0],UNIT[\"degree\",0.0174532925199433],AUTHORITY[\"EPSG\",\"4326\"]]",
		"json_geometry" : {
			"type" : "Point",
			"coordinates" : [ 3.2348277641355425, 51.238156547860484 ]
		}
	},
	{
		"json_featuretype" : "ZP07",
		"ID" : "ZP07",
		"Parameter" : "3/07/2017",
		"Temperatuu" : "16,8",
		"Zuurstof_(" : "-",
		"Zuurstofpe" : "4,1",
		"pH_(6)" : "7,9",
		"Ammonium_(" : "0,14",
		"Nitraat_(1" : "0,04",
		"Orthofosfa" : "0,13",
		"Chloride_(" : "560",
		"BOD_(23)" : "2,41",
		"COD_(24)" : "16,334",
		"TOC_(25)" : "5,4",
		"Totaal_sti" : "0,67",
		"Sulfaat_(1" : "136",
		"Zware_meta" : "",
		"Lood" : "",
		"Zink" : "",
		"Chroom" : "",
		"col18" : "4,76736613",
		"Basis_Prat" : "4,76736613",
		"Totale_Pra" : "2,809685915",
		"csv_line_n" : "6",
		"Nummer" : "ZP07",
		"Naam" : "Eivoordebeek",
		"Ligging_me" : "",
		"Centrum" : "nee",
		"TPI04" : 3.5,
		"TPI05" : 3.7,
		"TPI06" : 4,
		"TPI07" : 3.6,
		"TPI08" : 3.1,
		"Aangemaakt op" : "07/11/2018",
		"json_ogc_wkt_crs" : "GEOGCS[\"WGS84 Lat/Longs\",DATUM[\"WGS_1984\",SPHEROID[\"World Geodetic System of 1984, GEM 10C\",6378137,298.257223563,AUTHORITY[\"EPSG\",\"7030\"]],AUTHORITY[\"EPSG\",\"6326\"]],PRIMEM[\"Greenwich\",0],UNIT[\"degree\",0.0174532925199433],AUTHORITY[\"EPSG\",\"4326\"]]",
		"json_geometry" : {
			"type" : "Point",
			"coordinates" : [ 3.2348277641355425, 51.238156547860484 ]
		}
	},
	{
		"json_featuretype" : "ZP07",
		"ID" : "ZP07",
		"Parameter" : "12/09/2017",
		"Temperatuu" : "14,7",
		"Zuurstof_(" : "-",
		"Zuurstofpe" : "26,6",
		"pH_(6)" : "7,4",
		"Ammonium_(" : "0,14",
		"Nitraat_(1" : "0,95",
		"Orthofosfa" : "0,67",
		"Chloride_(" : "106",
		"BOD_(23)" : "2,86",
		"COD_(24)" : "22,964",
		"TOC_(25)" : "8,4",
		"Totaal_sti" : "1,9",
		"Sulfaat_(1" : "65",
		"Zware_meta" : "",
		"Lood" : "",
		"Zink" : "",
		"Chroom" : "",
		"col18" : "3,51068613",
		"Basis_Prat" : "3,51068613",
		"Totale_Pra" : "2,271816124",
		"csv_line_n" : "7",
		"Nummer" : "ZP07",
		"Naam" : "Eivoordebeek",
		"Ligging_me" : "",
		"Centrum" : "nee",
		"TPI04" : 3.5,
		"TPI05" : 3.7,
		"TPI06" : 4,
		"TPI07" : 3.6,
		"TPI08" : 3.1,
		"Aangemaakt op" : "07/11/2018",
		"json_ogc_wkt_crs" : "GEOGCS[\"WGS84 Lat/Longs\",DATUM[\"WGS_1984\",SPHEROID[\"World Geodetic System of 1984, GEM 10C\",6378137,298.257223563,AUTHORITY[\"EPSG\",\"7030\"]],AUTHORITY[\"EPSG\",\"6326\"]],PRIMEM[\"Greenwich\",0],UNIT[\"degree\",0.0174532925199433],AUTHORITY[\"EPSG\",\"4326\"]]",
		"json_geometry" : {
			"type" : "Point",
			"coordinates" : [ 3.2348277641355425, 51.238156547860484 ]
		}
	},
	{
		"json_featuretype" : "ZP07",
		"ID" : "ZP07",
		"Parameter" : "13/11/2017",
		"Temperatuu" : "8,4",
		"Zuurstof_(" : "-",
		"Zuurstofpe" : "72,4",
		"pH_(6)" : "7,8",
		"Ammonium_(" : "0,23",
		"Nitraat_(1" : "1,81",
		"Orthofosfa" : "",
		"Chloride_(" : "199",
		"BOD_(23)" : "2,755",
		"COD_(24)" : "21,417",
		"TOC_(25)" : "7,7",
		"Totaal_sti" : "3",
		"Sulfaat_(1" : "107",
		"Zware_meta" : "",
		"Lood" : "",
		"Zink" : "",
		"Chroom" : "",
		"col18" : "2,088477159",
		"Basis_Prat" : "2,088477159",
		"Totale_Pra" : "1,715586194",
		"csv_line_n" : "8",
		"Nummer" : "ZP07",
		"Naam" : "Eivoordebeek",
		"Ligging_me" : "",
		"Centrum" : "nee",
		"TPI04" : 3.5,
		"TPI05" : 3.7,
		"TPI06" : 4,
		"TPI07" : 3.6,
		"TPI08" : 3.1,
		"Aangemaakt op" : "07/11/2018",
		"json_ogc_wkt_crs" : "GEOGCS[\"WGS84 Lat/Longs\",DATUM[\"WGS_1984\",SPHEROID[\"World Geodetic System of 1984, GEM 10C\",6378137,298.257223563,AUTHORITY[\"EPSG\",\"7030\"]],AUTHORITY[\"EPSG\",\"6326\"]],PRIMEM[\"Greenwich\",0],UNIT[\"degree\",0.0174532925199433],AUTHORITY[\"EPSG\",\"4326\"]]",
		"json_geometry" : {
			"type" : "Point",
			"coordinates" : [ 3.2348277641355425, 51.238156547860484 ]
		}
	}
]