[
	{
		"json_featuretype" : "ZP08",
		"ID" : "ZP08",
		"Parameter" : "6/03/2017",
		"Temperatuu" : "8,4",
		"Zuurstof_(" : "-",
		"Zuurstofpe" : "119,3",
		"pH_(6)" : "7,6",
		"Ammonium_(" : "0,23",
		"Nitraat_(1" : "0,28",
		"Orthofosfa" : "0,37",
		"Chloride_(" : "128",
		"BOD_(23)" : "3,01",
		"COD_(24)" : "25,174",
		"TOC_(25)" : "9,4",
		"Totaal_sti" : "1,37",
		"Sulfaat_(1" : "70",
		"Zware_meta" : "",
		"Lood" : "",
		"Zink" : "",
		"Chroom" : "",
		"col18" : "1,992377159",
		"Basis_Prat" : "1,992377159",
		"Totale_Pra" : "1,470101845",
		"csv_line_n" : "4",
		"Nummer" : "ZP08",
		"Naam" : "Fortbeek",
		"Ligging_me" : "",
		"Centrum" : "nee",
		"TPI04" : 3.1,
		"TPI05" : 3.4,
		"TPI06" : 3.2,
		"TPI07" : 3.8,
		"TPI08" : 3.5,
		"Aangemaakt op" : "07/11/2018",
		"json_ogc_wkt_crs" : "GEOGCS[\"WGS84 Lat/Longs\",DATUM[\"WGS_1984\",SPHEROID[\"World Geodetic System of 1984, GEM 10C\",6378137,298.257223563,AUTHORITY[\"EPSG\",\"7030\"]],AUTHORITY[\"EPSG\",\"6326\"]],PRIMEM[\"Greenwich\",0],UNIT[\"degree\",0.0174532925199433],AUTHORITY[\"EPSG\",\"4326\"]]",
		"json_geometry" : {
			"type" : "Point",
			"coordinates" : [ 3.2477466836923017, 51.23425778601615 ]
		}
	},
	{
		"json_featuretype" : "ZP08",
		"ID" : "ZP08",
		"Parameter" : "24/04/2017",
		"Temperatuu" : "15",
		"Zuurstof_(" : "-",
		"Zuurstofpe" : "146,1",
		"pH_(6)" : "8,3",
		"Ammonium_(" : "0,04",
		"Nitraat_(1" : "4,17",
		"Orthofosfa" : "0,15",
		"Chloride_(" : "198",
		"BOD_(23)" : "2,485",
		"COD_(24)" : "17,439",
		"TOC_(25)" : "5,9",
		"Totaal_sti" : "5,3",
		"Sulfaat_(1" : "115",
		"Zware_meta" : "",
		"Lood" : "",
		"Zink" : "",
		"Chroom" : "",
		"col18" : "2,021972253",
		"Basis_Prat" : "2,021972253",
		"Totale_Pra" : "2,007001938",
		"csv_line_n" : "5",
		"Nummer" : "ZP08",
		"Naam" : "Fortbeek",
		"Ligging_me" : "",
		"Centrum" : "nee",
		"TPI04" : 3.1,
		"TPI05" : 3.4,
		"TPI06" : 3.2,
		"TPI07" : 3.8,
		"TPI08" : 3.5,
		"Aangemaakt op" : "07/11/2018",
		"json_ogc_wkt_crs" : "GEOGCS[\"WGS84 Lat/Longs\",DATUM[\"WGS_1984\",SPHEROID[\"World Geodetic System of 1984, GEM 10C\",6378137,298.257223563,AUTHORITY[\"EPSG\",\"7030\"]],AUTHORITY[\"EPSG\",\"6326\"]],PRIMEM[\"Greenwich\",0],UNIT[\"degree\",0.0174532925199433],AUTHORITY[\"EPSG\",\"4326\"]]",
		"json_geometry" : {
			"type" : "Point",
			"coordinates" : [ 3.2477466836923017, 51.23425778601615 ]
		}
	},
	{
		"json_featuretype" : "ZP08",
		"ID" : "ZP08",
		"Parameter" : "3/07/2017",
		"Temperatuu" : "19,1",
		"Zuurstof_(" : "-",
		"Zuurstofpe" : "83,1",
		"pH_(6)" : "8",
		"Ammonium_(" : "0,1",
		"Nitraat_(1" : "2,25",
		"Orthofosfa" : "0,28",
		"Chloride_(" : "423",
		"BOD_(23)" : "2,1115",
		"COD_(24)" : "11,9361",
		"TOC_(25)" : "3,41",
		"Totaal_sti" : "2,3",
		"Sulfaat_(1" : "143",
		"Zware_meta" : "",
		"Lood" : "",
		"Zink" : "",
		"Chroom" : "",
		"col18" : "1,225711259",
		"Basis_Prat" : "1,225711259",
		"Totale_Pra" : "1,310834917",
		"csv_line_n" : "6",
		"Nummer" : "ZP08",
		"Naam" : "Fortbeek",
		"Ligging_me" : "",
		"Centrum" : "nee",
		"TPI04" : 3.1,
		"TPI05" : 3.4,
		"TPI06" : 3.2,
		"TPI07" : 3.8,
		"TPI08" : 3.5,
		"Aangemaakt op" : "07/11/2018",
		"json_ogc_wkt_crs" : "GEOGCS[\"WGS84 Lat/Longs\",DATUM[\"WGS_1984\",SPHEROID[\"World Geodetic System of 1984, GEM 10C\",6378137,298.257223563,AUTHORITY[\"EPSG\",\"7030\"]],AUTHORITY[\"EPSG\",\"6326\"]],PRIMEM[\"Greenwich\",0],UNIT[\"degree\",0.0174532925199433],AUTHORITY[\"EPSG\",\"4326\"]]",
		"json_geometry" : {
			"type" : "Point",
			"coordinates" : [ 3.2477466836923017, 51.23425778601615 ]
		}
	},
	{
		"json_featuretype" : "ZP08",
		"ID" : "ZP08",
		"Parameter" : "12/09/2017",
		"Temperatuu" : "16,8",
		"Zuurstof_(" : "-",
		"Zuurstofpe" : "79,1",
		"pH_(6)" : "8",
		"Ammonium_(" : "4",
		"Nitraat_(1" : "0,86",
		"Orthofosfa" : "0,49",
		"Chloride_(" : "65,1",
		"BOD_(23)" : "2,5765",
		"COD_(24)" : "18,7871",
		"TOC_(25)" : "6,51",
		"Totaal_sti" : "6",
		"Sulfaat_(1" : "31,1",
		"Zware_meta" : "",
		"Lood" : "",
		"Zink" : "",
		"Chroom" : "",
		"col18" : "5,067804714",
		"Basis_Prat" : "5,067804714",
		"Totale_Pra" : "3,148385042",
		"csv_line_n" : "7",
		"Nummer" : "ZP08",
		"Naam" : "Fortbeek",
		"Ligging_me" : "",
		"Centrum" : "nee",
		"TPI04" : 3.1,
		"TPI05" : 3.4,
		"TPI06" : 3.2,
		"TPI07" : 3.8,
		"TPI08" : 3.5,
		"Aangemaakt op" : "07/11/2018",
		"json_ogc_wkt_crs" : "GEOGCS[\"WGS84 Lat/Longs\",DATUM[\"WGS_1984\",SPHEROID[\"World Geodetic System of 1984, GEM 10C\",6378137,298.257223563,AUTHORITY[\"EPSG\",\"7030\"]],AUTHORITY[\"EPSG\",\"6326\"]],PRIMEM[\"Greenwich\",0],UNIT[\"degree\",0.0174532925199433],AUTHORITY[\"EPSG\",\"4326\"]]",
		"json_geometry" : {
			"type" : "Point",
			"coordinates" : [ 3.2477466836923017, 51.23425778601615 ]
		}
	},
	{
		"json_featuretype" : "ZP08",
		"ID" : "ZP08",
		"Parameter" : "13/11/2017",
		"Temperatuu" : "8,1",
		"Zuurstof_(" : "-",
		"Zuurstofpe" : "96,7",
		"pH_(6)" : "7,9",
		"Ammonium_(" : "0,07",
		"Nitraat_(1" : "1,29",
		"Orthofosfa" : "",
		"Chloride_(" : "202",
		"BOD_(23)" : "2,4355",
		"COD_(24)" : "16,7097",
		"TOC_(25)" : "5,57",
		"Totaal_sti" : "2",
		"Sulfaat_(1" : "95",
		"Zware_meta" : "",
		"Lood" : "",
		"Zink" : "",
		"Chroom" : "",
		"col18" : "0,946026491",
		"Basis_Prat" : "0,946026491",
		"Totale_Pra" : "1,087358611",
		"csv_line_n" : "8",
		"Nummer" : "ZP08",
		"Naam" : "Fortbeek",
		"Ligging_me" : "",
		"Centrum" : "nee",
		"TPI04" : 3.1,
		"TPI05" : 3.4,
		"TPI06" : 3.2,
		"TPI07" : 3.8,
		"TPI08" : 3.5,
		"Aangemaakt op" : "07/11/2018",
		"json_ogc_wkt_crs" : "GEOGCS[\"WGS84 Lat/Longs\",DATUM[\"WGS_1984\",SPHEROID[\"World Geodetic System of 1984, GEM 10C\",6378137,298.257223563,AUTHORITY[\"EPSG\",\"7030\"]],AUTHORITY[\"EPSG\",\"6326\"]],PRIMEM[\"Greenwich\",0],UNIT[\"degree\",0.0174532925199433],AUTHORITY[\"EPSG\",\"4326\"]]",
		"json_geometry" : {
			"type" : "Point",
			"coordinates" : [ 3.2477466836923017, 51.23425778601615 ]
		}
	}
]