[
	{
		"json_featuretype" : "ZP10",
		"ID" : "ZP10",
		"Parameter" : "6/03/2017",
		"Temperatuu" : "9,6",
		"Zuurstof_(" : "-",
		"Zuurstofpe" : "145",
		"pH_(6)" : "7,9",
		"Ammonium_(" : "0,28",
		"Nitraat_(1" : "0,48",
		"Orthofosfa" : "0,53",
		"Chloride_(" : "111",
		"BOD_(23)" : "3,16",
		"COD_(24)" : "27,384",
		"TOC_(25)" : "10,4",
		"Totaal_sti" : "1,8",
		"Sulfaat_(1" : "85",
		"Zware_meta" : "",
		"Lood" : "",
		"Zink" : "",
		"Chroom" : "",
		"Basis_Prat" : "2,835934677",
		"Totale_Pra" : "2,015809919",
		"csv_line_n" : "4",
		"Nummer" : "ZP10",
		"Naam" : "Damse Vaart",
		"Ligging_me" : "",
		"Centrum" : "nee",
		"TPI04" : 3.3,
		"TPI05" : 2.8,
		"TPI06" : 2.1,
		"TPI07" : 2.1,
		"TPI08" : 2,
		"Aangemaakt op" : "07/11/2018",
		"json_ogc_wkt_crs" : "GEOGCS[\"WGS84 Lat/Longs\",DATUM[\"WGS_1984\",SPHEROID[\"World Geodetic System of 1984, GEM 10C\",6378137,298.257223563,AUTHORITY[\"EPSG\",\"7030\"]],AUTHORITY[\"EPSG\",\"6326\"]],PRIMEM[\"Greenwich\",0],UNIT[\"degree\",0.0174532925199433],AUTHORITY[\"EPSG\",\"4326\"]]",
		"json_geometry" : {
			"type" : "Point",
			"coordinates" : [ 3.250474975528189, 51.22993634130132 ]
		}
	},
	{
		"json_featuretype" : "ZP10",
		"ID" : "ZP10",
		"Parameter" : "24/04/2017",
		"Temperatuu" : "13,8",
		"Zuurstof_(" : "-",
		"Zuurstofpe" : "59,8",
		"pH_(6)" : "8,1",
		"Ammonium_(" : "0,08",
		"Nitraat_(1" : "3,26",
		"Orthofosfa" : "0,15",
		"Chloride_(" : "196",
		"BOD_(23)" : "2,56",
		"COD_(24)" : "18,544",
		"TOC_(25)" : "6,4",
		"Totaal_sti" : "4,4",
		"Sulfaat_(1" : "114",
		"Zware_meta" : "",
		"Lood" : "",
		"Zink" : "",
		"Chroom" : "",
		"Basis_Prat" : "2,017684768",
		"Totale_Pra" : "1,870030272",
		"csv_line_n" : "5",
		"Nummer" : "ZP10",
		"Naam" : "Damse Vaart",
		"Ligging_me" : "",
		"Centrum" : "nee",
		"TPI04" : 3.3,
		"TPI05" : 2.8,
		"TPI06" : 2.1,
		"TPI07" : 2.1,
		"TPI08" : 2,
		"Aangemaakt op" : "07/11/2018",
		"json_ogc_wkt_crs" : "GEOGCS[\"WGS84 Lat/Longs\",DATUM[\"WGS_1984\",SPHEROID[\"World Geodetic System of 1984, GEM 10C\",6378137,298.257223563,AUTHORITY[\"EPSG\",\"7030\"]],AUTHORITY[\"EPSG\",\"6326\"]],PRIMEM[\"Greenwich\",0],UNIT[\"degree\",0.0174532925199433],AUTHORITY[\"EPSG\",\"4326\"]]",
		"json_geometry" : {
			"type" : "Point",
			"coordinates" : [ 3.250474975528189, 51.22993634130132 ]
		}
	},
	{
		"json_featuretype" : "ZP10",
		"ID" : "ZP10",
		"Parameter" : "3/07/2017",
		"Temperatuu" : "16,7",
		"Zuurstof_(" : "-",
		"Zuurstofpe" : "31,5",
		"pH_(6)" : "7,8",
		"Ammonium_(" : "0,12",
		"Nitraat_(1" : "0,91",
		"Orthofosfa" : "0,22",
		"Chloride_(" : "397",
		"BOD_(23)" : "2,149",
		"COD_(24)" : "12,4886",
		"TOC_(25)" : "3,66",
		"Totaal_sti" : "1,14",
		"Sulfaat_(1" : "141",
		"Zware_meta" : "",
		"Lood" : "",
		"Zink" : "",
		"Chroom" : "",
		"Basis_Prat" : "2,871564226",
		"Totale_Pra" : "1,948640062",
		"csv_line_n" : "6",
		"Nummer" : "ZP10",
		"Naam" : "Damse Vaart",
		"Ligging_me" : "",
		"Centrum" : "nee",
		"TPI04" : 3.3,
		"TPI05" : 2.8,
		"TPI06" : 2.1,
		"TPI07" : 2.1,
		"TPI08" : 2,
		"Aangemaakt op" : "07/11/2018",
		"json_ogc_wkt_crs" : "GEOGCS[\"WGS84 Lat/Longs\",DATUM[\"WGS_1984\",SPHEROID[\"World Geodetic System of 1984, GEM 10C\",6378137,298.257223563,AUTHORITY[\"EPSG\",\"7030\"]],AUTHORITY[\"EPSG\",\"6326\"]],PRIMEM[\"Greenwich\",0],UNIT[\"degree\",0.0174532925199433],AUTHORITY[\"EPSG\",\"4326\"]]",
		"json_geometry" : {
			"type" : "Point",
			"coordinates" : [ 3.250474975528189, 51.22993634130132 ]
		}
	},
	{
		"json_featuretype" : "ZP10",
		"ID" : "ZP10",
		"Parameter" : "12/09/2017",
		"Temperatuu" : "15,6",
		"Zuurstof_(" : "-",
		"Zuurstofpe" : "47,6",
		"pH_(6)" : "7,6",
		"Ammonium_(" : "0,34",
		"Nitraat_(1" : "1,07",
		"Orthofosfa" : "0,22",
		"Chloride_(" : "181",
		"BOD_(23)" : "2,455",
		"COD_(24)" : "16,997",
		"TOC_(25)" : "5,7",
		"Totaal_sti" : "2,1",
		"Sulfaat_(1" : "73",
		"Zware_meta" : "",
		"Lood" : "",
		"Zink" : "",
		"Chroom" : "",
		"Basis_Prat" : "2,795173312",
		"Totale_Pra" : "1,915827886",
		"csv_line_n" : "7",
		"Nummer" : "ZP10",
		"Naam" : "Damse Vaart",
		"Ligging_me" : "",
		"Centrum" : "nee",
		"TPI04" : 3.3,
		"TPI05" : 2.8,
		"TPI06" : 2.1,
		"TPI07" : 2.1,
		"TPI08" : 2,
		"Aangemaakt op" : "07/11/2018",
		"json_ogc_wkt_crs" : "GEOGCS[\"WGS84 Lat/Longs\",DATUM[\"WGS_1984\",SPHEROID[\"World Geodetic System of 1984, GEM 10C\",6378137,298.257223563,AUTHORITY[\"EPSG\",\"7030\"]],AUTHORITY[\"EPSG\",\"6326\"]],PRIMEM[\"Greenwich\",0],UNIT[\"degree\",0.0174532925199433],AUTHORITY[\"EPSG\",\"4326\"]]",
		"json_geometry" : {
			"type" : "Point",
			"coordinates" : [ 3.250474975528189, 51.22993634130132 ]
		}
	},
	{
		"json_featuretype" : "ZP10",
		"ID" : "ZP10",
		"Parameter" : "13/11/2017",
		"Temperatuu" : "9,2",
		"Zuurstof_(" : "-",
		"Zuurstofpe" : "16,9",
		"pH_(6)" : "7,7",
		"Ammonium_(" : "1,98",
		"Nitraat_(1" : "0,18",
		"Orthofosfa" : "",
		"Chloride_(" : "172",
		"BOD_(23)" : "3,625",
		"COD_(24)" : "34,235",
		"TOC_(25)" : "13,5",
		"Totaal_sti" : "5,1",
		"Sulfaat_(1" : "72",
		"Zware_meta" : "",
		"Lood" : "",
		"Zink" : "",
		"Chroom" : "",
		"Basis_Prat" : "6,477596763",
		"Totale_Pra" : "3,783345507",
		"csv_line_n" : "8",
		"Nummer" : "ZP10",
		"Naam" : "Damse Vaart",
		"Ligging_me" : "",
		"Centrum" : "nee",
		"TPI04" : 3.3,
		"TPI05" : 2.8,
		"TPI06" : 2.1,
		"TPI07" : 2.1,
		"TPI08" : 2,
		"Aangemaakt op" : "07/11/2018",
		"json_ogc_wkt_crs" : "GEOGCS[\"WGS84 Lat/Longs\",DATUM[\"WGS_1984\",SPHEROID[\"World Geodetic System of 1984, GEM 10C\",6378137,298.257223563,AUTHORITY[\"EPSG\",\"7030\"]],AUTHORITY[\"EPSG\",\"6326\"]],PRIMEM[\"Greenwich\",0],UNIT[\"degree\",0.0174532925199433],AUTHORITY[\"EPSG\",\"4326\"]]",
		"json_geometry" : {
			"type" : "Point",
			"coordinates" : [ 3.250474975528189, 51.22993634130132 ]
		}
	}
]