A;B;C;01:00;02:00;03:00;04:00;05:00;06:00;07:00;08:00;09:00;10:00;11:00;12:00;13:00;14:00;15:00;16:00;17:00;18:00;19:00;20:00;21:00;22:00;23:00;24:00;T16;T24;latWGS84;loWGS84;Aangemaakt op
20140909;Licht;00-30;0;0;0;0;0;0;0;3;18;22;15;15;7;5;11;12;21;31;13;9;3;1;0;0;186;186;;;08/07/2016
20140909;Licht;30-50;4;1;4;4;2;3;28;141;273;187;223;259;198;182;201;299;420;549;267;124;67;61;37;16;3479;3550;;;08/07/2016
20140909;Licht;50-70;16;9;2;2;9;16;43;93;71;53;61;58;104;101;94;75;103;94;150;155;76;59;49;20;1390;1513;;;08/07/2016
20140909;Licht;70-90;2;0;0;2;6;4;4;5;2;0;0;1;1;3;0;0;3;0;1;2;7;6;1;3;35;53;;;08/07/2016
20140909;Licht;90-..;0;1;0;0;0;0;0;0;0;0;0;0;0;0;0;0;0;0;0;0;0;0;0;0;0;1;;;08/07/2016
20140909;Medium;00-30;0;0;0;0;0;0;2;2;4;7;2;1;1;1;1;1;4;1;0;0;0;1;0;0;28;28;;;08/07/2016
20140909;Medium;30-50;0;0;0;0;0;1;2;4;20;10;15;11;13;7;13;14;25;25;15;4;1;2;3;0;181;185;;;08/07/2016
20140909;Medium;50-70;0;0;1;1;1;0;3;3;4;2;4;0;2;4;8;3;2;4;2;5;3;0;1;0;49;53;;;08/07/2016
20140909;Medium;70-90;0;0;1;0;0;0;0;0;0;0;0;0;0;0;0;0;0;0;0;0;0;0;0;0;0;1;;;08/07/2016
20140909;Medium;90-..;0;0;0;0;0;0;0;0;0;0;0;0;0;0;0;0;0;0;0;0;0;0;0;0;0;0;;;08/07/2016
20140909;Zwaar;00-30;0;0;0;0;0;0;0;0;0;1;0;0;0;0;0;0;0;0;0;1;0;0;0;0;2;2;;;08/07/2016
20140909;Zwaar;30-50;0;0;0;1;0;0;0;1;1;0;2;3;0;4;0;4;3;7;0;1;1;0;0;0;27;28;;;08/07/2016
20140909;Zwaar;50-70;0;0;0;0;0;0;1;1;0;0;0;0;1;1;0;0;0;2;0;0;0;0;0;0;6;6;;;08/07/2016
20140909;Zwaar;70-90;0;0;0;0;0;0;0;0;0;0;0;0;0;0;0;0;0;0;0;0;0;0;0;0;0;0;;;08/07/2016
20140909;Zwaar;90-..;0;0;0;0;0;0;0;0;0;0;0;0;0;0;0;0;0;0;0;0;0;0;0;0;0;0;;;08/07/2016
20140910;Licht;00-30;0;0;0;0;1;1;2;10;13;9;18;17;15;12;0;3;25;15;10;8;4;0;0;0;161;163;;;08/07/2016
20140910;Licht;30-50;5;3;0;0;5;7;31;168;251;172;214;273;360;130;0;89;384;439;269;117;92;68;40;14;3057;3131;;;08/07/2016
20140910;Licht;50-70;12;4;4;4;9;15;36;82;69;49;38;77;117;66;0;19;88;100;173;105;66;51;50;29;1136;1263;;;08/07/2016
20140910;Licht;70-90;2;3;0;0;2;2;5;1;1;1;0;0;1;1;0;0;1;1;4;1;4;1;2;1;22;34;;;08/07/2016
20140910;Licht;90-..;2;2;0;0;1;0;0;0;0;0;0;0;0;0;0;0;0;0;0;0;0;0;0;0;0;5;;;08/07/2016
20140910;Medium;00-30;0;0;0;0;0;0;1;1;0;2;5;1;0;0;0;0;1;1;0;1;0;0;0;0;13;13;;;08/07/2016
20140910;Medium;30-50;0;0;0;0;0;1;4;9;16;13;10;14;10;8;0;4;14;18;7;4;3;4;2;0;138;141;;;08/07/2016
20140910;Medium;50-70;0;0;0;1;1;2;2;1;2;3;2;1;6;2;0;1;3;4;0;3;1;1;1;0;32;37;;;08/07/2016
20140910;Medium;70-90;0;0;0;0;0;0;0;0;0;0;0;0;0;0;0;0;0;0;0;0;0;0;0;0;0;0;;;08/07/2016
20140910;Medium;90-..;0;0;1;0;0;0;0;0;0;0;0;0;0;0;0;0;0;0;0;0;0;0;0;0;0;1;;;08/07/2016
20140910;Zwaar;00-30;0;0;0;0;0;0;0;0;0;0;0;0;0;0;0;0;1;0;0;0;0;0;0;0;1;1;;;08/07/2016
20140910;Zwaar;30-50;0;0;0;0;0;0;2;3;2;4;2;1;4;1;0;1;6;1;0;0;1;0;0;0;28;28;;;08/07/2016
20140910;Zwaar;50-70;0;0;0;0;0;0;0;0;1;0;0;0;0;0;0;1;0;1;0;0;0;1;0;0;4;4;;;08/07/2016
20140910;Zwaar;70-90;0;0;0;0;0;0;0;0;0;0;0;0;0;0;0;0;0;0;0;0;0;0;0;0;0;0;;;08/07/2016
20140910;Zwaar;90-..;0;0;0;0;0;0;0;0;0;0;0;0;0;0;0;0;0;0;0;0;0;0;0;0;0;0;;;08/07/2016
20140911;Licht;00-30;0;0;0;0;1;2;1;3;11;11;18;11;10;9;10;11;76;16;23;6;1;2;1;1;219;224;;;08/07/2016
20140911;Licht;30-50;1;1;0;0;5;3;35;160;286;172;207;207;260;193;226;236;459;499;291;122;124;87;54;16;3564;3644;;;08/07/2016
20140911;Licht;50-70;14;3;7;5;12;21;49;85;61;44;37;75;98;83;71;108;70;103;141;118;69;62;56;37;1274;1429;;;08/07/2016
20140911;Licht;70-90;8;0;2;0;2;0;2;0;0;0;0;0;1;1;1;0;1;0;0;4;3;1;1;4;14;31;;;08/07/2016
20140911;Licht;90-..;0;1;0;0;0;0;0;0;0;0;0;0;0;0;0;1;0;0;0;0;0;0;0;1;1;3;;;08/07/2016
20140911;Medium;00-30;0;0;0;0;0;0;1;2;3;1;2;1;1;1;2;2;5;1;0;1;1;0;1;0;24;25;;;08/07/2016
20140911;Medium;30-50;0;0;0;0;0;0;2;6;22;10;11;14;8;15;6;15;16;23;6;3;1;2;1;0;160;161;;;08/07/2016
20140911;Medium;50-70;0;0;0;1;1;1;1;3;5;1;4;2;4;3;1;6;0;6;3;4;0;3;1;1;46;51;;;08/07/2016
20140911;Medium;70-90;0;0;0;0;0;0;0;0;0;0;0;0;0;0;0;0;0;0;0;1;0;0;0;0;1;1;;;08/07/2016
20140911;Medium;90-..;0;0;1;0;0;0;0;0;0;0;0;0;0;0;0;0;0;0;0;0;0;0;0;0;0;1;;;08/07/2016
20140911;Zwaar;00-30;0;0;0;0;0;0;0;0;1;0;0;0;0;0;0;0;0;1;0;0;0;1;1;0;3;4;;;08/07/2016
20140911;Zwaar;30-50;0;0;0;0;0;0;0;2;1;4;1;3;1;2;1;1;4;5;2;1;0;0;0;0;28;28;;;08/07/2016
20140911;Zwaar;50-70;0;0;1;0;0;2;0;1;0;1;0;0;0;0;0;0;0;1;0;0;1;0;0;0;4;7;;;08/07/2016
20140911;Zwaar;70-90;0;0;0;0;0;0;0;0;0;0;0;0;0;0;0;0;0;0;0;0;0;0;0;0;0;0;;;08/07/2016
20140911;Zwaar;90-..;0;0;0;0;0;0;0;0;0;0;0;0;0;0;0;0;0;0;0;0;0;0;0;0;0;0;;;08/07/2016
20140912;Licht;00-30;0;1;0;0;0;1;1;8;19;24;25;29;8;12;15;16;35;21;5;6;1;1;3;1;226;232;;;08/07/2016
20140912;Licht;30-50;6;1;2;2;4;7;20;154;282;217;244;300;284;228;264;329;532;423;334;139;143;73;76;32;3966;4096;;;08/07/2016
20140912;Licht;50-70;18;14;8;3;8;13;43;80;55;46;49;56;85;113;88;67;72;105;150;121;79;72;47;51;1281;1443;;;08/07/2016
20140912;Licht;70-90;1;1;2;0;5;1;1;3;0;1;0;1;0;2;1;0;0;0;2;3;2;1;5;6;17;38;;;08/07/2016
20140912;Licht;90-..;1;0;0;1;0;0;0;0;0;0;0;0;0;0;0;0;0;0;0;0;0;0;0;0;0;2;;;08/07/2016
20140912;Medium;00-30;1;0;0;0;0;0;0;3;2;0;0;2;1;1;3;1;2;2;1;0;0;0;1;0;18;20;;;08/07/2016
20140912;Medium;30-50;0;0;1;0;0;2;2;6;27;17;14;16;14;15;12;18;27;20;9;6;4;3;1;1;210;215;;;08/07/2016
20140912;Medium;50-70;0;0;0;0;1;0;6;1;1;4;3;2;7;4;2;2;3;6;4;1;0;4;0;0;50;51;;;08/07/2016
20140912;Medium;70-90;0;0;0;1;0;0;0;0;0;0;0;0;0;0;0;0;0;0;0;1;0;0;0;0;1;2;;;08/07/2016
20140912;Medium;90-..;0;0;0;0;0;0;0;0;0;0;0;0;0;0;0;0;0;0;0;0;0;0;0;0;0;0;;;08/07/2016
20140912;Zwaar;00-30;0;0;0;0;0;0;0;0;1;0;1;0;0;0;0;1;0;0;0;0;0;0;0;0;3;3;;;08/07/2016
20140912;Zwaar;30-50;0;0;0;0;0;0;0;3;2;3;2;1;0;2;1;3;4;6;0;0;2;0;0;0;29;29;;;08/07/2016
20140912;Zwaar;50-70;0;0;0;0;0;0;3;0;0;0;0;0;0;0;0;0;0;0;0;0;0;0;1;0;3;4;;;08/07/2016
20140912;Zwaar;70-90;0;0;0;0;0;0;0;0;0;0;0;0;0;0;0;0;0;0;0;0;0;0;0;0;0;0;;;08/07/2016
20140912;Zwaar;90-..;0;0;0;0;0;0;0;0;0;0;0;0;0;0;0;0;0;0;0;0;0;0;0;0;0;0;;;08/07/2016
20140913;Licht;00-30;1;0;0;0;1;0;2;5;2;13;18;31;8;14;10;11;7;7;17;6;3;3;0;0;157;159;;;08/07/2016
20140913;Licht;30-50;34;8;12;4;6;8;10;24;89;212;286;313;271;211;209;250;291;312;272;158;98;39;50;52;3045;3219;;;08/07/2016
20140913;Licht;50-70;50;20;16;18;10;9;17;58;57;72;69;90;120;102;107;119;115;131;158;103;56;46;42;52;1420;1637;;;08/07/2016
20140913;Licht;70-90;4;1;2;5;3;3;0;1;4;1;0;0;3;1;0;2;1;0;1;1;1;3;0;1;19;38;;;08/07/2016
20140913;Licht;90-..;0;0;0;3;0;0;0;0;0;0;0;0;0;0;0;0;0;0;0;0;0;1;0;0;1;4;;;08/07/2016
20140913;Medium;00-30;0;1;0;0;0;0;0;1;0;1;0;3;2;1;0;3;2;2;1;0;1;1;1;0;18;20;;;08/07/2016
20140913;Medium;30-50;0;0;1;0;0;1;2;3;5;6;6;6;3;5;7;4;5;7;4;6;1;3;1;0;73;76;;;08/07/2016
20140913;Medium;50-70;1;0;1;1;0;0;1;4;3;1;0;3;1;1;5;2;3;2;0;1;2;1;0;0;30;33;;;08/07/2016
20140913;Medium;70-90;0;0;0;1;0;0;0;0;0;0;0;0;0;0;0;0;0;0;0;0;0;0;0;0;0;1;;;08/07/2016
20140913;Medium;90-..;0;0;0;0;0;0;0;0;0;0;0;0;0;0;0;0;0;0;0;0;0;0;0;0;0;0;;;08/07/2016
20140913;Zwaar;00-30;0;0;0;0;0;0;0;0;0;1;0;0;0;0;0;0;0;0;0;0;0;0;0;0;1;1;;;08/07/2016
20140913;Zwaar;30-50;0;0;0;1;0;0;0;0;0;2;2;1;0;0;0;0;0;0;1;0;0;1;0;0;7;8;;;08/07/2016
20140913;Zwaar;50-70;0;0;0;0;0;0;0;1;0;0;0;0;0;0;1;0;0;0;0;0;0;0;0;0;2;2;;;08/07/2016
20140913;Zwaar;70-90;0;0;0;0;0;0;0;0;0;0;0;0;0;0;0;0;0;0;0;0;0;0;0;0;0;0;;;08/07/2016
20140913;Zwaar;90-..;0;0;0;0;0;0;0;0;0;0;0;0;0;0;0;0;0;0;0;0;0;0;0;0;0;0;;;08/07/2016
20140914;Licht;00-30;0;0;1;0;0;1;0;1;4;7;8;8;8;6;3;6;5;4;2;3;1;3;0;1;69;72;;;08/07/2016
20140914;Licht;30-50;18;11;7;8;4;6;5;31;82;108;137;139;103;105;113;105;144;203;154;103;82;44;27;6;1658;1745;;;08/07/2016
20140914;Licht;50-70;44;31;23;17;10;13;7;25;50;68;91;111;97;88;111;81;78;101;128;105;72;48;29;18;1261;1446;;;08/07/2016
20140914;Licht;70-90;2;2;3;4;2;3;2;3;4;2;0;0;2;1;0;1;5;4;5;4;3;4;0;2;40;58;;;08/07/2016
20140914;Licht;90-..;0;0;0;0;3;1;0;1;0;0;0;0;0;0;0;0;0;0;1;0;0;0;0;0;2;6;;;08/07/2016
20140914;Medium;00-30;0;0;0;0;0;1;0;0;0;0;1;1;0;1;1;0;1;0;1;0;0;0;0;0;6;7;;;08/07/2016
20140914;Medium;30-50;1;0;0;0;0;2;0;0;1;1;1;1;1;1;1;0;1;3;3;1;3;0;0;0;18;21;;;08/07/2016
20140914;Medium;50-70;0;1;0;0;0;2;0;0;1;0;0;0;2;2;2;0;1;4;1;2;0;0;0;0;15;18;;;08/07/2016
20140914;Medium;70-90;0;0;0;0;0;0;0;0;0;0;0;0;0;0;0;0;0;0;0;0;0;0;0;0;0;0;;;08/07/2016
20140914;Medium;90-..;0;0;0;0;0;0;0;0;0;0;0;0;0;0;0;0;0;0;0;0;0;0;0;0;0;0;;;08/07/2016
20140914;Zwaar;00-30;0;0;0;0;0;0;0;0;0;0;0;0;0;0;0;0;0;0;0;0;0;0;0;0;0;0;;;08/07/2016
20140914;Zwaar;30-50;0;0;0;0;0;0;0;0;0;0;0;1;0;0;0;0;0;0;0;0;1;0;0;0;2;2;;;08/07/2016
20140914;Zwaar;50-70;0;0;0;0;0;0;0;0;0;0;0;0;0;0;0;0;0;0;0;0;0;0;0;0;0;0;;;08/07/2016
20140914;Zwaar;70-90;0;0;0;0;0;0;0;0;0;0;0;0;0;0;0;0;0;0;0;0;0;0;0;0;0;0;;;08/07/2016
20140914;Zwaar;90-..;0;0;0;0;0;0;0;0;0;0;0;0;0;0;0;0;0;0;0;0;0;0;0;0;0;0;;;08/07/2016
20140915;Licht;00-30;0;0;0;1;1;1;2;9;7;12;8;29;10;8;34;17;25;18;15;5;4;0;3;1;203;210;;;08/07/2016
20140915;Licht;30-50;1;1;1;0;4;5;29;163;298;221;226;230;228;184;259;267;519;508;293;117;103;52;44;14;3697;3767;;;08/07/2016
20140915;Licht;50-70;11;4;6;4;16;14;40;87;57;50;37;48;95;100;62;99;67;89;123;112;67;64;41;31;1197;1324;;;08/07/2016
20140915;Licht;70-90;1;1;2;2;0;1;2;1;0;0;0;0;3;1;0;1;0;0;0;3;2;0;2;3;13;25;;;08/07/2016
20140915;Licht;90-..;0;1;0;0;1;0;0;0;0;0;0;0;0;0;0;0;0;0;0;1;0;0;0;0;1;3;;;08/07/2016
20140915;Medium;00-30;0;0;0;0;0;2;1;1;1;4;0;0;1;4;4;2;2;2;2;0;2;0;0;0;26;28;;;08/07/2016
20140915;Medium;30-50;0;0;0;0;1;1;1;6;18;10;15;19;8;12;14;14;17;21;10;5;4;1;0;0;175;177;;;08/07/2016
20140915;Medium;50-70;0;0;0;1;0;2;1;3;2;3;1;0;3;2;4;4;4;0;2;2;2;2;0;0;35;38;;;08/07/2016
20140915;Medium;70-90;0;0;0;0;0;0;0;0;0;0;0;0;0;0;0;0;0;0;0;0;0;0;1;0;0;1;;;08/07/2016
20140915;Medium;90-..;0;0;0;0;0;0;0;0;0;0;0;0;0;0;0;0;0;0;0;0;0;0;0;0;0;0;;;08/07/2016
20140915;Zwaar;00-30;0;0;0;0;0;0;0;0;0;1;0;1;1;1;0;0;0;0;0;0;1;0;0;0;5;5;;;08/07/2016
20140915;Zwaar;30-50;0;0;0;0;0;0;1;1;4;3;2;1;3;2;1;3;1;4;0;0;1;0;0;0;27;27;;;08/07/2016
20140915;Zwaar;50-70;0;0;0;0;0;0;0;1;0;0;0;0;1;1;0;1;1;0;1;0;0;0;0;0;6;6;;;08/07/2016
20140915;Zwaar;70-90;0;0;0;0;0;0;0;0;0;0;0;0;0;0;0;0;0;0;0;0;0;0;0;0;0;0;;;08/07/2016
20140915;Zwaar;90-..;0;0;0;0;0;0;0;0;0;0;0;0;0;0;0;0;0;0;0;0;0;0;0;0;0;0;;;08/07/2016
20140916;Licht;00-30;0;0;0;0;0;0;3;10;21;24;20;15;13;13;10;9;12;25;17;9;2;6;1;0;209;210;;;08/07/2016
20140916;Licht;30-50;3;4;3;1;6;7;27;157;286;175;212;238;263;175;188;243;464;513;379;170;94;79;36;14;3663;3737;;;08/07/2016
20140916;Licht;50-70;9;3;3;5;10;17;36;80;56;54;39;72;97;86;92;93;85;109;129;120;86;73;66;35;1307;1455;;;08/07/2016
20140916;Licht;70-90;4;3;1;2;0;2;3;1;1;1;1;0;0;1;1;2;0;0;0;3;1;3;7;5;18;42;;;08/07/2016
20140916;Licht;90-..;0;0;0;0;0;0;0;0;0;0;0;0;0;0;0;0;0;0;0;0;0;0;0;0;0;0;;;08/07/2016
20140916;Medium;00-30;0;0;0;0;0;0;0;2;1;9;0;0;2;3;2;3;1;2;4;0;0;0;0;0;29;29;;;08/07/2016
20140916;Medium;30-50;0;0;1;0;0;0;1;8;22;9;14;14;10;13;13;7;22;22;11;3;2;2;0;0;173;174;;;08/07/2016
20140916;Medium;50-70;1;0;0;1;0;0;3;2;0;1;0;0;2;7;7;4;2;2;4;1;0;1;2;0;36;40;;;08/07/2016
20140916;Medium;70-90;0;0;1;0;0;0;0;0;0;0;0;0;0;0;0;0;0;0;0;0;0;0;0;0;0;1;;;08/07/2016
20140916;Medium;90-..;0;0;0;0;0;0;0;0;0;0;0;0;0;0;0;0;0;0;0;0;0;0;0;0;0;0;;;08/07/2016
20140916;Zwaar;00-30;0;0;1;0;0;0;0;0;0;0;0;0;0;0;0;0;0;0;0;0;0;0;1;0;0;2;;;08/07/2016
20140916;Zwaar;30-50;0;0;0;0;0;0;0;6;1;1;2;6;2;3;2;3;3;4;0;0;1;0;0;0;34;34;;;08/07/2016
20140916;Zwaar;50-70;0;0;0;0;0;1;1;0;0;0;0;0;0;0;0;0;1;1;0;1;0;0;0;0;4;5;;;08/07/2016
20140916;Zwaar;70-90;0;0;0;0;0;0;0;0;0;0;0;0;0;0;0;0;0;0;0;0;0;0;0;0;0;0;;;08/07/2016
20140916;Zwaar;90-..;0;0;0;0;0;0;0;0;0;0;0;0;0;0;0;0;0;0;0;0;0;0;0;0;0;0;;;08/07/2016
20140917;Licht;00-30;0;0;0;0;0;0;3;13;10;26;17;20;8;8;12;20;23;10;5;8;1;2;1;2;186;189;;;08/07/2016
20140917;Licht;30-50;8;0;1;1;6;5;31;160;240;192;215;310;363;263;246;200;368;447;318;170;111;72;34;10;3706;3771;;;08/07/2016
20140917;Licht;50-70;13;8;3;9;7;18;35;88;90;64;44;61;132;133;118;114;90;89;128;89;74;76;43;28;1425;1554;;;08/07/2016
20140917;Licht;70-90;1;3;3;1;1;1;4;0;2;0;0;0;1;1;1;1;0;0;0;0;2;2;2;2;14;28;;;08/07/2016
20140917;Licht;90-..;0;1;1;0;0;0;0;0;0;0;0;0;0;0;0;0;0;0;0;1;0;0;0;0;1;3;;;08/07/2016
20140917;Medium;00-30;0;0;0;0;0;0;0;0;1;3;3;0;1;2;2;3;0;0;1;3;1;0;0;0;20;20;;;08/07/2016
20140917;Medium;30-50;0;0;0;0;1;1;2;5;14;14;17;17;13;9;15;10;11;18;13;6;1;1;1;0;166;169;;;08/07/2016
20140917;Medium;50-70;0;0;2;0;0;1;1;2;2;1;2;5;3;3;3;3;3;6;0;3;1;1;1;1;39;44;;;08/07/2016
20140917;Medium;70-90;0;0;0;0;0;0;0;0;0;0;0;0;0;0;1;0;0;0;0;0;0;0;0;0;1;1;;;08/07/2016
20140917;Medium;90-..;0;0;0;0;0;0;0;0;0;0;0;0;0;0;0;0;0;0;0;0;0;0;0;0;0;0;;;08/07/2016
20140917;Zwaar;00-30;0;0;0;0;0;0;0;0;0;0;0;0;0;0;0;1;0;0;0;0;0;0;0;0;1;1;;;08/07/2016
20140917;Zwaar;30-50;0;0;0;0;0;0;0;3;5;2;3;1;2;3;0;3;1;1;2;0;1;0;1;0;27;28;;;08/07/2016
20140917;Zwaar;50-70;0;0;0;0;0;0;1;0;0;0;0;0;0;1;0;2;1;0;0;0;0;0;0;0;5;5;;;08/07/2016
20140917;Zwaar;70-90;0;0;0;0;0;0;0;0;0;0;0;0;0;0;0;0;0;0;0;0;0;0;0;0;0;0;;;08/07/2016
20140917;Zwaar;90-..;0;0;0;0;0;0;0;0;0;0;0;0;0;0;0;0;0;0;0;0;0;0;0;0;0;0;;;08/07/2016
20140918;Licht;00-30;0;0;0;0;0;0;2;16;15;16;29;17;14;15;9;21;28;236;162;6;2;3;3;2;591;596;;;08/07/2016
20140918;Licht;30-50;3;0;2;1;2;7;22;165;273;193;234;264;229;187;208;249;444;391;308;110;76;74;61;21;3427;3524;;;08/07/2016
20140918;Licht;50-70;14;6;3;2;12;13;38;79;65;42;52;54;94;98;84;70;110;38;90;103;81;73;48;33;1171;1302;;;08/07/2016
20140918;Licht;70-90;1;3;0;2;2;2;0;0;0;0;0;0;1;0;1;0;0;0;1;3;2;2;1;3;10;24;;;08/07/2016
20140918;Licht;90-..;1;0;0;0;0;0;0;0;0;0;0;0;0;0;0;0;0;0;0;0;0;0;1;0;0;2;;;08/07/2016
20140918;Medium;00-30;0;0;0;0;0;0;2;2;2;3;2;3;3;1;4;4;2;13;10;2;0;0;1;0;53;54;;;08/07/2016
20140918;Medium;30-50;1;0;0;0;0;1;1;4;17;15;19;18;8;18;21;17;18;26;7;4;2;2;2;0;197;201;;;08/07/2016
20140918;Medium;50-70;0;1;1;0;1;3;2;5;1;2;4;2;8;8;3;5;7;1;2;2;1;0;1;0;53;60;;;08/07/2016
20140918;Medium;70-90;0;0;0;0;0;0;0;0;0;0;0;0;0;0;0;0;0;0;1;0;0;0;0;0;1;1;;;08/07/2016
20140918;Medium;90-..;0;0;1;0;0;0;0;0;0;0;0;0;0;0;0;0;0;0;0;0;0;0;0;0;0;1;;;08/07/2016
20140918;Zwaar;00-30;0;0;0;0;0;0;0;1;0;0;0;0;1;0;0;0;0;2;1;0;0;0;0;0;5;5;;;08/07/2016
20140918;Zwaar;30-50;0;0;0;0;0;0;3;3;2;0;3;1;4;0;0;0;2;5;0;0;1;0;0;0;24;24;;;08/07/2016
20140918;Zwaar;50-70;0;0;0;0;0;0;0;0;1;0;2;0;0;0;0;2;0;0;0;0;0;0;0;0;5;5;;;08/07/2016
20140918;Zwaar;70-90;0;0;0;0;0;0;0;0;0;0;0;0;0;0;0;0;0;0;0;0;0;0;0;0;0;0;;;08/07/2016
20140918;Zwaar;90-..;0;0;0;0;0;0;0;0;0;0;0;0;0;0;0;0;0;0;0;0;0;0;0;0;0;0;;;08/07/2016
20140919;Licht;00-30;1;0;0;0;3;2;2;36;20;20;23;15;7;27;15;31;49;22;25;4;2;3;3;2;301;312;;;08/07/2016
20140919;Licht;30-50;5;4;2;2;4;7;28;133;332;196;227;264;259;214;234;362;482;454;373;184;84;66;46;58;3892;4020;;;08/07/2016
20140919;Licht;50-70;25;6;9;12;10;14;40;65;57;52;53;50;98;78;87;85;67;70;108;109;85;63;60;66;1167;1369;;;08/07/2016
20140919;Licht;70-90;6;3;1;0;2;2;3;1;0;0;0;0;1;0;3;1;0;2;1;1;1;1;1;1;15;31;;;08/07/2016
20140919;Licht;90-..;0;1;0;1;1;0;0;0;0;0;0;0;0;0;0;0;0;0;0;0;0;0;0;1;0;4;;;08/07/2016
20140919;Medium;00-30;1;0;0;0;0;0;0;4;6;0;2;2;1;3;4;5;4;1;0;2;1;0;0;0;35;36;;;08/07/2016
20140919;Medium;30-50;0;0;0;0;0;1;2;7;22;20;15;20;16;10;17;22;22;23;9;3;2;1;0;3;211;215;;;08/07/2016
20140919;Medium;50-70;0;0;0;1;1;1;4;2;2;3;3;3;6;5;6;2;1;2;1;1;0;2;0;2;43;48;;;08/07/2016
20140919;Medium;70-90;0;0;0;0;0;0;0;0;0;0;0;1;0;0;0;0;0;0;0;0;0;0;0;1;1;2;;;08/07/2016
20140919;Medium;90-..;0;0;0;0;0;0;0;0;0;0;0;0;0;0;0;0;0;0;0;0;0;0;0;0;0;0;;;08/07/2016
20140919;Zwaar;00-30;0;0;0;0;0;0;0;1;0;0;0;0;0;2;0;0;1;0;0;0;0;0;0;0;4;4;;;08/07/2016
20140919;Zwaar;30-50;0;0;0;0;0;1;0;3;1;3;1;0;3;2;1;5;4;2;2;1;1;0;0;0;29;30;;;08/07/2016
20140919;Zwaar;50-70;0;0;0;0;0;0;0;0;0;0;0;0;0;1;0;0;0;0;0;0;0;0;0;0;1;1;;;08/07/2016
20140919;Zwaar;70-90;0;0;0;0;0;0;0;0;0;0;0;0;0;0;0;0;0;0;0;0;0;0;0;0;0;0;;;08/07/2016
20140919;Zwaar;90-..;0;0;0;0;0;0;0;0;0;0;0;0;0;0;0;0;0;0;0;0;0;0;0;0;0;0;;;08/07/2016
20140920;Licht;00-30;1;3;1;0;0;2;1;1;3;11;19;36;9;11;12;19;11;15;7;2;4;4;2;0;165;174;;;08/07/2016
20140920;Licht;30-50;36;23;18;9;2;4;4;42;119;187;276;309;302;267;294;299;306;334;277;115;62;46;55;43;3239;3429;;;08/07/2016
20140920;Licht;50-70;55;26;15;14;17;8;11;32;59;62;78;81;94;76;72;70;99;115;148;99;67;43;54;44;1206;1439;;;08/07/2016
20140920;Licht;70-90;6;2;1;1;0;4;3;2;2;1;0;0;0;2;0;0;1;1;3;2;3;2;4;3;22;43;;;08/07/2016
20140920;Licht;90-..;1;0;0;0;0;0;0;0;0;0;0;0;0;0;0;0;0;0;0;0;0;0;0;0;0;1;;;08/07/2016
20140920;Medium;00-30;0;1;0;0;0;0;0;0;0;0;0;0;1;1;0;0;1;2;0;0;0;0;0;1;5;7;;;08/07/2016
20140920;Medium;30-50;2;1;1;0;0;1;2;2;3;5;11;10;2;10;6;8;6;12;6;2;0;1;0;2;86;93;;;08/07/2016
20140920;Medium;50-70;0;0;0;0;1;1;0;0;2;0;1;0;4;1;4;2;0;1;0;2;1;0;3;0;18;23;;;08/07/2016
20140920;Medium;70-90;0;0;0;0;0;0;0;0;0;0;0;0;0;0;0;0;0;0;0;0;0;0;0;0;0;0;;;08/07/2016
20140920;Medium;90-..;0;0;0;0;0;0;0;0;0;0;0;0;0;0;0;0;0;0;0;0;0;0;0;0;0;0;;;08/07/2016
20140920;Zwaar;00-30;0;0;0;1;0;0;0;0;0;0;0;0;1;0;0;0;0;0;0;0;0;0;0;0;1;2;;;08/07/2016
20140920;Zwaar;30-50;0;0;0;1;0;0;0;0;1;1;1;0;0;1;0;1;1;2;0;2;0;0;0;1;10;12;;;08/07/2016
20140920;Zwaar;50-70;0;0;0;0;0;0;0;0;0;0;1;0;0;0;1;0;0;0;1;0;2;0;0;0;5;5;;;08/07/2016
20140920;Zwaar;70-90;0;0;0;0;0;0;0;0;0;0;0;0;0;0;0;0;0;0;0;0;0;0;0;0;0;0;;;08/07/2016
20140920;Zwaar;90-..;0;0;0;0;0;0;0;0;0;0;0;0;0;0;0;0;0;0;0;0;0;0;0;0;0;0;;;08/07/2016
20140921;Licht;00-30;1;1;1;0;0;0;1;5;3;5;2;7;6;2;10;9;3;4;3;5;3;2;0;2;70;75;;;08/07/2016
20140921;Licht;30-50;31;19;16;4;5;2;5;25;53;90;94;113;105;59;89;100;150;281;169;113;97;45;22;4;1588;1691;;;08/07/2016
20140921;Licht;50-70;36;30;19;22;12;9;14;36;63;75;76;92;83;86;72;71;104;115;125;72;54;53;30;14;1191;1363;;;08/07/2016
20140921;Licht;70-90;4;2;3;6;2;1;2;2;3;1;1;1;3;3;1;0;2;2;1;3;0;6;2;2;31;53;;;08/07/2016
20140921;Licht;90-..;0;0;0;0;0;0;0;0;0;0;0;0;0;0;0;0;0;0;0;1;0;0;0;2;1;3;;;08/07/2016
20140921;Medium;00-30;0;0;0;0;0;0;0;0;0;0;0;1;1;1;0;0;0;0;0;0;1;0;0;0;4;4;;;08/07/2016
20140921;Medium;30-50;0;2;2;0;0;1;0;1;3;3;3;0;1;1;0;0;3;1;0;1;2;2;0;0;21;26;;;08/07/2016
20140921;Medium;50-70;1;1;1;0;0;1;0;0;1;3;0;4;0;0;1;0;1;1;1;0;0;2;0;0;14;18;;;08/07/2016
20140921;Medium;70-90;1;0;0;0;0;0;1;0;0;0;0;0;0;0;0;0;0;0;0;0;0;0;0;0;1;2;;;08/07/2016
20140921;Medium;90-..;0;0;0;0;0;0;0;0;0;0;0;0;0;0;0;0;0;0;0;0;0;0;0;0;0;0;;;08/07/2016
20140921;Zwaar;00-30;0;0;0;0;0;0;0;0;0;0;0;0;0;0;0;0;0;0;0;0;0;0;0;0;0;0;;;08/07/2016
20140921;Zwaar;30-50;0;0;0;0;0;0;0;0;0;1;0;0;0;0;1;0;0;0;0;0;0;0;0;0;2;2;;;08/07/2016
20140921;Zwaar;50-70;0;0;0;0;0;0;0;0;0;0;0;0;0;0;0;0;0;0;1;0;0;0;0;0;1;1;;;08/07/2016
20140921;Zwaar;70-90;0;0;0;0;0;0;0;0;0;0;0;0;0;0;0;0;0;0;0;0;0;0;0;0;0;0;;;08/07/2016
20140921;Zwaar;90-..;0;0;0;0;0;0;0;0;0;0;0;0;0;0;0;0;0;0;0;0;0;0;0;0;0;0;;;08/07/2016
20140922;Licht;00-30;0;0;0;1;1;0;2;9;8;18;20;24;6;11;9;17;11;54;14;2;4;2;2;0;211;215;;;08/07/2016
20140922;Licht;30-50;4;3;2;3;8;6;31;166;314;191;230;225;221;188;218;269;518;547;343;129;83;51;38;7;3724;3795;;;08/07/2016
20140922;Licht;50-70;6;3;2;4;11;18;51;70;75;56;51;59;96;90;82;84;74;43;103;101;62;48;48;21;1145;1258;;;08/07/2016
20140922;Licht;70-90;2;2;1;1;1;2;3;1;0;1;0;0;0;1;2;0;1;0;3;0;2;3;1;2;17;29;;;08/07/2016
20140922;Licht;90-..;0;0;0;0;0;0;0;0;0;0;0;0;0;0;0;0;0;0;0;0;0;0;0;0;0;0;;;08/07/2016
20140922;Medium;00-30;0;0;0;0;0;0;1;1;0;0;1;3;0;0;1;1;0;3;1;1;0;0;0;0;13;13;;;08/07/2016
20140922;Medium;30-50;0;0;0;0;0;1;3;6;15;11;13;16;10;11;16;12;22;28;8;5;2;0;1;1;178;181;;;08/07/2016
20140922;Medium;50-70;1;0;0;0;0;2;1;3;0;2;1;0;3;3;7;5;7;2;1;0;3;1;0;1;39;43;;;08/07/2016
20140922;Medium;70-90;1;0;0;0;0;0;0;0;0;0;0;0;0;0;0;0;0;0;0;0;0;0;0;0;0;1;;;08/07/2016
20140922;Medium;90-..;0;0;0;0;0;0;0;0;0;0;0;0;0;0;0;0;0;0;0;0;0;0;0;0;0;0;;;08/07/2016
20140922;Zwaar;00-30;0;0;0;0;0;0;0;1;0;0;0;0;0;0;0;0;0;2;0;0;0;0;0;0;3;3;;;08/07/2016
20140922;Zwaar;30-50;0;0;0;0;0;0;0;2;3;2;6;3;1;2;4;2;4;2;1;0;0;0;0;0;32;32;;;08/07/2016
20140922;Zwaar;50-70;0;0;0;0;0;0;0;1;0;0;0;0;0;0;0;0;0;0;0;0;1;0;0;0;2;2;;;08/07/2016
20140922;Zwaar;70-90;0;0;0;0;0;0;0;0;0;0;0;0;0;0;0;0;0;0;0;0;0;0;0;0;0;0;;;08/07/2016
20140922;Zwaar;90-..;0;0;0;0;0;0;0;0;0;0;0;0;0;0;0;0;0;0;0;0;0;0;0;0;0;0;;;08/07/2016
20140923;Licht;00-30;0;0;0;0;0;0;2;2;22;14;30;17;9;10;10;13;48;115;13;9;1;2;4;2;317;323;;;08/07/2016
20140923;Licht;30-50;2;1;1;1;4;4;30;172;287;194;222;268;255;176;207;288;455;465;337;140;81;92;36;9;3669;3727;;;08/07/2016
20140923;Licht;50-70;13;3;4;6;7;13;41;73;57;54;52;46;92;72;78;73;59;81;142;122;68;74;48;20;1184;1298;;;08/07/2016
20140923;Licht;70-90;6;0;0;0;1;4;2;0;1;1;0;0;0;0;3;0;0;0;2;2;1;2;4;3;14;32;;;08/07/2016
20140923;Licht;90-..;0;0;0;2;0;0;0;0;0;0;0;0;0;0;0;0;0;0;0;0;0;0;0;0;0;2;;;08/07/2016
20140923;Medium;00-30;0;0;0;0;0;0;0;2;4;2;0;0;1;0;2;2;2;7;0;1;0;0;0;0;23;23;;;08/07/2016
20140923;Medium;30-50;0;0;0;0;0;2;3;2;15;16;20;15;12;12;3;13;27;19;10;7;1;3;1;0;178;181;;;08/07/2016
20140923;Medium;50-70;0;0;0;1;0;0;2;1;7;4;1;3;2;6;5;0;2;2;1;2;1;3;1;1;42;45;;;08/07/2016
20140923;Medium;70-90;0;0;1;0;0;0;0;0;0;0;0;0;0;0;0;0;0;0;1;0;0;0;0;0;1;2;;;08/07/2016
20140923;Medium;90-..;0;0;0;0;0;0;0;0;0;0;0;0;0;0;0;0;0;0;0;0;0;0;0;0;0;0;;;08/07/2016
20140923;Zwaar;00-30;0;0;0;0;0;1;0;0;0;0;0;0;0;0;0;0;0;2;0;0;0;0;0;0;2;3;;;08/07/2016
20140923;Zwaar;30-50;0;0;0;0;0;0;0;4;4;6;1;1;2;0;2;2;1;1;2;1;0;0;0;0;27;27;;;08/07/2016
20140923;Zwaar;50-70;0;0;0;0;0;0;0;0;0;0;0;0;0;0;0;1;0;0;0;0;1;0;0;0;2;2;;;08/07/2016
20140923;Zwaar;70-90;0;0;0;0;0;0;0;0;0;0;0;0;0;0;0;0;0;0;0;0;0;0;0;0;0;0;;;08/07/2016
20140923;Zwaar;90-..;0;0;0;0;0;0;0;0;0;0;0;0;0;0;0;0;0;0;0;0;0;0;0;0;0;0;;;08/07/2016
;;;;;;;;;;;;;;;;;;;;;;;;;;;;;;;08/07/2016
;;;;;;;;;;;;;;;;;;;;;;;;;;;;;;;08/07/2016
;;;;;;;;;;;;;;;;;;;;;;;;;;;;;;;08/07/2016
;;;;;;;;;;;;;;;;;;;;;;;;;;;;;;;08/07/2016
;;;;;;;;;;;;;;;;;;;;;;;;;;;;;;;08/07/2016
;;;;;;;;;;;;;;;;;;;;;;;;;;;;;;;08/07/2016
;;;;;;;;;;;;;;;;;;;;;;;;;;;;;;;08/07/2016
;;;;;;;;;;;;;;;;;;;;;;;;;;;;;;;08/07/2016
;;;;;;;;;;;;;;;;;;;;;;;;;;;;;;;08/07/2016
;;;;;;;;;;;;;;;;;;;;;;;;;;;;;;;08/07/2016
;;;;;;;;;;;;;;;;;;;;;;;;;;;;;;;08/07/2016
;;;;;;;;;;;;;;;;;;;;;;;;;;;;;;;08/07/2016
;;;;;;;;;;;;;;;;;;;;;;;;;;;;;;;08/07/2016
;;;;;;;;;;;;;;;;;;;;;;;;;;;;;;;08/07/2016
;;;;;;;;;;;;;;;;;;;;;;;;;;;;;;;08/07/2016
;;;;;;;;;;;;;;;;;;;;;;;;;;;;;;;08/07/2016
;;;;;;;;;;;;;;;;;;;;;;;;;;;;;;;08/07/2016
;;;;;;;;;;;;;;;;;;;;;;;;;;;;;;;08/07/2016
;;;;;;;;;;;;;;;;;;;;;;;;;;;;;;;08/07/2016
;;;;;;;;;;;;;;;;;;;;;;;;;;;;;;;08/07/2016
;;;;;;;;;;;;;;;;;;;;;;;;;;;;;;;08/07/2016
;;;;;;;;;;;;;;;;;;;;;;;;;;;;;;;08/07/2016
;;;;;;;;;;;;;;;;;;;;;;;;;;;;;;;08/07/2016
;;;;;;;;;;;;;;;;;;;;;;;;;;;;;;;08/07/2016
;;;;;;;;;;;;;;;;;;;;;;;;;;;;;;;08/07/2016
;;;;;;;;;;;;;;;;;;;;;;;;;;;;;;;08/07/2016
;;;;;;;;;;;;;;;;;;;;;;;;;;;;;;;08/07/2016
;;;;;;;;;;;;;;;;;;;;;;;;;;;;;;;08/07/2016
;;;;;;;;;;;;;;;;;;;;;;;;;;;;;;;08/07/2016
;;;;;;;;;;;;;;;;;;;;;;;;;;;;;;;08/07/2016
;;;;;;;;;;;;;;;;;;;;;;;;;;;;;;;08/07/2016
;;;;;;;;;;;;;;;;;;;;;;;;;;;;;;;08/07/2016
;;;;;;;;;;;;;;;;;;;;;;;;;;;;;;;08/07/2016
;;;;;;;;;;;;;;;;;;;;;;;;;;;;;;;08/07/2016
;;;;;;;;;;;;;;;;;;;;;;;;;;;;;;;08/07/2016
;;;;;;;;;;;;;;;;;;;;;;;;;;;;;;;08/07/2016
;;;;;;;;;;;;;;;;;;;;;;;;;;;;;;;08/07/2016
;;;;;;;;;;;;;;;;;;;;;;;;;;;;;;;08/07/2016
;;;;;;;;;;;;;;;;;;;;;;;;;;;;;;;08/07/2016
;;;;;;;;;;;;;;;;;;;;;;;;;;;;;;;08/07/2016
;;;;;;;;;;;;;;;;;;;;;;;;;;;;;;;08/07/2016
;;;;;;;;;;;;;;;;;;;;;;;;;;;;;;;08/07/2016
;;;;;;;;;;;;;;;;;;;;;;;;;;;;;;;08/07/2016
;;;;;;;;;;;;;;;;;;;;;;;;;;;;;;;08/07/2016
;;;;;;;;;;;;;;;;;;;;;;;;;;;;;;;08/07/2016
;;;;;;;;;;;;;;;;;;;;;;;;;;;;;;;08/07/2016
;;;;;;;;;;;;;;;;;;;;;;;;;;;;;;;08/07/2016
;;;;;;;;;;;;;;;;;;;;;;;;;;;;;;;08/07/2016
;;;;;;;;;;;;;;;;;;;;;;;;;;;;;;;08/07/2016
;;;;;;;;;;;;;;;;;;;;;;;;;;;;;;;08/07/2016
;;;;;;;;;;;;;;;;;;;;;;;;;;;;;;;08/07/2016
;;;;;;;;;;;;;;;;;;;;;;;;;;;;;;;08/07/2016
;;;;;;;;;;;;;;;;;;;;;;;;;;;;;;;08/07/2016
;;;;;;;;;;;;;;;;;;;;;;;;;;;;;;;08/07/2016
;;;;;;;;;;;;;;;;;;;;;;;;;;;;;;;08/07/2016
;;;;;;;;;;;;;;;;;;;;;;;;;;;;;;;08/07/2016
;;;;;;;;;;;;;;;;;;;;;;;;;;;;;;;08/07/2016
;;;;;;;;;;;;;;;;;;;;;;;;;;;;;;;08/07/2016
;;;;;;;;;;;;;;;;;;;;;;;;;;;;;;;08/07/2016
;;;;;;;;;;;;;;;;;;;;;;;;;;;;;;;08/07/2016
;;;;;;;;;;;;;;;;;;;;;;;;;;;;;;;08/07/2016
;;;;;;;;;;;;;;;;;;;;;;;;;;;;;;;08/07/2016
;;;;;;;;;;;;;;;;;;;;;;;;;;;;;;;08/07/2016
;;;;;;;;;;;;;;;;;;;;;;;;;;;;;;;08/07/2016
;;;;;;;;;;;;;;;;;;;;;;;;;;;;;;;08/07/2016
;;;;;;;;;;;;;;;;;;;;;;;;;;;;;;;08/07/2016
;;;;;;;;;;;;;;;;;;;;;;;;;;;;;;;08/07/2016
;;;;;;;;;;;;;;;;;;;;;;;;;;;;;;;08/07/2016
;;;;;;;;;;;;;;;;;;;;;;;;;;;;;;;08/07/2016
;;;;;;;;;;;;;;;;;;;;;;;;;;;;;;;08/07/2016
;;;;;;;;;;;;;;;;;;;;;;;;;;;;;;;08/07/2016
;;;;;;;;;;;;;;;;;;;;;;;;;;;;;;;08/07/2016
;;;;;;;;;;;;;;;;;;;;;;;;;;;;;;;08/07/2016
;;;;;;;;;;;;;;;;;;;;;;;;;;;;;;;08/07/2016
;;;;;;;;;;;;;;;;;;;;;;;;;;;;;;;08/07/2016
