<?xml version="1.0" encoding="UTF-8"?>
<fme:xml-tables xmlns:xsi="http://www.w3.org/2001/XMLSchema-instance" xmlns:fme="http://www.safe.com/xml/xmltables" xsi:schemaLocation="http://www.safe.com/xml/xmltables studentenverblijven_2017.xsd">
<fme:studentenverblijven_2017-table>
<fme:studentenverblijven_2017>
<fme:STRAATnummer>1</fme:STRAATnummer>
<fme:STRAATNAAM>Academiestraat</fme:STRAATNAAM>
<fme:huisnr>8</fme:huisnr>
<fme:POSTCODE>8000</fme:POSTCODE>
<fme:GEMEENTEAFDELING>Brugge-Centrum</fme:GEMEENTEAFDELING>
<fme:SECTOR>C</fme:SECTOR>
<fme:dat_beslissing>20070103000000.000</fme:dat_beslissing>
<fme:Aantal_verblijven>6</fme:Aantal_verblijven>
<fme:in_uitbating>ja</fme:in_uitbating>
<fme:StraatHuisNummer>Academiestraat 8</fme:StraatHuisNummer>
<fme:Aangemaakt_op>20/11/2017</fme:Aangemaakt_op>
</fme:studentenverblijven_2017>
<fme:studentenverblijven_2017>
<fme:STRAATnummer>7005</fme:STRAATnummer>
<fme:STRAATNAAM>Amazonestraat</fme:STRAATNAAM>
<fme:huisnr>24</fme:huisnr>
<fme:POSTCODE>8200</fme:POSTCODE>
<fme:GEMEENTEAFDELING>Sint-Michiels</fme:GEMEENTEAFDELING>
<fme:SECTOR>W</fme:SECTOR>
<fme:dat_beslissing>20121221000000.000</fme:dat_beslissing>
<fme:Aantal_verblijven>3</fme:Aantal_verblijven>
<fme:in_uitbating>ja</fme:in_uitbating>
<fme:StraatHuisNummer>Amazonestraat 24</fme:StraatHuisNummer>
<fme:Aangemaakt_op>20/11/2017</fme:Aangemaakt_op>
</fme:studentenverblijven_2017>
<fme:studentenverblijven_2017>
<fme:STRAATnummer>7006</fme:STRAATnummer>
<fme:STRAATNAAM>August Bontestraat</fme:STRAATNAAM>
<fme:huisnr>3</fme:huisnr>
<fme:POSTCODE>8200</fme:POSTCODE>
<fme:GEMEENTEAFDELING>Sint-Michiels</fme:GEMEENTEAFDELING>
<fme:SECTOR>W</fme:SECTOR>
<fme:dat_beslissing>20121221000000.000</fme:dat_beslissing>
<fme:Aantal_verblijven>3</fme:Aantal_verblijven>
<fme:in_uitbating>ja</fme:in_uitbating>
<fme:StraatHuisNummer>August Bontestraat 3</fme:StraatHuisNummer>
<fme:Aangemaakt_op>20/11/2017</fme:Aangemaakt_op>
</fme:studentenverblijven_2017>
<fme:studentenverblijven_2017>
<fme:STRAATnummer>7008</fme:STRAATnummer>
<fme:STRAATNAAM>Baron de Serretstraat</fme:STRAATNAAM>
<fme:huisnr>1</fme:huisnr>
<fme:POSTCODE>8200</fme:POSTCODE>
<fme:GEMEENTEAFDELING>Sint-Michiels</fme:GEMEENTEAFDELING>
<fme:SECTOR>W</fme:SECTOR>
<fme:dat_beslissing>20060612000000.000</fme:dat_beslissing>
<fme:Aantal_verblijven>8</fme:Aantal_verblijven>
<fme:in_uitbating>ja</fme:in_uitbating>
<fme:StraatHuisNummer>Baron de Serretstraat 1</fme:StraatHuisNummer>
<fme:Aangemaakt_op>20/11/2017</fme:Aangemaakt_op>
</fme:studentenverblijven_2017>
<fme:studentenverblijven_2017>
<fme:STRAATnummer>16</fme:STRAATnummer>
<fme:STRAATNAAM>Beenhouwersstraat</fme:STRAATNAAM>
<fme:huisnr>50</fme:huisnr>
<fme:POSTCODE>8000</fme:POSTCODE>
<fme:GEMEENTEAFDELING>Brugge-Centrum</fme:GEMEENTEAFDELING>
<fme:SECTOR>C</fme:SECTOR>
<fme:dat_beslissing>20120502000000.000</fme:dat_beslissing>
<fme:Aantal_verblijven>6</fme:Aantal_verblijven>
<fme:in_uitbating>ja</fme:in_uitbating>
<fme:StraatHuisNummer>Beenhouwersstraat 50</fme:StraatHuisNummer>
<fme:Aangemaakt_op>20/11/2017</fme:Aangemaakt_op>
</fme:studentenverblijven_2017>
<fme:studentenverblijven_2017>
<fme:STRAATnummer>23</fme:STRAATnummer>
<fme:STRAATNAAM>Bilkske</fme:STRAATNAAM>
<fme:huisnr>5</fme:huisnr>
<fme:POSTCODE>8000</fme:POSTCODE>
<fme:GEMEENTEAFDELING>Brugge-Centrum</fme:GEMEENTEAFDELING>
<fme:SECTOR>C</fme:SECTOR>
<fme:dat_beslissing>20090925000000.000</fme:dat_beslissing>
<fme:Aantal_verblijven>17</fme:Aantal_verblijven>
<fme:in_uitbating>ja</fme:in_uitbating>
<fme:StraatHuisNummer>Bilkske 5</fme:StraatHuisNummer>
<fme:Aangemaakt_op>20/11/2017</fme:Aangemaakt_op>
</fme:studentenverblijven_2017>
<fme:studentenverblijven_2017>
<fme:STRAATnummer>23</fme:STRAATnummer>
<fme:STRAATNAAM>Bilkske</fme:STRAATNAAM>
<fme:huisnr>85</fme:huisnr>
<fme:POSTCODE>8000</fme:POSTCODE>
<fme:GEMEENTEAFDELING>Brugge-Centrum</fme:GEMEENTEAFDELING>
<fme:SECTOR>C</fme:SECTOR>
<fme:dat_beslissing>20080902000000.000</fme:dat_beslissing>
<fme:Aantal_verblijven>3</fme:Aantal_verblijven>
<fme:in_uitbating>ja</fme:in_uitbating>
<fme:StraatHuisNummer>Bilkske 85</fme:StraatHuisNummer>
<fme:Aangemaakt_op>20/11/2017</fme:Aangemaakt_op>
</fme:studentenverblijven_2017>
<fme:studentenverblijven_2017>
<fme:STRAATnummer>28</fme:STRAATnummer>
<fme:STRAATNAAM>Boeveriestraat</fme:STRAATNAAM>
<fme:huisnr>46</fme:huisnr>
<fme:POSTCODE>8000</fme:POSTCODE>
<fme:GEMEENTEAFDELING>Brugge-Centrum</fme:GEMEENTEAFDELING>
<fme:SECTOR>C</fme:SECTOR>
<fme:dat_beslissing>20161115000000.000</fme:dat_beslissing>
<fme:Aantal_verblijven>3</fme:Aantal_verblijven>
<fme:in_uitbating>ja</fme:in_uitbating>
<fme:StraatHuisNummer>Boeveriestraat 46</fme:StraatHuisNummer>
<fme:Aangemaakt_op>20/11/2017</fme:Aangemaakt_op>
</fme:studentenverblijven_2017>
<fme:studentenverblijven_2017>
<fme:STRAATnummer>6028</fme:STRAATnummer>
<fme:STRAATNAAM>Dampoortstraat</fme:STRAATNAAM>
<fme:huisnr>79</fme:huisnr>
<fme:POSTCODE>8310</fme:POSTCODE>
<fme:GEMEENTEAFDELING>Sint-Kruis</fme:GEMEENTEAFDELING>
<fme:SECTOR>O</fme:SECTOR>
<fme:dat_beslissing>20160807000000.000</fme:dat_beslissing>
<fme:Aantal_verblijven>2</fme:Aantal_verblijven>
<fme:in_uitbating>ja</fme:in_uitbating>
<fme:StraatHuisNummer>Dampoortstraat 79</fme:StraatHuisNummer>
<fme:Aangemaakt_op>20/11/2017</fme:Aangemaakt_op>
</fme:studentenverblijven_2017>
<fme:studentenverblijven_2017>
<fme:STRAATnummer>7025</fme:STRAATnummer>
<fme:STRAATNAAM>Dorpsstraat</fme:STRAATNAAM>
<fme:huisnr>72</fme:huisnr>
<fme:POSTCODE>8200</fme:POSTCODE>
<fme:GEMEENTEAFDELING>Sint-Michiels</fme:GEMEENTEAFDELING>
<fme:SECTOR>W</fme:SECTOR>
<fme:dat_beslissing>20171003000000.000</fme:dat_beslissing>
<fme:Aantal_verblijven>6</fme:Aantal_verblijven>
<fme:in_uitbating>ja</fme:in_uitbating>
<fme:StraatHuisNummer>Dorpsstraat 72</fme:StraatHuisNummer>
<fme:Aangemaakt_op>20/11/2017</fme:Aangemaakt_op>
</fme:studentenverblijven_2017>
<fme:studentenverblijven_2017>
<fme:STRAATnummer>60</fme:STRAATnummer>
<fme:STRAATNAAM>Dweersstraat</fme:STRAATNAAM>
<fme:huisnr>14</fme:huisnr>
<fme:POSTCODE>8000</fme:POSTCODE>
<fme:GEMEENTEAFDELING>Brugge-Centrum</fme:GEMEENTEAFDELING>
<fme:SECTOR>C</fme:SECTOR>
<fme:dat_beslissing>20140701000000.000</fme:dat_beslissing>
<fme:Aantal_verblijven>9</fme:Aantal_verblijven>
<fme:in_uitbating>ja</fme:in_uitbating>
<fme:StraatHuisNummer>Dweersstraat 14</fme:StraatHuisNummer>
<fme:Aangemaakt_op>20/11/2017</fme:Aangemaakt_op>
</fme:studentenverblijven_2017>
<fme:studentenverblijven_2017>
<fme:STRAATnummer>69</fme:STRAATnummer>
<fme:STRAATNAAM>Engelsestraat</fme:STRAATNAAM>
<fme:huisnr>10</fme:huisnr>
<fme:POSTCODE>8000</fme:POSTCODE>
<fme:GEMEENTEAFDELING>Brugge-Centrum</fme:GEMEENTEAFDELING>
<fme:SECTOR>C</fme:SECTOR>
<fme:dat_beslissing>20090626000000.000</fme:dat_beslissing>
<fme:Aantal_verblijven>5</fme:Aantal_verblijven>
<fme:in_uitbating>ja</fme:in_uitbating>
<fme:StraatHuisNummer>Engelsestraat 10</fme:StraatHuisNummer>
<fme:Aangemaakt_op>20/11/2017</fme:Aangemaakt_op>
</fme:studentenverblijven_2017>
<fme:studentenverblijven_2017>
<fme:STRAATnummer>73</fme:STRAATnummer>
<fme:STRAATNAAM>Ezelstraat</fme:STRAATNAAM>
<fme:huisnr>10</fme:huisnr>
<fme:POSTCODE>8000</fme:POSTCODE>
<fme:GEMEENTEAFDELING>Brugge-Centrum</fme:GEMEENTEAFDELING>
<fme:SECTOR>C</fme:SECTOR>
<fme:dat_beslissing>20160907000000.000</fme:dat_beslissing>
<fme:Aantal_verblijven>16</fme:Aantal_verblijven>
<fme:in_uitbating>ja</fme:in_uitbating>
<fme:StraatHuisNummer>Ezelstraat 10</fme:StraatHuisNummer>
<fme:Aangemaakt_op>20/11/2017</fme:Aangemaakt_op>
</fme:studentenverblijven_2017>
<fme:studentenverblijven_2017>
<fme:STRAATnummer>73</fme:STRAATnummer>
<fme:STRAATNAAM>Ezelstraat</fme:STRAATNAAM>
<fme:huisnr>151</fme:huisnr>
<fme:POSTCODE>8000</fme:POSTCODE>
<fme:GEMEENTEAFDELING>Brugge-Centrum</fme:GEMEENTEAFDELING>
<fme:SECTOR>C</fme:SECTOR>
<fme:dat_beslissing>20170704000000.000</fme:dat_beslissing>
<fme:Aantal_verblijven>10</fme:Aantal_verblijven>
<fme:in_uitbating>ja</fme:in_uitbating>
<fme:StraatHuisNummer>Ezelstraat 151</fme:StraatHuisNummer>
<fme:Aangemaakt_op>20/11/2017</fme:Aangemaakt_op>
</fme:studentenverblijven_2017>
<fme:studentenverblijven_2017>
<fme:STRAATnummer>78</fme:STRAATnummer>
<fme:STRAATNAAM>Ganzenstraat</fme:STRAATNAAM>
<fme:huisnr>38</fme:huisnr>
<fme:POSTCODE>8000</fme:POSTCODE>
<fme:GEMEENTEAFDELING>Brugge-Centrum</fme:GEMEENTEAFDELING>
<fme:SECTOR>C</fme:SECTOR>
<fme:dat_beslissing>20080509000000.000</fme:dat_beslissing>
<fme:Aantal_verblijven>7</fme:Aantal_verblijven>
<fme:in_uitbating>ja</fme:in_uitbating>
<fme:StraatHuisNummer>Ganzenstraat 38</fme:StraatHuisNummer>
<fme:Aangemaakt_op>20/11/2017</fme:Aangemaakt_op>
</fme:studentenverblijven_2017>
<fme:studentenverblijven_2017>
<fme:STRAATnummer>1045</fme:STRAATnummer>
<fme:STRAATNAAM>Generaal Lemanlaan</fme:STRAATNAAM>
<fme:huisnr>97</fme:huisnr>
<fme:POSTCODE>8310</fme:POSTCODE>
<fme:GEMEENTEAFDELING>Assebroek</fme:GEMEENTEAFDELING>
<fme:SECTOR>O</fme:SECTOR>
<fme:dat_beslissing>20141222000000.000</fme:dat_beslissing>
<fme:Aantal_verblijven>2</fme:Aantal_verblijven>
<fme:in_uitbating>ja</fme:in_uitbating>
<fme:StraatHuisNummer>Generaal Lemanlaan 97</fme:StraatHuisNummer>
<fme:Aangemaakt_op>20/11/2017</fme:Aangemaakt_op>
</fme:studentenverblijven_2017>
<fme:studentenverblijven_2017>
<fme:STRAATnummer>86</fme:STRAATnummer>
<fme:STRAATNAAM>Genthof</fme:STRAATNAAM>
<fme:huisnr>10</fme:huisnr>
<fme:POSTCODE>8000</fme:POSTCODE>
<fme:GEMEENTEAFDELING>Brugge-Centrum</fme:GEMEENTEAFDELING>
<fme:SECTOR>C</fme:SECTOR>
<fme:dat_beslissing>19971205000000.000</fme:dat_beslissing>
<fme:Aantal_verblijven>3</fme:Aantal_verblijven>
<fme:in_uitbating>ja</fme:in_uitbating>
<fme:StraatHuisNummer>Genthof 10</fme:StraatHuisNummer>
<fme:Aangemaakt_op>20/11/2017</fme:Aangemaakt_op>
</fme:studentenverblijven_2017>
<fme:studentenverblijven_2017>
<fme:STRAATnummer>86</fme:STRAATnummer>
<fme:STRAATNAAM>Genthof</fme:STRAATNAAM>
<fme:huisnr>15</fme:huisnr>
<fme:POSTCODE>8000</fme:POSTCODE>
<fme:GEMEENTEAFDELING>Brugge-Centrum</fme:GEMEENTEAFDELING>
<fme:SECTOR>C</fme:SECTOR>
<fme:dat_beslissing>20170703000000.000</fme:dat_beslissing>
<fme:Aantal_verblijven>11</fme:Aantal_verblijven>
<fme:in_uitbating>ja</fme:in_uitbating>
<fme:StraatHuisNummer>Genthof 15</fme:StraatHuisNummer>
<fme:Aangemaakt_op>20/11/2017</fme:Aangemaakt_op>
</fme:studentenverblijven_2017>
<fme:studentenverblijven_2017>
<fme:STRAATnummer>87</fme:STRAATnummer>
<fme:STRAATNAAM>Gentpoortstraat</fme:STRAATNAAM>
<fme:huisnr>54</fme:huisnr>
<fme:POSTCODE>8000</fme:POSTCODE>
<fme:GEMEENTEAFDELING>Brugge-Centrum</fme:GEMEENTEAFDELING>
<fme:SECTOR>C</fme:SECTOR>
<fme:dat_beslissing>19971211000000.000</fme:dat_beslissing>
<fme:Aantal_verblijven>4</fme:Aantal_verblijven>
<fme:in_uitbating>ja</fme:in_uitbating>
<fme:StraatHuisNummer>Gentpoortstraat 54</fme:StraatHuisNummer>
<fme:Aangemaakt_op>20/11/2017</fme:Aangemaakt_op>
</fme:studentenverblijven_2017>
<fme:studentenverblijven_2017>
<fme:STRAATnummer>88</fme:STRAATnummer>
<fme:STRAATNAAM>Gentpoortvest</fme:STRAATNAAM>
<fme:huisnr>1</fme:huisnr>
<fme:POSTCODE>8000</fme:POSTCODE>
<fme:GEMEENTEAFDELING>Brugge-Centrum</fme:GEMEENTEAFDELING>
<fme:SECTOR>C</fme:SECTOR>
<fme:dat_beslissing>20141224000000.000</fme:dat_beslissing>
<fme:Aantal_verblijven>6</fme:Aantal_verblijven>
<fme:in_uitbating>ja</fme:in_uitbating>
<fme:StraatHuisNummer>Gentpoortvest 1</fme:StraatHuisNummer>
<fme:Aangemaakt_op>20/11/2017</fme:Aangemaakt_op>
</fme:studentenverblijven_2017>
<fme:studentenverblijven_2017>
<fme:STRAATnummer>5030</fme:STRAATnummer>
<fme:STRAATNAAM>Gistelse Steenweg</fme:STRAATNAAM>
<fme:huisnr>40</fme:huisnr>
<fme:POSTCODE>8200</fme:POSTCODE>
<fme:GEMEENTEAFDELING>Sint-Andries</fme:GEMEENTEAFDELING>
<fme:SECTOR>W</fme:SECTOR>
<fme:dat_beslissing>20121231000000.000</fme:dat_beslissing>
<fme:Aantal_verblijven>15</fme:Aantal_verblijven>
<fme:in_uitbating>ja</fme:in_uitbating>
<fme:StraatHuisNummer>Gistelse Steenweg 40</fme:StraatHuisNummer>
<fme:Aangemaakt_op>20/11/2017</fme:Aangemaakt_op>
</fme:studentenverblijven_2017>
<fme:studentenverblijven_2017>
<fme:STRAATnummer>5030</fme:STRAATnummer>
<fme:STRAATNAAM>Gistelse Steenweg</fme:STRAATNAAM>
<fme:huisnr>45</fme:huisnr>
<fme:POSTCODE>8200</fme:POSTCODE>
<fme:GEMEENTEAFDELING>Sint-Andries</fme:GEMEENTEAFDELING>
<fme:SECTOR>W</fme:SECTOR>
<fme:dat_beslissing>20020304000000.000</fme:dat_beslissing>
<fme:Aantal_verblijven>6</fme:Aantal_verblijven>
<fme:in_uitbating>ja</fme:in_uitbating>
<fme:StraatHuisNummer>Gistelse Steenweg 45</fme:StraatHuisNummer>
<fme:Aangemaakt_op>20/11/2017</fme:Aangemaakt_op>
</fme:studentenverblijven_2017>
<fme:studentenverblijven_2017>
<fme:STRAATnummer>5030</fme:STRAATnummer>
<fme:STRAATNAAM>Gistelse Steenweg</fme:STRAATNAAM>
<fme:huisnr>68</fme:huisnr>
<fme:POSTCODE>8200</fme:POSTCODE>
<fme:GEMEENTEAFDELING>Sint-Andries</fme:GEMEENTEAFDELING>
<fme:SECTOR>W</fme:SECTOR>
<fme:dat_beslissing>19991206000000.000</fme:dat_beslissing>
<fme:Aantal_verblijven>3</fme:Aantal_verblijven>
<fme:in_uitbating>ja</fme:in_uitbating>
<fme:StraatHuisNummer>Gistelse Steenweg 68</fme:StraatHuisNummer>
<fme:Aangemaakt_op>20/11/2017</fme:Aangemaakt_op>
</fme:studentenverblijven_2017>
<fme:studentenverblijven_2017>
<fme:STRAATnummer>5030</fme:STRAATnummer>
<fme:STRAATNAAM>Gistelse Steenweg</fme:STRAATNAAM>
<fme:huisnr>182</fme:huisnr>
<fme:POSTCODE>8200</fme:POSTCODE>
<fme:GEMEENTEAFDELING>Sint-Andries</fme:GEMEENTEAFDELING>
<fme:SECTOR>W</fme:SECTOR>
<fme:dat_beslissing>20150327000000.000</fme:dat_beslissing>
<fme:Aantal_verblijven>4</fme:Aantal_verblijven>
<fme:in_uitbating>ja</fme:in_uitbating>
<fme:StraatHuisNummer>Gistelse Steenweg 182</fme:StraatHuisNummer>
<fme:Aangemaakt_op>20/11/2017</fme:Aangemaakt_op>
</fme:studentenverblijven_2017>
<fme:studentenverblijven_2017>
<fme:STRAATnummer>5030</fme:STRAATnummer>
<fme:STRAATNAAM>Gistelse Steenweg</fme:STRAATNAAM>
<fme:huisnr>205</fme:huisnr>
<fme:POSTCODE>8200</fme:POSTCODE>
<fme:GEMEENTEAFDELING>Sint-Andries</fme:GEMEENTEAFDELING>
<fme:SECTOR>W</fme:SECTOR>
<fme:dat_beslissing>20160606000000.000</fme:dat_beslissing>
<fme:Aantal_verblijven>4</fme:Aantal_verblijven>
<fme:in_uitbating>ja</fme:in_uitbating>
<fme:StraatHuisNummer>Gistelse Steenweg 205</fme:StraatHuisNummer>
<fme:Aangemaakt_op>20/11/2017</fme:Aangemaakt_op>
</fme:studentenverblijven_2017>
<fme:studentenverblijven_2017>
<fme:STRAATnummer>5030</fme:STRAATnummer>
<fme:STRAATNAAM>Gistelse Steenweg</fme:STRAATNAAM>
<fme:huisnr>596</fme:huisnr>
<fme:POSTCODE>8200</fme:POSTCODE>
<fme:GEMEENTEAFDELING>Sint-Andries</fme:GEMEENTEAFDELING>
<fme:SECTOR>W</fme:SECTOR>
<fme:dat_beslissing>20121231000000.000</fme:dat_beslissing>
<fme:Aantal_verblijven>7</fme:Aantal_verblijven>
<fme:in_uitbating>ja</fme:in_uitbating>
<fme:StraatHuisNummer>Gistelse Steenweg 596</fme:StraatHuisNummer>
<fme:Aangemaakt_op>20/11/2017</fme:Aangemaakt_op>
</fme:studentenverblijven_2017>
<fme:studentenverblijven_2017>
<fme:STRAATnummer>106</fme:STRAATnummer>
<fme:STRAATNAAM>Guido Gezellelaan</fme:STRAATNAAM>
<fme:huisnr>8</fme:huisnr>
<fme:POSTCODE>8000</fme:POSTCODE>
<fme:GEMEENTEAFDELING>Brugge-Centrum</fme:GEMEENTEAFDELING>
<fme:SECTOR>C</fme:SECTOR>
<fme:dat_beslissing>20160325000000.000</fme:dat_beslissing>
<fme:Aantal_verblijven>6</fme:Aantal_verblijven>
<fme:in_uitbating>ja</fme:in_uitbating>
<fme:StraatHuisNummer>Guido Gezellelaan 8</fme:StraatHuisNummer>
<fme:Aangemaakt_op>20/11/2017</fme:Aangemaakt_op>
</fme:studentenverblijven_2017>
<fme:studentenverblijven_2017>
<fme:STRAATnummer>106</fme:STRAATnummer>
<fme:STRAATNAAM>Guido Gezellelaan</fme:STRAATNAAM>
<fme:huisnr>8</fme:huisnr>
<fme:suffix>A</fme:suffix>
<fme:POSTCODE>8000</fme:POSTCODE>
<fme:GEMEENTEAFDELING>Brugge-Centrum</fme:GEMEENTEAFDELING>
<fme:SECTOR>C</fme:SECTOR>
<fme:dat_beslissing>20160523000000.000</fme:dat_beslissing>
<fme:Aantal_verblijven>3</fme:Aantal_verblijven>
<fme:in_uitbating>ja</fme:in_uitbating>
<fme:StraatHuisNummer>Guido Gezellelaan 8</fme:StraatHuisNummer>
<fme:Aangemaakt_op>20/11/2017</fme:Aangemaakt_op>
</fme:studentenverblijven_2017>
<fme:studentenverblijven_2017>
<fme:STRAATnummer>106</fme:STRAATnummer>
<fme:STRAATNAAM>Guido Gezellelaan</fme:STRAATNAAM>
<fme:huisnr>9</fme:huisnr>
<fme:POSTCODE>8000</fme:POSTCODE>
<fme:GEMEENTEAFDELING>Brugge-Centrum</fme:GEMEENTEAFDELING>
<fme:SECTOR>C</fme:SECTOR>
<fme:dat_beslissing>20160325000000.000</fme:dat_beslissing>
<fme:Aantal_verblijven>10</fme:Aantal_verblijven>
<fme:in_uitbating>ja</fme:in_uitbating>
<fme:StraatHuisNummer>Guido Gezellelaan 9</fme:StraatHuisNummer>
<fme:Aangemaakt_op>20/11/2017</fme:Aangemaakt_op>
</fme:studentenverblijven_2017>
<fme:studentenverblijven_2017>
<fme:STRAATnummer>106</fme:STRAATnummer>
<fme:STRAATNAAM>Guido Gezellelaan</fme:STRAATNAAM>
<fme:huisnr>31</fme:huisnr>
<fme:POSTCODE>8000</fme:POSTCODE>
<fme:GEMEENTEAFDELING>Brugge-Centrum</fme:GEMEENTEAFDELING>
<fme:SECTOR>C</fme:SECTOR>
<fme:dat_beslissing>20030612000000.000</fme:dat_beslissing>
<fme:Aantal_verblijven>4</fme:Aantal_verblijven>
<fme:in_uitbating>ja</fme:in_uitbating>
<fme:StraatHuisNummer>Guido Gezellelaan 31</fme:StraatHuisNummer>
<fme:Aangemaakt_op>20/11/2017</fme:Aangemaakt_op>
</fme:studentenverblijven_2017>
<fme:studentenverblijven_2017>
<fme:STRAATnummer>109</fme:STRAATnummer>
<fme:STRAATNAAM>Gulden-Vlieslaan</fme:STRAATNAAM>
<fme:huisnr>6</fme:huisnr>
<fme:POSTCODE>8000</fme:POSTCODE>
<fme:GEMEENTEAFDELING>Brugge-Centrum</fme:GEMEENTEAFDELING>
<fme:SECTOR>C</fme:SECTOR>
<fme:dat_beslissing>20101209000000.000</fme:dat_beslissing>
<fme:Aantal_verblijven>8</fme:Aantal_verblijven>
<fme:in_uitbating>ja</fme:in_uitbating>
<fme:StraatHuisNummer>Gulden-Vlieslaan 6</fme:StraatHuisNummer>
<fme:Aangemaakt_op>20/11/2017</fme:Aangemaakt_op>
</fme:studentenverblijven_2017>
<fme:studentenverblijven_2017>
<fme:STRAATnummer>109</fme:STRAATnummer>
<fme:STRAATNAAM>Gulden-Vlieslaan</fme:STRAATNAAM>
<fme:huisnr>48</fme:huisnr>
<fme:POSTCODE>8000</fme:POSTCODE>
<fme:GEMEENTEAFDELING>Brugge-Centrum</fme:GEMEENTEAFDELING>
<fme:SECTOR>C</fme:SECTOR>
<fme:dat_beslissing>20160426000000.000</fme:dat_beslissing>
<fme:Aantal_verblijven>12</fme:Aantal_verblijven>
<fme:in_uitbating>ja</fme:in_uitbating>
<fme:StraatHuisNummer>Gulden-Vlieslaan 48</fme:StraatHuisNummer>
<fme:Aangemaakt_op>20/11/2017</fme:Aangemaakt_op>
</fme:studentenverblijven_2017>
<fme:studentenverblijven_2017>
<fme:STRAATnummer>118</fme:STRAATnummer>
<fme:STRAATNAAM>Hendrik Consciencelaan</fme:STRAATNAAM>
<fme:huisnr>23</fme:huisnr>
<fme:POSTCODE>8000</fme:POSTCODE>
<fme:GEMEENTEAFDELING>Brugge-Centrum</fme:GEMEENTEAFDELING>
<fme:SECTOR>C</fme:SECTOR>
<fme:dat_beslissing>20160523000000.000</fme:dat_beslissing>
<fme:Aantal_verblijven>7</fme:Aantal_verblijven>
<fme:in_uitbating>ja</fme:in_uitbating>
<fme:StraatHuisNummer>Hendrik Consciencelaan 23</fme:StraatHuisNummer>
<fme:Aangemaakt_op>20/11/2017</fme:Aangemaakt_op>
</fme:studentenverblijven_2017>
<fme:studentenverblijven_2017>
<fme:STRAATnummer>118</fme:STRAATnummer>
<fme:STRAATNAAM>Hendrik Consciencelaan</fme:STRAATNAAM>
<fme:huisnr>24</fme:huisnr>
<fme:POSTCODE>8000</fme:POSTCODE>
<fme:GEMEENTEAFDELING>Brugge-Centrum</fme:GEMEENTEAFDELING>
<fme:SECTOR>C</fme:SECTOR>
<fme:dat_beslissing>20101209000000.000</fme:dat_beslissing>
<fme:Aantal_verblijven>8</fme:Aantal_verblijven>
<fme:in_uitbating>ja</fme:in_uitbating>
<fme:StraatHuisNummer>Hendrik Consciencelaan 24</fme:StraatHuisNummer>
<fme:Aangemaakt_op>20/11/2017</fme:Aangemaakt_op>
</fme:studentenverblijven_2017>
<fme:studentenverblijven_2017>
<fme:STRAATnummer>118</fme:STRAATnummer>
<fme:STRAATNAAM>Hendrik Consciencelaan</fme:STRAATNAAM>
<fme:huisnr>24</fme:huisnr>
<fme:POSTCODE>8000</fme:POSTCODE>
<fme:GEMEENTEAFDELING>Brugge-Centrum</fme:GEMEENTEAFDELING>
<fme:SECTOR>C</fme:SECTOR>
<fme:dat_beslissing>20140701000000.000</fme:dat_beslissing>
<fme:Aantal_verblijven>8</fme:Aantal_verblijven>
<fme:in_uitbating>ja</fme:in_uitbating>
<fme:StraatHuisNummer>Hendrik Consciencelaan 24</fme:StraatHuisNummer>
<fme:Aangemaakt_op>20/11/2017</fme:Aangemaakt_op>
</fme:studentenverblijven_2017>
<fme:studentenverblijven_2017>
<fme:STRAATnummer>118</fme:STRAATnummer>
<fme:STRAATNAAM>Hendrik Consciencelaan</fme:STRAATNAAM>
<fme:huisnr>27</fme:huisnr>
<fme:POSTCODE>8000</fme:POSTCODE>
<fme:GEMEENTEAFDELING>Brugge-Centrum</fme:GEMEENTEAFDELING>
<fme:SECTOR>C</fme:SECTOR>
<fme:dat_beslissing>20050729000000.000</fme:dat_beslissing>
<fme:Aantal_verblijven>11</fme:Aantal_verblijven>
<fme:in_uitbating>ja</fme:in_uitbating>
<fme:StraatHuisNummer>Hendrik Consciencelaan 27</fme:StraatHuisNummer>
<fme:Aangemaakt_op>20/11/2017</fme:Aangemaakt_op>
</fme:studentenverblijven_2017>
<fme:studentenverblijven_2017>
<fme:STRAATnummer>118</fme:STRAATnummer>
<fme:STRAATNAAM>Hendrik Consciencelaan</fme:STRAATNAAM>
<fme:huisnr>47</fme:huisnr>
<fme:POSTCODE>8000</fme:POSTCODE>
<fme:GEMEENTEAFDELING>Brugge-Centrum</fme:GEMEENTEAFDELING>
<fme:SECTOR>C</fme:SECTOR>
<fme:dat_beslissing>19990802000000.000</fme:dat_beslissing>
<fme:Aantal_verblijven>6</fme:Aantal_verblijven>
<fme:in_uitbating>neen</fme:in_uitbating>
<fme:StraatHuisNummer>Hendrik Consciencelaan 47</fme:StraatHuisNummer>
<fme:Aangemaakt_op>20/11/2017</fme:Aangemaakt_op>
</fme:studentenverblijven_2017>
<fme:studentenverblijven_2017>
<fme:STRAATnummer>118</fme:STRAATnummer>
<fme:STRAATNAAM>Hendrik Consciencelaan</fme:STRAATNAAM>
<fme:huisnr>47</fme:huisnr>
<fme:POSTCODE>8000</fme:POSTCODE>
<fme:GEMEENTEAFDELING>Brugge-Centrum</fme:GEMEENTEAFDELING>
<fme:SECTOR>C</fme:SECTOR>
<fme:dat_beslissing>20160201000000.000</fme:dat_beslissing>
<fme:Aantal_verblijven>5</fme:Aantal_verblijven>
<fme:in_uitbating>ja</fme:in_uitbating>
<fme:StraatHuisNummer>Hendrik Consciencelaan 47</fme:StraatHuisNummer>
<fme:Aangemaakt_op>20/11/2017</fme:Aangemaakt_op>
</fme:studentenverblijven_2017>
<fme:studentenverblijven_2017>
<fme:STRAATnummer>5038</fme:STRAATnummer>
<fme:STRAATNAAM>Hertogenstraat</fme:STRAATNAAM>
<fme:huisnr>22</fme:huisnr>
<fme:POSTCODE>8200</fme:POSTCODE>
<fme:GEMEENTEAFDELING>Sint-Andries</fme:GEMEENTEAFDELING>
<fme:SECTOR>W</fme:SECTOR>
<fme:dat_beslissing>20160125000000.000</fme:dat_beslissing>
<fme:Aantal_verblijven>6</fme:Aantal_verblijven>
<fme:in_uitbating>ja</fme:in_uitbating>
<fme:StraatHuisNummer>Hertogenstraat 22</fme:StraatHuisNummer>
<fme:Aangemaakt_op>20/11/2017</fme:Aangemaakt_op>
</fme:studentenverblijven_2017>
<fme:studentenverblijven_2017>
<fme:STRAATnummer>121</fme:STRAATnummer>
<fme:STRAATNAAM>Hoefijzerlaan</fme:STRAATNAAM>
<fme:huisnr>27</fme:huisnr>
<fme:POSTCODE>8000</fme:POSTCODE>
<fme:GEMEENTEAFDELING>Brugge-Centrum</fme:GEMEENTEAFDELING>
<fme:SECTOR>C</fme:SECTOR>
<fme:dat_beslissing>20160525000000.000</fme:dat_beslissing>
<fme:Aantal_verblijven>12</fme:Aantal_verblijven>
<fme:in_uitbating>ja</fme:in_uitbating>
<fme:StraatHuisNummer>Hoefijzerlaan 27</fme:StraatHuisNummer>
<fme:Aangemaakt_op>20/11/2017</fme:Aangemaakt_op>
</fme:studentenverblijven_2017>
<fme:studentenverblijven_2017>
<fme:STRAATnummer>121</fme:STRAATnummer>
<fme:STRAATNAAM>Hoefijzerlaan</fme:STRAATNAAM>
<fme:huisnr>28</fme:huisnr>
<fme:POSTCODE>8000</fme:POSTCODE>
<fme:GEMEENTEAFDELING>Brugge-Centrum</fme:GEMEENTEAFDELING>
<fme:SECTOR>C</fme:SECTOR>
<fme:dat_beslissing>19970717000000.000</fme:dat_beslissing>
<fme:Aantal_verblijven>8</fme:Aantal_verblijven>
<fme:in_uitbating>ja</fme:in_uitbating>
<fme:StraatHuisNummer>Hoefijzerlaan 28</fme:StraatHuisNummer>
<fme:Aangemaakt_op>20/11/2017</fme:Aangemaakt_op>
</fme:studentenverblijven_2017>
<fme:studentenverblijven_2017>
<fme:STRAATnummer>121</fme:STRAATnummer>
<fme:STRAATNAAM>Hoefijzerlaan</fme:STRAATNAAM>
<fme:huisnr>41</fme:huisnr>
<fme:POSTCODE>8000</fme:POSTCODE>
<fme:GEMEENTEAFDELING>Brugge-Centrum</fme:GEMEENTEAFDELING>
<fme:SECTOR>C</fme:SECTOR>
<fme:dat_beslissing>20170816000000.000</fme:dat_beslissing>
<fme:Aantal_verblijven>11</fme:Aantal_verblijven>
<fme:in_uitbating>ja</fme:in_uitbating>
<fme:StraatHuisNummer>Hoefijzerlaan 41</fme:StraatHuisNummer>
<fme:Aangemaakt_op>20/11/2017</fme:Aangemaakt_op>
</fme:studentenverblijven_2017>
<fme:studentenverblijven_2017>
<fme:STRAATnummer>121</fme:STRAATnummer>
<fme:STRAATNAAM>Hoefijzerlaan</fme:STRAATNAAM>
<fme:huisnr>43</fme:huisnr>
<fme:POSTCODE>8000</fme:POSTCODE>
<fme:GEMEENTEAFDELING>Brugge-Centrum</fme:GEMEENTEAFDELING>
<fme:SECTOR>C</fme:SECTOR>
<fme:dat_beslissing>20170703000000.000</fme:dat_beslissing>
<fme:Aantal_verblijven>1</fme:Aantal_verblijven>
<fme:in_uitbating>ja</fme:in_uitbating>
<fme:StraatHuisNummer>Hoefijzerlaan 43</fme:StraatHuisNummer>
<fme:Aangemaakt_op>20/11/2017</fme:Aangemaakt_op>
</fme:studentenverblijven_2017>
<fme:studentenverblijven_2017>
<fme:STRAATnummer>5041</fme:STRAATnummer>
<fme:STRAATNAAM>Hogeweg</fme:STRAATNAAM>
<fme:huisnr>156</fme:huisnr>
<fme:POSTCODE>8200</fme:POSTCODE>
<fme:GEMEENTEAFDELING>Sint-Andries</fme:GEMEENTEAFDELING>
<fme:SECTOR>W</fme:SECTOR>
<fme:dat_beslissing>20121221000000.000</fme:dat_beslissing>
<fme:Aantal_verblijven>3</fme:Aantal_verblijven>
<fme:in_uitbating>ja</fme:in_uitbating>
<fme:StraatHuisNummer>Hogeweg 156</fme:StraatHuisNummer>
<fme:Aangemaakt_op>20/11/2017</fme:Aangemaakt_op>
</fme:studentenverblijven_2017>
<fme:studentenverblijven_2017>
<fme:STRAATnummer>5015</fme:STRAATnummer>
<fme:STRAATNAAM>Jonkheer Paul Coppietersdreef</fme:STRAATNAAM>
<fme:huisnr>4</fme:huisnr>
<fme:POSTCODE>8200</fme:POSTCODE>
<fme:GEMEENTEAFDELING>Sint-Andries</fme:GEMEENTEAFDELING>
<fme:SECTOR>W</fme:SECTOR>
<fme:dat_beslissing>20150928000000.000</fme:dat_beslissing>
<fme:Aantal_verblijven>9</fme:Aantal_verblijven>
<fme:in_uitbating>ja</fme:in_uitbating>
<fme:StraatHuisNummer>Jonkheer Paul Coppietersdreef 4</fme:StraatHuisNummer>
<fme:Aangemaakt_op>20/11/2017</fme:Aangemaakt_op>
</fme:studentenverblijven_2017>
<fme:studentenverblijven_2017>
<fme:STRAATnummer>141</fme:STRAATnummer>
<fme:STRAATNAAM>Joost de Damhouderstraat</fme:STRAATNAAM>
<fme:huisnr>24</fme:huisnr>
<fme:POSTCODE>8000</fme:POSTCODE>
<fme:GEMEENTEAFDELING>Brugge-Centrum</fme:GEMEENTEAFDELING>
<fme:SECTOR>C</fme:SECTOR>
<fme:dat_beslissing>20170802000000.000</fme:dat_beslissing>
<fme:Aantal_verblijven>6</fme:Aantal_verblijven>
<fme:in_uitbating>ja</fme:in_uitbating>
<fme:StraatHuisNummer>Joost de Damhouderstraat 24</fme:StraatHuisNummer>
<fme:Aangemaakt_op>20/11/2017</fme:Aangemaakt_op>
</fme:studentenverblijven_2017>
<fme:studentenverblijven_2017>
<fme:STRAATnummer>7046</fme:STRAATnummer>
<fme:STRAATNAAM>Joseph Wautersstraat</fme:STRAATNAAM>
<fme:huisnr>61</fme:huisnr>
<fme:POSTCODE>8200</fme:POSTCODE>
<fme:GEMEENTEAFDELING>Sint-Michiels</fme:GEMEENTEAFDELING>
<fme:SECTOR>W</fme:SECTOR>
<fme:dat_beslissing>20160622000000.000</fme:dat_beslissing>
<fme:Aantal_verblijven>125</fme:Aantal_verblijven>
<fme:in_uitbating>ja</fme:in_uitbating>
<fme:StraatHuisNummer>Joseph Wautersstraat 61</fme:StraatHuisNummer>
<fme:Aangemaakt_op>20/11/2017</fme:Aangemaakt_op>
</fme:studentenverblijven_2017>
<fme:studentenverblijven_2017>
<fme:STRAATnummer>919</fme:STRAATnummer>
<fme:STRAATNAAM>Karel de Stoutelaan</fme:STRAATNAAM>
<fme:huisnr>43</fme:huisnr>
<fme:POSTCODE>8000</fme:POSTCODE>
<fme:GEMEENTEAFDELING>Christus-Koning</fme:GEMEENTEAFDELING>
<fme:SECTOR>C</fme:SECTOR>
<fme:dat_beslissing>20090715000000.000</fme:dat_beslissing>
<fme:Aantal_verblijven>2</fme:Aantal_verblijven>
<fme:in_uitbating>ja</fme:in_uitbating>
<fme:StraatHuisNummer>Karel de Stoutelaan 43</fme:StraatHuisNummer>
<fme:Aangemaakt_op>20/11/2017</fme:Aangemaakt_op>
</fme:studentenverblijven_2017>
<fme:studentenverblijven_2017>
<fme:STRAATnummer>153</fme:STRAATnummer>
<fme:STRAATNAAM>Kartuizerinnenstraat</fme:STRAATNAAM>
<fme:huisnr>3</fme:huisnr>
<fme:POSTCODE>8000</fme:POSTCODE>
<fme:GEMEENTEAFDELING>Brugge-Centrum</fme:GEMEENTEAFDELING>
<fme:SECTOR>C</fme:SECTOR>
<fme:dat_beslissing>20000404000000.000</fme:dat_beslissing>
<fme:Aantal_verblijven>4</fme:Aantal_verblijven>
<fme:in_uitbating>ja</fme:in_uitbating>
<fme:StraatHuisNummer>Kartuizerinnenstraat 3</fme:StraatHuisNummer>
<fme:Aangemaakt_op>20/11/2017</fme:Aangemaakt_op>
</fme:studentenverblijven_2017>
<fme:studentenverblijven_2017>
<fme:STRAATnummer>155</fme:STRAATnummer>
<fme:STRAATNAAM>Katelijnestraat</fme:STRAATNAAM>
<fme:huisnr>34</fme:huisnr>
<fme:POSTCODE>8000</fme:POSTCODE>
<fme:GEMEENTEAFDELING>Brugge-Centrum</fme:GEMEENTEAFDELING>
<fme:SECTOR>C</fme:SECTOR>
<fme:dat_beslissing>19931026000000.000</fme:dat_beslissing>
<fme:Aantal_verblijven>3</fme:Aantal_verblijven>
<fme:in_uitbating>neen</fme:in_uitbating>
<fme:StraatHuisNummer>Katelijnestraat 34</fme:StraatHuisNummer>
<fme:Aangemaakt_op>20/11/2017</fme:Aangemaakt_op>
</fme:studentenverblijven_2017>
<fme:studentenverblijven_2017>
<fme:STRAATnummer>155</fme:STRAATnummer>
<fme:STRAATNAAM>Katelijnestraat</fme:STRAATNAAM>
<fme:huisnr>38</fme:huisnr>
<fme:POSTCODE>8000</fme:POSTCODE>
<fme:GEMEENTEAFDELING>Brugge-Centrum</fme:GEMEENTEAFDELING>
<fme:SECTOR>C</fme:SECTOR>
<fme:dat_beslissing>20110107000000.000</fme:dat_beslissing>
<fme:Aantal_verblijven>6</fme:Aantal_verblijven>
<fme:in_uitbating>ja</fme:in_uitbating>
<fme:StraatHuisNummer>Katelijnestraat 38</fme:StraatHuisNummer>
<fme:Aangemaakt_op>20/11/2017</fme:Aangemaakt_op>
</fme:studentenverblijven_2017>
<fme:studentenverblijven_2017>
<fme:STRAATnummer>155</fme:STRAATnummer>
<fme:STRAATNAAM>Katelijnestraat</fme:STRAATNAAM>
<fme:huisnr>105</fme:huisnr>
<fme:POSTCODE>8000</fme:POSTCODE>
<fme:GEMEENTEAFDELING>Brugge-Centrum</fme:GEMEENTEAFDELING>
<fme:SECTOR>C</fme:SECTOR>
<fme:dat_beslissing>20171020000000.000</fme:dat_beslissing>
<fme:Aantal_verblijven>9</fme:Aantal_verblijven>
<fme:in_uitbating>ja</fme:in_uitbating>
<fme:StraatHuisNummer>Katelijnestraat 105</fme:StraatHuisNummer>
<fme:Aangemaakt_op>20/11/2017</fme:Aangemaakt_op>
</fme:studentenverblijven_2017>
<fme:studentenverblijven_2017>
<fme:STRAATnummer>155</fme:STRAATnummer>
<fme:STRAATNAAM>Katelijnestraat</fme:STRAATNAAM>
<fme:huisnr>105</fme:huisnr>
<fme:POSTCODE>8000</fme:POSTCODE>
<fme:GEMEENTEAFDELING>Brugge-Centrum</fme:GEMEENTEAFDELING>
<fme:SECTOR>C</fme:SECTOR>
<fme:dat_beslissing>20171020000000.000</fme:dat_beslissing>
<fme:Aantal_verblijven>70</fme:Aantal_verblijven>
<fme:in_uitbating>ja</fme:in_uitbating>
<fme:StraatHuisNummer>Katelijnestraat 105</fme:StraatHuisNummer>
<fme:Aangemaakt_op>20/11/2017</fme:Aangemaakt_op>
</fme:studentenverblijven_2017>
<fme:studentenverblijven_2017>
<fme:STRAATnummer>159</fme:STRAATnummer>
<fme:STRAATNAAM>Kegelschoolstraat</fme:STRAATNAAM>
<fme:huisnr>13</fme:huisnr>
<fme:POSTCODE>8000</fme:POSTCODE>
<fme:GEMEENTEAFDELING>Brugge-Centrum</fme:GEMEENTEAFDELING>
<fme:SECTOR>C</fme:SECTOR>
<fme:dat_beslissing>19991206000000.000</fme:dat_beslissing>
<fme:Aantal_verblijven>5</fme:Aantal_verblijven>
<fme:in_uitbating>ja</fme:in_uitbating>
<fme:StraatHuisNummer>Kegelschoolstraat 13</fme:StraatHuisNummer>
<fme:Aangemaakt_op>20/11/2017</fme:Aangemaakt_op>
</fme:studentenverblijven_2017>
<fme:studentenverblijven_2017>
<fme:STRAATnummer>7059</fme:STRAATnummer>
<fme:STRAATNAAM>Koning Albert I-laan</fme:STRAATNAAM>
<fme:huisnr>58</fme:huisnr>
<fme:POSTCODE>8200</fme:POSTCODE>
<fme:GEMEENTEAFDELING>Sint-Michiels</fme:GEMEENTEAFDELING>
<fme:SECTOR>W</fme:SECTOR>
<fme:dat_beslissing>20151222000000.000</fme:dat_beslissing>
<fme:Aantal_verblijven>40</fme:Aantal_verblijven>
<fme:in_uitbating>ja</fme:in_uitbating>
<fme:StraatHuisNummer>Koning Albert I-laan 58</fme:StraatHuisNummer>
<fme:Aangemaakt_op>20/11/2017</fme:Aangemaakt_op>
</fme:studentenverblijven_2017>
<fme:studentenverblijven_2017>
<fme:STRAATnummer>179</fme:STRAATnummer>
<fme:STRAATNAAM>Koning Albert I-laan</fme:STRAATNAAM>
<fme:huisnr>64</fme:huisnr>
<fme:POSTCODE>8000</fme:POSTCODE>
<fme:GEMEENTEAFDELING>Brugge-Centrum</fme:GEMEENTEAFDELING>
<fme:SECTOR>U</fme:SECTOR>
<fme:dat_beslissing>20161206000000.000</fme:dat_beslissing>
<fme:Aantal_verblijven>5</fme:Aantal_verblijven>
<fme:in_uitbating>ja</fme:in_uitbating>
<fme:StraatHuisNummer>Koning Albert I-laan 64</fme:StraatHuisNummer>
<fme:Aangemaakt_op>20/11/2017</fme:Aangemaakt_op>
</fme:studentenverblijven_2017>
<fme:studentenverblijven_2017>
<fme:STRAATnummer>7060</fme:STRAATnummer>
<fme:STRAATNAAM>Koningin Astridlaan</fme:STRAATNAAM>
<fme:huisnr>17</fme:huisnr>
<fme:POSTCODE>8200</fme:POSTCODE>
<fme:GEMEENTEAFDELING>Sint-Michiels</fme:GEMEENTEAFDELING>
<fme:SECTOR>W</fme:SECTOR>
<fme:dat_beslissing>20080509000000.000</fme:dat_beslissing>
<fme:Aantal_verblijven>2</fme:Aantal_verblijven>
<fme:in_uitbating>ja</fme:in_uitbating>
<fme:StraatHuisNummer>Koningin Astridlaan 17</fme:StraatHuisNummer>
<fme:Aangemaakt_op>20/11/2017</fme:Aangemaakt_op>
</fme:studentenverblijven_2017>
<fme:studentenverblijven_2017>
<fme:STRAATnummer>7060</fme:STRAATnummer>
<fme:STRAATNAAM>Koningin Astridlaan</fme:STRAATNAAM>
<fme:huisnr>58</fme:huisnr>
<fme:POSTCODE>8200</fme:POSTCODE>
<fme:GEMEENTEAFDELING>Sint-Michiels</fme:GEMEENTEAFDELING>
<fme:SECTOR>W</fme:SECTOR>
<fme:dat_beslissing>20150407000000.000</fme:dat_beslissing>
<fme:Aantal_verblijven>12</fme:Aantal_verblijven>
<fme:in_uitbating>ja</fme:in_uitbating>
<fme:StraatHuisNummer>Koningin Astridlaan 58</fme:StraatHuisNummer>
<fme:Aangemaakt_op>20/11/2017</fme:Aangemaakt_op>
</fme:studentenverblijven_2017>
<fme:studentenverblijven_2017>
<fme:STRAATnummer>7060</fme:STRAATnummer>
<fme:STRAATNAAM>Koningin Astridlaan</fme:STRAATNAAM>
<fme:huisnr>96</fme:huisnr>
<fme:POSTCODE>8200</fme:POSTCODE>
<fme:GEMEENTEAFDELING>Sint-Michiels</fme:GEMEENTEAFDELING>
<fme:SECTOR>W</fme:SECTOR>
<fme:dat_beslissing>20170415000000.000</fme:dat_beslissing>
<fme:Aantal_verblijven>11</fme:Aantal_verblijven>
<fme:in_uitbating>ja</fme:in_uitbating>
<fme:StraatHuisNummer>Koningin Astridlaan 96</fme:StraatHuisNummer>
<fme:Aangemaakt_op>20/11/2017</fme:Aangemaakt_op>
</fme:studentenverblijven_2017>
<fme:studentenverblijven_2017>
<fme:STRAATnummer>7060</fme:STRAATnummer>
<fme:STRAATNAAM>Koningin Astridlaan</fme:STRAATNAAM>
<fme:huisnr>264</fme:huisnr>
<fme:POSTCODE>8200</fme:POSTCODE>
<fme:GEMEENTEAFDELING>Sint-Michiels</fme:GEMEENTEAFDELING>
<fme:SECTOR>W</fme:SECTOR>
<fme:dat_beslissing>20101209000000.000</fme:dat_beslissing>
<fme:Aantal_verblijven>3</fme:Aantal_verblijven>
<fme:in_uitbating>ja</fme:in_uitbating>
<fme:StraatHuisNummer>Koningin Astridlaan 264</fme:StraatHuisNummer>
<fme:Aangemaakt_op>20/11/2017</fme:Aangemaakt_op>
</fme:studentenverblijven_2017>
<fme:studentenverblijven_2017>
<fme:STRAATnummer>922</fme:STRAATnummer>
<fme:STRAATNAAM>Koningin Elisabethlaan</fme:STRAATNAAM>
<fme:huisnr>52</fme:huisnr>
<fme:POSTCODE>8000</fme:POSTCODE>
<fme:GEMEENTEAFDELING>Christus-Koning</fme:GEMEENTEAFDELING>
<fme:SECTOR>C</fme:SECTOR>
<fme:dat_beslissing>20160112000000.000</fme:dat_beslissing>
<fme:Aantal_verblijven>8</fme:Aantal_verblijven>
<fme:in_uitbating>ja</fme:in_uitbating>
<fme:StraatHuisNummer>Koningin Elisabethlaan 52</fme:StraatHuisNummer>
<fme:Aangemaakt_op>20/11/2017</fme:Aangemaakt_op>
</fme:studentenverblijven_2017>
<fme:studentenverblijven_2017>
<fme:STRAATnummer>3325</fme:STRAATnummer>
<fme:STRAATNAAM>Koolkerkse Steenweg</fme:STRAATNAAM>
<fme:huisnr>84</fme:huisnr>
<fme:POSTCODE>8000</fme:POSTCODE>
<fme:GEMEENTEAFDELING>Sint-Jozef</fme:GEMEENTEAFDELING>
<fme:SECTOR>N</fme:SECTOR>
<fme:dat_beslissing>20060327000000.000</fme:dat_beslissing>
<fme:Aantal_verblijven>3</fme:Aantal_verblijven>
<fme:in_uitbating>neen</fme:in_uitbating>
<fme:StraatHuisNummer>Koolkerkse Steenweg 84</fme:StraatHuisNummer>
<fme:Aangemaakt_op>20/11/2017</fme:Aangemaakt_op>
</fme:studentenverblijven_2017>
<fme:studentenverblijven_2017>
<fme:STRAATnummer>185</fme:STRAATnummer>
<fme:STRAATNAAM>Kopstraat</fme:STRAATNAAM>
<fme:huisnr>9</fme:huisnr>
<fme:POSTCODE>8000</fme:POSTCODE>
<fme:GEMEENTEAFDELING>Brugge-Centrum</fme:GEMEENTEAFDELING>
<fme:SECTOR>C</fme:SECTOR>
<fme:dat_beslissing>20011123000000.000</fme:dat_beslissing>
<fme:Aantal_verblijven>10</fme:Aantal_verblijven>
<fme:in_uitbating>ja</fme:in_uitbating>
<fme:StraatHuisNummer>Kopstraat 9</fme:StraatHuisNummer>
<fme:Aangemaakt_op>20/11/2017</fme:Aangemaakt_op>
</fme:studentenverblijven_2017>
<fme:studentenverblijven_2017>
<fme:STRAATnummer>5059</fme:STRAATnummer>
<fme:STRAATNAAM>Korte Vesting</fme:STRAATNAAM>
<fme:huisnr>1</fme:huisnr>
<fme:POSTCODE>8200</fme:POSTCODE>
<fme:GEMEENTEAFDELING>Sint-Andries</fme:GEMEENTEAFDELING>
<fme:SECTOR>W</fme:SECTOR>
<fme:dat_beslissing>20170919000000.000</fme:dat_beslissing>
<fme:Aantal_verblijven>5</fme:Aantal_verblijven>
<fme:in_uitbating>ja</fme:in_uitbating>
<fme:StraatHuisNummer>Korte Vesting 1</fme:StraatHuisNummer>
<fme:Aangemaakt_op>20/11/2017</fme:Aangemaakt_op>
</fme:studentenverblijven_2017>
<fme:studentenverblijven_2017>
<fme:STRAATnummer>5059</fme:STRAATnummer>
<fme:STRAATNAAM>Korte Vesting</fme:STRAATNAAM>
<fme:huisnr>1</fme:huisnr>
<fme:POSTCODE>8200</fme:POSTCODE>
<fme:GEMEENTEAFDELING>Sint-Andries</fme:GEMEENTEAFDELING>
<fme:SECTOR>W</fme:SECTOR>
<fme:dat_beslissing>20170919000000.000</fme:dat_beslissing>
<fme:Aantal_verblijven>14</fme:Aantal_verblijven>
<fme:in_uitbating>ja</fme:in_uitbating>
<fme:StraatHuisNummer>Korte Vesting 1</fme:StraatHuisNummer>
<fme:Aangemaakt_op>20/11/2017</fme:Aangemaakt_op>
</fme:studentenverblijven_2017>
<fme:studentenverblijven_2017>
<fme:STRAATnummer>7064</fme:STRAATnummer>
<fme:STRAATNAAM>Kortrijkstraat</fme:STRAATNAAM>
<fme:huisnr>8</fme:huisnr>
<fme:POSTCODE>8200</fme:POSTCODE>
<fme:GEMEENTEAFDELING>Sint-Michiels</fme:GEMEENTEAFDELING>
<fme:SECTOR>W</fme:SECTOR>
<fme:dat_beslissing>20140701000000.000</fme:dat_beslissing>
<fme:Aantal_verblijven>12</fme:Aantal_verblijven>
<fme:in_uitbating>ja</fme:in_uitbating>
<fme:StraatHuisNummer>Kortrijkstraat 8</fme:StraatHuisNummer>
<fme:Aangemaakt_op>20/11/2017</fme:Aangemaakt_op>
</fme:studentenverblijven_2017>
<fme:studentenverblijven_2017>
<fme:STRAATnummer>205</fme:STRAATnummer>
<fme:STRAATNAAM>Lane</fme:STRAATNAAM>
<fme:huisnr>25</fme:huisnr>
<fme:POSTCODE>8000</fme:POSTCODE>
<fme:GEMEENTEAFDELING>Brugge-Centrum</fme:GEMEENTEAFDELING>
<fme:SECTOR>C</fme:SECTOR>
<fme:dat_beslissing>20010730000000.000</fme:dat_beslissing>
<fme:Aantal_verblijven>6</fme:Aantal_verblijven>
<fme:in_uitbating>ja</fme:in_uitbating>
<fme:StraatHuisNummer>Lane 25</fme:StraatHuisNummer>
<fme:Aangemaakt_op>20/11/2017</fme:Aangemaakt_op>
</fme:studentenverblijven_2017>
<fme:studentenverblijven_2017>
<fme:STRAATnummer>208</fme:STRAATnummer>
<fme:STRAATNAAM>Langestraat</fme:STRAATNAAM>
<fme:huisnr>60</fme:huisnr>
<fme:POSTCODE>8000</fme:POSTCODE>
<fme:GEMEENTEAFDELING>Brugge-Centrum</fme:GEMEENTEAFDELING>
<fme:SECTOR>C</fme:SECTOR>
<fme:dat_beslissing>20080902000000.000</fme:dat_beslissing>
<fme:Aantal_verblijven>5</fme:Aantal_verblijven>
<fme:in_uitbating>ja</fme:in_uitbating>
<fme:StraatHuisNummer>Langestraat 60</fme:StraatHuisNummer>
<fme:Aangemaakt_op>20/11/2017</fme:Aangemaakt_op>
</fme:studentenverblijven_2017>
<fme:studentenverblijven_2017>
<fme:STRAATnummer>924</fme:STRAATnummer>
<fme:STRAATNAAM>Lauwerstraat</fme:STRAATNAAM>
<fme:huisnr>33</fme:huisnr>
<fme:POSTCODE>8000</fme:POSTCODE>
<fme:GEMEENTEAFDELING>Christus-Koning</fme:GEMEENTEAFDELING>
<fme:SECTOR>C</fme:SECTOR>
<fme:dat_beslissing>20010626000000.000</fme:dat_beslissing>
<fme:Aantal_verblijven>3</fme:Aantal_verblijven>
<fme:in_uitbating>ja</fme:in_uitbating>
<fme:StraatHuisNummer>Lauwerstraat 33</fme:StraatHuisNummer>
<fme:Aangemaakt_op>20/11/2017</fme:Aangemaakt_op>
</fme:studentenverblijven_2017>
<fme:studentenverblijven_2017>
<fme:STRAATnummer>220</fme:STRAATnummer>
<fme:STRAATNAAM>Maagdenstraat</fme:STRAATNAAM>
<fme:huisnr>17</fme:huisnr>
<fme:POSTCODE>8000</fme:POSTCODE>
<fme:GEMEENTEAFDELING>Brugge-Centrum</fme:GEMEENTEAFDELING>
<fme:SECTOR>C</fme:SECTOR>
<fme:dat_beslissing>20071109000000.000</fme:dat_beslissing>
<fme:Aantal_verblijven>7</fme:Aantal_verblijven>
<fme:in_uitbating>ja</fme:in_uitbating>
<fme:StraatHuisNummer>Maagdenstraat 17</fme:StraatHuisNummer>
<fme:Aangemaakt_op>20/11/2017</fme:Aangemaakt_op>
</fme:studentenverblijven_2017>
<fme:studentenverblijven_2017>
<fme:STRAATnummer>220</fme:STRAATnummer>
<fme:STRAATNAAM>Maagdenstraat</fme:STRAATNAAM>
<fme:huisnr>17</fme:huisnr>
<fme:POSTCODE>8000</fme:POSTCODE>
<fme:GEMEENTEAFDELING>Brugge-Centrum</fme:GEMEENTEAFDELING>
<fme:SECTOR>C</fme:SECTOR>
<fme:dat_beslissing>20071129000000.000</fme:dat_beslissing>
<fme:Aantal_verblijven>7</fme:Aantal_verblijven>
<fme:in_uitbating>ja</fme:in_uitbating>
<fme:StraatHuisNummer>Maagdenstraat 17</fme:StraatHuisNummer>
<fme:Aangemaakt_op>20/11/2017</fme:Aangemaakt_op>
</fme:studentenverblijven_2017>
<fme:studentenverblijven_2017>
<fme:STRAATnummer>220</fme:STRAATnummer>
<fme:STRAATNAAM>Maagdenstraat</fme:STRAATNAAM>
<fme:huisnr>23</fme:huisnr>
<fme:POSTCODE>8000</fme:POSTCODE>
<fme:GEMEENTEAFDELING>Brugge-Centrum</fme:GEMEENTEAFDELING>
<fme:SECTOR>C</fme:SECTOR>
<fme:dat_beslissing>20101209000000.000</fme:dat_beslissing>
<fme:Aantal_verblijven>6</fme:Aantal_verblijven>
<fme:in_uitbating>ja</fme:in_uitbating>
<fme:StraatHuisNummer>Maagdenstraat 23</fme:StraatHuisNummer>
<fme:Aangemaakt_op>20/11/2017</fme:Aangemaakt_op>
</fme:studentenverblijven_2017>
<fme:studentenverblijven_2017>
<fme:STRAATnummer>220</fme:STRAATnummer>
<fme:STRAATNAAM>Maagdenstraat</fme:STRAATNAAM>
<fme:huisnr>90</fme:huisnr>
<fme:POSTCODE>8000</fme:POSTCODE>
<fme:GEMEENTEAFDELING>Brugge-Centrum</fme:GEMEENTEAFDELING>
<fme:SECTOR>C</fme:SECTOR>
<fme:dat_beslissing>19990715000000.000</fme:dat_beslissing>
<fme:Aantal_verblijven>3</fme:Aantal_verblijven>
<fme:in_uitbating>ja</fme:in_uitbating>
<fme:StraatHuisNummer>Maagdenstraat 90</fme:StraatHuisNummer>
<fme:Aangemaakt_op>20/11/2017</fme:Aangemaakt_op>
</fme:studentenverblijven_2017>
<fme:studentenverblijven_2017>
<fme:STRAATnummer>225</fme:STRAATnummer>
<fme:STRAATNAAM>Meestraat</fme:STRAATNAAM>
<fme:huisnr>1</fme:huisnr>
<fme:POSTCODE>8000</fme:POSTCODE>
<fme:GEMEENTEAFDELING>Brugge-Centrum</fme:GEMEENTEAFDELING>
<fme:SECTOR>C</fme:SECTOR>
<fme:dat_beslissing>20161020000000.000</fme:dat_beslissing>
<fme:Aantal_verblijven>11</fme:Aantal_verblijven>
<fme:in_uitbating>ja</fme:in_uitbating>
<fme:StraatHuisNummer>Meestraat 1</fme:StraatHuisNummer>
<fme:Aangemaakt_op>20/11/2017</fme:Aangemaakt_op>
</fme:studentenverblijven_2017>
<fme:studentenverblijven_2017>
<fme:STRAATnummer>231</fme:STRAATnummer>
<fme:STRAATNAAM>Molenmeers</fme:STRAATNAAM>
<fme:huisnr>21</fme:huisnr>
<fme:POSTCODE>8000</fme:POSTCODE>
<fme:GEMEENTEAFDELING>Brugge-Centrum</fme:GEMEENTEAFDELING>
<fme:SECTOR>C</fme:SECTOR>
<fme:dat_beslissing>20140701000000.000</fme:dat_beslissing>
<fme:Aantal_verblijven>5</fme:Aantal_verblijven>
<fme:in_uitbating>ja</fme:in_uitbating>
<fme:StraatHuisNummer>Molenmeers 21</fme:StraatHuisNummer>
<fme:Aangemaakt_op>20/11/2017</fme:Aangemaakt_op>
</fme:studentenverblijven_2017>
<fme:studentenverblijven_2017>
<fme:STRAATnummer>237</fme:STRAATnummer>
<fme:STRAATNAAM>Nieuwe Gentweg</fme:STRAATNAAM>
<fme:huisnr>71</fme:huisnr>
<fme:POSTCODE>8000</fme:POSTCODE>
<fme:GEMEENTEAFDELING>Brugge-Centrum</fme:GEMEENTEAFDELING>
<fme:SECTOR>C</fme:SECTOR>
<fme:dat_beslissing>20010205000000.000</fme:dat_beslissing>
<fme:Aantal_verblijven>4</fme:Aantal_verblijven>
<fme:in_uitbating>ja</fme:in_uitbating>
<fme:StraatHuisNummer>Nieuwe Gentweg 71</fme:StraatHuisNummer>
<fme:Aangemaakt_op>20/11/2017</fme:Aangemaakt_op>
</fme:studentenverblijven_2017>
<fme:studentenverblijven_2017>
<fme:STRAATnummer>243</fme:STRAATnummer>
<fme:STRAATNAAM>Noordzandstraat</fme:STRAATNAAM>
<fme:huisnr>17</fme:huisnr>
<fme:POSTCODE>8000</fme:POSTCODE>
<fme:GEMEENTEAFDELING>Brugge-Centrum</fme:GEMEENTEAFDELING>
<fme:SECTOR>C</fme:SECTOR>
<fme:dat_beslissing>20160606000000.000</fme:dat_beslissing>
<fme:Aantal_verblijven>1</fme:Aantal_verblijven>
<fme:in_uitbating>ja</fme:in_uitbating>
<fme:StraatHuisNummer>Noordzandstraat 17</fme:StraatHuisNummer>
<fme:Aangemaakt_op>20/11/2017</fme:Aangemaakt_op>
</fme:studentenverblijven_2017>
<fme:studentenverblijven_2017>
<fme:STRAATnummer>243</fme:STRAATnummer>
<fme:STRAATNAAM>Noordzandstraat</fme:STRAATNAAM>
<fme:huisnr>60</fme:huisnr>
<fme:POSTCODE>8000</fme:POSTCODE>
<fme:GEMEENTEAFDELING>Brugge-Centrum</fme:GEMEENTEAFDELING>
<fme:SECTOR>C</fme:SECTOR>
<fme:dat_beslissing>20160311000000.000</fme:dat_beslissing>
<fme:Aantal_verblijven>5</fme:Aantal_verblijven>
<fme:in_uitbating>ja</fme:in_uitbating>
<fme:StraatHuisNummer>Noordzandstraat 60</fme:StraatHuisNummer>
<fme:Aangemaakt_op>20/11/2017</fme:Aangemaakt_op>
</fme:studentenverblijven_2017>
<fme:studentenverblijven_2017>
<fme:STRAATnummer>243</fme:STRAATnummer>
<fme:STRAATNAAM>Noordzandstraat</fme:STRAATNAAM>
<fme:huisnr>91</fme:huisnr>
<fme:POSTCODE>8000</fme:POSTCODE>
<fme:GEMEENTEAFDELING>Brugge-Centrum</fme:GEMEENTEAFDELING>
<fme:SECTOR>C</fme:SECTOR>
<fme:dat_beslissing>19981126000000.000</fme:dat_beslissing>
<fme:Aantal_verblijven>3</fme:Aantal_verblijven>
<fme:in_uitbating>ja</fme:in_uitbating>
<fme:StraatHuisNummer>Noordzandstraat 91</fme:StraatHuisNummer>
<fme:Aangemaakt_op>20/11/2017</fme:Aangemaakt_op>
</fme:studentenverblijven_2017>
<fme:studentenverblijven_2017>
<fme:STRAATnummer>246</fme:STRAATnummer>
<fme:STRAATNAAM>Ontvangersstraat</fme:STRAATNAAM>
<fme:huisnr>18</fme:huisnr>
<fme:POSTCODE>8000</fme:POSTCODE>
<fme:GEMEENTEAFDELING>Brugge-Centrum</fme:GEMEENTEAFDELING>
<fme:SECTOR>C</fme:SECTOR>
<fme:dat_beslissing>19970228000000.000</fme:dat_beslissing>
<fme:Aantal_verblijven>8</fme:Aantal_verblijven>
<fme:in_uitbating>ja</fme:in_uitbating>
<fme:StraatHuisNummer>Ontvangersstraat 18</fme:StraatHuisNummer>
<fme:Aangemaakt_op>20/11/2017</fme:Aangemaakt_op>
</fme:studentenverblijven_2017>
<fme:studentenverblijven_2017>
<fme:STRAATnummer>247</fme:STRAATnummer>
<fme:STRAATNAAM>Oosterlingenplein</fme:STRAATNAAM>
<fme:huisnr>5</fme:huisnr>
<fme:POSTCODE>8000</fme:POSTCODE>
<fme:GEMEENTEAFDELING>Brugge-Centrum</fme:GEMEENTEAFDELING>
<fme:SECTOR>C</fme:SECTOR>
<fme:dat_beslissing>20170714000000.000</fme:dat_beslissing>
<fme:Aantal_verblijven>3</fme:Aantal_verblijven>
<fme:in_uitbating>ja</fme:in_uitbating>
<fme:StraatHuisNummer>Oosterlingenplein 5</fme:StraatHuisNummer>
<fme:Aangemaakt_op>20/11/2017</fme:Aangemaakt_op>
</fme:studentenverblijven_2017>
<fme:studentenverblijven_2017>
<fme:STRAATnummer>247</fme:STRAATnummer>
<fme:STRAATNAAM>Oosterlingenplein</fme:STRAATNAAM>
<fme:huisnr>5</fme:huisnr>
<fme:POSTCODE>8000</fme:POSTCODE>
<fme:GEMEENTEAFDELING>Brugge-Centrum</fme:GEMEENTEAFDELING>
<fme:SECTOR>C</fme:SECTOR>
<fme:dat_beslissing>20170714000000.000</fme:dat_beslissing>
<fme:Aantal_verblijven>4</fme:Aantal_verblijven>
<fme:in_uitbating>ja</fme:in_uitbating>
<fme:StraatHuisNummer>Oosterlingenplein 5</fme:StraatHuisNummer>
<fme:Aangemaakt_op>20/11/2017</fme:Aangemaakt_op>
</fme:studentenverblijven_2017>
<fme:studentenverblijven_2017>
<fme:STRAATnummer>252</fme:STRAATnummer>
<fme:STRAATNAAM>Oude Burg</fme:STRAATNAAM>
<fme:huisnr>30</fme:huisnr>
<fme:POSTCODE>8000</fme:POSTCODE>
<fme:GEMEENTEAFDELING>Brugge-Centrum</fme:GEMEENTEAFDELING>
<fme:SECTOR>C</fme:SECTOR>
<fme:dat_beslissing>20020208000000.000</fme:dat_beslissing>
<fme:Aantal_verblijven>4</fme:Aantal_verblijven>
<fme:in_uitbating>ja</fme:in_uitbating>
<fme:StraatHuisNummer>Oude Burg 30</fme:StraatHuisNummer>
<fme:Aangemaakt_op>20/11/2017</fme:Aangemaakt_op>
</fme:studentenverblijven_2017>
<fme:studentenverblijven_2017>
<fme:STRAATnummer>253</fme:STRAATnummer>
<fme:STRAATNAAM>Oude Gentweg</fme:STRAATNAAM>
<fme:huisnr>166</fme:huisnr>
<fme:POSTCODE>8000</fme:POSTCODE>
<fme:GEMEENTEAFDELING>Brugge-Centrum</fme:GEMEENTEAFDELING>
<fme:SECTOR>C</fme:SECTOR>
<fme:dat_beslissing>20070103000000.000</fme:dat_beslissing>
<fme:Aantal_verblijven>15</fme:Aantal_verblijven>
<fme:in_uitbating>ja</fme:in_uitbating>
<fme:StraatHuisNummer>Oude Gentweg 166</fme:StraatHuisNummer>
<fme:Aangemaakt_op>20/11/2017</fme:Aangemaakt_op>
</fme:studentenverblijven_2017>
<fme:studentenverblijven_2017>
<fme:STRAATnummer>254</fme:STRAATnummer>
<fme:STRAATNAAM>Oude Zak</fme:STRAATNAAM>
<fme:huisnr>8</fme:huisnr>
<fme:POSTCODE>8000</fme:POSTCODE>
<fme:GEMEENTEAFDELING>Brugge-Centrum</fme:GEMEENTEAFDELING>
<fme:SECTOR>C</fme:SECTOR>
<fme:dat_beslissing>19960927000000.000</fme:dat_beslissing>
<fme:Aantal_verblijven>7</fme:Aantal_verblijven>
<fme:in_uitbating>ja</fme:in_uitbating>
<fme:StraatHuisNummer>Oude Zak 8</fme:StraatHuisNummer>
<fme:Aangemaakt_op>20/11/2017</fme:Aangemaakt_op>
</fme:studentenverblijven_2017>
<fme:studentenverblijven_2017>
<fme:STRAATnummer>254</fme:STRAATnummer>
<fme:STRAATNAAM>Oude Zak</fme:STRAATNAAM>
<fme:huisnr>24</fme:huisnr>
<fme:POSTCODE>8000</fme:POSTCODE>
<fme:GEMEENTEAFDELING>Brugge-Centrum</fme:GEMEENTEAFDELING>
<fme:SECTOR>C</fme:SECTOR>
<fme:dat_beslissing>20110107000000.000</fme:dat_beslissing>
<fme:Aantal_verblijven>25</fme:Aantal_verblijven>
<fme:in_uitbating>ja</fme:in_uitbating>
<fme:StraatHuisNummer>Oude Zak 24</fme:StraatHuisNummer>
<fme:Aangemaakt_op>20/11/2017</fme:Aangemaakt_op>
</fme:studentenverblijven_2017>
<fme:studentenverblijven_2017>
<fme:STRAATnummer>254</fme:STRAATnummer>
<fme:STRAATNAAM>Oude Zak</fme:STRAATNAAM>
<fme:huisnr>26</fme:huisnr>
<fme:POSTCODE>8000</fme:POSTCODE>
<fme:GEMEENTEAFDELING>Brugge-Centrum</fme:GEMEENTEAFDELING>
<fme:SECTOR>C</fme:SECTOR>
<fme:dat_beslissing>20110107000000.000</fme:dat_beslissing>
<fme:Aantal_verblijven>3</fme:Aantal_verblijven>
<fme:in_uitbating>ja</fme:in_uitbating>
<fme:StraatHuisNummer>Oude Zak 26</fme:StraatHuisNummer>
<fme:Aangemaakt_op>20/11/2017</fme:Aangemaakt_op>
</fme:studentenverblijven_2017>
<fme:studentenverblijven_2017>
<fme:STRAATnummer>254</fme:STRAATnummer>
<fme:STRAATNAAM>Oude Zak</fme:STRAATNAAM>
<fme:huisnr>26</fme:huisnr>
<fme:POSTCODE>8000</fme:POSTCODE>
<fme:GEMEENTEAFDELING>Brugge-Centrum</fme:GEMEENTEAFDELING>
<fme:SECTOR>C</fme:SECTOR>
<fme:dat_beslissing>20110107000000.000</fme:dat_beslissing>
<fme:Aantal_verblijven>32</fme:Aantal_verblijven>
<fme:in_uitbating>ja</fme:in_uitbating>
<fme:StraatHuisNummer>Oude Zak 26</fme:StraatHuisNummer>
<fme:Aangemaakt_op>20/11/2017</fme:Aangemaakt_op>
</fme:studentenverblijven_2017>
<fme:studentenverblijven_2017>
<fme:STRAATnummer>7079</fme:STRAATnummer>
<fme:STRAATNAAM>Oudekerkstraat</fme:STRAATNAAM>
<fme:huisnr>6</fme:huisnr>
<fme:POSTCODE>8200</fme:POSTCODE>
<fme:GEMEENTEAFDELING>Sint-Michiels</fme:GEMEENTEAFDELING>
<fme:SECTOR>W</fme:SECTOR>
<fme:dat_beslissing>20031107000000.000</fme:dat_beslissing>
<fme:Aantal_verblijven>2</fme:Aantal_verblijven>
<fme:in_uitbating>neen</fme:in_uitbating>
<fme:StraatHuisNummer>Oudekerkstraat 6</fme:StraatHuisNummer>
<fme:Aangemaakt_op>20/11/2017</fme:Aangemaakt_op>
</fme:studentenverblijven_2017>
<fme:studentenverblijven_2017>
<fme:STRAATnummer>7079</fme:STRAATnummer>
<fme:STRAATNAAM>Oudekerkstraat</fme:STRAATNAAM>
<fme:huisnr>6</fme:huisnr>
<fme:POSTCODE>8200</fme:POSTCODE>
<fme:GEMEENTEAFDELING>Sint-Michiels</fme:GEMEENTEAFDELING>
<fme:SECTOR>W</fme:SECTOR>
<fme:dat_beslissing>20150416000000.000</fme:dat_beslissing>
<fme:Aantal_verblijven>3</fme:Aantal_verblijven>
<fme:in_uitbating>ja</fme:in_uitbating>
<fme:StraatHuisNummer>Oudekerkstraat 6</fme:StraatHuisNummer>
<fme:Aangemaakt_op>20/11/2017</fme:Aangemaakt_op>
</fme:studentenverblijven_2017>
<fme:studentenverblijven_2017>
<fme:STRAATnummer>7086</fme:STRAATnummer>
<fme:STRAATNAAM>Pitsenbosdreef</fme:STRAATNAAM>
<fme:huisnr>11</fme:huisnr>
<fme:POSTCODE>8200</fme:POSTCODE>
<fme:GEMEENTEAFDELING>Sint-Michiels</fme:GEMEENTEAFDELING>
<fme:SECTOR>W</fme:SECTOR>
<fme:dat_beslissing>20100129000000.000</fme:dat_beslissing>
<fme:Aantal_verblijven>18</fme:Aantal_verblijven>
<fme:in_uitbating>ja</fme:in_uitbating>
<fme:StraatHuisNummer>Pitsenbosdreef 11</fme:StraatHuisNummer>
<fme:Aangemaakt_op>20/11/2017</fme:Aangemaakt_op>
</fme:studentenverblijven_2017>
<fme:studentenverblijven_2017>
<fme:STRAATnummer>276</fme:STRAATnummer>
<fme:STRAATNAAM>Raamstraat</fme:STRAATNAAM>
<fme:huisnr>3</fme:huisnr>
<fme:POSTCODE>8000</fme:POSTCODE>
<fme:GEMEENTEAFDELING>Brugge-Centrum</fme:GEMEENTEAFDELING>
<fme:SECTOR>C</fme:SECTOR>
<fme:dat_beslissing>20150706000000.000</fme:dat_beslissing>
<fme:Aantal_verblijven>8</fme:Aantal_verblijven>
<fme:in_uitbating>ja</fme:in_uitbating>
<fme:StraatHuisNummer>Raamstraat 3</fme:StraatHuisNummer>
<fme:Aangemaakt_op>20/11/2017</fme:Aangemaakt_op>
</fme:studentenverblijven_2017>
<fme:studentenverblijven_2017>
<fme:STRAATnummer>276</fme:STRAATnummer>
<fme:STRAATNAAM>Raamstraat</fme:STRAATNAAM>
<fme:huisnr>28</fme:huisnr>
<fme:POSTCODE>8000</fme:POSTCODE>
<fme:GEMEENTEAFDELING>Brugge-Centrum</fme:GEMEENTEAFDELING>
<fme:SECTOR>C</fme:SECTOR>
<fme:dat_beslissing>20170912000000.000</fme:dat_beslissing>
<fme:Aantal_verblijven>17</fme:Aantal_verblijven>
<fme:in_uitbating>ja</fme:in_uitbating>
<fme:StraatHuisNummer>Raamstraat 28</fme:StraatHuisNummer>
<fme:Aangemaakt_op>20/11/2017</fme:Aangemaakt_op>
</fme:studentenverblijven_2017>
<fme:studentenverblijven_2017>
<fme:STRAATnummer>7091</fme:STRAATnummer>
<fme:STRAATNAAM>Rijselstraat</fme:STRAATNAAM>
<fme:huisnr>1</fme:huisnr>
<fme:suffix>A</fme:suffix>
<fme:POSTCODE>8200</fme:POSTCODE>
<fme:GEMEENTEAFDELING>Sint-Michiels</fme:GEMEENTEAFDELING>
<fme:SECTOR>W</fme:SECTOR>
<fme:dat_beslissing>20160215000000.000</fme:dat_beslissing>
<fme:Aantal_verblijven>111</fme:Aantal_verblijven>
<fme:in_uitbating>ja</fme:in_uitbating>
<fme:StraatHuisNummer>Rijselstraat 1</fme:StraatHuisNummer>
<fme:Aangemaakt_op>20/11/2017</fme:Aangemaakt_op>
</fme:studentenverblijven_2017>
<fme:studentenverblijven_2017>
<fme:STRAATnummer>7091</fme:STRAATnummer>
<fme:STRAATNAAM>Rijselstraat</fme:STRAATNAAM>
<fme:huisnr>57</fme:huisnr>
<fme:POSTCODE>8200</fme:POSTCODE>
<fme:GEMEENTEAFDELING>Sint-Michiels</fme:GEMEENTEAFDELING>
<fme:SECTOR>W</fme:SECTOR>
<fme:dat_beslissing>20170912000000.000</fme:dat_beslissing>
<fme:Aantal_verblijven>4</fme:Aantal_verblijven>
<fme:in_uitbating>ja</fme:in_uitbating>
<fme:StraatHuisNummer>Rijselstraat 57</fme:StraatHuisNummer>
<fme:Aangemaakt_op>20/11/2017</fme:Aangemaakt_op>
</fme:studentenverblijven_2017>
<fme:studentenverblijven_2017>
<fme:STRAATnummer>7091</fme:STRAATnummer>
<fme:STRAATNAAM>Rijselstraat</fme:STRAATNAAM>
<fme:huisnr>120</fme:huisnr>
<fme:POSTCODE>8200</fme:POSTCODE>
<fme:GEMEENTEAFDELING>Sint-Michiels</fme:GEMEENTEAFDELING>
<fme:SECTOR>W</fme:SECTOR>
<fme:dat_beslissing>19980922000000.000</fme:dat_beslissing>
<fme:Aantal_verblijven>3</fme:Aantal_verblijven>
<fme:in_uitbating>neen</fme:in_uitbating>
<fme:StraatHuisNummer>Rijselstraat 120</fme:StraatHuisNummer>
<fme:Aangemaakt_op>20/11/2017</fme:Aangemaakt_op>
</fme:studentenverblijven_2017>
<fme:studentenverblijven_2017>
<fme:STRAATnummer>7091</fme:STRAATnummer>
<fme:STRAATNAAM>Rijselstraat</fme:STRAATNAAM>
<fme:huisnr>130</fme:huisnr>
<fme:POSTCODE>8200</fme:POSTCODE>
<fme:GEMEENTEAFDELING>Sint-Michiels</fme:GEMEENTEAFDELING>
<fme:SECTOR>W</fme:SECTOR>
<fme:dat_beslissing>20160229000000.000</fme:dat_beslissing>
<fme:Aantal_verblijven>4</fme:Aantal_verblijven>
<fme:in_uitbating>ja</fme:in_uitbating>
<fme:StraatHuisNummer>Rijselstraat 130</fme:StraatHuisNummer>
<fme:Aangemaakt_op>20/11/2017</fme:Aangemaakt_op>
</fme:studentenverblijven_2017>
<fme:studentenverblijven_2017>
<fme:STRAATnummer>7091</fme:STRAATnummer>
<fme:STRAATNAAM>Rijselstraat</fme:STRAATNAAM>
<fme:huisnr>150</fme:huisnr>
<fme:POSTCODE>8200</fme:POSTCODE>
<fme:GEMEENTEAFDELING>Sint-Michiels</fme:GEMEENTEAFDELING>
<fme:SECTOR>W</fme:SECTOR>
<fme:dat_beslissing>20141002000000.000</fme:dat_beslissing>
<fme:Aantal_verblijven>4</fme:Aantal_verblijven>
<fme:in_uitbating>ja</fme:in_uitbating>
<fme:StraatHuisNummer>Rijselstraat 150</fme:StraatHuisNummer>
<fme:Aangemaakt_op>20/11/2017</fme:Aangemaakt_op>
</fme:studentenverblijven_2017>
<fme:studentenverblijven_2017>
<fme:STRAATnummer>7091</fme:STRAATnummer>
<fme:STRAATNAAM>Rijselstraat</fme:STRAATNAAM>
<fme:huisnr>164</fme:huisnr>
<fme:POSTCODE>8200</fme:POSTCODE>
<fme:GEMEENTEAFDELING>Sint-Michiels</fme:GEMEENTEAFDELING>
<fme:SECTOR>W</fme:SECTOR>
<fme:dat_beslissing>20160201000000.000</fme:dat_beslissing>
<fme:Aantal_verblijven>1</fme:Aantal_verblijven>
<fme:in_uitbating>ja</fme:in_uitbating>
<fme:StraatHuisNummer>Rijselstraat 164</fme:StraatHuisNummer>
<fme:Aangemaakt_op>20/11/2017</fme:Aangemaakt_op>
</fme:studentenverblijven_2017>
<fme:studentenverblijven_2017>
<fme:STRAATnummer>7091</fme:STRAATnummer>
<fme:STRAATNAAM>Rijselstraat</fme:STRAATNAAM>
<fme:huisnr>164</fme:huisnr>
<fme:POSTCODE>8200</fme:POSTCODE>
<fme:GEMEENTEAFDELING>Sint-Michiels</fme:GEMEENTEAFDELING>
<fme:SECTOR>W</fme:SECTOR>
<fme:dat_beslissing>20160201000000.000</fme:dat_beslissing>
<fme:Aantal_verblijven>14</fme:Aantal_verblijven>
<fme:in_uitbating>ja</fme:in_uitbating>
<fme:StraatHuisNummer>Rijselstraat 164</fme:StraatHuisNummer>
<fme:Aangemaakt_op>20/11/2017</fme:Aangemaakt_op>
</fme:studentenverblijven_2017>
<fme:studentenverblijven_2017>
<fme:STRAATnummer>280</fme:STRAATnummer>
<fme:STRAATNAAM>Rode-Haanstraat</fme:STRAATNAAM>
<fme:huisnr>3</fme:huisnr>
<fme:POSTCODE>8000</fme:POSTCODE>
<fme:GEMEENTEAFDELING>Brugge-Centrum</fme:GEMEENTEAFDELING>
<fme:SECTOR>C</fme:SECTOR>
<fme:dat_beslissing>20170610000000.000</fme:dat_beslissing>
<fme:Aantal_verblijven>50</fme:Aantal_verblijven>
<fme:in_uitbating>ja</fme:in_uitbating>
<fme:StraatHuisNummer>Rode-Haanstraat 3</fme:StraatHuisNummer>
<fme:Aangemaakt_op>20/11/2017</fme:Aangemaakt_op>
</fme:studentenverblijven_2017>
<fme:studentenverblijven_2017>
<fme:STRAATnummer>286</fme:STRAATnummer>
<fme:STRAATNAAM>Rozendal</fme:STRAATNAAM>
<fme:huisnr>30</fme:huisnr>
<fme:POSTCODE>8000</fme:POSTCODE>
<fme:GEMEENTEAFDELING>Brugge-Centrum</fme:GEMEENTEAFDELING>
<fme:SECTOR>C</fme:SECTOR>
<fme:dat_beslissing>19961212000000.000</fme:dat_beslissing>
<fme:Aantal_verblijven>4</fme:Aantal_verblijven>
<fme:in_uitbating>ja</fme:in_uitbating>
<fme:StraatHuisNummer>Rozendal 30</fme:StraatHuisNummer>
<fme:Aangemaakt_op>20/11/2017</fme:Aangemaakt_op>
</fme:studentenverblijven_2017>
<fme:studentenverblijven_2017>
<fme:STRAATnummer>290</fme:STRAATnummer>
<fme:STRAATNAAM>Schaarstraat</fme:STRAATNAAM>
<fme:huisnr>78</fme:huisnr>
<fme:POSTCODE>8000</fme:POSTCODE>
<fme:GEMEENTEAFDELING>Brugge-Centrum</fme:GEMEENTEAFDELING>
<fme:SECTOR>C</fme:SECTOR>
<fme:dat_beslissing>20010730000000.000</fme:dat_beslissing>
<fme:Aantal_verblijven>1</fme:Aantal_verblijven>
<fme:in_uitbating>ja</fme:in_uitbating>
<fme:StraatHuisNummer>Schaarstraat 78</fme:StraatHuisNummer>
<fme:Aangemaakt_op>20/11/2017</fme:Aangemaakt_op>
</fme:studentenverblijven_2017>
<fme:studentenverblijven_2017>
<fme:STRAATnummer>930</fme:STRAATnummer>
<fme:STRAATNAAM>Scheepsdalelaan</fme:STRAATNAAM>
<fme:huisnr>2</fme:huisnr>
<fme:POSTCODE>8000</fme:POSTCODE>
<fme:GEMEENTEAFDELING>Christus-Koning</fme:GEMEENTEAFDELING>
<fme:SECTOR>C</fme:SECTOR>
<fme:dat_beslissing>19980217000000.000</fme:dat_beslissing>
<fme:Aantal_verblijven>5</fme:Aantal_verblijven>
<fme:in_uitbating>ja</fme:in_uitbating>
<fme:StraatHuisNummer>Scheepsdalelaan 2</fme:StraatHuisNummer>
<fme:Aangemaakt_op>20/11/2017</fme:Aangemaakt_op>
</fme:studentenverblijven_2017>
<fme:studentenverblijven_2017>
<fme:STRAATnummer>293</fme:STRAATnummer>
<fme:STRAATNAAM>Schouwvegersstraat</fme:STRAATNAAM>
<fme:huisnr>5</fme:huisnr>
<fme:POSTCODE>8000</fme:POSTCODE>
<fme:GEMEENTEAFDELING>Brugge-Centrum</fme:GEMEENTEAFDELING>
<fme:SECTOR>C</fme:SECTOR>
<fme:dat_beslissing>19970527000000.000</fme:dat_beslissing>
<fme:Aantal_verblijven>7</fme:Aantal_verblijven>
<fme:in_uitbating>neen</fme:in_uitbating>
<fme:StraatHuisNummer>Schouwvegersstraat 5</fme:StraatHuisNummer>
<fme:Aangemaakt_op>20/11/2017</fme:Aangemaakt_op>
</fme:studentenverblijven_2017>
<fme:studentenverblijven_2017>
<fme:STRAATnummer>293</fme:STRAATnummer>
<fme:STRAATNAAM>Schouwvegersstraat</fme:STRAATNAAM>
<fme:huisnr>5</fme:huisnr>
<fme:POSTCODE>8000</fme:POSTCODE>
<fme:GEMEENTEAFDELING>Brugge-Centrum</fme:GEMEENTEAFDELING>
<fme:SECTOR>C</fme:SECTOR>
<fme:dat_beslissing>20071109000000.000</fme:dat_beslissing>
<fme:Aantal_verblijven>7</fme:Aantal_verblijven>
<fme:in_uitbating>ja</fme:in_uitbating>
<fme:StraatHuisNummer>Schouwvegersstraat 5</fme:StraatHuisNummer>
<fme:Aangemaakt_op>20/11/2017</fme:Aangemaakt_op>
</fme:studentenverblijven_2017>
<fme:studentenverblijven_2017>
<fme:STRAATnummer>5089</fme:STRAATnummer>
<fme:STRAATNAAM>Singel</fme:STRAATNAAM>
<fme:huisnr>2</fme:huisnr>
<fme:POSTCODE>8200</fme:POSTCODE>
<fme:GEMEENTEAFDELING>Sint-Andries</fme:GEMEENTEAFDELING>
<fme:SECTOR>W</fme:SECTOR>
<fme:dat_beslissing>20020304000000.000</fme:dat_beslissing>
<fme:Aantal_verblijven>5</fme:Aantal_verblijven>
<fme:in_uitbating>ja</fme:in_uitbating>
<fme:StraatHuisNummer>Singel 2</fme:StraatHuisNummer>
<fme:Aangemaakt_op>20/11/2017</fme:Aangemaakt_op>
</fme:studentenverblijven_2017>
<fme:studentenverblijven_2017>
<fme:STRAATnummer>301</fme:STRAATnummer>
<fme:STRAATNAAM>Sint-Annaplein</fme:STRAATNAAM>
<fme:huisnr>12</fme:huisnr>
<fme:POSTCODE>8000</fme:POSTCODE>
<fme:GEMEENTEAFDELING>Brugge-Centrum</fme:GEMEENTEAFDELING>
<fme:SECTOR>C</fme:SECTOR>
<fme:dat_beslissing>20051212000000.000</fme:dat_beslissing>
<fme:Aantal_verblijven>8</fme:Aantal_verblijven>
<fme:in_uitbating>ja</fme:in_uitbating>
<fme:StraatHuisNummer>Sint-Annaplein 12</fme:StraatHuisNummer>
<fme:Aangemaakt_op>20/11/2017</fme:Aangemaakt_op>
</fme:studentenverblijven_2017>
<fme:studentenverblijven_2017>
<fme:STRAATnummer>5091</fme:STRAATnummer>
<fme:STRAATNAAM>Sint-Baafsstraat</fme:STRAATNAAM>
<fme:huisnr>37</fme:huisnr>
<fme:POSTCODE>8200</fme:POSTCODE>
<fme:GEMEENTEAFDELING>Sint-Andries</fme:GEMEENTEAFDELING>
<fme:SECTOR>W</fme:SECTOR>
<fme:dat_beslissing>20141211000000.000</fme:dat_beslissing>
<fme:Aantal_verblijven>35</fme:Aantal_verblijven>
<fme:in_uitbating>ja</fme:in_uitbating>
<fme:StraatHuisNummer>Sint-Baafsstraat 37</fme:StraatHuisNummer>
<fme:Aangemaakt_op>20/11/2017</fme:Aangemaakt_op>
</fme:studentenverblijven_2017>
<fme:studentenverblijven_2017>
<fme:STRAATnummer>314</fme:STRAATnummer>
<fme:STRAATNAAM>Sint-Jansstraat</fme:STRAATNAAM>
<fme:huisnr>5</fme:huisnr>
<fme:suffix>A</fme:suffix>
<fme:POSTCODE>8000</fme:POSTCODE>
<fme:GEMEENTEAFDELING>Brugge-Centrum</fme:GEMEENTEAFDELING>
<fme:SECTOR>C</fme:SECTOR>
<fme:dat_beslissing>19970527000000.000</fme:dat_beslissing>
<fme:Aantal_verblijven>8</fme:Aantal_verblijven>
<fme:in_uitbating>ja</fme:in_uitbating>
<fme:StraatHuisNummer>Sint-Jansstraat 5</fme:StraatHuisNummer>
<fme:Aangemaakt_op>20/11/2017</fme:Aangemaakt_op>
</fme:studentenverblijven_2017>
<fme:studentenverblijven_2017>
<fme:STRAATnummer>314</fme:STRAATnummer>
<fme:STRAATNAAM>Sint-Jansstraat</fme:STRAATNAAM>
<fme:huisnr>6</fme:huisnr>
<fme:POSTCODE>8000</fme:POSTCODE>
<fme:GEMEENTEAFDELING>Brugge-Centrum</fme:GEMEENTEAFDELING>
<fme:SECTOR>C</fme:SECTOR>
<fme:dat_beslissing>20030821000000.000</fme:dat_beslissing>
<fme:Aantal_verblijven>15</fme:Aantal_verblijven>
<fme:in_uitbating>ja</fme:in_uitbating>
<fme:StraatHuisNummer>Sint-Jansstraat 6</fme:StraatHuisNummer>
<fme:Aangemaakt_op>20/11/2017</fme:Aangemaakt_op>
</fme:studentenverblijven_2017>
<fme:studentenverblijven_2017>
<fme:STRAATnummer>315</fme:STRAATnummer>
<fme:STRAATNAAM>Sint-Jorisstraat</fme:STRAATNAAM>
<fme:huisnr>4</fme:huisnr>
<fme:POSTCODE>8000</fme:POSTCODE>
<fme:GEMEENTEAFDELING>Brugge-Centrum</fme:GEMEENTEAFDELING>
<fme:SECTOR>C</fme:SECTOR>
<fme:dat_beslissing>20031128000000.000</fme:dat_beslissing>
<fme:Aantal_verblijven>6</fme:Aantal_verblijven>
<fme:in_uitbating>ja</fme:in_uitbating>
<fme:StraatHuisNummer>Sint-Jorisstraat 4</fme:StraatHuisNummer>
<fme:Aangemaakt_op>20/11/2017</fme:Aangemaakt_op>
</fme:studentenverblijven_2017>
<fme:studentenverblijven_2017>
<fme:STRAATnummer>315</fme:STRAATnummer>
<fme:STRAATNAAM>Sint-Jorisstraat</fme:STRAATNAAM>
<fme:huisnr>38</fme:huisnr>
<fme:POSTCODE>8000</fme:POSTCODE>
<fme:GEMEENTEAFDELING>Brugge-Centrum</fme:GEMEENTEAFDELING>
<fme:SECTOR>C</fme:SECTOR>
<fme:dat_beslissing>20160928000000.000</fme:dat_beslissing>
<fme:Aantal_verblijven>13</fme:Aantal_verblijven>
<fme:in_uitbating>ja</fme:in_uitbating>
<fme:StraatHuisNummer>Sint-Jorisstraat 38</fme:StraatHuisNummer>
<fme:Aangemaakt_op>20/11/2017</fme:Aangemaakt_op>
</fme:studentenverblijven_2017>
<fme:studentenverblijven_2017>
<fme:STRAATnummer>315</fme:STRAATnummer>
<fme:STRAATNAAM>Sint-Jorisstraat</fme:STRAATNAAM>
<fme:huisnr>42</fme:huisnr>
<fme:POSTCODE>8000</fme:POSTCODE>
<fme:GEMEENTEAFDELING>Brugge-Centrum</fme:GEMEENTEAFDELING>
<fme:SECTOR>C</fme:SECTOR>
<fme:dat_beslissing>20121221000000.000</fme:dat_beslissing>
<fme:Aantal_verblijven>7</fme:Aantal_verblijven>
<fme:in_uitbating>ja</fme:in_uitbating>
<fme:StraatHuisNummer>Sint-Jorisstraat 42</fme:StraatHuisNummer>
<fme:Aangemaakt_op>20/11/2017</fme:Aangemaakt_op>
</fme:studentenverblijven_2017>
<fme:studentenverblijven_2017>
<fme:STRAATnummer>315</fme:STRAATnummer>
<fme:STRAATNAAM>Sint-Jorisstraat</fme:STRAATNAAM>
<fme:huisnr>51</fme:huisnr>
<fme:POSTCODE>8000</fme:POSTCODE>
<fme:GEMEENTEAFDELING>Brugge-Centrum</fme:GEMEENTEAFDELING>
<fme:SECTOR>C</fme:SECTOR>
<fme:dat_beslissing>20080902000000.000</fme:dat_beslissing>
<fme:Aantal_verblijven>2</fme:Aantal_verblijven>
<fme:in_uitbating>neen</fme:in_uitbating>
<fme:StraatHuisNummer>Sint-Jorisstraat 51</fme:StraatHuisNummer>
<fme:Aangemaakt_op>20/11/2017</fme:Aangemaakt_op>
</fme:studentenverblijven_2017>
<fme:studentenverblijven_2017>
<fme:STRAATnummer>315</fme:STRAATnummer>
<fme:STRAATNAAM>Sint-Jorisstraat</fme:STRAATNAAM>
<fme:huisnr>51</fme:huisnr>
<fme:POSTCODE>8000</fme:POSTCODE>
<fme:GEMEENTEAFDELING>Brugge-Centrum</fme:GEMEENTEAFDELING>
<fme:SECTOR>C</fme:SECTOR>
<fme:dat_beslissing>20101231000000.000</fme:dat_beslissing>
<fme:Aantal_verblijven>3</fme:Aantal_verblijven>
<fme:in_uitbating>ja</fme:in_uitbating>
<fme:StraatHuisNummer>Sint-Jorisstraat 51</fme:StraatHuisNummer>
<fme:Aangemaakt_op>20/11/2017</fme:Aangemaakt_op>
</fme:studentenverblijven_2017>
<fme:studentenverblijven_2017>
<fme:STRAATnummer>544</fme:STRAATnummer>
<fme:STRAATNAAM>Sint-Pieterskaai</fme:STRAATNAAM>
<fme:huisnr>43</fme:huisnr>
<fme:POSTCODE>8000</fme:POSTCODE>
<fme:GEMEENTEAFDELING>Sint-Pieters</fme:GEMEENTEAFDELING>
<fme:SECTOR>N</fme:SECTOR>
<fme:dat_beslissing>20160818000000.000</fme:dat_beslissing>
<fme:Aantal_verblijven>4</fme:Aantal_verblijven>
<fme:in_uitbating>ja</fme:in_uitbating>
<fme:StraatHuisNummer>Sint-Pieterskaai 43</fme:StraatHuisNummer>
<fme:Aangemaakt_op>20/11/2017</fme:Aangemaakt_op>
</fme:studentenverblijven_2017>
<fme:studentenverblijven_2017>
<fme:STRAATnummer>544</fme:STRAATnummer>
<fme:STRAATNAAM>Sint-Pieterskaai</fme:STRAATNAAM>
<fme:huisnr>43</fme:huisnr>
<fme:POSTCODE>8000</fme:POSTCODE>
<fme:GEMEENTEAFDELING>Sint-Pieters</fme:GEMEENTEAFDELING>
<fme:SECTOR>N</fme:SECTOR>
<fme:dat_beslissing>20090225000000.000</fme:dat_beslissing>
<fme:Aantal_verblijven>6</fme:Aantal_verblijven>
<fme:in_uitbating>neen</fme:in_uitbating>
<fme:StraatHuisNummer>Sint-Pieterskaai 43</fme:StraatHuisNummer>
<fme:Aangemaakt_op>20/11/2017</fme:Aangemaakt_op>
</fme:studentenverblijven_2017>
<fme:studentenverblijven_2017>
<fme:STRAATnummer>326</fme:STRAATnummer>
<fme:STRAATNAAM>Spanjaardstraat</fme:STRAATNAAM>
<fme:huisnr>3</fme:huisnr>
<fme:POSTCODE>8000</fme:POSTCODE>
<fme:GEMEENTEAFDELING>Brugge-Centrum</fme:GEMEENTEAFDELING>
<fme:SECTOR>C</fme:SECTOR>
<fme:dat_beslissing>20151113000000.000</fme:dat_beslissing>
<fme:Aantal_verblijven>42</fme:Aantal_verblijven>
<fme:in_uitbating>ja</fme:in_uitbating>
<fme:StraatHuisNummer>Spanjaardstraat 3</fme:StraatHuisNummer>
<fme:Aangemaakt_op>20/11/2017</fme:Aangemaakt_op>
</fme:studentenverblijven_2017>
<fme:studentenverblijven_2017>
<fme:STRAATnummer>326</fme:STRAATnummer>
<fme:STRAATNAAM>Spanjaardstraat</fme:STRAATNAAM>
<fme:huisnr>15</fme:huisnr>
<fme:POSTCODE>8000</fme:POSTCODE>
<fme:GEMEENTEAFDELING>Brugge-Centrum</fme:GEMEENTEAFDELING>
<fme:SECTOR>C</fme:SECTOR>
<fme:dat_beslissing>20170804000000.000</fme:dat_beslissing>
<fme:Aantal_verblijven>33</fme:Aantal_verblijven>
<fme:in_uitbating>ja</fme:in_uitbating>
<fme:StraatHuisNummer>Spanjaardstraat 15</fme:StraatHuisNummer>
<fme:Aangemaakt_op>20/11/2017</fme:Aangemaakt_op>
</fme:studentenverblijven_2017>
<fme:studentenverblijven_2017>
<fme:STRAATnummer>329</fme:STRAATnummer>
<fme:STRAATNAAM>Spiegelrei</fme:STRAATNAAM>
<fme:huisnr>6</fme:huisnr>
<fme:POSTCODE>8000</fme:POSTCODE>
<fme:GEMEENTEAFDELING>Brugge-Centrum</fme:GEMEENTEAFDELING>
<fme:SECTOR>C</fme:SECTOR>
<fme:dat_beslissing>19980217000000.000</fme:dat_beslissing>
<fme:Aantal_verblijven>5</fme:Aantal_verblijven>
<fme:in_uitbating>ja</fme:in_uitbating>
<fme:StraatHuisNummer>Spiegelrei 6</fme:StraatHuisNummer>
<fme:Aangemaakt_op>20/11/2017</fme:Aangemaakt_op>
</fme:studentenverblijven_2017>
<fme:studentenverblijven_2017>
<fme:STRAATnummer>7101</fme:STRAATnummer>
<fme:STRAATNAAM>Spoorwegstraat</fme:STRAATNAAM>
<fme:huisnr>23</fme:huisnr>
<fme:POSTCODE>8200</fme:POSTCODE>
<fme:GEMEENTEAFDELING>Sint-Michiels</fme:GEMEENTEAFDELING>
<fme:SECTOR>W</fme:SECTOR>
<fme:dat_beslissing>20150424000000.000</fme:dat_beslissing>
<fme:Aantal_verblijven>13</fme:Aantal_verblijven>
<fme:in_uitbating>ja</fme:in_uitbating>
<fme:StraatHuisNummer>Spoorwegstraat 23</fme:StraatHuisNummer>
<fme:Aangemaakt_op>20/11/2017</fme:Aangemaakt_op>
</fme:studentenverblijven_2017>
<fme:studentenverblijven_2017>
<fme:STRAATnummer>7101</fme:STRAATnummer>
<fme:STRAATNAAM>Spoorwegstraat</fme:STRAATNAAM>
<fme:huisnr>25</fme:huisnr>
<fme:POSTCODE>8200</fme:POSTCODE>
<fme:GEMEENTEAFDELING>Sint-Michiels</fme:GEMEENTEAFDELING>
<fme:SECTOR>W</fme:SECTOR>
<fme:dat_beslissing>20061222000000.000</fme:dat_beslissing>
<fme:Aantal_verblijven>6</fme:Aantal_verblijven>
<fme:in_uitbating>ja</fme:in_uitbating>
<fme:StraatHuisNummer>Spoorwegstraat 25</fme:StraatHuisNummer>
<fme:Aangemaakt_op>20/11/2017</fme:Aangemaakt_op>
</fme:studentenverblijven_2017>
<fme:studentenverblijven_2017>
<fme:STRAATnummer>7102</fme:STRAATnummer>
<fme:STRAATNAAM>Stationslaan</fme:STRAATNAAM>
<fme:huisnr>8</fme:huisnr>
<fme:POSTCODE>8200</fme:POSTCODE>
<fme:GEMEENTEAFDELING>Sint-Michiels</fme:GEMEENTEAFDELING>
<fme:SECTOR>W</fme:SECTOR>
<fme:dat_beslissing>20170425000000.000</fme:dat_beslissing>
<fme:Aantal_verblijven>2</fme:Aantal_verblijven>
<fme:in_uitbating>ja</fme:in_uitbating>
<fme:StraatHuisNummer>Stationslaan 8</fme:StraatHuisNummer>
<fme:Aangemaakt_op>20/11/2017</fme:Aangemaakt_op>
</fme:studentenverblijven_2017>
<fme:studentenverblijven_2017>
<fme:STRAATnummer>7122</fme:STRAATnummer>
<fme:STRAATNAAM>'t Speelhof</fme:STRAATNAAM>
<fme:huisnr>92</fme:huisnr>
<fme:POSTCODE>8200</fme:POSTCODE>
<fme:GEMEENTEAFDELING>Sint-Michiels</fme:GEMEENTEAFDELING>
<fme:SECTOR>W</fme:SECTOR>
<fme:dat_beslissing>20140806000000.000</fme:dat_beslissing>
<fme:Aantal_verblijven>7</fme:Aantal_verblijven>
<fme:in_uitbating>ja</fme:in_uitbating>
<fme:StraatHuisNummer>'t Speelhof 92</fme:StraatHuisNummer>
<fme:Aangemaakt_op>20/11/2017</fme:Aangemaakt_op>
</fme:studentenverblijven_2017>
<fme:studentenverblijven_2017>
<fme:STRAATnummer>7143</fme:STRAATnummer>
<fme:STRAATNAAM>Ter Zwanekerke</fme:STRAATNAAM>
<fme:huisnr>7</fme:huisnr>
<fme:POSTCODE>8200</fme:POSTCODE>
<fme:GEMEENTEAFDELING>Sint-Michiels</fme:GEMEENTEAFDELING>
<fme:SECTOR>W</fme:SECTOR>
<fme:dat_beslissing>20150304000000.000</fme:dat_beslissing>
<fme:Aantal_verblijven>13</fme:Aantal_verblijven>
<fme:in_uitbating>ja</fme:in_uitbating>
<fme:StraatHuisNummer>Ter Zwanekerke 7</fme:StraatHuisNummer>
<fme:Aangemaakt_op>20/11/2017</fme:Aangemaakt_op>
</fme:studentenverblijven_2017>
<fme:studentenverblijven_2017>
<fme:STRAATnummer>7120</fme:STRAATnummer>
<fme:STRAATNAAM>Titecastraat</fme:STRAATNAAM>
<fme:huisnr>43</fme:huisnr>
<fme:POSTCODE>8200</fme:POSTCODE>
<fme:GEMEENTEAFDELING>Sint-Michiels</fme:GEMEENTEAFDELING>
<fme:SECTOR>W</fme:SECTOR>
<fme:dat_beslissing>20140904000000.000</fme:dat_beslissing>
<fme:Aantal_verblijven>5</fme:Aantal_verblijven>
<fme:in_uitbating>ja</fme:in_uitbating>
<fme:StraatHuisNummer>Titecastraat 43</fme:StraatHuisNummer>
<fme:Aangemaakt_op>20/11/2017</fme:Aangemaakt_op>
</fme:studentenverblijven_2017>
<fme:studentenverblijven_2017>
<fme:STRAATnummer>5101</fme:STRAATnummer>
<fme:STRAATNAAM>Torhoutse Steenweg</fme:STRAATNAAM>
<fme:huisnr>8</fme:huisnr>
<fme:POSTCODE>8200</fme:POSTCODE>
<fme:GEMEENTEAFDELING>Sint-Andries</fme:GEMEENTEAFDELING>
<fme:SECTOR>W</fme:SECTOR>
<fme:dat_beslissing>20121221000000.000</fme:dat_beslissing>
<fme:Aantal_verblijven>6</fme:Aantal_verblijven>
<fme:in_uitbating>ja</fme:in_uitbating>
<fme:StraatHuisNummer>Torhoutse Steenweg 8</fme:StraatHuisNummer>
<fme:Aangemaakt_op>20/11/2017</fme:Aangemaakt_op>
</fme:studentenverblijven_2017>
<fme:studentenverblijven_2017>
<fme:STRAATnummer>5101</fme:STRAATnummer>
<fme:STRAATNAAM>Torhoutse Steenweg</fme:STRAATNAAM>
<fme:huisnr>56</fme:huisnr>
<fme:POSTCODE>8200</fme:POSTCODE>
<fme:GEMEENTEAFDELING>Sint-Andries</fme:GEMEENTEAFDELING>
<fme:SECTOR>W</fme:SECTOR>
<fme:dat_beslissing>20161129000000.000</fme:dat_beslissing>
<fme:Aantal_verblijven>8</fme:Aantal_verblijven>
<fme:in_uitbating>ja</fme:in_uitbating>
<fme:StraatHuisNummer>Torhoutse Steenweg 56</fme:StraatHuisNummer>
<fme:Aangemaakt_op>20/11/2017</fme:Aangemaakt_op>
</fme:studentenverblijven_2017>
<fme:studentenverblijven_2017>
<fme:STRAATnummer>5101</fme:STRAATnummer>
<fme:STRAATNAAM>Torhoutse Steenweg</fme:STRAATNAAM>
<fme:huisnr>237</fme:huisnr>
<fme:POSTCODE>8200</fme:POSTCODE>
<fme:GEMEENTEAFDELING>Sint-Andries</fme:GEMEENTEAFDELING>
<fme:SECTOR>W</fme:SECTOR>
<fme:dat_beslissing>20170610000000.000</fme:dat_beslissing>
<fme:Aantal_verblijven>7</fme:Aantal_verblijven>
<fme:in_uitbating>ja</fme:in_uitbating>
<fme:StraatHuisNummer>Torhoutse Steenweg 237</fme:StraatHuisNummer>
<fme:Aangemaakt_op>20/11/2017</fme:Aangemaakt_op>
</fme:studentenverblijven_2017>
<fme:studentenverblijven_2017>
<fme:STRAATnummer>349</fme:STRAATnummer>
<fme:STRAATNAAM>Van Voldenstraat</fme:STRAATNAAM>
<fme:huisnr>14</fme:huisnr>
<fme:POSTCODE>8000</fme:POSTCODE>
<fme:GEMEENTEAFDELING>Brugge-Centrum</fme:GEMEENTEAFDELING>
<fme:SECTOR>C</fme:SECTOR>
<fme:dat_beslissing>20050804000000.000</fme:dat_beslissing>
<fme:Aantal_verblijven>4</fme:Aantal_verblijven>
<fme:in_uitbating>ja</fme:in_uitbating>
<fme:StraatHuisNummer>Van Voldenstraat 14</fme:StraatHuisNummer>
<fme:Aangemaakt_op>20/11/2017</fme:Aangemaakt_op>
</fme:studentenverblijven_2017>
<fme:studentenverblijven_2017>
<fme:STRAATnummer>349</fme:STRAATnummer>
<fme:STRAATNAAM>Van Voldenstraat</fme:STRAATNAAM>
<fme:huisnr>14</fme:huisnr>
<fme:POSTCODE>8000</fme:POSTCODE>
<fme:GEMEENTEAFDELING>Brugge-Centrum</fme:GEMEENTEAFDELING>
<fme:SECTOR>C</fme:SECTOR>
<fme:dat_beslissing>20050804000000.000</fme:dat_beslissing>
<fme:Aantal_verblijven>2</fme:Aantal_verblijven>
<fme:in_uitbating>ja</fme:in_uitbating>
<fme:StraatHuisNummer>Van Voldenstraat 14</fme:StraatHuisNummer>
<fme:Aangemaakt_op>20/11/2017</fme:Aangemaakt_op>
</fme:studentenverblijven_2017>
<fme:studentenverblijven_2017>
<fme:STRAATnummer>7130</fme:STRAATnummer>
<fme:STRAATNAAM>Velodroomstraat</fme:STRAATNAAM>
<fme:huisnr>37</fme:huisnr>
<fme:POSTCODE>8200</fme:POSTCODE>
<fme:GEMEENTEAFDELING>Sint-Michiels</fme:GEMEENTEAFDELING>
<fme:SECTOR>W</fme:SECTOR>
<fme:dat_beslissing>20161129000000.000</fme:dat_beslissing>
<fme:Aantal_verblijven>1</fme:Aantal_verblijven>
<fme:in_uitbating>ja</fme:in_uitbating>
<fme:StraatHuisNummer>Velodroomstraat 37</fme:StraatHuisNummer>
<fme:Aangemaakt_op>20/11/2017</fme:Aangemaakt_op>
</fme:studentenverblijven_2017>
<fme:studentenverblijven_2017>
<fme:STRAATnummer>7130</fme:STRAATnummer>
<fme:STRAATNAAM>Velodroomstraat</fme:STRAATNAAM>
<fme:huisnr>134</fme:huisnr>
<fme:POSTCODE>8200</fme:POSTCODE>
<fme:GEMEENTEAFDELING>Sint-Michiels</fme:GEMEENTEAFDELING>
<fme:SECTOR>W</fme:SECTOR>
<fme:dat_beslissing>20141205000000.000</fme:dat_beslissing>
<fme:Aantal_verblijven>5</fme:Aantal_verblijven>
<fme:in_uitbating>ja</fme:in_uitbating>
<fme:StraatHuisNummer>Velodroomstraat 134</fme:StraatHuisNummer>
<fme:Aangemaakt_op>20/11/2017</fme:Aangemaakt_op>
</fme:studentenverblijven_2017>
<fme:studentenverblijven_2017>
<fme:STRAATnummer>352</fme:STRAATnummer>
<fme:STRAATNAAM>Verbrand Nieuwland</fme:STRAATNAAM>
<fme:huisnr>31</fme:huisnr>
<fme:POSTCODE>8000</fme:POSTCODE>
<fme:GEMEENTEAFDELING>Brugge-Centrum</fme:GEMEENTEAFDELING>
<fme:SECTOR>C</fme:SECTOR>
<fme:dat_beslissing>20050804000000.000</fme:dat_beslissing>
<fme:Aantal_verblijven>4</fme:Aantal_verblijven>
<fme:in_uitbating>ja</fme:in_uitbating>
<fme:StraatHuisNummer>Verbrand Nieuwland 31</fme:StraatHuisNummer>
<fme:Aangemaakt_op>20/11/2017</fme:Aangemaakt_op>
</fme:studentenverblijven_2017>
<fme:studentenverblijven_2017>
<fme:STRAATnummer>355</fme:STRAATnummer>
<fme:STRAATNAAM>Violierstraat</fme:STRAATNAAM>
<fme:huisnr>29</fme:huisnr>
<fme:POSTCODE>8000</fme:POSTCODE>
<fme:GEMEENTEAFDELING>Brugge-Centrum</fme:GEMEENTEAFDELING>
<fme:SECTOR>C</fme:SECTOR>
<fme:dat_beslissing>20170703000000.000</fme:dat_beslissing>
<fme:Aantal_verblijven>3</fme:Aantal_verblijven>
<fme:in_uitbating>ja</fme:in_uitbating>
<fme:StraatHuisNummer>Violierstraat 29</fme:StraatHuisNummer>
<fme:Aangemaakt_op>20/11/2017</fme:Aangemaakt_op>
</fme:studentenverblijven_2017>
<fme:studentenverblijven_2017>
<fme:STRAATnummer>355</fme:STRAATnummer>
<fme:STRAATNAAM>Violierstraat</fme:STRAATNAAM>
<fme:huisnr>29</fme:huisnr>
<fme:POSTCODE>8000</fme:POSTCODE>
<fme:GEMEENTEAFDELING>Brugge-Centrum</fme:GEMEENTEAFDELING>
<fme:SECTOR>C</fme:SECTOR>
<fme:dat_beslissing>20170808000000.000</fme:dat_beslissing>
<fme:Aantal_verblijven>4</fme:Aantal_verblijven>
<fme:in_uitbating>ja</fme:in_uitbating>
<fme:StraatHuisNummer>Violierstraat 29</fme:StraatHuisNummer>
<fme:Aangemaakt_op>20/11/2017</fme:Aangemaakt_op>
</fme:studentenverblijven_2017>
<fme:studentenverblijven_2017>
<fme:STRAATnummer>360</fme:STRAATnummer>
<fme:STRAATNAAM>Vlamingstraat</fme:STRAATNAAM>
<fme:huisnr>41</fme:huisnr>
<fme:POSTCODE>8000</fme:POSTCODE>
<fme:GEMEENTEAFDELING>Brugge-Centrum</fme:GEMEENTEAFDELING>
<fme:SECTOR>C</fme:SECTOR>
<fme:dat_beslissing>20151013000000.000</fme:dat_beslissing>
<fme:Aantal_verblijven>8</fme:Aantal_verblijven>
<fme:in_uitbating>ja</fme:in_uitbating>
<fme:StraatHuisNummer>Vlamingstraat 41</fme:StraatHuisNummer>
<fme:Aangemaakt_op>20/11/2017</fme:Aangemaakt_op>
</fme:studentenverblijven_2017>
<fme:studentenverblijven_2017>
<fme:STRAATnummer>1137</fme:STRAATnummer>
<fme:STRAATNAAM>Wagnerstraat</fme:STRAATNAAM>
<fme:huisnr>62</fme:huisnr>
<fme:POSTCODE>8310</fme:POSTCODE>
<fme:GEMEENTEAFDELING>Assebroek</fme:GEMEENTEAFDELING>
<fme:SECTOR>O</fme:SECTOR>
<fme:dat_beslissing>19971211000000.000</fme:dat_beslissing>
<fme:Aantal_verblijven>7</fme:Aantal_verblijven>
<fme:in_uitbating>ja</fme:in_uitbating>
<fme:StraatHuisNummer>Wagnerstraat 62</fme:StraatHuisNummer>
<fme:Aangemaakt_op>20/11/2017</fme:Aangemaakt_op>
</fme:studentenverblijven_2017>
<fme:studentenverblijven_2017>
<fme:STRAATnummer>367</fme:STRAATnummer>
<fme:STRAATNAAM>Walweinstraat</fme:STRAATNAAM>
<fme:huisnr>2</fme:huisnr>
<fme:POSTCODE>8000</fme:POSTCODE>
<fme:GEMEENTEAFDELING>Brugge-Centrum</fme:GEMEENTEAFDELING>
<fme:SECTOR>C</fme:SECTOR>
<fme:dat_beslissing>20160622000000.000</fme:dat_beslissing>
<fme:Aantal_verblijven>8</fme:Aantal_verblijven>
<fme:in_uitbating>ja</fme:in_uitbating>
<fme:StraatHuisNummer>Walweinstraat 2</fme:StraatHuisNummer>
<fme:Aangemaakt_op>20/11/2017</fme:Aangemaakt_op>
</fme:studentenverblijven_2017>
<fme:studentenverblijven_2017>
<fme:STRAATnummer>367</fme:STRAATnummer>
<fme:STRAATNAAM>Walweinstraat</fme:STRAATNAAM>
<fme:huisnr>17</fme:huisnr>
<fme:POSTCODE>8000</fme:POSTCODE>
<fme:GEMEENTEAFDELING>Brugge-Centrum</fme:GEMEENTEAFDELING>
<fme:SECTOR>C</fme:SECTOR>
<fme:dat_beslissing>20121231000000.000</fme:dat_beslissing>
<fme:Aantal_verblijven>7</fme:Aantal_verblijven>
<fme:in_uitbating>ja</fme:in_uitbating>
<fme:StraatHuisNummer>Walweinstraat 17</fme:StraatHuisNummer>
<fme:Aangemaakt_op>20/11/2017</fme:Aangemaakt_op>
</fme:studentenverblijven_2017>
<fme:studentenverblijven_2017>
<fme:STRAATnummer>371</fme:STRAATnummer>
<fme:STRAATNAAM>Werkhuisstraat</fme:STRAATNAAM>
<fme:huisnr>9</fme:huisnr>
<fme:POSTCODE>8000</fme:POSTCODE>
<fme:GEMEENTEAFDELING>Brugge-Centrum</fme:GEMEENTEAFDELING>
<fme:SECTOR>C</fme:SECTOR>
<fme:dat_beslissing>20160303000000.000</fme:dat_beslissing>
<fme:Aantal_verblijven>79</fme:Aantal_verblijven>
<fme:in_uitbating>ja</fme:in_uitbating>
<fme:StraatHuisNummer>Werkhuisstraat 9</fme:StraatHuisNummer>
<fme:Aangemaakt_op>20/11/2017</fme:Aangemaakt_op>
</fme:studentenverblijven_2017>
<fme:studentenverblijven_2017>
<fme:STRAATnummer>7138</fme:STRAATnummer>
<fme:STRAATNAAM>Wittemolenstraat</fme:STRAATNAAM>
<fme:huisnr>29</fme:huisnr>
<fme:POSTCODE>8200</fme:POSTCODE>
<fme:GEMEENTEAFDELING>Sint-Michiels</fme:GEMEENTEAFDELING>
<fme:SECTOR>W</fme:SECTOR>
<fme:dat_beslissing>20160301000000.000</fme:dat_beslissing>
<fme:Aantal_verblijven>24</fme:Aantal_verblijven>
<fme:in_uitbating>ja</fme:in_uitbating>
<fme:StraatHuisNummer>Wittemolenstraat 29</fme:StraatHuisNummer>
<fme:Aangemaakt_op>20/11/2017</fme:Aangemaakt_op>
</fme:studentenverblijven_2017>
<fme:studentenverblijven_2017>
<fme:STRAATnummer>7138</fme:STRAATnummer>
<fme:STRAATNAAM>Wittemolenstraat</fme:STRAATNAAM>
<fme:huisnr>29</fme:huisnr>
<fme:POSTCODE>8200</fme:POSTCODE>
<fme:GEMEENTEAFDELING>Sint-Michiels</fme:GEMEENTEAFDELING>
<fme:SECTOR>W</fme:SECTOR>
<fme:dat_beslissing>20160301000000.000</fme:dat_beslissing>
<fme:Aantal_verblijven>40</fme:Aantal_verblijven>
<fme:in_uitbating>ja</fme:in_uitbating>
<fme:StraatHuisNummer>Wittemolenstraat 29</fme:StraatHuisNummer>
<fme:Aangemaakt_op>20/11/2017</fme:Aangemaakt_op>
</fme:studentenverblijven_2017>
<fme:studentenverblijven_2017>
<fme:STRAATnummer>383</fme:STRAATnummer>
<fme:STRAATNAAM>Wulfhagestraat</fme:STRAATNAAM>
<fme:huisnr>8</fme:huisnr>
<fme:POSTCODE>8000</fme:POSTCODE>
<fme:GEMEENTEAFDELING>Brugge-Centrum</fme:GEMEENTEAFDELING>
<fme:SECTOR>C</fme:SECTOR>
<fme:dat_beslissing>20160628000000.000</fme:dat_beslissing>
<fme:Aantal_verblijven>10</fme:Aantal_verblijven>
<fme:in_uitbating>ja</fme:in_uitbating>
<fme:StraatHuisNummer>Wulfhagestraat 8</fme:StraatHuisNummer>
<fme:Aangemaakt_op>20/11/2017</fme:Aangemaakt_op>
</fme:studentenverblijven_2017>
<fme:studentenverblijven_2017>
<fme:STRAATnummer>383</fme:STRAATnummer>
<fme:STRAATNAAM>Wulfhagestraat</fme:STRAATNAAM>
<fme:huisnr>10</fme:huisnr>
<fme:POSTCODE>8000</fme:POSTCODE>
<fme:GEMEENTEAFDELING>Brugge-Centrum</fme:GEMEENTEAFDELING>
<fme:SECTOR>C</fme:SECTOR>
<fme:dat_beslissing>20160628000000.000</fme:dat_beslissing>
<fme:Aantal_verblijven>6</fme:Aantal_verblijven>
<fme:in_uitbating>ja</fme:in_uitbating>
<fme:StraatHuisNummer>Wulfhagestraat 10</fme:StraatHuisNummer>
<fme:Aangemaakt_op>20/11/2017</fme:Aangemaakt_op>
</fme:studentenverblijven_2017>
<fme:studentenverblijven_2017>
<fme:STRAATnummer>383</fme:STRAATnummer>
<fme:STRAATNAAM>Wulfhagestraat</fme:STRAATNAAM>
<fme:huisnr>37</fme:huisnr>
<fme:POSTCODE>8000</fme:POSTCODE>
<fme:GEMEENTEAFDELING>Brugge-Centrum</fme:GEMEENTEAFDELING>
<fme:SECTOR>C</fme:SECTOR>
<fme:dat_beslissing>20070103000000.000</fme:dat_beslissing>
<fme:Aantal_verblijven>6</fme:Aantal_verblijven>
<fme:in_uitbating>neen</fme:in_uitbating>
<fme:StraatHuisNummer>Wulfhagestraat 37</fme:StraatHuisNummer>
<fme:Aangemaakt_op>20/11/2017</fme:Aangemaakt_op>
</fme:studentenverblijven_2017>
<fme:studentenverblijven_2017>
<fme:STRAATnummer>383</fme:STRAATnummer>
<fme:STRAATNAAM>Wulfhagestraat</fme:STRAATNAAM>
<fme:huisnr>37</fme:huisnr>
<fme:POSTCODE>8000</fme:POSTCODE>
<fme:GEMEENTEAFDELING>Brugge-Centrum</fme:GEMEENTEAFDELING>
<fme:SECTOR>C</fme:SECTOR>
<fme:dat_beslissing>20140701000000.000</fme:dat_beslissing>
<fme:Aantal_verblijven>6</fme:Aantal_verblijven>
<fme:in_uitbating>ja</fme:in_uitbating>
<fme:StraatHuisNummer>Wulfhagestraat 37</fme:StraatHuisNummer>
<fme:Aangemaakt_op>20/11/2017</fme:Aangemaakt_op>
</fme:studentenverblijven_2017>
<fme:studentenverblijven_2017>
<fme:STRAATnummer>388</fme:STRAATnummer>
<fme:STRAATNAAM>Zilverstraat</fme:STRAATNAAM>
<fme:huisnr>16</fme:huisnr>
<fme:POSTCODE>8000</fme:POSTCODE>
<fme:GEMEENTEAFDELING>Brugge-Centrum</fme:GEMEENTEAFDELING>
<fme:SECTOR>C</fme:SECTOR>
<fme:dat_beslissing>20160530000000.000</fme:dat_beslissing>
<fme:Aantal_verblijven>2</fme:Aantal_verblijven>
<fme:in_uitbating>ja</fme:in_uitbating>
<fme:StraatHuisNummer>Zilverstraat 16</fme:StraatHuisNummer>
<fme:Aangemaakt_op>20/11/2017</fme:Aangemaakt_op>
</fme:studentenverblijven_2017>
</fme:studentenverblijven_2017-table>
</fme:xml-tables>