<?xml version="1.0" encoding="UTF-8"?>
<fme:xml-tables xmlns:xsi="http://www.w3.org/2001/XMLSchema-instance" xmlns:fme="http://www.safe.com/xml/xmltables" xsi:schemaLocation="http://www.safe.com/xml/xmltables Jeugdlokalen.xsd">
<fme:Jeugdlokalen-table>
<fme:Jeugdlokalen>
<fme:Nr>1</fme:Nr>
<fme:Ligging>Zandberg</fme:Ligging>
<fme:Huisnr>8</fme:Huisnr>
<fme:Eigenaar>Stad Brugge</fme:Eigenaar>
<fme:Terrein>0</fme:Terrein>
<fme:Deelgemeente>Assebroek</fme:Deelgemeente>
<fme:Vereniging>Gewest KSA, KSA Assebroek meisjes, Uitgezonderd, Europascouts, Kwibus</fme:Vereniging>
<fme:Aantal_geb>2</fme:Aantal_geb>
<fme:Aangemaakt_op>10/10/2016</fme:Aangemaakt_op>
</fme:Jeugdlokalen>
<fme:Jeugdlokalen>
<fme:Ligging>Daverlostraat</fme:Ligging>
<fme:Huisnr>140</fme:Huisnr>
<fme:Eigenaar>Stad Brugge</fme:Eigenaar>
<fme:Terrein>0</fme:Terrein>
<fme:Deelgemeente>Assebroek</fme:Deelgemeente>
<fme:Vereniging>209e Fos De Vrijbuiters</fme:Vereniging>
<fme:Aantal_geb>1</fme:Aantal_geb>
<fme:Aangemaakt_op>10/10/2016</fme:Aangemaakt_op>
</fme:Jeugdlokalen>
<fme:Jeugdlokalen>
<fme:Nr>8</fme:Nr>
<fme:Ligging>Daverlostraat</fme:Ligging>
<fme:Huisnr>140</fme:Huisnr>
<fme:Eigenaar>209e Fos De Vrijbuiters</fme:Eigenaar>
<fme:Terrein>0</fme:Terrein>
<fme:Deelgemeente>Assebroek</fme:Deelgemeente>
<fme:Vereniging>209e Fos De Vrijbuiters</fme:Vereniging>
<fme:Aantal_geb>3</fme:Aantal_geb>
<fme:Aangemaakt_op>10/10/2016</fme:Aangemaakt_op>
</fme:Jeugdlokalen>
<fme:Jeugdlokalen>
<fme:Nr>10</fme:Nr>
<fme:Ligging>Prinses Maria Christinalaan</fme:Ligging>
<fme:Huisnr>11</fme:Huisnr>
<fme:Eigenaar>Stad Brugge</fme:Eigenaar>
<fme:Terrein>0</fme:Terrein>
<fme:Deelgemeente>Assebroek</fme:Deelgemeente>
<fme:Vereniging>Scouts Akabe Twiest</fme:Vereniging>
<fme:Aantal_geb>1</fme:Aantal_geb>
<fme:Aangemaakt_op>10/10/2016</fme:Aangemaakt_op>
</fme:Jeugdlokalen>
<fme:Jeugdlokalen>
<fme:Ligging>Prinses Maria Christinalaan</fme:Ligging>
<fme:Huisnr>11</fme:Huisnr>
<fme:Eigenaar>Scouts Karel de Goede</fme:Eigenaar>
<fme:Terrein>0</fme:Terrein>
<fme:Deelgemeente>Assebroek</fme:Deelgemeente>
<fme:Vereniging>Scouts en Gidsen Karel de Goede</fme:Vereniging>
<fme:Aantal_geb>2</fme:Aantal_geb>
<fme:Aangemaakt_op>10/10/2016</fme:Aangemaakt_op>
</fme:Jeugdlokalen>
<fme:Jeugdlokalen>
<fme:Nr>11</fme:Nr>
<fme:Ligging>Antonis De Rooverestraat</fme:Ligging>
<fme:Huisnr>0</fme:Huisnr>
<fme:Eigenaar>Stad Brugge</fme:Eigenaar>
<fme:Terrein>0</fme:Terrein>
<fme:Deelgemeente>Assebroek</fme:Deelgemeente>
<fme:Vereniging>K.S.A. Sint-Trudo</fme:Vereniging>
<fme:Aantal_geb>1</fme:Aantal_geb>
<fme:Aangemaakt_op>10/10/2016</fme:Aangemaakt_op>
</fme:Jeugdlokalen>
<fme:Jeugdlokalen>
<fme:Nr>12</fme:Nr>
<fme:Ligging>Peterseliestraat</fme:Ligging>
<fme:Huisnr>100</fme:Huisnr>
<fme:Eigenaar>Stad Brugge</fme:Eigenaar>
<fme:Terrein>0</fme:Terrein>
<fme:Deelgemeente>Brugge-centrum</fme:Deelgemeente>
<fme:Vereniging>Oranje vzw, Jeugdbond voor Natuur en Milieu, Vlaams Nationaal Jeugdverbond, Scouts A. De Pauw</fme:Vereniging>
<fme:Aantal_geb>3</fme:Aantal_geb>
<fme:Aangemaakt_op>10/10/2016</fme:Aangemaakt_op>
</fme:Jeugdlokalen>
<fme:Jeugdlokalen>
<fme:Nr>17</fme:Nr>
<fme:Ligging>Mortierstraat</fme:Ligging>
<fme:Huisnr>31</fme:Huisnr>
<fme:Eigenaar>Stad Brugge</fme:Eigenaar>
<fme:Terrein>0</fme:Terrein>
<fme:Deelgemeente>Brugge-centrum</fme:Deelgemeente>
<fme:Vereniging>39e Fos De Menapiërs, KAJ Brugge, Jeugdwerkgroep Ruimtevaart, KSA Spiko, Brugse Socioculturele Jongeren, Punt Andere Lijn</fme:Vereniging>
<fme:Aantal_geb>2</fme:Aantal_geb>
<fme:Aangemaakt_op>10/10/2016</fme:Aangemaakt_op>
</fme:Jeugdlokalen>
<fme:Jeugdlokalen>
<fme:Nr>23</fme:Nr>
<fme:Ligging>Jakobinessenstraat</fme:Ligging>
<fme:Huisnr>47</fme:Huisnr>
<fme:Eigenaar>Stad Brugge</fme:Eigenaar>
<fme:Terrein>0</fme:Terrein>
<fme:Deelgemeente>Brugge-centrum</fme:Deelgemeente>
<fme:Vereniging>Sint-Leo Landscouts, Scoutsharmonie Sint-Leo</fme:Vereniging>
<fme:Aantal_geb>2</fme:Aantal_geb>
<fme:Aangemaakt_op>10/10/2016</fme:Aangemaakt_op>
</fme:Jeugdlokalen>
<fme:Jeugdlokalen>
<fme:Nr>24</fme:Nr>
<fme:Ligging>Binnenweg</fme:Ligging>
<fme:Huisnr>4</fme:Huisnr>
<fme:Eigenaar>Stad Brugge</fme:Eigenaar>
<fme:Terrein>0</fme:Terrein>
<fme:Deelgemeente>Sint-Pieters</fme:Deelgemeente>
<fme:Vereniging>Jeugdhuis Comma, vzw Entrepot, Woesh, Bazart, Techniekacademie en diverse anderen</fme:Vereniging>
<fme:Aantal_geb>1</fme:Aantal_geb>
<fme:Aangemaakt_op>10/10/2016</fme:Aangemaakt_op>
</fme:Jeugdlokalen>
<fme:Jeugdlokalen>
<fme:Nr>25</fme:Nr>
<fme:Ligging>Amaat Vynckestraat</fme:Ligging>
<fme:Huisnr>0</fme:Huisnr>
<fme:Eigenaar>Stad Brugge</fme:Eigenaar>
<fme:Terrein>0</fme:Terrein>
<fme:Deelgemeente>Dudzele</fme:Deelgemeente>
<fme:Vereniging>K.S.A. Sint-Lenaert</fme:Vereniging>
<fme:Aantal_geb>1</fme:Aantal_geb>
<fme:Aangemaakt_op>10/10/2016</fme:Aangemaakt_op>
</fme:Jeugdlokalen>
<fme:Jeugdlokalen>
<fme:Nr>27</fme:Nr>
<fme:Ligging>Vaartbekeweg</fme:Ligging>
<fme:Huisnr>0</fme:Huisnr>
<fme:Eigenaar>Stad Brugge</fme:Eigenaar>
<fme:Terrein>0</fme:Terrein>
<fme:Deelgemeente>Koolkerke</fme:Deelgemeente>
<fme:Vereniging>K.S.A. De Blauwvoet</fme:Vereniging>
<fme:Aantal_geb>2</fme:Aantal_geb>
<fme:Aangemaakt_op>10/10/2016</fme:Aangemaakt_op>
</fme:Jeugdlokalen>
<fme:Jeugdlokalen>
<fme:Nr>28</fme:Nr>
<fme:Ligging>Stationsstraat</fme:Ligging>
<fme:Huisnr>0</fme:Huisnr>
<fme:Eigenaar>Stad Brugge</fme:Eigenaar>
<fme:Terrein>0</fme:Terrein>
<fme:Deelgemeente>Lissewege</fme:Deelgemeente>
<fme:Vereniging>KSA Lissewege</fme:Vereniging>
<fme:Aantal_geb>2</fme:Aantal_geb>
<fme:Aangemaakt_op>10/10/2016</fme:Aangemaakt_op>
</fme:Jeugdlokalen>
<fme:Jeugdlokalen>
<fme:Nr>29</fme:Nr>
<fme:Ligging>Paul Gilsonstraat</fme:Ligging>
<fme:Huisnr>0</fme:Huisnr>
<fme:Eigenaar>Stad Brugge</fme:Eigenaar>
<fme:Terrein>0</fme:Terrein>
<fme:Deelgemeente>Sint-Andries</fme:Deelgemeente>
<fme:Vereniging>KSA Kristus Koning</fme:Vereniging>
<fme:Aantal_geb>3</fme:Aantal_geb>
<fme:Aangemaakt_op>10/10/2016</fme:Aangemaakt_op>
</fme:Jeugdlokalen>
<fme:Jeugdlokalen>
<fme:Nr>30</fme:Nr>
<fme:Ligging>Paul Gilsonstraat</fme:Ligging>
<fme:Huisnr>0</fme:Huisnr>
<fme:Eigenaar>vzw Oranje</fme:Eigenaar>
<fme:Terrein>0</fme:Terrein>
<fme:Deelgemeente>Sint-Andries</fme:Deelgemeente>
<fme:Vereniging>vzw Oranje</fme:Vereniging>
<fme:Aantal_geb>1</fme:Aantal_geb>
<fme:Aangemaakt_op>10/10/2016</fme:Aangemaakt_op>
</fme:Jeugdlokalen>
<fme:Jeugdlokalen>
<fme:Nr>31</fme:Nr>
<fme:Ligging>Fazantenlaan</fme:Ligging>
<fme:Huisnr>0</fme:Huisnr>
<fme:Eigenaar>Stad Brugge</fme:Eigenaar>
<fme:Terrein>0</fme:Terrein>
<fme:Deelgemeente>Sint-Andries</fme:Deelgemeente>
<fme:Vereniging>K.S.A. Ter Straeten</fme:Vereniging>
<fme:Aantal_geb>5</fme:Aantal_geb>
<fme:Aangemaakt_op>10/10/2016</fme:Aangemaakt_op>
</fme:Jeugdlokalen>
<fme:Jeugdlokalen>
<fme:Nr>35</fme:Nr>
<fme:Ligging>Landjuwelenstraat</fme:Ligging>
<fme:Huisnr>0</fme:Huisnr>
<fme:Eigenaar>Stad Brugge</fme:Eigenaar>
<fme:Terrein>0</fme:Terrein>
<fme:Deelgemeente>Sint-Jozef</fme:Deelgemeente>
<fme:Vereniging>Chiro Sint-Jozef</fme:Vereniging>
<fme:Aantal_geb>1</fme:Aantal_geb>
<fme:Aangemaakt_op>10/10/2016</fme:Aangemaakt_op>
</fme:Jeugdlokalen>
<fme:Jeugdlokalen>
<fme:Nr>36</fme:Nr>
<fme:Ligging>Blauwkasteelweg</fme:Ligging>
<fme:Huisnr>0</fme:Huisnr>
<fme:Eigenaar>Stad Brugge</fme:Eigenaar>
<fme:Terrein>0</fme:Terrein>
<fme:Deelgemeente>Sint-Kruis</fme:Deelgemeente>
<fme:Vereniging>11e Fos De Boekaniers</fme:Vereniging>
<fme:Aantal_geb>3</fme:Aantal_geb>
<fme:Aangemaakt_op>10/10/2016</fme:Aangemaakt_op>
</fme:Jeugdlokalen>
<fme:Jeugdlokalen>
<fme:Nr>39</fme:Nr>
<fme:Ligging>Blauwkasteelweg</fme:Ligging>
<fme:Huisnr>0</fme:Huisnr>
<fme:Eigenaar>Stad Brugge</fme:Eigenaar>
<fme:Terrein>0</fme:Terrein>
<fme:Deelgemeente>Sint-Kruis</fme:Deelgemeente>
<fme:Vereniging>Scouts Don Bosco</fme:Vereniging>
<fme:Aantal_geb>2</fme:Aantal_geb>
<fme:Aangemaakt_op>10/10/2016</fme:Aangemaakt_op>
</fme:Jeugdlokalen>
<fme:Jeugdlokalen>
<fme:Nr>40</fme:Nr>
<fme:Ligging>Blauwkasteelweg</fme:Ligging>
<fme:Huisnr>0</fme:Huisnr>
<fme:Eigenaar>Scouts Don Bosco</fme:Eigenaar>
<fme:Terrein>0</fme:Terrein>
<fme:Deelgemeente>Sint-Kruis</fme:Deelgemeente>
<fme:Vereniging>Scouts Don Bosco</fme:Vereniging>
<fme:Aantal_geb>3</fme:Aantal_geb>
<fme:Aangemaakt_op>10/10/2016</fme:Aangemaakt_op>
</fme:Jeugdlokalen>
<fme:Jeugdlokalen>
<fme:Nr>42</fme:Nr>
<fme:Ligging>Dekenstraat</fme:Ligging>
<fme:Huisnr>0</fme:Huisnr>
<fme:Eigenaar>Stad Brugge</fme:Eigenaar>
<fme:Terrein>0</fme:Terrein>
<fme:Deelgemeente>Sint-Kruis</fme:Deelgemeente>
<fme:Vereniging>Chiro Beukenhof</fme:Vereniging>
<fme:Aantal_geb>1</fme:Aantal_geb>
<fme:Aangemaakt_op>10/10/2016</fme:Aangemaakt_op>
</fme:Jeugdlokalen>
<fme:Jeugdlokalen>
<fme:Nr>44</fme:Nr>
<fme:Ligging>Sint-Arnolduslaan</fme:Ligging>
<fme:Huisnr>0</fme:Huisnr>
<fme:Eigenaar>Stad Brugge</fme:Eigenaar>
<fme:Terrein>0</fme:Terrein>
<fme:Deelgemeente>Sint-Michiels</fme:Deelgemeente>
<fme:Vereniging>Chiro Wilgenland</fme:Vereniging>
<fme:Aantal_geb>0</fme:Aantal_geb>
<fme:Aangemaakt_op>10/10/2016</fme:Aangemaakt_op>
</fme:Jeugdlokalen>
<fme:Jeugdlokalen>
<fme:Ligging>Sint-Arnolduslaan</fme:Ligging>
<fme:Huisnr>26</fme:Huisnr>
<fme:Eigenaar>Chiro Wilgenhart</fme:Eigenaar>
<fme:Terrein>0</fme:Terrein>
<fme:Deelgemeente>Sint-Michiels</fme:Deelgemeente>
<fme:Vereniging>Chiro Wilgenhart</fme:Vereniging>
<fme:Aantal_geb>1</fme:Aantal_geb>
<fme:Aangemaakt_op>10/10/2016</fme:Aangemaakt_op>
</fme:Jeugdlokalen>
<fme:Jeugdlokalen>
<fme:Nr>45</fme:Nr>
<fme:Ligging>Sint-Arnolduslaan</fme:Ligging>
<fme:Huisnr>26</fme:Huisnr>
<fme:Eigenaar>Stad Brugge</fme:Eigenaar>
<fme:Terrein>0</fme:Terrein>
<fme:Deelgemeente>Sint-Michiels</fme:Deelgemeente>
<fme:Vereniging>Chiro Wilgenhart</fme:Vereniging>
<fme:Aantal_geb>1</fme:Aantal_geb>
<fme:Aangemaakt_op>10/10/2016</fme:Aangemaakt_op>
</fme:Jeugdlokalen>
<fme:Jeugdlokalen>
<fme:Ligging>Sint-Arnolduslaan</fme:Ligging>
<fme:Huisnr>28</fme:Huisnr>
<fme:Eigenaar>Stad Brugge</fme:Eigenaar>
<fme:Terrein>0</fme:Terrein>
<fme:Deelgemeente>Sint-Michiels</fme:Deelgemeente>
<fme:Vereniging>Chiro Wilgenhart</fme:Vereniging>
<fme:Aantal_geb>1</fme:Aantal_geb>
<fme:Aangemaakt_op>10/10/2016</fme:Aangemaakt_op>
</fme:Jeugdlokalen>
<fme:Jeugdlokalen>
<fme:Ligging>Sint-Arnolduslaan</fme:Ligging>
<fme:Huisnr>28</fme:Huisnr>
<fme:Eigenaar>Stad Brugge</fme:Eigenaar>
<fme:Terrein>0</fme:Terrein>
<fme:Deelgemeente>Sint-Michiels</fme:Deelgemeente>
<fme:Vereniging>Jeugdhuis Thope</fme:Vereniging>
<fme:Aantal_geb>1</fme:Aantal_geb>
<fme:Aangemaakt_op>10/10/2016</fme:Aangemaakt_op>
</fme:Jeugdlokalen>
<fme:Jeugdlokalen>
<fme:Ligging>Sint-Michielslaan</fme:Ligging>
<fme:Huisnr>69</fme:Huisnr>
<fme:Eigenaar>Scouts Tilleghem</fme:Eigenaar>
<fme:Terrein>0</fme:Terrein>
<fme:Deelgemeente>Sint-Michiels</fme:Deelgemeente>
<fme:Vereniging>Scouts Tilleghem</fme:Vereniging>
<fme:Aantal_geb>2</fme:Aantal_geb>
<fme:Aangemaakt_op>10/10/2016</fme:Aangemaakt_op>
</fme:Jeugdlokalen>
<fme:Jeugdlokalen>
<fme:Ligging>Sint-Michielslaan</fme:Ligging>
<fme:Huisnr>69</fme:Huisnr>
<fme:Eigenaar>Stad Brugge</fme:Eigenaar>
<fme:Terrein>0</fme:Terrein>
<fme:Deelgemeente>Sint-Michiels</fme:Deelgemeente>
<fme:Vereniging>Scouts Tilleghem</fme:Vereniging>
<fme:Aantal_geb>1</fme:Aantal_geb>
<fme:Aangemaakt_op>10/10/2016</fme:Aangemaakt_op>
</fme:Jeugdlokalen>
<fme:Jeugdlokalen>
<fme:Nr>46</fme:Nr>
<fme:Ligging>Sint-Michielslaan</fme:Ligging>
<fme:Huisnr>75</fme:Huisnr>
<fme:Eigenaar>Stad Brugge</fme:Eigenaar>
<fme:Terrein>0</fme:Terrein>
<fme:Deelgemeente>Sint-Michiels</fme:Deelgemeente>
<fme:Vereniging>K.S.A. Ten Briel</fme:Vereniging>
<fme:Aantal_geb>2</fme:Aantal_geb>
<fme:Aangemaakt_op>10/10/2016</fme:Aangemaakt_op>
</fme:Jeugdlokalen>
<fme:Jeugdlokalen>
<fme:Nr>47</fme:Nr>
<fme:Ligging>Tempelhof</fme:Ligging>
<fme:Huisnr>75</fme:Huisnr>
<fme:Eigenaar>Stad Brugge</fme:Eigenaar>
<fme:Terrein>0</fme:Terrein>
<fme:Deelgemeente>Sint-Pieters</fme:Deelgemeente>
<fme:Vereniging>Chiro op den Dijk, Rode Valken Brugge Noord, KSA Kristus Koning, KSA Spiko</fme:Vereniging>
<fme:Aantal_geb>4</fme:Aantal_geb>
<fme:Aangemaakt_op>10/10/2016</fme:Aangemaakt_op>
</fme:Jeugdlokalen>
<fme:Jeugdlokalen>
<fme:Ligging>Paalbos</fme:Ligging>
<fme:Huisnr>0</fme:Huisnr>
<fme:Eigenaar>Stad Brugge</fme:Eigenaar>
<fme:Terrein>0</fme:Terrein>
<fme:Deelgemeente>Assebroek</fme:Deelgemeente>
<fme:Vereniging>KSA Rooyghem, KSA St Kruis en Male</fme:Vereniging>
<fme:Aantal_geb>1</fme:Aantal_geb>
<fme:Aangemaakt_op>10/10/2016</fme:Aangemaakt_op>
</fme:Jeugdlokalen>
<fme:Jeugdlokalen>
<fme:Nr>61</fme:Nr>
<fme:Ligging>Paalbos</fme:Ligging>
<fme:Huisnr>0</fme:Huisnr>
<fme:Eigenaar>KSA St Kruis en Male</fme:Eigenaar>
<fme:Terrein>0</fme:Terrein>
<fme:Deelgemeente>Assebroek</fme:Deelgemeente>
<fme:Vereniging>KSA St Kruis en Male</fme:Vereniging>
<fme:Aantal_geb>1</fme:Aantal_geb>
<fme:Aangemaakt_op>10/10/2016</fme:Aangemaakt_op>
</fme:Jeugdlokalen>
<fme:Jeugdlokalen>
<fme:Nr>62</fme:Nr>
<fme:Ligging>Ter Pannestraat</fme:Ligging>
<fme:Huisnr>6</fme:Huisnr>
<fme:Eigenaar>Jeugdwerkinitiatief Stad</fme:Eigenaar>
<fme:Terrein>0</fme:Terrein>
<fme:Deelgemeente>Brugge Centrum</fme:Deelgemeente>
<fme:Vereniging>Scouts Kerlinga</fme:Vereniging>
<fme:Aantal_geb>1</fme:Aantal_geb>
<fme:Aangemaakt_op>10/10/2016</fme:Aangemaakt_op>
</fme:Jeugdlokalen>
<fme:Jeugdlokalen>
<fme:Nr>63</fme:Nr>
<fme:Ligging>Legeweg</fme:Ligging>
<fme:Huisnr>0</fme:Huisnr>
<fme:Eigenaar>vzw Hudo</fme:Eigenaar>
<fme:Terrein>0</fme:Terrein>
<fme:Deelgemeente>Sint-Andries</fme:Deelgemeente>
<fme:Vereniging>Scouts Grimmeringe, Scouts St-Hubertus</fme:Vereniging>
<fme:Aantal_geb>1</fme:Aantal_geb>
<fme:Aangemaakt_op>10/10/2016</fme:Aangemaakt_op>
</fme:Jeugdlokalen>
<fme:Jeugdlokalen>
<fme:Nr>65</fme:Nr>
<fme:Ligging>Legeweg</fme:Ligging>
<fme:Huisnr>0</fme:Huisnr>
<fme:Eigenaar>Chiro Waww</fme:Eigenaar>
<fme:Terrein>0</fme:Terrein>
<fme:Deelgemeente>Sint-Andries</fme:Deelgemeente>
<fme:Vereniging>Chiro W.A.W.W.</fme:Vereniging>
<fme:Aantal_geb>1</fme:Aantal_geb>
<fme:Aangemaakt_op>10/10/2016</fme:Aangemaakt_op>
</fme:Jeugdlokalen>
<fme:Jeugdlokalen>
<fme:Nr>66</fme:Nr>
<fme:Ligging>Legeweg</fme:Ligging>
<fme:Huisnr>0</fme:Huisnr>
<fme:Eigenaar>Scouts Savio</fme:Eigenaar>
<fme:Terrein>0</fme:Terrein>
<fme:Deelgemeente>Sint-Andries</fme:Deelgemeente>
<fme:Vereniging>Scouts Savio</fme:Vereniging>
<fme:Aantal_geb>1</fme:Aantal_geb>
<fme:Aangemaakt_op>10/10/2016</fme:Aangemaakt_op>
</fme:Jeugdlokalen>
<fme:Jeugdlokalen>
<fme:Nr>67</fme:Nr>
<fme:Ligging>Sint-Jansdreef</fme:Ligging>
<fme:Huisnr>0</fme:Huisnr>
<fme:Eigenaar>39e Fos De Menapiers</fme:Eigenaar>
<fme:Terrein>0</fme:Terrein>
<fme:Deelgemeente>Sint-Andries</fme:Deelgemeente>
<fme:Vereniging>39e Fos De Menapiërs</fme:Vereniging>
<fme:Aantal_geb>3</fme:Aantal_geb>
<fme:Aangemaakt_op>10/10/2016</fme:Aangemaakt_op>
</fme:Jeugdlokalen>
<fme:Jeugdlokalen>
<fme:Nr>73</fme:Nr>
<fme:Ligging>Brieversweg</fme:Ligging>
<fme:Huisnr>373</fme:Huisnr>
<fme:Eigenaar>KSA Rooyghem</fme:Eigenaar>
<fme:Terrein>0</fme:Terrein>
<fme:Deelgemeente>Sint-Kruis</fme:Deelgemeente>
<fme:Vereniging>KSA Rooyghem</fme:Vereniging>
<fme:Aantal_geb>1</fme:Aantal_geb>
<fme:Aangemaakt_op>10/10/2016</fme:Aangemaakt_op>
</fme:Jeugdlokalen>
<fme:Jeugdlokalen>
<fme:Nr>75</fme:Nr>
<fme:Ligging>Sint-Trudostraat</fme:Ligging>
<fme:Huisnr>1</fme:Huisnr>
<fme:Eigenaar>Stad Brugge</fme:Eigenaar>
<fme:Terrein>0</fme:Terrein>
<fme:Deelgemeente>Assebroek</fme:Deelgemeente>
<fme:Vereniging>Chiro Steenbrugge, Jin Brugse Vrije</fme:Vereniging>
<fme:Aantal_geb>1</fme:Aantal_geb>
<fme:Aangemaakt_op>10/10/2016</fme:Aangemaakt_op>
</fme:Jeugdlokalen>
<fme:Jeugdlokalen>
<fme:Nr>77</fme:Nr>
<fme:Ligging>Lodewijk Coiseaukaai</fme:Ligging>
<fme:Huisnr>0</fme:Huisnr>
<fme:Eigenaar>11e Fos De Boekaniers</fme:Eigenaar>
<fme:Terrein>0</fme:Terrein>
<fme:Deelgemeente>Sint-Pieters</fme:Deelgemeente>
<fme:Vereniging>11e Fos De Boekaniers</fme:Vereniging>
<fme:Aantal_geb>3</fme:Aantal_geb>
<fme:Aangemaakt_op>10/10/2016</fme:Aangemaakt_op>
</fme:Jeugdlokalen>
<fme:Jeugdlokalen>
<fme:Nr>78</fme:Nr>
<fme:Ligging>Lodewijk Coiseaukaai</fme:Ligging>
<fme:Huisnr>11</fme:Huisnr>
<fme:Eigenaar>Sint-Leo Zeescouts</fme:Eigenaar>
<fme:Terrein>0</fme:Terrein>
<fme:Deelgemeente>Sint-Pieters</fme:Deelgemeente>
<fme:Vereniging>Sint-Leo Zeescouts</fme:Vereniging>
<fme:Aantal_geb>3</fme:Aantal_geb>
<fme:Aangemaakt_op>10/10/2016</fme:Aangemaakt_op>
</fme:Jeugdlokalen>
<fme:Jeugdlokalen>
<fme:Nr>79</fme:Nr>
<fme:Ligging>Jagerspad (Lisseweegse steenweg)</fme:Ligging>
<fme:Huisnr>0</fme:Huisnr>
<fme:Eigenaar>Zeescouts Stella Maris</fme:Eigenaar>
<fme:Terrein>0</fme:Terrein>
<fme:Deelgemeente>Zwankendamme</fme:Deelgemeente>
<fme:Vereniging>Zeescouts Stella Maris</fme:Vereniging>
<fme:Aantal_geb>1</fme:Aantal_geb>
<fme:Aangemaakt_op>10/10/2016</fme:Aangemaakt_op>
</fme:Jeugdlokalen>
<fme:Jeugdlokalen>
<fme:Nr>81</fme:Nr>
<fme:Ligging>Kerklaan</fme:Ligging>
<fme:Huisnr>37</fme:Huisnr>
<fme:Eigenaar>kerkfabriek</fme:Eigenaar>
<fme:Terrein>0</fme:Terrein>
<fme:Deelgemeente>Assebroek</fme:Deelgemeente>
<fme:Vereniging>Chiro Sint-Joris 't Leitje</fme:Vereniging>
<fme:Aantal_geb>3</fme:Aantal_geb>
<fme:Aangemaakt_op>10/10/2016</fme:Aangemaakt_op>
</fme:Jeugdlokalen>
<fme:Jeugdlokalen>
<fme:Nr>82</fme:Nr>
<fme:Ligging>Legeweg</fme:Ligging>
<fme:Huisnr>0</fme:Huisnr>
<fme:Eigenaar>parochie St-Baafs</fme:Eigenaar>
<fme:Terrein>0</fme:Terrein>
<fme:Deelgemeente>Sint-Andries</fme:Deelgemeente>
<fme:Vereniging>Chiro W.A.W.W.</fme:Vereniging>
<fme:Aantal_geb>1</fme:Aantal_geb>
<fme:Aangemaakt_op>10/10/2016</fme:Aangemaakt_op>
</fme:Jeugdlokalen>
<fme:Jeugdlokalen>
<fme:Nr>83</fme:Nr>
<fme:Ligging>Keurvorst Karel Theodoorstraat</fme:Ligging>
<fme:Huisnr>2</fme:Huisnr>
<fme:Eigenaar>parochie/kerkfabriek</fme:Eigenaar>
<fme:Terrein>0</fme:Terrein>
<fme:Deelgemeente>Sint-Andries</fme:Deelgemeente>
<fme:Vereniging>KSA Willibrord</fme:Vereniging>
<fme:Aantal_geb>0</fme:Aantal_geb>
<fme:Aangemaakt_op>10/10/2016</fme:Aangemaakt_op>
</fme:Jeugdlokalen>
<fme:Jeugdlokalen>
<fme:Nr>94</fme:Nr>
<fme:Ligging>Venkelstraat</fme:Ligging>
<fme:Huisnr>6</fme:Huisnr>
<fme:Eigenaar>parochie St-Anna</fme:Eigenaar>
<fme:Terrein>0</fme:Terrein>
<fme:Deelgemeente>Brugge-centrum</fme:Deelgemeente>
<fme:Vereniging>KSA Frassati</fme:Vereniging>
<fme:Aantal_geb>1</fme:Aantal_geb>
<fme:Aangemaakt_op>10/10/2016</fme:Aangemaakt_op>
</fme:Jeugdlokalen>
<fme:Jeugdlokalen>
<fme:Nr>99</fme:Nr>
<fme:Ligging>Naaldenstraat</fme:Ligging>
<fme:Huisnr>18</fme:Huisnr>
<fme:Eigenaar>kloosterzusters</fme:Eigenaar>
<fme:Terrein>0</fme:Terrein>
<fme:Deelgemeente>Brugge-centrum</fme:Deelgemeente>
<fme:Vereniging>Sint-Michielsbeweging</fme:Vereniging>
<fme:Aantal_geb>1</fme:Aantal_geb>
<fme:Aangemaakt_op>10/10/2016</fme:Aangemaakt_op>
</fme:Jeugdlokalen>
<fme:Jeugdlokalen>
<fme:Nr>107</fme:Nr>
<fme:Ligging>Beenhouwersstraat</fme:Ligging>
<fme:Huisnr>9</fme:Huisnr>
<fme:Eigenaar>Privé</fme:Eigenaar>
<fme:Terrein>0</fme:Terrein>
<fme:Deelgemeente>Brugge-centrum</fme:Deelgemeente>
<fme:Vereniging>Wegwijzer v.z.w. Reisinfocentrum</fme:Vereniging>
<fme:Aantal_geb>0</fme:Aantal_geb>
<fme:Aangemaakt_op>10/10/2016</fme:Aangemaakt_op>
</fme:Jeugdlokalen>
<fme:Jeugdlokalen>
<fme:Nr>111</fme:Nr>
<fme:Ligging>Verversdijk</fme:Ligging>
<fme:Huisnr>17</fme:Huisnr>
<fme:Eigenaar>Privé</fme:Eigenaar>
<fme:Terrein>0</fme:Terrein>
<fme:Deelgemeente>Brugge-centrum</fme:Deelgemeente>
<fme:Vereniging>Speel-o-theek De Piepbal</fme:Vereniging>
<fme:Aantal_geb>0</fme:Aantal_geb>
<fme:Aangemaakt_op>10/10/2016</fme:Aangemaakt_op>
</fme:Jeugdlokalen>
<fme:Jeugdlokalen>
<fme:Nr>123</fme:Nr>
<fme:Ligging>Zeeweg</fme:Ligging>
<fme:Huisnr>96</fme:Huisnr>
<fme:Eigenaar>Privé</fme:Eigenaar>
<fme:Terrein>0</fme:Terrein>
<fme:Deelgemeente>Sint-Andries</fme:Deelgemeente>
<fme:Vereniging>Jongerenvereniging Voor Sterrenkunde Vigilia</fme:Vereniging>
<fme:Aantal_geb>0</fme:Aantal_geb>
<fme:Aangemaakt_op>10/10/2016</fme:Aangemaakt_op>
</fme:Jeugdlokalen>
<fme:Jeugdlokalen>
<fme:Nr>128</fme:Nr>
<fme:Ligging>Engelendalelaan</fme:Ligging>
<fme:Huisnr>18</fme:Huisnr>
<fme:Eigenaar>KSA Rooyghem</fme:Eigenaar>
<fme:Terrein>0</fme:Terrein>
<fme:Deelgemeente>Sint-Kruis</fme:Deelgemeente>
<fme:Vereniging>KSA Rooyghem</fme:Vereniging>
<fme:Aantal_geb>2</fme:Aantal_geb>
<fme:Aangemaakt_op>10/10/2016</fme:Aangemaakt_op>
</fme:Jeugdlokalen>
<fme:Jeugdlokalen>
<fme:Nr>129</fme:Nr>
<fme:Ligging>Kanunnik Decoeneplein</fme:Ligging>
<fme:Huisnr>0</fme:Huisnr>
<fme:Eigenaar>parochie</fme:Eigenaar>
<fme:Terrein>0</fme:Terrein>
<fme:Deelgemeente>Sint-Kruis</fme:Deelgemeente>
<fme:Vereniging>KSA St Kruis en Male</fme:Vereniging>
<fme:Aantal_geb>1</fme:Aantal_geb>
<fme:Aangemaakt_op>10/10/2016</fme:Aangemaakt_op>
</fme:Jeugdlokalen>
<fme:Jeugdlokalen>
<fme:Nr>138</fme:Nr>
<fme:Ligging>Duivenslagstraat</fme:Ligging>
<fme:Huisnr>0</fme:Huisnr>
<fme:Eigenaar>Privé</fme:Eigenaar>
<fme:Terrein>0</fme:Terrein>
<fme:Deelgemeente>Sint-Pieters</fme:Deelgemeente>
<fme:Vereniging>Jongerenwerking De Wissel</fme:Vereniging>
<fme:Aantal_geb>0</fme:Aantal_geb>
<fme:Aangemaakt_op>10/10/2016</fme:Aangemaakt_op>
</fme:Jeugdlokalen>
<fme:Jeugdlokalen>
<fme:Nr>142</fme:Nr>
<fme:Ligging>Stationsstraat</fme:Ligging>
<fme:Huisnr>0</fme:Huisnr>
<fme:Eigenaar>Privé</fme:Eigenaar>
<fme:Terrein>0</fme:Terrein>
<fme:Deelgemeente>Lissewege</fme:Deelgemeente>
<fme:Vereniging>KSA Lissewege</fme:Vereniging>
<fme:Aantal_geb>0</fme:Aantal_geb>
<fme:Aangemaakt_op>10/10/2016</fme:Aangemaakt_op>
</fme:Jeugdlokalen>
<fme:Jeugdlokalen>
<fme:Nr>144</fme:Nr>
<fme:Ligging>Ploegstraat</fme:Ligging>
<fme:Huisnr>0</fme:Huisnr>
<fme:Eigenaar>Privé</fme:Eigenaar>
<fme:Terrein>0</fme:Terrein>
<fme:Deelgemeente>Zeebrugge</fme:Deelgemeente>
<fme:Vereniging>Zeescouts Stella Maris</fme:Vereniging>
<fme:Aantal_geb>0</fme:Aantal_geb>
<fme:Aangemaakt_op>10/10/2016</fme:Aangemaakt_op>
</fme:Jeugdlokalen>
</fme:Jeugdlokalen-table>
</fme:xml-tables>