<?xml version="1.0" encoding="UTF-8"?>
<fme:xml-tables xmlns:xsi="http://www.w3.org/2001/XMLSchema-instance" xmlns:fme="http://www.safe.com/xml/xmltables" xsi:schemaLocation="http://www.safe.com/xml/xmltables zone70OK.xsd">
<fme:zone70OK-table>
<fme:zone70OK>
<fme:Id>1</fme:Id>
<fme:Straatnaam>Hoefijzerlaan</fme:Straatnaam>
<fme:Wegbeheer>Gewest</fme:Wegbeheer>
<fme:Aangemaakt_op>15/09/2016</fme:Aangemaakt_op>
</fme:zone70OK>
<fme:zone70OK>
<fme:Id>2</fme:Id>
<fme:Straatnaam>Bevrijdingslaan</fme:Straatnaam>
<fme:Wegbeheer>Gewest</fme:Wegbeheer>
<fme:Aangemaakt_op>15/09/2016</fme:Aangemaakt_op>
</fme:zone70OK>
<fme:zone70OK>
<fme:Id>3</fme:Id>
<fme:Straatnaam>Astridlaan</fme:Straatnaam>
<fme:Wegbeheer>Gewest</fme:Wegbeheer>
<fme:Aangemaakt_op>15/09/2016</fme:Aangemaakt_op>
</fme:zone70OK>
<fme:zone70OK>
<fme:Id>4</fme:Id>
<fme:Straatnaam>Maalse Steenweg</fme:Straatnaam>
<fme:Wegbeheer>Gewest</fme:Wegbeheer>
<fme:Aangemaakt_op>15/09/2016</fme:Aangemaakt_op>
</fme:zone70OK>
<fme:zone70OK>
<fme:Id>6</fme:Id>
<fme:Straatnaam>Vierscharestraat</fme:Straatnaam>
<fme:Wegbeheer>Stad</fme:Wegbeheer>
<fme:Aangemaakt_op>15/09/2016</fme:Aangemaakt_op>
</fme:zone70OK>
<fme:zone70OK>
<fme:Id>9</fme:Id>
<fme:Straatnaam>Vaartdijkstraat</fme:Straatnaam>
<fme:Wegbeheer>Stad</fme:Wegbeheer>
<fme:Aangemaakt_op>15/09/2016</fme:Aangemaakt_op>
</fme:zone70OK>
<fme:zone70OK>
<fme:Id>11</fme:Id>
<fme:Straatnaam>Sint-Michielstraat</fme:Straatnaam>
<fme:Wegbeheer>Gewest</fme:Wegbeheer>
<fme:Aangemaakt_op>15/09/2016</fme:Aangemaakt_op>
</fme:zone70OK>
<fme:zone70OK>
<fme:Id>10</fme:Id>
<fme:Straatnaam>Heidelbergstraat</fme:Straatnaam>
<fme:Wegbeheer>Gewest</fme:Wegbeheer>
<fme:Aangemaakt_op>15/09/2016</fme:Aangemaakt_op>
</fme:zone70OK>
<fme:zone70OK>
<fme:Id>13</fme:Id>
<fme:Straatnaam>ng</fme:Straatnaam>
<fme:Wegbeheer>Gewest</fme:Wegbeheer>
<fme:Aangemaakt_op>15/09/2016</fme:Aangemaakt_op>
</fme:zone70OK>
<fme:zone70OK>
<fme:Id>12</fme:Id>
<fme:Straatnaam>Rijselstraat</fme:Straatnaam>
<fme:Wegbeheer>Gewest</fme:Wegbeheer>
<fme:Aangemaakt_op>15/09/2016</fme:Aangemaakt_op>
</fme:zone70OK>
<fme:zone70OK>
<fme:Id>14</fme:Id>
<fme:Straatnaam>Torhoutse Steenweg</fme:Straatnaam>
<fme:Wegbeheer>Stad</fme:Wegbeheer>
<fme:Aangemaakt_op>15/09/2016</fme:Aangemaakt_op>
</fme:zone70OK>
<fme:zone70OK>
<fme:Id>15</fme:Id>
<fme:Straatnaam>Gistelse Steenweg</fme:Straatnaam>
<fme:Wegbeheer>Stad</fme:Wegbeheer>
<fme:Aangemaakt_op>15/09/2016</fme:Aangemaakt_op>
</fme:zone70OK>
<fme:zone70OK>
<fme:Id>7</fme:Id>
<fme:Straatnaam>Damse Vaart-Zuid</fme:Straatnaam>
<fme:Wegbeheer>Stad</fme:Wegbeheer>
<fme:Aangemaakt_op>15/09/2016</fme:Aangemaakt_op>
</fme:zone70OK>
<fme:zone70OK>
<fme:Id>8</fme:Id>
<fme:Straatnaam>Damse Vaart-Zuid</fme:Straatnaam>
<fme:Wegbeheer>Gewest</fme:Wegbeheer>
<fme:Aangemaakt_op>15/09/2016</fme:Aangemaakt_op>
</fme:zone70OK>
<fme:zone70OK>
<fme:Id>5</fme:Id>
<fme:Straatnaam>Moerkerkse Steenweg</fme:Straatnaam>
<fme:Wegbeheer>Stad</fme:Wegbeheer>
<fme:Aangemaakt_op>15/09/2016</fme:Aangemaakt_op>
</fme:zone70OK>
<fme:zone70OK>
<fme:Id>18</fme:Id>
<fme:Straatnaam>Koolkerkse Steenweg</fme:Straatnaam>
<fme:Wegbeheer>Gewest</fme:Wegbeheer>
<fme:Aangemaakt_op>15/09/2016</fme:Aangemaakt_op>
</fme:zone70OK>
<fme:zone70OK>
<fme:Id>19</fme:Id>
<fme:Straatnaam>Blankenbergse Steenweg</fme:Straatnaam>
<fme:Wegbeheer>Gewest</fme:Wegbeheer>
<fme:Aangemaakt_op>15/09/2016</fme:Aangemaakt_op>
</fme:zone70OK>
<fme:zone70OK>
<fme:Id>21</fme:Id>
<fme:Straatnaam>ng</fme:Straatnaam>
<fme:Wegbeheer>Gewest</fme:Wegbeheer>
<fme:Aangemaakt_op>15/09/2016</fme:Aangemaakt_op>
</fme:zone70OK>
<fme:zone70OK>
<fme:Id>20</fme:Id>
<fme:Straatnaam>Kolvestraat</fme:Straatnaam>
<fme:Wegbeheer>Stad</fme:Wegbeheer>
<fme:Aangemaakt_op>15/09/2016</fme:Aangemaakt_op>
</fme:zone70OK>
<fme:zone70OK>
<fme:Id>0</fme:Id>
<fme:Aangemaakt_op>15/09/2016</fme:Aangemaakt_op>
</fme:zone70OK>
<fme:zone70OK>
<fme:Id>16</fme:Id>
<fme:Straatnaam>Pathoekeweg</fme:Straatnaam>
<fme:Wegbeheer>Stad</fme:Wegbeheer>
<fme:Aangemaakt_op>15/09/2016</fme:Aangemaakt_op>
</fme:zone70OK>
<fme:zone70OK>
<fme:Id>223</fme:Id>
<fme:Straatnaam>Oostendse Steenweg</fme:Straatnaam>
<fme:Wegbeheer>Gewest</fme:Wegbeheer>
<fme:Aangemaakt_op>15/09/2016</fme:Aangemaakt_op>
</fme:zone70OK>
<fme:zone70OK>
<fme:Id>17</fme:Id>
<fme:Straatnaam>Dudzeelse Steenweg</fme:Straatnaam>
<fme:Wegbeheer>Gewest</fme:Wegbeheer>
<fme:Aangemaakt_op>15/09/2016</fme:Aangemaakt_op>
</fme:zone70OK>
<fme:zone70OK>
<fme:Id>294</fme:Id>
<fme:Straatnaam>Westkapelse Steenweg</fme:Straatnaam>
<fme:Wegbeheer>Gewest</fme:Wegbeheer>
<fme:Aangemaakt_op>15/09/2016</fme:Aangemaakt_op>
</fme:zone70OK>
<fme:zone70OK>
<fme:Id>25</fme:Id>
<fme:Straatnaam>Westkapelse Steenweg</fme:Straatnaam>
<fme:Wegbeheer>Gewest</fme:Wegbeheer>
<fme:Aangemaakt_op>15/09/2016</fme:Aangemaakt_op>
</fme:zone70OK>
<fme:zone70OK>
<fme:Id>27</fme:Id>
<fme:Straatnaam>Canadezenstraat</fme:Straatnaam>
<fme:Wegbeheer>Gewest</fme:Wegbeheer>
<fme:Aangemaakt_op>15/09/2016</fme:Aangemaakt_op>
</fme:zone70OK>
<fme:zone70OK>
<fme:Id>28</fme:Id>
<fme:Straatnaam>Zeelaan</fme:Straatnaam>
<fme:Wegbeheer>Gewest</fme:Wegbeheer>
<fme:Aangemaakt_op>15/09/2016</fme:Aangemaakt_op>
</fme:zone70OK>
<fme:zone70OK>
<fme:Id>29</fme:Id>
<fme:Straatnaam>Zeebruggelaan</fme:Straatnaam>
<fme:Wegbeheer>Gewest</fme:Wegbeheer>
<fme:Aangemaakt_op>15/09/2016</fme:Aangemaakt_op>
</fme:zone70OK>
<fme:zone70OK>
<fme:Id>30</fme:Id>
<fme:Straatnaam>Buiten Gentpoortvest</fme:Straatnaam>
<fme:Wegbeheer>Gewest</fme:Wegbeheer>
<fme:Aangemaakt_op>15/09/2016</fme:Aangemaakt_op>
</fme:zone70OK>
<fme:zone70OK>
<fme:Id>31</fme:Id>
<fme:Straatnaam>Buiten Boninvest</fme:Straatnaam>
<fme:Wegbeheer>Gewest</fme:Wegbeheer>
<fme:Aangemaakt_op>15/09/2016</fme:Aangemaakt_op>
</fme:zone70OK>
<fme:zone70OK>
<fme:Id>32</fme:Id>
<fme:Straatnaam>Buiten Kazernevest</fme:Straatnaam>
<fme:Wegbeheer>Gewest</fme:Wegbeheer>
<fme:Aangemaakt_op>15/09/2016</fme:Aangemaakt_op>
</fme:zone70OK>
<fme:zone70OK>
<fme:Id>33</fme:Id>
<fme:Straatnaam>Buiten de Kruispoort</fme:Straatnaam>
<fme:Wegbeheer>Gewest</fme:Wegbeheer>
<fme:Aangemaakt_op>15/09/2016</fme:Aangemaakt_op>
</fme:zone70OK>
<fme:zone70OK>
<fme:Id>34</fme:Id>
<fme:Straatnaam>Buiten Kruisvest</fme:Straatnaam>
<fme:Wegbeheer>Gewest</fme:Wegbeheer>
<fme:Aangemaakt_op>15/09/2016</fme:Aangemaakt_op>
</fme:zone70OK>
<fme:zone70OK>
<fme:Id>35</fme:Id>
<fme:Straatnaam>Fort Lapin</fme:Straatnaam>
<fme:Wegbeheer>Gewest</fme:Wegbeheer>
<fme:Aangemaakt_op>15/09/2016</fme:Aangemaakt_op>
</fme:zone70OK>
<fme:zone70OK>
<fme:Id>36</fme:Id>
<fme:Straatnaam>Sint-Pieterskaai</fme:Straatnaam>
<fme:Wegbeheer>Gewest</fme:Wegbeheer>
<fme:Aangemaakt_op>15/09/2016</fme:Aangemaakt_op>
</fme:zone70OK>
<fme:zone70OK>
<fme:Id>37</fme:Id>
<fme:Straatnaam>Waggelwaterstraat</fme:Straatnaam>
<fme:Wegbeheer>Gewest</fme:Wegbeheer>
<fme:Aangemaakt_op>15/09/2016</fme:Aangemaakt_op>
</fme:zone70OK>
<fme:zone70OK>
<fme:Id>38</fme:Id>
<fme:Straatnaam>Chartreuseweg</fme:Straatnaam>
<fme:Wegbeheer>Gewest</fme:Wegbeheer>
<fme:Aangemaakt_op>15/09/2016</fme:Aangemaakt_op>
</fme:zone70OK>
<fme:zone70OK>
<fme:Id>39</fme:Id>
<fme:Straatnaam>Koning Albert I-laan</fme:Straatnaam>
<fme:Wegbeheer>Gewest</fme:Wegbeheer>
<fme:Aangemaakt_op>15/09/2016</fme:Aangemaakt_op>
</fme:zone70OK>
<fme:zone70OK>
<fme:Id>40</fme:Id>
<fme:Straatnaam>Kortrijkstraat</fme:Straatnaam>
<fme:Wegbeheer>Gewest</fme:Wegbeheer>
<fme:Aangemaakt_op>15/09/2016</fme:Aangemaakt_op>
</fme:zone70OK>
<fme:zone70OK>
<fme:Id>41</fme:Id>
<fme:Straatnaam>Zonnebloemweg</fme:Straatnaam>
<fme:Wegbeheer>Gewest</fme:Wegbeheer>
<fme:Aangemaakt_op>15/09/2016</fme:Aangemaakt_op>
</fme:zone70OK>
<fme:zone70OK>
<fme:Id>42</fme:Id>
<fme:Straatnaam>ng</fme:Straatnaam>
<fme:Wegbeheer>Stad</fme:Wegbeheer>
<fme:Aangemaakt_op>15/09/2016</fme:Aangemaakt_op>
</fme:zone70OK>
<fme:zone70OK>
<fme:Id>43</fme:Id>
<fme:Straatnaam>Havenrandweg-Zuid</fme:Straatnaam>
<fme:Wegbeheer>Stad</fme:Wegbeheer>
<fme:Aangemaakt_op>15/09/2016</fme:Aangemaakt_op>
</fme:zone70OK>
<fme:zone70OK>
<fme:Id>44</fme:Id>
<fme:Straatnaam>Lodewijk Coiseaukaai</fme:Straatnaam>
<fme:Wegbeheer>MBZ</fme:Wegbeheer>
<fme:Aangemaakt_op>15/09/2016</fme:Aangemaakt_op>
</fme:zone70OK>
<fme:zone70OK>
<fme:Id>0</fme:Id>
<fme:Aangemaakt_op>15/09/2016</fme:Aangemaakt_op>
</fme:zone70OK>
<fme:zone70OK>
<fme:Id>26</fme:Id>
<fme:Straatnaam>Ter Doeststraat</fme:Straatnaam>
<fme:Wegbeheer>Stad</fme:Wegbeheer>
<fme:Aangemaakt_op>15/09/2016</fme:Aangemaakt_op>
</fme:zone70OK>
<fme:zone70OK>
<fme:Id>46</fme:Id>
<fme:Straatnaam>Baron de Maerelaan</fme:Straatnaam>
<fme:Wegbeheer>Gewest</fme:Wegbeheer>
<fme:Aangemaakt_op>15/09/2016</fme:Aangemaakt_op>
</fme:zone70OK>
<fme:zone70OK>
<fme:Id>47</fme:Id>
<fme:Straatnaam>Kustlaan</fme:Straatnaam>
<fme:Wegbeheer>Gewest</fme:Wegbeheer>
<fme:Aangemaakt_op>15/09/2016</fme:Aangemaakt_op>
</fme:zone70OK>
<fme:zone70OK>
<fme:Id>48</fme:Id>
<fme:Straatnaam>Isabellalaan</fme:Straatnaam>
<fme:Wegbeheer>Gewest</fme:Wegbeheer>
<fme:Aangemaakt_op>15/09/2016</fme:Aangemaakt_op>
</fme:zone70OK>
<fme:zone70OK>
<fme:Id>49</fme:Id>
<fme:Straatnaam>Evendijk-West</fme:Straatnaam>
<fme:Wegbeheer>Stad</fme:Wegbeheer>
<fme:Aangemaakt_op>15/09/2016</fme:Aangemaakt_op>
</fme:zone70OK>
<fme:zone70OK>
<fme:Id>50</fme:Id>
<fme:Straatnaam>Stationsweg</fme:Straatnaam>
<fme:Wegbeheer>Stad</fme:Wegbeheer>
<fme:Aangemaakt_op>15/09/2016</fme:Aangemaakt_op>
</fme:zone70OK>
<fme:zone70OK>
<fme:Id>51</fme:Id>
<fme:Straatnaam>Buiten Katelijnevest</fme:Straatnaam>
<fme:Wegbeheer>Stad</fme:Wegbeheer>
<fme:Aangemaakt_op>15/09/2016</fme:Aangemaakt_op>
</fme:zone70OK>
<fme:zone70OK>
<fme:Id>52</fme:Id>
<fme:Straatnaam>Alfred Ronsestraat</fme:Straatnaam>
<fme:Wegbeheer>Gewest</fme:Wegbeheer>
<fme:Aangemaakt_op>15/09/2016</fme:Aangemaakt_op>
</fme:zone70OK>
</fme:zone70OK-table>
</fme:xml-tables>