<?xml version="1.0" encoding="UTF-8"?>
<fme:xml-tables xmlns:xsi="http://www.w3.org/2001/XMLSchema-instance" xmlns:fme="http://www.safe.com/xml/xmltables" xsi:schemaLocation="http://www.safe.com/xml/xmltables Gemeentegrens.xsd">
<fme:Gemeentegrens-table>
<fme:Gemeentegrens>
<fme:ID>10560032003312</fme:ID>
<fme:FEATTYP>1119</fme:FEATTYP>
<fme:ORDER00>BEL</fme:ORDER00>
<fme:ORDER01>1</fme:ORDER01>
<fme:ORDER02>3</fme:ORDER02>
<fme:ORDER07>31</fme:ORDER07>
<fme:ORDER08>31005</fme:ORDER08>
<fme:FEATAREA>139238454</fme:FEATAREA>
<fme:FEATPERIM>79776</fme:FEATPERIM>
<fme:NAME>Brugge</fme:NAME>
<fme:NAMELC>DUT</fme:NAMELC>
<fme:POPCLASS>3</fme:POPCLASS>
<fme:POP>115812</fme:POP>
<fme:MI_PRINX>1</fme:MI_PRINX>
<fme:Aangemaakt_op>22/06/2016</fme:Aangemaakt_op>
</fme:Gemeentegrens>
<fme:Gemeentegrens>
<fme:ID>10560032003284</fme:ID>
<fme:FEATTYP>1119</fme:FEATTYP>
<fme:ORDER00>BEL</fme:ORDER00>
<fme:ORDER01>1</fme:ORDER01>
<fme:ORDER02>3</fme:ORDER02>
<fme:ORDER07>31</fme:ORDER07>
<fme:ORDER08>31003</fme:ORDER08>
<fme:FEATAREA>72520429</fme:FEATAREA>
<fme:FEATPERIM>45878</fme:FEATPERIM>
<fme:NAME>Beernem</fme:NAME>
<fme:NAMELC>DUT</fme:NAMELC>
<fme:POPCLASS>5</fme:POPCLASS>
<fme:POP>14504</fme:POP>
<fme:MI_PRINX>2</fme:MI_PRINX>
<fme:Aangemaakt_op>22/06/2016</fme:Aangemaakt_op>
</fme:Gemeentegrens>
<fme:Gemeentegrens>
<fme:ID>10560032003591</fme:ID>
<fme:FEATTYP>1119</fme:FEATTYP>
<fme:ORDER00>BEL</fme:ORDER00>
<fme:ORDER01>1</fme:ORDER01>
<fme:ORDER02>3</fme:ORDER02>
<fme:ORDER07>31</fme:ORDER07>
<fme:ORDER08>31042</fme:ORDER08>
<fme:FEATAREA>49060099</fme:FEATAREA>
<fme:FEATPERIM>42776</fme:FEATPERIM>
<fme:NAME>Zuienkerke</fme:NAME>
<fme:NAMELC>DUT</fme:NAMELC>
<fme:POPCLASS>6</fme:POPCLASS>
<fme:POP>2768</fme:POP>
<fme:MI_PRINX>3</fme:MI_PRINX>
<fme:Aangemaakt_op>22/06/2016</fme:Aangemaakt_op>
</fme:Gemeentegrens>
<fme:Gemeentegrens>
<fme:ID>10560032003395</fme:ID>
<fme:FEATTYP>1119</fme:FEATTYP>
<fme:ORDER00>BEL</fme:ORDER00>
<fme:ORDER01>1</fme:ORDER01>
<fme:ORDER02>3</fme:ORDER02>
<fme:ORDER07>31</fme:ORDER07>
<fme:ORDER08>31012</fme:ORDER08>
<fme:FEATAREA>53689878</fme:FEATAREA>
<fme:FEATPERIM>37560</fme:FEATPERIM>
<fme:NAME>Jabbeke</fme:NAME>
<fme:NAMELC>DUT</fme:NAMELC>
<fme:POPCLASS>5</fme:POPCLASS>
<fme:POP>13529</fme:POP>
<fme:MI_PRINX>4</fme:MI_PRINX>
<fme:Aangemaakt_op>22/06/2016</fme:Aangemaakt_op>
</fme:Gemeentegrens>
<fme:Gemeentegrens>
<fme:ID>10560032003407</fme:ID>
<fme:FEATTYP>1119</fme:FEATTYP>
<fme:ORDER00>BEL</fme:ORDER00>
<fme:ORDER01>1</fme:ORDER01>
<fme:ORDER02>3</fme:ORDER02>
<fme:ORDER07>31</fme:ORDER07>
<fme:ORDER08>31043</fme:ORDER08>
<fme:FEATAREA>56899425</fme:FEATAREA>
<fme:FEATPERIM>34896</fme:FEATPERIM>
<fme:NAME>Knokke-Heist</fme:NAME>
<fme:NAMELC>DUT</fme:NAMELC>
<fme:POPCLASS>5</fme:POPCLASS>
<fme:POP>32771</fme:POP>
<fme:MI_PRINX>5</fme:MI_PRINX>
<fme:Aangemaakt_op>22/06/2016</fme:Aangemaakt_op>
</fme:Gemeentegrens>
<fme:Gemeentegrens>
<fme:ID>10560032003580</fme:ID>
<fme:FEATTYP>1119</fme:FEATTYP>
<fme:ORDER00>BEL</fme:ORDER00>
<fme:ORDER01>1</fme:ORDER01>
<fme:ORDER02>3</fme:ORDER02>
<fme:ORDER07>31</fme:ORDER07>
<fme:ORDER08>31040</fme:ORDER08>
<fme:FEATAREA>60679626</fme:FEATAREA>
<fme:FEATPERIM>39917</fme:FEATPERIM>
<fme:NAME>Zedelgem</fme:NAME>
<fme:NAMELC>DUT</fme:NAMELC>
<fme:POPCLASS>5</fme:POPCLASS>
<fme:POP>21926</fme:POP>
<fme:MI_PRINX>6</fme:MI_PRINX>
<fme:Aangemaakt_op>22/06/2016</fme:Aangemaakt_op>
</fme:Gemeentegrens>
<fme:Gemeentegrens>
<fme:ID>10560032003484</fme:ID>
<fme:FEATTYP>1119</fme:FEATTYP>
<fme:ORDER00>BEL</fme:ORDER00>
<fme:ORDER01>1</fme:ORDER01>
<fme:ORDER02>3</fme:ORDER02>
<fme:ORDER07>31</fme:ORDER07>
<fme:ORDER08>31022</fme:ORDER08>
<fme:FEATAREA>80179037</fme:FEATAREA>
<fme:FEATPERIM>54662</fme:FEATPERIM>
<fme:NAME>Oostkamp</fme:NAME>
<fme:NAMELC>DUT</fme:NAMELC>
<fme:POPCLASS>5</fme:POPCLASS>
<fme:POP>21150</fme:POP>
<fme:MI_PRINX>7</fme:MI_PRINX>
<fme:Aangemaakt_op>22/06/2016</fme:Aangemaakt_op>
</fme:Gemeentegrens>
<fme:Gemeentegrens>
<fme:ID>10560032003297</fme:ID>
<fme:FEATTYP>1119</fme:FEATTYP>
<fme:ORDER00>BEL</fme:ORDER00>
<fme:ORDER01>1</fme:ORDER01>
<fme:ORDER02>3</fme:ORDER02>
<fme:ORDER07>31</fme:ORDER07>
<fme:ORDER08>31004</fme:ORDER08>
<fme:FEATAREA>17763932</fme:FEATAREA>
<fme:FEATPERIM>20235</fme:FEATPERIM>
<fme:NAME>Blankenberge</fme:NAME>
<fme:NAMELC>DUT</fme:NAMELC>
<fme:POPCLASS>5</fme:POPCLASS>
<fme:POP>17458</fme:POP>
<fme:MI_PRINX>8</fme:MI_PRINX>
<fme:Aangemaakt_op>22/06/2016</fme:Aangemaakt_op>
</fme:Gemeentegrens>
<fme:Gemeentegrens>
<fme:ID>10560032003315</fme:ID>
<fme:FEATTYP>1119</fme:FEATTYP>
<fme:ORDER00>BEL</fme:ORDER00>
<fme:ORDER01>1</fme:ORDER01>
<fme:ORDER02>3</fme:ORDER02>
<fme:ORDER07>31</fme:ORDER07>
<fme:ORDER08>31006</fme:ORDER08>
<fme:FEATAREA>90480724</fme:FEATAREA>
<fme:FEATPERIM>50824</fme:FEATPERIM>
<fme:NAME>Damme</fme:NAME>
<fme:NAMELC>DUT</fme:NAMELC>
<fme:POPCLASS>5</fme:POPCLASS>
<fme:POP>10894</fme:POP>
<fme:MI_PRINX>9</fme:MI_PRINX>
<fme:Aangemaakt_op>22/06/2016</fme:Aangemaakt_op>
</fme:Gemeentegrens>
</fme:Gemeentegrens-table>
</fme:xml-tables>