<?xml version="1.0" encoding="UTF-8"?>
<fme:xml-tables xmlns:xsi="http://www.w3.org/2001/XMLSchema-instance" xmlns:fme="http://www.safe.com/xml/xmltables" xsi:schemaLocation="http://www.safe.com/xml/xmltables Fietskluizen_randparkings.xsd">
<fme:Fietskluizen_randparkings-table>
<fme:Fietskluizen_randparkings>
<fme:ID>1</fme:ID>
<fme:Locatie>L. Coiseau</fme:Locatie>
<fme:Aantal>10</fme:Aantal>
<fme:Aangemaakt_op>06/07/2016</fme:Aangemaakt_op>
</fme:Fietskluizen_randparkings>
<fme:Fietskluizen_randparkings>
<fme:ID>2</fme:ID>
<fme:Locatie>Bevrijdingslaan</fme:Locatie>
<fme:Aantal>40</fme:Aantal>
<fme:Aangemaakt_op>06/07/2016</fme:Aangemaakt_op>
</fme:Fietskluizen_randparkings>
<fme:Fietskluizen_randparkings>
<fme:ID>3</fme:ID>
<fme:Locatie>Magdalenastraat</fme:Locatie>
<fme:Aantal>20</fme:Aantal>
<fme:Aangemaakt_op>06/07/2016</fme:Aangemaakt_op>
</fme:Fietskluizen_randparkings>
<fme:Fietskluizen_randparkings>
<fme:ID>4</fme:ID>
<fme:Locatie>Steenbrugge</fme:Locatie>
<fme:Aantal>40</fme:Aantal>
<fme:Aangemaakt_op>06/07/2016</fme:Aangemaakt_op>
</fme:Fietskluizen_randparkings>
<fme:Fietskluizen_randparkings>
<fme:ID>5</fme:ID>
<fme:Locatie>Boogschutterslaan</fme:Locatie>
<fme:Aantal>10</fme:Aantal>
<fme:Aangemaakt_op>06/07/2016</fme:Aangemaakt_op>
</fme:Fietskluizen_randparkings>
</fme:Fietskluizen_randparkings-table>
</fme:xml-tables>