<?xml version="1.0" encoding="UTF-8"?>
<fme:xml-tables xmlns:xsi="http://www.w3.org/2001/XMLSchema-instance" xmlns:fme="http://www.safe.com/xml/xmltables" xsi:schemaLocation="http://www.safe.com/xml/xmltables Bedrijventerreinen-Brugge.xsd">
<fme:Bedrijventerreinen-Brugge-table>
<fme:Bedrijventerreinen-Brugge>
<fme:OBJECTID>49</fme:OBJECTID>
<fme:TERREIN>Ten Briele</fme:TERREIN>
<fme:GEMEENTE>Brugge</fme:GEMEENTE>
<fme:REVISIE>20090310</fme:REVISIE>
<fme:TerID>310048</fme:TerID>
<fme:NISCODE>31005</fme:NISCODE>
<fme:Status>1</fme:Status>
<fme:Shape_Leng>4123.56994857</fme:Shape_Leng>
<fme:Shape_Area>750495.511815</fme:Shape_Area>
<fme:Aangemaakt_op>22/06/2016</fme:Aangemaakt_op>
</fme:Bedrijventerreinen-Brugge>
<fme:Bedrijventerreinen-Brugge>
<fme:OBJECTID>447</fme:OBJECTID>
<fme:TERREIN>Haven Zeebrugge</fme:TERREIN>
<fme:GEMEENTE>Brugge</fme:GEMEENTE>
<fme:REVISIE>20080129</fme:REVISIE>
<fme:TerID>310527</fme:TerID>
<fme:NISCODE>31005</fme:NISCODE>
<fme:Status>0</fme:Status>
<fme:Shape_Leng>83485.1906403</fme:Shape_Leng>
<fme:Shape_Area>20009585.7699</fme:Shape_Area>
<fme:Aangemaakt_op>22/06/2016</fme:Aangemaakt_op>
</fme:Bedrijventerreinen-Brugge>
<fme:Bedrijventerreinen-Brugge>
<fme:OBJECTID>530</fme:OBJECTID>
<fme:TERREIN>Sectoraal BPA Booy-Reyserhove</fme:TERREIN>
<fme:GEMEENTE>Jabbeke</fme:GEMEENTE>
<fme:REVISIE>20090611</fme:REVISIE>
<fme:TerID>311261</fme:TerID>
<fme:NISCODE>31012</fme:NISCODE>
<fme:Status>0</fme:Status>
<fme:Shape_Leng>425.698382706</fme:Shape_Leng>
<fme:Shape_Area>11322.7255047</fme:Shape_Area>
<fme:Aangemaakt_op>22/06/2016</fme:Aangemaakt_op>
</fme:Bedrijventerreinen-Brugge>
<fme:Bedrijventerreinen-Brugge>
<fme:OBJECTID>558</fme:OBJECTID>
<fme:TERREIN>Herdersbrug (niet-watergebonden)</fme:TERREIN>
<fme:GEMEENTE>Brugge</fme:GEMEENTE>
<fme:REVISIE>20080304</fme:REVISIE>
<fme:TerID>310058</fme:TerID>
<fme:NISCODE>31005</fme:NISCODE>
<fme:Status>0</fme:Status>
<fme:Shape_Leng>7430.95055155</fme:Shape_Leng>
<fme:Shape_Area>1501269.32885</fme:Shape_Area>
<fme:Aangemaakt_op>22/06/2016</fme:Aangemaakt_op>
</fme:Bedrijventerreinen-Brugge>
<fme:Bedrijventerreinen-Brugge>
<fme:OBJECTID>559</fme:OBJECTID>
<fme:TERREIN>Herdersbrug (watergebonden)</fme:TERREIN>
<fme:GEMEENTE>Brugge</fme:GEMEENTE>
<fme:REVISIE>20080208</fme:REVISIE>
<fme:TerID>310220</fme:TerID>
<fme:NISCODE>31005</fme:NISCODE>
<fme:Status>0</fme:Status>
<fme:Shape_Leng>6111.14412057</fme:Shape_Leng>
<fme:Shape_Area>788177.597756</fme:Shape_Area>
<fme:Aangemaakt_op>22/06/2016</fme:Aangemaakt_op>
</fme:Bedrijventerreinen-Brugge>
<fme:Bedrijventerreinen-Brugge>
<fme:OBJECTID>560</fme:OBJECTID>
<fme:TERREIN>Nijverheidsdok</fme:TERREIN>
<fme:GEMEENTE>Brugge</fme:GEMEENTE>
<fme:REVISIE>20080311</fme:REVISIE>
<fme:TerID>310221</fme:TerID>
<fme:NISCODE>31005</fme:NISCODE>
<fme:Status>0</fme:Status>
<fme:Shape_Leng>8992.46141299</fme:Shape_Leng>
<fme:Shape_Area>885800.084006</fme:Shape_Area>
<fme:Aangemaakt_op>22/06/2016</fme:Aangemaakt_op>
</fme:Bedrijventerreinen-Brugge>
<fme:Bedrijventerreinen-Brugge>
<fme:OBJECTID>561</fme:OBJECTID>
<fme:TERREIN>Sint-Jozef - Ter Panne 1/2</fme:TERREIN>
<fme:GEMEENTE>Brugge</fme:GEMEENTE>
<fme:REVISIE>20090313</fme:REVISIE>
<fme:TerID>311183</fme:TerID>
<fme:NISCODE>31005</fme:NISCODE>
<fme:Status>0</fme:Status>
<fme:Shape_Leng>1276.47157685</fme:Shape_Leng>
<fme:Shape_Area>42146.5613216</fme:Shape_Area>
<fme:Aangemaakt_op>22/06/2016</fme:Aangemaakt_op>
</fme:Bedrijventerreinen-Brugge>
<fme:Bedrijventerreinen-Brugge>
<fme:OBJECTID>562</fme:OBJECTID>
<fme:TERREIN>Sint-Jozef - Ter Panne 2/2</fme:TERREIN>
<fme:GEMEENTE>Brugge</fme:GEMEENTE>
<fme:REVISIE>20090313</fme:REVISIE>
<fme:TerID>311184</fme:TerID>
<fme:NISCODE>31005</fme:NISCODE>
<fme:Status>0</fme:Status>
<fme:Shape_Leng>824.419962987</fme:Shape_Leng>
<fme:Shape_Area>30284.1040221</fme:Shape_Area>
<fme:Aangemaakt_op>22/06/2016</fme:Aangemaakt_op>
</fme:Bedrijventerreinen-Brugge>
<fme:Bedrijventerreinen-Brugge>
<fme:OBJECTID>821</fme:OBJECTID>
<fme:TERREIN>Fourage</fme:TERREIN>
<fme:GEMEENTE>Brugge</fme:GEMEENTE>
<fme:REVISIE>20090514</fme:REVISIE>
<fme:TerID>311066</fme:TerID>
<fme:NISCODE>31005</fme:NISCODE>
<fme:Status>0</fme:Status>
<fme:Shape_Leng>265.845805731</fme:Shape_Leng>
<fme:Shape_Area>4401.591316</fme:Shape_Area>
<fme:Aangemaakt_op>22/06/2016</fme:Aangemaakt_op>
</fme:Bedrijventerreinen-Brugge>
<fme:Bedrijventerreinen-Brugge>
<fme:OBJECTID>822</fme:OBJECTID>
<fme:TERREIN>Vossensteert</fme:TERREIN>
<fme:GEMEENTE>Brugge</fme:GEMEENTE>
<fme:REVISIE>20090514</fme:REVISIE>
<fme:TerID>311096</fme:TerID>
<fme:NISCODE>31005</fme:NISCODE>
<fme:Status>0</fme:Status>
<fme:Shape_Leng>128.300821104</fme:Shape_Leng>
<fme:Shape_Area>894.12008168</fme:Shape_Area>
<fme:Aangemaakt_op>22/06/2016</fme:Aangemaakt_op>
</fme:Bedrijventerreinen-Brugge>
<fme:Bedrijventerreinen-Brugge>
<fme:OBJECTID>823</fme:OBJECTID>
<fme:TERREIN>Vossensteert</fme:TERREIN>
<fme:GEMEENTE>Brugge</fme:GEMEENTE>
<fme:REVISIE>20090514</fme:REVISIE>
<fme:TerID>311097</fme:TerID>
<fme:NISCODE>31005</fme:NISCODE>
<fme:Status>0</fme:Status>
<fme:Shape_Leng>203.318298078</fme:Shape_Leng>
<fme:Shape_Area>2328.28766424</fme:Shape_Area>
<fme:Aangemaakt_op>22/06/2016</fme:Aangemaakt_op>
</fme:Bedrijventerreinen-Brugge>
<fme:Bedrijventerreinen-Brugge>
<fme:OBJECTID>824</fme:OBJECTID>
<fme:TERREIN>Vossensteert</fme:TERREIN>
<fme:GEMEENTE>Brugge</fme:GEMEENTE>
<fme:REVISIE>20090514</fme:REVISIE>
<fme:TerID>311098</fme:TerID>
<fme:NISCODE>31005</fme:NISCODE>
<fme:Status>0</fme:Status>
<fme:Shape_Leng>317.712930441</fme:Shape_Leng>
<fme:Shape_Area>5941.08142912</fme:Shape_Area>
<fme:Aangemaakt_op>22/06/2016</fme:Aangemaakt_op>
</fme:Bedrijventerreinen-Brugge>
<fme:Bedrijventerreinen-Brugge>
<fme:OBJECTID>1279</fme:OBJECTID>
<fme:TERREIN>Kristus Koning N.O. 1/4</fme:TERREIN>
<fme:GEMEENTE>Brugge</fme:GEMEENTE>
<fme:REVISIE>20081003</fme:REVISIE>
<fme:TerID>311156</fme:TerID>
<fme:NISCODE>31005</fme:NISCODE>
<fme:Status>0</fme:Status>
<fme:Shape_Leng>456.205056648</fme:Shape_Leng>
<fme:Shape_Area>10293.3430209</fme:Shape_Area>
<fme:Aangemaakt_op>22/06/2016</fme:Aangemaakt_op>
</fme:Bedrijventerreinen-Brugge>
<fme:Bedrijventerreinen-Brugge>
<fme:OBJECTID>1280</fme:OBJECTID>
<fme:TERREIN>Kristus Koning N.O. 2/4</fme:TERREIN>
<fme:GEMEENTE>Brugge</fme:GEMEENTE>
<fme:REVISIE>20081003</fme:REVISIE>
<fme:TerID>311157</fme:TerID>
<fme:NISCODE>31005</fme:NISCODE>
<fme:Status>0</fme:Status>
<fme:Shape_Leng>349.728371982</fme:Shape_Leng>
<fme:Shape_Area>5433.69169972</fme:Shape_Area>
<fme:Aangemaakt_op>22/06/2016</fme:Aangemaakt_op>
</fme:Bedrijventerreinen-Brugge>
<fme:Bedrijventerreinen-Brugge>
<fme:OBJECTID>1281</fme:OBJECTID>
<fme:TERREIN>Kristus Koning N.O. 3/4</fme:TERREIN>
<fme:GEMEENTE>Brugge</fme:GEMEENTE>
<fme:REVISIE>20081003</fme:REVISIE>
<fme:TerID>311158</fme:TerID>
<fme:NISCODE>31005</fme:NISCODE>
<fme:Status>0</fme:Status>
<fme:Shape_Leng>298.065918165</fme:Shape_Leng>
<fme:Shape_Area>3253.7954688</fme:Shape_Area>
<fme:Aangemaakt_op>22/06/2016</fme:Aangemaakt_op>
</fme:Bedrijventerreinen-Brugge>
<fme:Bedrijventerreinen-Brugge>
<fme:OBJECTID>1282</fme:OBJECTID>
<fme:TERREIN>Kristus Koning N.O. 4/4</fme:TERREIN>
<fme:GEMEENTE>Brugge</fme:GEMEENTE>
<fme:REVISIE>20081003</fme:REVISIE>
<fme:TerID>311159</fme:TerID>
<fme:NISCODE>31005</fme:NISCODE>
<fme:Status>0</fme:Status>
<fme:Shape_Leng>162.212695289</fme:Shape_Leng>
<fme:Shape_Area>1528.39892056</fme:Shape_Area>
<fme:Aangemaakt_op>22/06/2016</fme:Aangemaakt_op>
</fme:Bedrijventerreinen-Brugge>
<fme:Bedrijventerreinen-Brugge>
<fme:OBJECTID>1283</fme:OBJECTID>
<fme:TERREIN>Zuid-Oost (Veemarkt)</fme:TERREIN>
<fme:GEMEENTE>BRUGGE</fme:GEMEENTE>
<fme:REVISIE>20081003</fme:REVISIE>
<fme:TerID>311172</fme:TerID>
<fme:NISCODE>31005</fme:NISCODE>
<fme:Status>0</fme:Status>
<fme:Shape_Leng>1262.96360919</fme:Shape_Leng>
<fme:Shape_Area>102025.878856</fme:Shape_Area>
<fme:Aangemaakt_op>22/06/2016</fme:Aangemaakt_op>
</fme:Bedrijventerreinen-Brugge>
<fme:Bedrijventerreinen-Brugge>
<fme:OBJECTID>1317</fme:OBJECTID>
<fme:TERREIN>Veemarkt (Vogelzang)</fme:TERREIN>
<fme:GEMEENTE>Brugge</fme:GEMEENTE>
<fme:REVISIE>20080619</fme:REVISIE>
<fme:TerID>310049</fme:TerID>
<fme:NISCODE>31005</fme:NISCODE>
<fme:Status>0</fme:Status>
<fme:Shape_Leng>1598.69007333</fme:Shape_Leng>
<fme:Shape_Area>149641.506595</fme:Shape_Area>
<fme:Aangemaakt_op>22/06/2016</fme:Aangemaakt_op>
</fme:Bedrijventerreinen-Brugge>
<fme:Bedrijventerreinen-Brugge>
<fme:OBJECTID>1340</fme:OBJECTID>
<fme:TERREIN>Fort Lapin</fme:TERREIN>
<fme:GEMEENTE>Brugge</fme:GEMEENTE>
<fme:REVISIE>20080819</fme:REVISIE>
<fme:TerID>311130</fme:TerID>
<fme:NISCODE>31005</fme:NISCODE>
<fme:Status>0</fme:Status>
<fme:Shape_Leng>466.62571089</fme:Shape_Leng>
<fme:Shape_Area>14089.7748764</fme:Shape_Area>
<fme:Aangemaakt_op>22/06/2016</fme:Aangemaakt_op>
</fme:Bedrijventerreinen-Brugge>
<fme:Bedrijventerreinen-Brugge>
<fme:OBJECTID>1395</fme:OBJECTID>
<fme:TERREIN>RO Chartreuse</fme:TERREIN>
<fme:GEMEENTE>Brugge</fme:GEMEENTE>
<fme:REVISIE>20080401</fme:REVISIE>
<fme:TerID>311354</fme:TerID>
<fme:NISCODE>31005</fme:NISCODE>
<fme:Status>0</fme:Status>
<fme:Shape_Leng>2058.03245083</fme:Shape_Leng>
<fme:Shape_Area>215976.898937</fme:Shape_Area>
<fme:Aangemaakt_op>22/06/2016</fme:Aangemaakt_op>
</fme:Bedrijventerreinen-Brugge>
<fme:Bedrijventerreinen-Brugge>
<fme:OBJECTID>1408</fme:OBJECTID>
<fme:TERREIN>Waggelwater</fme:TERREIN>
<fme:GEMEENTE>Brugge</fme:GEMEENTE>
<fme:REVISIE>20080125</fme:REVISIE>
<fme:TerID>310050</fme:TerID>
<fme:NISCODE>31005</fme:NISCODE>
<fme:Status>0</fme:Status>
<fme:Shape_Leng>4394.01929886</fme:Shape_Leng>
<fme:Shape_Area>686511.112143</fme:Shape_Area>
<fme:Aangemaakt_op>22/06/2016</fme:Aangemaakt_op>
</fme:Bedrijventerreinen-Brugge>
<fme:Bedrijventerreinen-Brugge>
<fme:OBJECTID>1412</fme:OBJECTID>
<fme:TERREIN>nr. 2 Noord-Oost I St. Andries 1/3</fme:TERREIN>
<fme:GEMEENTE>Brugge</fme:GEMEENTE>
<fme:REVISIE>20080319</fme:REVISIE>
<fme:TerID>311006</fme:TerID>
<fme:NISCODE>31005</fme:NISCODE>
<fme:Status>0</fme:Status>
<fme:Shape_Leng>1279.3562179</fme:Shape_Leng>
<fme:Shape_Area>39047.3867026</fme:Shape_Area>
<fme:Aangemaakt_op>22/06/2016</fme:Aangemaakt_op>
</fme:Bedrijventerreinen-Brugge>
<fme:Bedrijventerreinen-Brugge>
<fme:OBJECTID>1447</fme:OBJECTID>
<fme:TERREIN>BPA Kazerne Lissewege</fme:TERREIN>
<fme:GEMEENTE>Brugge</fme:GEMEENTE>
<fme:REVISIE>20090121</fme:REVISIE>
<fme:TerID>311252</fme:TerID>
<fme:NISCODE>31005</fme:NISCODE>
<fme:Status>0</fme:Status>
<fme:Shape_Leng>624.645423705</fme:Shape_Leng>
<fme:Shape_Area>22809.1754405</fme:Shape_Area>
<fme:Aangemaakt_op>22/06/2016</fme:Aangemaakt_op>
</fme:Bedrijventerreinen-Brugge>
<fme:Bedrijventerreinen-Brugge>
<fme:OBJECTID>1448</fme:OBJECTID>
<fme:TERREIN>Noorweegse Kaai</fme:TERREIN>
<fme:GEMEENTE>Brugge</fme:GEMEENTE>
<fme:REVISIE>20080125</fme:REVISIE>
<fme:TerID>311147</fme:TerID>
<fme:NISCODE>31005</fme:NISCODE>
<fme:Status>0</fme:Status>
<fme:Shape_Leng>533.209725299</fme:Shape_Leng>
<fme:Shape_Area>12312.8972971</fme:Shape_Area>
<fme:Aangemaakt_op>22/06/2016</fme:Aangemaakt_op>
</fme:Bedrijventerreinen-Brugge>
<fme:Bedrijventerreinen-Brugge>
<fme:OBJECTID>1449</fme:OBJECTID>
<fme:TERREIN>Noorweegse Kaai</fme:TERREIN>
<fme:GEMEENTE>Brugge</fme:GEMEENTE>
<fme:REVISIE>20080125</fme:REVISIE>
<fme:TerID>311148</fme:TerID>
<fme:NISCODE>31005</fme:NISCODE>
<fme:Status>0</fme:Status>
<fme:Shape_Leng>1068.01489639</fme:Shape_Leng>
<fme:Shape_Area>43594.9641146</fme:Shape_Area>
<fme:Aangemaakt_op>22/06/2016</fme:Aangemaakt_op>
</fme:Bedrijventerreinen-Brugge>
<fme:Bedrijventerreinen-Brugge>
<fme:OBJECTID>1452</fme:OBJECTID>
<fme:TERREIN>Gistfabriek</fme:TERREIN>
<fme:GEMEENTE>Brugge</fme:GEMEENTE>
<fme:REVISIE>20080130</fme:REVISIE>
<fme:TerID>311064</fme:TerID>
<fme:NISCODE>31005</fme:NISCODE>
<fme:Status>0</fme:Status>
<fme:Shape_Leng>1197.53963556</fme:Shape_Leng>
<fme:Shape_Area>51938.1942365</fme:Shape_Area>
<fme:Aangemaakt_op>22/06/2016</fme:Aangemaakt_op>
</fme:Bedrijventerreinen-Brugge>
<fme:Bedrijventerreinen-Brugge>
<fme:OBJECTID>1453</fme:OBJECTID>
<fme:TERREIN>Zeelaan Zuid-West</fme:TERREIN>
<fme:GEMEENTE>Brugge</fme:GEMEENTE>
<fme:REVISIE>20080130</fme:REVISIE>
<fme:TerID>311067</fme:TerID>
<fme:NISCODE>31005</fme:NISCODE>
<fme:Status>0</fme:Status>
<fme:Shape_Leng>1093.51266089</fme:Shape_Leng>
<fme:Shape_Area>59101.9518056</fme:Shape_Area>
<fme:Aangemaakt_op>22/06/2016</fme:Aangemaakt_op>
</fme:Bedrijventerreinen-Brugge>
<fme:Bedrijventerreinen-Brugge>
<fme:OBJECTID>1521</fme:OBJECTID>
<fme:TERREIN>Steenkaai</fme:TERREIN>
<fme:GEMEENTE>Brugge / Zuienkerke</fme:GEMEENTE>
<fme:REVISIE>20070712</fme:REVISIE>
<fme:TerID>310051</fme:TerID>
<fme:NISCODE>31005</fme:NISCODE>
<fme:Status>0</fme:Status>
<fme:Shape_Leng>2358.81297716</fme:Shape_Leng>
<fme:Shape_Area>244186.577083</fme:Shape_Area>
<fme:Aangemaakt_op>22/06/2016</fme:Aangemaakt_op>
</fme:Bedrijventerreinen-Brugge>
<fme:Bedrijventerreinen-Brugge>
<fme:OBJECTID>1565</fme:OBJECTID>
<fme:TERREIN>Dorpskom</fme:TERREIN>
<fme:GEMEENTE>Brugge</fme:GEMEENTE>
<fme:REVISIE>20070312</fme:REVISIE>
<fme:TerID>311182</fme:TerID>
<fme:NISCODE>31005</fme:NISCODE>
<fme:Status>0</fme:Status>
<fme:Shape_Leng>323.646434708</fme:Shape_Leng>
<fme:Shape_Area>3301.65240352</fme:Shape_Area>
<fme:Aangemaakt_op>22/06/2016</fme:Aangemaakt_op>
</fme:Bedrijventerreinen-Brugge>
<fme:Bedrijventerreinen-Brugge>
<fme:OBJECTID>1566</fme:OBJECTID>
<fme:TERREIN>Vissershaven 1/2</fme:TERREIN>
<fme:GEMEENTE>Brugge</fme:GEMEENTE>
<fme:REVISIE>20070312</fme:REVISIE>
<fme:TerID>311142</fme:TerID>
<fme:NISCODE>31005</fme:NISCODE>
<fme:Status>0</fme:Status>
<fme:Shape_Leng>414.172409462</fme:Shape_Leng>
<fme:Shape_Area>10024.0047458</fme:Shape_Area>
<fme:Aangemaakt_op>22/06/2016</fme:Aangemaakt_op>
</fme:Bedrijventerreinen-Brugge>
<fme:Bedrijventerreinen-Brugge>
<fme:OBJECTID>1567</fme:OBJECTID>
<fme:TERREIN>Vissershaven 2/2</fme:TERREIN>
<fme:GEMEENTE>Brugge</fme:GEMEENTE>
<fme:REVISIE>20070312</fme:REVISIE>
<fme:TerID>311143</fme:TerID>
<fme:NISCODE>31005</fme:NISCODE>
<fme:Status>0</fme:Status>
<fme:Shape_Leng>307.183370222</fme:Shape_Leng>
<fme:Shape_Area>5208.5722144</fme:Shape_Area>
<fme:Aangemaakt_op>22/06/2016</fme:Aangemaakt_op>
</fme:Bedrijventerreinen-Brugge>
<fme:Bedrijventerreinen-Brugge>
<fme:OBJECTID>1587</fme:OBJECTID>
<fme:TERREIN>Kerklaan</fme:TERREIN>
<fme:GEMEENTE>Brugge</fme:GEMEENTE>
<fme:REVISIE>20070411</fme:REVISIE>
<fme:TerID>311140</fme:TerID>
<fme:NISCODE>31005</fme:NISCODE>
<fme:Status>0</fme:Status>
<fme:Shape_Leng>547.945776811</fme:Shape_Leng>
<fme:Shape_Area>10142.8278077</fme:Shape_Area>
<fme:Aangemaakt_op>22/06/2016</fme:Aangemaakt_op>
</fme:Bedrijventerreinen-Brugge>
<fme:Bedrijventerreinen-Brugge>
<fme:OBJECTID>1588</fme:OBJECTID>
<fme:TERREIN>Zuid 2/2</fme:TERREIN>
<fme:GEMEENTE>Brugge</fme:GEMEENTE>
<fme:REVISIE>20070411</fme:REVISIE>
<fme:TerID>311124</fme:TerID>
<fme:NISCODE>31005</fme:NISCODE>
<fme:Status>0</fme:Status>
<fme:Shape_Leng>147.809773873</fme:Shape_Leng>
<fme:Shape_Area>1440.87499848</fme:Shape_Area>
<fme:Aangemaakt_op>22/06/2016</fme:Aangemaakt_op>
</fme:Bedrijventerreinen-Brugge>
<fme:Bedrijventerreinen-Brugge>
<fme:OBJECTID>1589</fme:OBJECTID>
<fme:TERREIN>Molenstraat-Zuid 1/2</fme:TERREIN>
<fme:GEMEENTE>Brugge</fme:GEMEENTE>
<fme:REVISIE>20070411</fme:REVISIE>
<fme:TerID>311125</fme:TerID>
<fme:NISCODE>31005</fme:NISCODE>
<fme:Status>0</fme:Status>
<fme:Shape_Leng>226.281846109</fme:Shape_Leng>
<fme:Shape_Area>1956.93507456</fme:Shape_Area>
<fme:Aangemaakt_op>22/06/2016</fme:Aangemaakt_op>
</fme:Bedrijventerreinen-Brugge>
<fme:Bedrijventerreinen-Brugge>
<fme:OBJECTID>1590</fme:OBJECTID>
<fme:TERREIN>Rustenburg</fme:TERREIN>
<fme:GEMEENTE>Brugge</fme:GEMEENTE>
<fme:REVISIE>20070411</fme:REVISIE>
<fme:TerID>311174</fme:TerID>
<fme:NISCODE>31005</fme:NISCODE>
<fme:Status>0</fme:Status>
<fme:Shape_Leng>316.476911474</fme:Shape_Leng>
<fme:Shape_Area>3563.50867784</fme:Shape_Area>
<fme:Aangemaakt_op>22/06/2016</fme:Aangemaakt_op>
</fme:Bedrijventerreinen-Brugge>
<fme:Bedrijventerreinen-Brugge>
<fme:OBJECTID>1591</fme:OBJECTID>
<fme:TERREIN>nr. 33 Tempelhof v.h. Sint-Pieters N.W.1/3</fme:TERREIN>
<fme:GEMEENTE>Brugge</fme:GEMEENTE>
<fme:REVISIE>20070411</fme:REVISIE>
<fme:TerID>311153</fme:TerID>
<fme:NISCODE>31005</fme:NISCODE>
<fme:Status>0</fme:Status>
<fme:Shape_Leng>243.794281553</fme:Shape_Leng>
<fme:Shape_Area>2804.1767176</fme:Shape_Area>
<fme:Aangemaakt_op>22/06/2016</fme:Aangemaakt_op>
</fme:Bedrijventerreinen-Brugge>
<fme:Bedrijventerreinen-Brugge>
<fme:OBJECTID>1592</fme:OBJECTID>
<fme:TERREIN>nr.33 Tempelhof Sint-Pieters N.W. 2/3</fme:TERREIN>
<fme:GEMEENTE>Brugge</fme:GEMEENTE>
<fme:REVISIE>20070411</fme:REVISIE>
<fme:TerID>311150</fme:TerID>
<fme:NISCODE>31005</fme:NISCODE>
<fme:Status>0</fme:Status>
<fme:Shape_Leng>601.846789075</fme:Shape_Leng>
<fme:Shape_Area>9151.18989024</fme:Shape_Area>
<fme:Aangemaakt_op>22/06/2016</fme:Aangemaakt_op>
</fme:Bedrijventerreinen-Brugge>
<fme:Bedrijventerreinen-Brugge>
<fme:OBJECTID>1593</fme:OBJECTID>
<fme:TERREIN>nr.33 tempelhof Sint-Pieters N.W. 3/3</fme:TERREIN>
<fme:GEMEENTE>Brugge</fme:GEMEENTE>
<fme:REVISIE>20070411</fme:REVISIE>
<fme:TerID>311151</fme:TerID>
<fme:NISCODE>31005</fme:NISCODE>
<fme:Status>0</fme:Status>
<fme:Shape_Leng>386.42439218</fme:Shape_Leng>
<fme:Shape_Area>7076.67005712</fme:Shape_Area>
<fme:Aangemaakt_op>22/06/2016</fme:Aangemaakt_op>
</fme:Bedrijventerreinen-Brugge>
<fme:Bedrijventerreinen-Brugge>
<fme:OBJECTID>1603</fme:OBJECTID>
<fme:TERREIN>Transportzone Zeebrugge</fme:TERREIN>
<fme:GEMEENTE>Brugge</fme:GEMEENTE>
<fme:REVISIE>20080111</fme:REVISIE>
<fme:TerID>310060</fme:TerID>
<fme:NISCODE>31005</fme:NISCODE>
<fme:Status>0</fme:Status>
<fme:Shape_Leng>3947.57431319</fme:Shape_Leng>
<fme:Shape_Area>719288.833334</fme:Shape_Area>
<fme:Aangemaakt_op>22/06/2016</fme:Aangemaakt_op>
</fme:Bedrijventerreinen-Brugge>
<fme:Bedrijventerreinen-Brugge>
<fme:OBJECTID>1604</fme:OBJECTID>
<fme:TERREIN>Steenbrugse Wegel</fme:TERREIN>
<fme:GEMEENTE>Brugge</fme:GEMEENTE>
<fme:REVISIE>20080111</fme:REVISIE>
<fme:TerID>310512</fme:TerID>
<fme:NISCODE>31005</fme:NISCODE>
<fme:Status>0</fme:Status>
<fme:Shape_Leng>867.046589799</fme:Shape_Leng>
<fme:Shape_Area>46066.0396276</fme:Shape_Area>
<fme:Aangemaakt_op>22/06/2016</fme:Aangemaakt_op>
</fme:Bedrijventerreinen-Brugge>
<fme:Bedrijventerreinen-Brugge>
<fme:OBJECTID>1611</fme:OBJECTID>
<fme:TERREIN>Veemarkt 2/3</fme:TERREIN>
<fme:GEMEENTE>Brugge</fme:GEMEENTE>
<fme:REVISIE>20070307</fme:REVISIE>
<fme:TerID>311014</fme:TerID>
<fme:NISCODE>31005</fme:NISCODE>
<fme:Status>0</fme:Status>
<fme:Shape_Leng>238.013104838</fme:Shape_Leng>
<fme:Shape_Area>2191.98561408</fme:Shape_Area>
<fme:Aangemaakt_op>22/06/2016</fme:Aangemaakt_op>
</fme:Bedrijventerreinen-Brugge>
<fme:Bedrijventerreinen-Brugge>
<fme:OBJECTID>1612</fme:OBJECTID>
<fme:TERREIN>Veemarkt 1/3</fme:TERREIN>
<fme:GEMEENTE>Brugge</fme:GEMEENTE>
<fme:REVISIE>20070307</fme:REVISIE>
<fme:TerID>311013</fme:TerID>
<fme:NISCODE>31005</fme:NISCODE>
<fme:Status>0</fme:Status>
<fme:Shape_Leng>218.077923098</fme:Shape_Leng>
<fme:Shape_Area>2913.51956504</fme:Shape_Area>
<fme:Aangemaakt_op>22/06/2016</fme:Aangemaakt_op>
</fme:Bedrijventerreinen-Brugge>
<fme:Bedrijventerreinen-Brugge>
<fme:OBJECTID>1613</fme:OBJECTID>
<fme:TERREIN>Veemarkt 3/3</fme:TERREIN>
<fme:GEMEENTE>Sint-Michiels</fme:GEMEENTE>
<fme:REVISIE>20070307</fme:REVISIE>
<fme:TerID>311015</fme:TerID>
<fme:NISCODE>31005</fme:NISCODE>
<fme:Status>0</fme:Status>
<fme:Shape_Leng>309.201149701</fme:Shape_Leng>
<fme:Shape_Area>3396.35279704</fme:Shape_Area>
<fme:Aangemaakt_op>22/06/2016</fme:Aangemaakt_op>
</fme:Bedrijventerreinen-Brugge>
<fme:Bedrijventerreinen-Brugge>
<fme:OBJECTID>1614</fme:OBJECTID>
<fme:TERREIN>Park rode poort 1/2</fme:TERREIN>
<fme:GEMEENTE>Brugge</fme:GEMEENTE>
<fme:REVISIE>20070308</fme:REVISIE>
<fme:TerID>311111</fme:TerID>
<fme:NISCODE>31005</fme:NISCODE>
<fme:Status>0</fme:Status>
<fme:Shape_Leng>198.107658317</fme:Shape_Leng>
<fme:Shape_Area>1935.33341056</fme:Shape_Area>
<fme:Aangemaakt_op>22/06/2016</fme:Aangemaakt_op>
</fme:Bedrijventerreinen-Brugge>
<fme:Bedrijventerreinen-Brugge>
<fme:OBJECTID>1615</fme:OBJECTID>
<fme:TERREIN>Centrum 1/5</fme:TERREIN>
<fme:GEMEENTE>Sint-Michiels</fme:GEMEENTE>
<fme:REVISIE>20070309</fme:REVISIE>
<fme:TerID>311115</fme:TerID>
<fme:NISCODE>31005</fme:NISCODE>
<fme:Status>0</fme:Status>
<fme:Shape_Leng>93.805473308</fme:Shape_Leng>
<fme:Shape_Area>505.74836896</fme:Shape_Area>
<fme:Aangemaakt_op>22/06/2016</fme:Aangemaakt_op>
</fme:Bedrijventerreinen-Brugge>
<fme:Bedrijventerreinen-Brugge>
<fme:OBJECTID>1616</fme:OBJECTID>
<fme:TERREIN>Centrum 2/5</fme:TERREIN>
<fme:GEMEENTE>Sint-Michiels</fme:GEMEENTE>
<fme:REVISIE>20070309</fme:REVISIE>
<fme:TerID>311114</fme:TerID>
<fme:NISCODE>31005</fme:NISCODE>
<fme:Status>0</fme:Status>
<fme:Shape_Leng>389.70128993</fme:Shape_Leng>
<fme:Shape_Area>4480.43212984</fme:Shape_Area>
<fme:Aangemaakt_op>22/06/2016</fme:Aangemaakt_op>
</fme:Bedrijventerreinen-Brugge>
<fme:Bedrijventerreinen-Brugge>
<fme:OBJECTID>1617</fme:OBJECTID>
<fme:TERREIN>Centrum 3/5</fme:TERREIN>
<fme:GEMEENTE>Sint-Michiels</fme:GEMEENTE>
<fme:REVISIE>20070309</fme:REVISIE>
<fme:TerID>311117</fme:TerID>
<fme:NISCODE>31005</fme:NISCODE>
<fme:Status>0</fme:Status>
<fme:Shape_Leng>333.022499672</fme:Shape_Leng>
<fme:Shape_Area>5741.99949712</fme:Shape_Area>
<fme:Aangemaakt_op>22/06/2016</fme:Aangemaakt_op>
</fme:Bedrijventerreinen-Brugge>
<fme:Bedrijventerreinen-Brugge>
<fme:OBJECTID>1618</fme:OBJECTID>
<fme:TERREIN>Centrum 4/5</fme:TERREIN>
<fme:GEMEENTE>Sint-Michiels</fme:GEMEENTE>
<fme:REVISIE>20070309</fme:REVISIE>
<fme:TerID>311113</fme:TerID>
<fme:NISCODE>31005</fme:NISCODE>
<fme:Status>0</fme:Status>
<fme:Shape_Leng>161.118216067</fme:Shape_Leng>
<fme:Shape_Area>1297.08716768</fme:Shape_Area>
<fme:Aangemaakt_op>22/06/2016</fme:Aangemaakt_op>
</fme:Bedrijventerreinen-Brugge>
<fme:Bedrijventerreinen-Brugge>
<fme:OBJECTID>1619</fme:OBJECTID>
<fme:TERREIN>Centrum 5/5</fme:TERREIN>
<fme:GEMEENTE>Sint-Michiels</fme:GEMEENTE>
<fme:REVISIE>20070309</fme:REVISIE>
<fme:TerID>311116</fme:TerID>
<fme:NISCODE>31005</fme:NISCODE>
<fme:Status>0</fme:Status>
<fme:Shape_Leng>90.7801585085</fme:Shape_Leng>
<fme:Shape_Area>496.13468568</fme:Shape_Area>
<fme:Aangemaakt_op>22/06/2016</fme:Aangemaakt_op>
</fme:Bedrijventerreinen-Brugge>
<fme:Bedrijventerreinen-Brugge>
<fme:OBJECTID>1620</fme:OBJECTID>
<fme:TERREIN>Parklaan</fme:TERREIN>
<fme:GEMEENTE>Sint-Michiels</fme:GEMEENTE>
<fme:REVISIE>20070309</fme:REVISIE>
<fme:TerID>311075</fme:TerID>
<fme:NISCODE>31005</fme:NISCODE>
<fme:Status>0</fme:Status>
<fme:Shape_Leng>204.982825016</fme:Shape_Leng>
<fme:Shape_Area>2682.069936</fme:Shape_Area>
<fme:Aangemaakt_op>22/06/2016</fme:Aangemaakt_op>
</fme:Bedrijventerreinen-Brugge>
<fme:Bedrijventerreinen-Brugge>
<fme:OBJECTID>1621</fme:OBJECTID>
<fme:TERREIN>Boeverbos 4/4</fme:TERREIN>
<fme:GEMEENTE>Brugge</fme:GEMEENTE>
<fme:REVISIE>20080618</fme:REVISIE>
<fme:TerID>311005</fme:TerID>
<fme:NISCODE>31005</fme:NISCODE>
<fme:Status>0</fme:Status>
<fme:Shape_Leng>567.012522582</fme:Shape_Leng>
<fme:Shape_Area>14240.0580379</fme:Shape_Area>
<fme:Aangemaakt_op>22/06/2016</fme:Aangemaakt_op>
</fme:Bedrijventerreinen-Brugge>
<fme:Bedrijventerreinen-Brugge>
<fme:OBJECTID>1624</fme:OBJECTID>
<fme:TERREIN>Centrum 1/3</fme:TERREIN>
<fme:GEMEENTE>Brugge</fme:GEMEENTE>
<fme:REVISIE>20070312</fme:REVISIE>
<fme:TerID>311104</fme:TerID>
<fme:NISCODE>31005</fme:NISCODE>
<fme:Status>0</fme:Status>
<fme:Shape_Leng>108.708247073</fme:Shape_Leng>
<fme:Shape_Area>635.45359552</fme:Shape_Area>
<fme:Aangemaakt_op>22/06/2016</fme:Aangemaakt_op>
</fme:Bedrijventerreinen-Brugge>
<fme:Bedrijventerreinen-Brugge>
<fme:OBJECTID>1625</fme:OBJECTID>
<fme:TERREIN>Centrum 2/3</fme:TERREIN>
<fme:GEMEENTE>Brugge</fme:GEMEENTE>
<fme:REVISIE>20070312</fme:REVISIE>
<fme:TerID>311105</fme:TerID>
<fme:NISCODE>31005</fme:NISCODE>
<fme:Status>0</fme:Status>
<fme:Shape_Leng>390.081379739</fme:Shape_Leng>
<fme:Shape_Area>5524.04642368</fme:Shape_Area>
<fme:Aangemaakt_op>22/06/2016</fme:Aangemaakt_op>
</fme:Bedrijventerreinen-Brugge>
<fme:Bedrijventerreinen-Brugge>
<fme:OBJECTID>1639</fme:OBJECTID>
<fme:TERREIN>Handelsdok</fme:TERREIN>
<fme:GEMEENTE>Brugge</fme:GEMEENTE>
<fme:REVISIE>20061011</fme:REVISIE>
<fme:TerID>310195</fme:TerID>
<fme:NISCODE>31005</fme:NISCODE>
<fme:Status>0</fme:Status>
<fme:Shape_Leng>13933.9939163</fme:Shape_Leng>
<fme:Shape_Area>585316.562084</fme:Shape_Area>
<fme:Aangemaakt_op>22/06/2016</fme:Aangemaakt_op>
</fme:Bedrijventerreinen-Brugge>
<fme:Bedrijventerreinen-Brugge>
<fme:OBJECTID>1640</fme:OBJECTID>
<fme:TERREIN>Boeverbos 2/4</fme:TERREIN>
<fme:GEMEENTE>Brugge</fme:GEMEENTE>
<fme:REVISIE>20080618</fme:REVISIE>
<fme:TerID>311003</fme:TerID>
<fme:NISCODE>31005</fme:NISCODE>
<fme:Status>0</fme:Status>
<fme:Shape_Leng>467.345963596</fme:Shape_Leng>
<fme:Shape_Area>8390.03841404</fme:Shape_Area>
<fme:Aangemaakt_op>22/06/2016</fme:Aangemaakt_op>
</fme:Bedrijventerreinen-Brugge>
<fme:Bedrijventerreinen-Brugge>
<fme:OBJECTID>1641</fme:OBJECTID>
<fme:TERREIN>Boeverbos 1/4</fme:TERREIN>
<fme:GEMEENTE>Brugge</fme:GEMEENTE>
<fme:REVISIE>20080618</fme:REVISIE>
<fme:TerID>311002</fme:TerID>
<fme:NISCODE>31005</fme:NISCODE>
<fme:Status>0</fme:Status>
<fme:Shape_Leng>236.437265917</fme:Shape_Leng>
<fme:Shape_Area>2562.2058628</fme:Shape_Area>
<fme:Aangemaakt_op>22/06/2016</fme:Aangemaakt_op>
</fme:Bedrijventerreinen-Brugge>
<fme:Bedrijventerreinen-Brugge>
<fme:OBJECTID>1642</fme:OBJECTID>
<fme:TERREIN>Boeverbos 3/4</fme:TERREIN>
<fme:GEMEENTE>Brugge</fme:GEMEENTE>
<fme:REVISIE>20080618</fme:REVISIE>
<fme:TerID>311004</fme:TerID>
<fme:NISCODE>31005</fme:NISCODE>
<fme:Status>0</fme:Status>
<fme:Shape_Leng>286.06032504</fme:Shape_Leng>
<fme:Shape_Area>3764.23686864</fme:Shape_Area>
<fme:Aangemaakt_op>22/06/2016</fme:Aangemaakt_op>
</fme:Bedrijventerreinen-Brugge>
<fme:Bedrijventerreinen-Brugge>
<fme:OBJECTID>1653</fme:OBJECTID>
<fme:TERREIN>Koolkerksesteenweg 1/4</fme:TERREIN>
<fme:GEMEENTE>Brugge</fme:GEMEENTE>
<fme:REVISIE>20070313</fme:REVISIE>
<fme:TerID>311083</fme:TerID>
<fme:NISCODE>31005</fme:NISCODE>
<fme:Status>0</fme:Status>
<fme:Shape_Leng>189.046194857</fme:Shape_Leng>
<fme:Shape_Area>2195.61901105</fme:Shape_Area>
<fme:Aangemaakt_op>22/06/2016</fme:Aangemaakt_op>
</fme:Bedrijventerreinen-Brugge>
<fme:Bedrijventerreinen-Brugge>
<fme:OBJECTID>1654</fme:OBJECTID>
<fme:TERREIN>Koolkerksesteenweg 2/4</fme:TERREIN>
<fme:GEMEENTE>Brugge</fme:GEMEENTE>
<fme:REVISIE>20070313</fme:REVISIE>
<fme:TerID>311084</fme:TerID>
<fme:NISCODE>31005</fme:NISCODE>
<fme:Status>0</fme:Status>
<fme:Shape_Leng>130.046190584</fme:Shape_Leng>
<fme:Shape_Area>1003.02572512</fme:Shape_Area>
<fme:Aangemaakt_op>22/06/2016</fme:Aangemaakt_op>
</fme:Bedrijventerreinen-Brugge>
<fme:Bedrijventerreinen-Brugge>
<fme:OBJECTID>1655</fme:OBJECTID>
<fme:TERREIN>Koolkerksesteenweg 3/4</fme:TERREIN>
<fme:GEMEENTE>Brugge</fme:GEMEENTE>
<fme:REVISIE>20070313</fme:REVISIE>
<fme:TerID>311085</fme:TerID>
<fme:NISCODE>31005</fme:NISCODE>
<fme:Status>0</fme:Status>
<fme:Shape_Leng>122.957436105</fme:Shape_Leng>
<fme:Shape_Area>601.26983036</fme:Shape_Area>
<fme:Aangemaakt_op>22/06/2016</fme:Aangemaakt_op>
</fme:Bedrijventerreinen-Brugge>
<fme:Bedrijventerreinen-Brugge>
<fme:OBJECTID>1656</fme:OBJECTID>
<fme:TERREIN>Koolkerksesteenweg 4/4</fme:TERREIN>
<fme:GEMEENTE>Brugge</fme:GEMEENTE>
<fme:REVISIE>20070313</fme:REVISIE>
<fme:TerID>311086</fme:TerID>
<fme:NISCODE>31005</fme:NISCODE>
<fme:Status>0</fme:Status>
<fme:Shape_Leng>94.5144964437</fme:Shape_Leng>
<fme:Shape_Area>507.41067652</fme:Shape_Area>
<fme:Aangemaakt_op>22/06/2016</fme:Aangemaakt_op>
</fme:Bedrijventerreinen-Brugge>
<fme:Bedrijventerreinen-Brugge>
<fme:OBJECTID>1692</fme:OBJECTID>
<fme:TERREIN>Blauwe Toren</fme:TERREIN>
<fme:GEMEENTE>Brugge</fme:GEMEENTE>
<fme:REVISIE>20071128</fme:REVISIE>
<fme:TerID>310057</fme:TerID>
<fme:NISCODE>31005</fme:NISCODE>
<fme:Status>0</fme:Status>
<fme:Shape_Leng>4066.74789321</fme:Shape_Leng>
<fme:Shape_Area>897257.916473</fme:Shape_Area>
<fme:Aangemaakt_op>22/06/2016</fme:Aangemaakt_op>
</fme:Bedrijventerreinen-Brugge>
</fme:Bedrijventerreinen-Brugge-table>
</fme:xml-tables>