<?xml version="1.0" encoding="UTF-8"?>
<fme:xml-tables xmlns:xsi="http://www.w3.org/2001/XMLSchema-instance" xmlns:fme="http://www.safe.com/xml/xmltables" xsi:schemaLocation="http://www.safe.com/xml/xmltables geslachtpersector.xsd">
<fme:geslachtpersector-table>
<fme:geslachtpersector>
<fme:Sectornaam>ABDIJ ZEVENKERKE</fme:Sectornaam>
<fme:Man>43</fme:Man>
<fme:Vrouw>12</fme:Vrouw>
<fme:Aangemaakt_op>22/11/2017</fme:Aangemaakt_op>
</fme:geslachtpersector>
<fme:geslachtpersector>
<fme:Sectornaam>ACHTERHAVEN</fme:Sectornaam>
<fme:Man>6</fme:Man>
<fme:Vrouw>7</fme:Vrouw>
<fme:Aangemaakt_op>22/11/2017</fme:Aangemaakt_op>
</fme:geslachtpersector>
<fme:geslachtpersector>
<fme:Sectornaam>ASSEBROEKSE MEERSEN</fme:Sectornaam>
<fme:Man>45</fme:Man>
<fme:Vrouw>44</fme:Vrouw>
<fme:Aangemaakt_op>22/11/2017</fme:Aangemaakt_op>
</fme:geslachtpersector>
<fme:geslachtpersector>
<fme:Sectornaam>ASSUMPTA</fme:Sectornaam>
<fme:Man>535</fme:Man>
<fme:Vrouw>560</fme:Vrouw>
<fme:Aangemaakt_op>22/11/2017</fme:Aangemaakt_op>
</fme:geslachtpersector>
<fme:geslachtpersector>
<fme:Sectornaam>ASTRIDPARK</fme:Sectornaam>
<fme:Man>1138</fme:Man>
<fme:Vrouw>1168</fme:Vrouw>
<fme:Aangemaakt_op>22/11/2017</fme:Aangemaakt_op>
</fme:geslachtpersector>
<fme:geslachtpersector>
<fme:Sectornaam>AZ SINT-JAN</fme:Sectornaam>
<fme:Man>3</fme:Man>
<fme:Vrouw>2</fme:Vrouw>
<fme:Aangemaakt_op>22/11/2017</fme:Aangemaakt_op>
</fme:geslachtpersector>
<fme:geslachtpersector>
<fme:Sectornaam>BEGIJNHOFBUURT</fme:Sectornaam>
<fme:Man>298</fme:Man>
<fme:Vrouw>407</fme:Vrouw>
<fme:Aangemaakt_op>22/11/2017</fme:Aangemaakt_op>
</fme:geslachtpersector>
<fme:geslachtpersector>
<fme:Sectornaam>BLAUW HUIS</fme:Sectornaam>
<fme:Man>760</fme:Man>
<fme:Vrouw>834</fme:Vrouw>
<fme:Aangemaakt_op>22/11/2017</fme:Aangemaakt_op>
</fme:geslachtpersector>
<fme:geslachtpersector>
<fme:Sectornaam>BLAUWE TOREN</fme:Sectornaam>
<fme:Man>98</fme:Man>
<fme:Vrouw>93</fme:Vrouw>
<fme:Aangemaakt_op>22/11/2017</fme:Aangemaakt_op>
</fme:geslachtpersector>
<fme:geslachtpersector>
<fme:Sectornaam>BLOEDPUT</fme:Sectornaam>
<fme:Man>629</fme:Man>
<fme:Vrouw>712</fme:Vrouw>
<fme:Aangemaakt_op>22/11/2017</fme:Aangemaakt_op>
</fme:geslachtpersector>
<fme:geslachtpersector>
<fme:Sectornaam>BOMMELBEEK</fme:Sectornaam>
<fme:Man>468</fme:Man>
<fme:Vrouw>463</fme:Vrouw>
<fme:Aangemaakt_op>22/11/2017</fme:Aangemaakt_op>
</fme:geslachtpersector>
<fme:geslachtpersector>
<fme:Sectornaam>BOUDEWIJNPARK</fme:Sectornaam>
<fme:Man>198</fme:Man>
<fme:Vrouw>322</fme:Vrouw>
<fme:Aangemaakt_op>22/11/2017</fme:Aangemaakt_op>
</fme:geslachtpersector>
<fme:geslachtpersector>
<fme:Sectornaam>BRAAMBEIERHOEK</fme:Sectornaam>
<fme:Man>4</fme:Man>
<fme:Vrouw>1</fme:Vrouw>
<fme:Aangemaakt_op>22/11/2017</fme:Aangemaakt_op>
</fme:geslachtpersector>
<fme:geslachtpersector>
<fme:Sectornaam>BRUGEOISE</fme:Sectornaam>
<fme:Man>67</fme:Man>
<fme:Vrouw>72</fme:Vrouw>
<fme:Aangemaakt_op>22/11/2017</fme:Aangemaakt_op>
</fme:geslachtpersector>
<fme:geslachtpersector>
<fme:Sectornaam>BRUGGE-CENTRUM - BELFORT</fme:Sectornaam>
<fme:Man>605</fme:Man>
<fme:Vrouw>471</fme:Vrouw>
<fme:Aangemaakt_op>22/11/2017</fme:Aangemaakt_op>
</fme:geslachtpersector>
<fme:geslachtpersector>
<fme:Sectornaam>BRUGSE KERKHOF</fme:Sectornaam>
<fme:Man>346</fme:Man>
<fme:Vrouw>353</fme:Vrouw>
<fme:Aangemaakt_op>22/11/2017</fme:Aangemaakt_op>
</fme:geslachtpersector>
<fme:geslachtpersector>
<fme:Sectornaam>BUITENHAVEN</fme:Sectornaam>
<fme:Man>4</fme:Man>
<fme:Aangemaakt_op>22/11/2017</fme:Aangemaakt_op>
</fme:geslachtpersector>
<fme:geslachtpersector>
<fme:Sectornaam>CANADABRUG</fme:Sectornaam>
<fme:Man>551</fme:Man>
<fme:Vrouw>603</fme:Vrouw>
<fme:Aangemaakt_op>22/11/2017</fme:Aangemaakt_op>
</fme:geslachtpersector>
<fme:geslachtpersector>
<fme:Sectornaam>DAMPOORT</fme:Sectornaam>
<fme:Man>384</fme:Man>
<fme:Vrouw>409</fme:Vrouw>
<fme:Aangemaakt_op>22/11/2017</fme:Aangemaakt_op>
</fme:geslachtpersector>
<fme:geslachtpersector>
<fme:Sectornaam>DAVERLOO</fme:Sectornaam>
<fme:Man>163</fme:Man>
<fme:Vrouw>209</fme:Vrouw>
<fme:Aangemaakt_op>22/11/2017</fme:Aangemaakt_op>
</fme:geslachtpersector>
<fme:geslachtpersector>
<fme:Sectornaam>DE GALGE</fme:Sectornaam>
<fme:Man>210</fme:Man>
<fme:Vrouw>211</fme:Vrouw>
<fme:Aangemaakt_op>22/11/2017</fme:Aangemaakt_op>
</fme:geslachtpersector>
<fme:geslachtpersector>
<fme:Sectornaam>DE LINDE</fme:Sectornaam>
<fme:Man>725</fme:Man>
<fme:Vrouw>732</fme:Vrouw>
<fme:Aangemaakt_op>22/11/2017</fme:Aangemaakt_op>
</fme:geslachtpersector>
<fme:geslachtpersector>
<fme:Sectornaam>DE MOTE</fme:Sectornaam>
<fme:Man>423</fme:Man>
<fme:Vrouw>541</fme:Vrouw>
<fme:Aangemaakt_op>22/11/2017</fme:Aangemaakt_op>
</fme:geslachtpersector>
<fme:geslachtpersector>
<fme:Sectornaam>DEN BROUCK</fme:Sectornaam>
<fme:Man>109</fme:Man>
<fme:Vrouw>98</fme:Vrouw>
<fme:Aangemaakt_op>22/11/2017</fme:Aangemaakt_op>
</fme:geslachtpersector>
<fme:geslachtpersector>
<fme:Sectornaam>DOKKEN</fme:Sectornaam>
<fme:Man>235</fme:Man>
<fme:Vrouw>182</fme:Vrouw>
<fme:Aangemaakt_op>22/11/2017</fme:Aangemaakt_op>
</fme:geslachtpersector>
<fme:geslachtpersector>
<fme:Sectornaam>DRIEHOEK</fme:Sectornaam>
<fme:Man>562</fme:Man>
<fme:Vrouw>649</fme:Vrouw>
<fme:Aangemaakt_op>22/11/2017</fme:Aangemaakt_op>
</fme:geslachtpersector>
<fme:geslachtpersector>
<fme:Sectornaam>DUDZEDE-VERSPR. BEWONING-ZUID</fme:Sectornaam>
<fme:Man>472</fme:Man>
<fme:Vrouw>477</fme:Vrouw>
<fme:Aangemaakt_op>22/11/2017</fme:Aangemaakt_op>
</fme:geslachtpersector>
<fme:geslachtpersector>
<fme:Sectornaam>DUDZELE-CENTRUM</fme:Sectornaam>
<fme:Man>336</fme:Man>
<fme:Vrouw>327</fme:Vrouw>
<fme:Aangemaakt_op>22/11/2017</fme:Aangemaakt_op>
</fme:geslachtpersector>
<fme:geslachtpersector>
<fme:Sectornaam>DUIVENSLAG</fme:Sectornaam>
<fme:Man>300</fme:Man>
<fme:Vrouw>300</fme:Vrouw>
<fme:Aangemaakt_op>22/11/2017</fme:Aangemaakt_op>
</fme:geslachtpersector>
<fme:geslachtpersector>
<fme:Sectornaam>ENGELENDALELAAN</fme:Sectornaam>
<fme:Man>245</fme:Man>
<fme:Vrouw>231</fme:Vrouw>
<fme:Aangemaakt_op>22/11/2017</fme:Aangemaakt_op>
</fme:geslachtpersector>
<fme:geslachtpersector>
<fme:Sectornaam>FORT LAPIN</fme:Sectornaam>
<fme:Man>331</fme:Man>
<fme:Vrouw>340</fme:Vrouw>
<fme:Aangemaakt_op>22/11/2017</fme:Aangemaakt_op>
</fme:geslachtpersector>
<fme:geslachtpersector>
<fme:Sectornaam>FORTUINSTRAAT</fme:Sectornaam>
<fme:Man>473</fme:Man>
<fme:Vrouw>478</fme:Vrouw>
<fme:Aangemaakt_op>22/11/2017</fme:Aangemaakt_op>
</fme:geslachtpersector>
<fme:geslachtpersector>
<fme:Sectornaam>GENTWEG</fme:Sectornaam>
<fme:Man>1020</fme:Man>
<fme:Vrouw>1050</fme:Vrouw>
<fme:Aangemaakt_op>22/11/2017</fme:Aangemaakt_op>
</fme:geslachtpersector>
<fme:geslachtpersector>
<fme:Sectornaam>GEZELLEKWARTIER</fme:Sectornaam>
<fme:Man>1036</fme:Man>
<fme:Vrouw>1021</fme:Vrouw>
<fme:Aangemaakt_op>22/11/2017</fme:Aangemaakt_op>
</fme:geslachtpersector>
<fme:geslachtpersector>
<fme:Sectornaam>GODELIEVE - KERK</fme:Sectornaam>
<fme:Man>483</fme:Man>
<fme:Vrouw>493</fme:Vrouw>
<fme:Aangemaakt_op>22/11/2017</fme:Aangemaakt_op>
</fme:geslachtpersector>
<fme:geslachtpersector>
<fme:Sectornaam>INDUSTRIEPARK</fme:Sectornaam>
<fme:Man>119</fme:Man>
<fme:Vrouw>94</fme:Vrouw>
<fme:Aangemaakt_op>22/11/2017</fme:Aangemaakt_op>
</fme:geslachtpersector>
<fme:geslachtpersector>
<fme:Sectornaam>KAAS EN BROOD - DOORNHAAG</fme:Sectornaam>
<fme:Man>836</fme:Man>
<fme:Vrouw>812</fme:Vrouw>
<fme:Aangemaakt_op>22/11/2017</fme:Aangemaakt_op>
</fme:geslachtpersector>
<fme:geslachtpersector>
<fme:Sectornaam>KAPELLEWEG</fme:Sectornaam>
<fme:Man>110</fme:Man>
<fme:Vrouw>111</fme:Vrouw>
<fme:Aangemaakt_op>22/11/2017</fme:Aangemaakt_op>
</fme:geslachtpersector>
<fme:geslachtpersector>
<fme:Sectornaam>KARTUIZERSWIJK</fme:Sectornaam>
<fme:Man>857</fme:Man>
<fme:Vrouw>907</fme:Vrouw>
<fme:Aangemaakt_op>22/11/2017</fme:Aangemaakt_op>
</fme:geslachtpersector>
<fme:geslachtpersector>
<fme:Sectornaam>KOOLKERKE-CENTRUM</fme:Sectornaam>
<fme:Man>236</fme:Man>
<fme:Vrouw>236</fme:Vrouw>
<fme:Aangemaakt_op>22/11/2017</fme:Aangemaakt_op>
</fme:geslachtpersector>
<fme:geslachtpersector>
<fme:Sectornaam>KOOLKERKE-VERSPREIDE BEWONING</fme:Sectornaam>
<fme:Man>300</fme:Man>
<fme:Vrouw>299</fme:Vrouw>
<fme:Aangemaakt_op>22/11/2017</fme:Aangemaakt_op>
</fme:geslachtpersector>
<fme:geslachtpersector>
<fme:Sectornaam>KOOLKERKE-ZUID-OOST</fme:Sectornaam>
<fme:Man>725</fme:Man>
<fme:Vrouw>753</fme:Vrouw>
<fme:Aangemaakt_op>22/11/2017</fme:Aangemaakt_op>
</fme:geslachtpersector>
<fme:geslachtpersector>
<fme:Sectornaam>KOUDE KEUKEN</fme:Sectornaam>
<fme:Man>1038</fme:Man>
<fme:Vrouw>925</fme:Vrouw>
<fme:Aangemaakt_op>22/11/2017</fme:Aangemaakt_op>
</fme:geslachtpersector>
<fme:geslachtpersector>
<fme:Sectornaam>KRISTUS-KONING</fme:Sectornaam>
<fme:Man>939</fme:Man>
<fme:Vrouw>1012</fme:Vrouw>
<fme:Aangemaakt_op>22/11/2017</fme:Aangemaakt_op>
</fme:geslachtpersector>
<fme:geslachtpersector>
<fme:Sectornaam>KRUISABELE</fme:Sectornaam>
<fme:Man>262</fme:Man>
<fme:Vrouw>294</fme:Vrouw>
<fme:Aangemaakt_op>22/11/2017</fme:Aangemaakt_op>
</fme:geslachtpersector>
<fme:geslachtpersector>
<fme:Sectornaam>LANGE VESTING</fme:Sectornaam>
<fme:Man>633</fme:Man>
<fme:Vrouw>661</fme:Vrouw>
<fme:Aangemaakt_op>22/11/2017</fme:Aangemaakt_op>
</fme:geslachtpersector>
<fme:geslachtpersector>
<fme:Sectornaam>LEOPOLDWIJK</fme:Sectornaam>
<fme:Man>742</fme:Man>
<fme:Vrouw>798</fme:Vrouw>
<fme:Aangemaakt_op>22/11/2017</fme:Aangemaakt_op>
</fme:geslachtpersector>
<fme:geslachtpersector>
<fme:Sectornaam>LISSEWEGE-CENTRUM</fme:Sectornaam>
<fme:Man>286</fme:Man>
<fme:Vrouw>316</fme:Vrouw>
<fme:Aangemaakt_op>22/11/2017</fme:Aangemaakt_op>
</fme:geslachtpersector>
<fme:geslachtpersector>
<fme:Sectornaam>LISSEWEGE-VERSPREIDE BEWONING</fme:Sectornaam>
<fme:Man>95</fme:Man>
<fme:Vrouw>100</fme:Vrouw>
<fme:Aangemaakt_op>22/11/2017</fme:Aangemaakt_op>
</fme:geslachtpersector>
<fme:geslachtpersector>
<fme:Sectornaam>LUTGARDIS</fme:Sectornaam>
<fme:Man>170</fme:Man>
<fme:Vrouw>199</fme:Vrouw>
<fme:Aangemaakt_op>22/11/2017</fme:Aangemaakt_op>
</fme:geslachtpersector>
<fme:geslachtpersector>
<fme:Sectornaam>MALEHOEK</fme:Sectornaam>
<fme:Man>1096</fme:Man>
<fme:Vrouw>1139</fme:Vrouw>
<fme:Aangemaakt_op>22/11/2017</fme:Aangemaakt_op>
</fme:geslachtpersector>
<fme:geslachtpersector>
<fme:Sectornaam>MALEHOEK-WEST</fme:Sectornaam>
<fme:Man>522</fme:Man>
<fme:Vrouw>590</fme:Vrouw>
<fme:Aangemaakt_op>22/11/2017</fme:Aangemaakt_op>
</fme:geslachtpersector>
<fme:geslachtpersector>
<fme:Sectornaam>MALEVELD - DOOLHOF</fme:Sectornaam>
<fme:Man>57</fme:Man>
<fme:Vrouw>53</fme:Vrouw>
<fme:Aangemaakt_op>22/11/2017</fme:Aangemaakt_op>
</fme:geslachtpersector>
<fme:geslachtpersector>
<fme:Sectornaam>MANITOBALAAN</fme:Sectornaam>
<fme:Man>200</fme:Man>
<fme:Vrouw>229</fme:Vrouw>
<fme:Aangemaakt_op>22/11/2017</fme:Aangemaakt_op>
</fme:geslachtpersector>
<fme:geslachtpersector>
<fme:Sectornaam>MEERSENSTRAAT</fme:Sectornaam>
<fme:Man>741</fme:Man>
<fme:Vrouw>770</fme:Vrouw>
<fme:Aangemaakt_op>22/11/2017</fme:Aangemaakt_op>
</fme:geslachtpersector>
<fme:geslachtpersector>
<fme:Sectornaam>MIL.DOM.-ZEEBRUGGE-HAVENGEBIED</fme:Sectornaam>
<fme:Vrouw>1</fme:Vrouw>
<fme:Aangemaakt_op>22/11/2017</fme:Aangemaakt_op>
</fme:geslachtpersector>
<fme:geslachtpersector>
<fme:Sectornaam>MOLENDORP</fme:Sectornaam>
<fme:Man>428</fme:Man>
<fme:Vrouw>484</fme:Vrouw>
<fme:Aangemaakt_op>22/11/2017</fme:Aangemaakt_op>
</fme:geslachtpersector>
<fme:geslachtpersector>
<fme:Sectornaam>NOORDVELD KASTEEL</fme:Sectornaam>
<fme:Man>797</fme:Man>
<fme:Vrouw>795</fme:Vrouw>
<fme:Aangemaakt_op>22/11/2017</fme:Aangemaakt_op>
</fme:geslachtpersector>
<fme:geslachtpersector>
<fme:Sectornaam>NOORDVELDE</fme:Sectornaam>
<fme:Man>198</fme:Man>
<fme:Vrouw>204</fme:Vrouw>
<fme:Aangemaakt_op>22/11/2017</fme:Aangemaakt_op>
</fme:geslachtpersector>
<fme:geslachtpersector>
<fme:Sectornaam>NOORWEGSE KAAI</fme:Sectornaam>
<fme:Man>520</fme:Man>
<fme:Vrouw>621</fme:Vrouw>
<fme:Aangemaakt_op>22/11/2017</fme:Aangemaakt_op>
</fme:geslachtpersector>
<fme:geslachtpersector>
<fme:Sectornaam>OLYMPIAPARK</fme:Sectornaam>
<fme:Man>117</fme:Man>
<fme:Vrouw>125</fme:Vrouw>
<fme:Aangemaakt_op>22/11/2017</fme:Aangemaakt_op>
</fme:geslachtpersector>
<fme:geslachtpersector>
<fme:Sectornaam>OPPERHOF</fme:Sectornaam>
<fme:Man>469</fme:Man>
<fme:Vrouw>435</fme:Vrouw>
<fme:Aangemaakt_op>22/11/2017</fme:Aangemaakt_op>
</fme:geslachtpersector>
<fme:geslachtpersector>
<fme:Sectornaam>PASTORIESTRAAT</fme:Sectornaam>
<fme:Man>307</fme:Man>
<fme:Vrouw>315</fme:Vrouw>
<fme:Aangemaakt_op>22/11/2017</fme:Aangemaakt_op>
</fme:geslachtpersector>
<fme:geslachtpersector>
<fme:Sectornaam>POLDERHOEK</fme:Sectornaam>
<fme:Man>232</fme:Man>
<fme:Vrouw>229</fme:Vrouw>
<fme:Aangemaakt_op>22/11/2017</fme:Aangemaakt_op>
</fme:geslachtpersector>
<fme:geslachtpersector>
<fme:Sectornaam>PUTTERIE</fme:Sectornaam>
<fme:Man>292</fme:Man>
<fme:Vrouw>348</fme:Vrouw>
<fme:Aangemaakt_op>22/11/2017</fme:Aangemaakt_op>
</fme:geslachtpersector>
<fme:geslachtpersector>
<fme:Sectornaam>RIJKSSPORTCENTRUM</fme:Sectornaam>
<fme:Man>529</fme:Man>
<fme:Vrouw>575</fme:Vrouw>
<fme:Aangemaakt_op>22/11/2017</fme:Aangemaakt_op>
</fme:geslachtpersector>
<fme:geslachtpersector>
<fme:Sectornaam>ROMBAUTS - WIJK</fme:Sectornaam>
<fme:Man>363</fme:Man>
<fme:Vrouw>343</fme:Vrouw>
<fme:Aangemaakt_op>22/11/2017</fme:Aangemaakt_op>
</fme:geslachtpersector>
<fme:geslachtpersector>
<fme:Sectornaam>RUBENSLAAN</fme:Sectornaam>
<fme:Man>327</fme:Man>
<fme:Vrouw>368</fme:Vrouw>
<fme:Aangemaakt_op>22/11/2017</fme:Aangemaakt_op>
</fme:geslachtpersector>
<fme:geslachtpersector>
<fme:Sectornaam>SANDERSKWARTIER</fme:Sectornaam>
<fme:Man>505</fme:Man>
<fme:Vrouw>580</fme:Vrouw>
<fme:Aangemaakt_op>22/11/2017</fme:Aangemaakt_op>
</fme:geslachtpersector>
<fme:geslachtpersector>
<fme:Sectornaam>SCHAAPSKLAUW</fme:Sectornaam>
<fme:Man>344</fme:Man>
<fme:Vrouw>357</fme:Vrouw>
<fme:Aangemaakt_op>22/11/2017</fme:Aangemaakt_op>
</fme:geslachtpersector>
<fme:geslachtpersector>
<fme:Sectornaam>SINT-ANDRIES - CENTRUM</fme:Sectornaam>
<fme:Man>1128</fme:Man>
<fme:Vrouw>1228</fme:Vrouw>
<fme:Aangemaakt_op>22/11/2017</fme:Aangemaakt_op>
</fme:geslachtpersector>
<fme:geslachtpersector>
<fme:Sectornaam>SINT-ANNA IN DE WOESTIJN</fme:Sectornaam>
<fme:Man>113</fme:Man>
<fme:Vrouw>111</fme:Vrouw>
<fme:Aangemaakt_op>22/11/2017</fme:Aangemaakt_op>
</fme:geslachtpersector>
<fme:geslachtpersector>
<fme:Sectornaam>SINT-BAAFS</fme:Sectornaam>
<fme:Man>1850</fme:Man>
<fme:Vrouw>1975</fme:Vrouw>
<fme:Aangemaakt_op>22/11/2017</fme:Aangemaakt_op>
</fme:geslachtpersector>
<fme:geslachtpersector>
<fme:Sectornaam>SINT-GILLIS</fme:Sectornaam>
<fme:Man>1187</fme:Man>
<fme:Vrouw>1179</fme:Vrouw>
<fme:Aangemaakt_op>22/11/2017</fme:Aangemaakt_op>
</fme:geslachtpersector>
<fme:geslachtpersector>
<fme:Sectornaam>SINT-JOZEF</fme:Sectornaam>
<fme:Man>871</fme:Man>
<fme:Vrouw>948</fme:Vrouw>
<fme:Aangemaakt_op>22/11/2017</fme:Aangemaakt_op>
</fme:geslachtpersector>
<fme:geslachtpersector>
<fme:Sectornaam>SINT-JOZEF KLINIEK</fme:Sectornaam>
<fme:Man>902</fme:Man>
<fme:Vrouw>1065</fme:Vrouw>
<fme:Aangemaakt_op>22/11/2017</fme:Aangemaakt_op>
</fme:geslachtpersector>
<fme:geslachtpersector>
<fme:Sectornaam>SINT-KATARINA - KATELIJNEPOORT</fme:Sectornaam>
<fme:Man>1088</fme:Man>
<fme:Vrouw>1301</fme:Vrouw>
<fme:Aangemaakt_op>22/11/2017</fme:Aangemaakt_op>
</fme:geslachtpersector>
<fme:geslachtpersector>
<fme:Sectornaam>SINT-KRUIS - CENTRUM</fme:Sectornaam>
<fme:Man>1034</fme:Man>
<fme:Vrouw>1098</fme:Vrouw>
<fme:Aangemaakt_op>22/11/2017</fme:Aangemaakt_op>
</fme:geslachtpersector>
<fme:geslachtpersector>
<fme:Sectornaam>SINT-KRUIS - KRUISPORT</fme:Sectornaam>
<fme:Man>1017</fme:Man>
<fme:Vrouw>1062</fme:Vrouw>
<fme:Aangemaakt_op>22/11/2017</fme:Aangemaakt_op>
</fme:geslachtpersector>
<fme:geslachtpersector>
<fme:Sectornaam>SINT-MICHIELS-CENTRUM</fme:Sectornaam>
<fme:Man>626</fme:Man>
<fme:Vrouw>684</fme:Vrouw>
<fme:Aangemaakt_op>22/11/2017</fme:Aangemaakt_op>
</fme:geslachtpersector>
<fme:geslachtpersector>
<fme:Sectornaam>SINT-PIETERS - MOLEN</fme:Sectornaam>
<fme:Man>591</fme:Man>
<fme:Vrouw>848</fme:Vrouw>
<fme:Aangemaakt_op>22/11/2017</fme:Aangemaakt_op>
</fme:geslachtpersector>
<fme:geslachtpersector>
<fme:Sectornaam>SINT-PIETERS - WIJNENBERG</fme:Sectornaam>
<fme:Man>921</fme:Man>
<fme:Vrouw>1003</fme:Vrouw>
<fme:Aangemaakt_op>22/11/2017</fme:Aangemaakt_op>
</fme:geslachtpersector>
<fme:geslachtpersector>
<fme:Sectornaam>SINT-PIETERS - ZEVENEKE</fme:Sectornaam>
<fme:Man>787</fme:Man>
<fme:Vrouw>910</fme:Vrouw>
<fme:Aangemaakt_op>22/11/2017</fme:Aangemaakt_op>
</fme:geslachtpersector>
<fme:geslachtpersector>
<fme:Sectornaam>SINT-SALVATOR</fme:Sectornaam>
<fme:Man>491</fme:Man>
<fme:Vrouw>590</fme:Vrouw>
<fme:Aangemaakt_op>22/11/2017</fme:Aangemaakt_op>
</fme:geslachtpersector>
<fme:geslachtpersector>
<fme:Sectornaam>SINT-WALBURGA</fme:Sectornaam>
<fme:Man>469</fme:Man>
<fme:Vrouw>456</fme:Vrouw>
<fme:Aangemaakt_op>22/11/2017</fme:Aangemaakt_op>
</fme:geslachtpersector>
<fme:geslachtpersector>
<fme:Sectornaam>SMEDENPOORT</fme:Sectornaam>
<fme:Man>827</fme:Man>
<fme:Vrouw>859</fme:Vrouw>
<fme:Aangemaakt_op>22/11/2017</fme:Aangemaakt_op>
</fme:geslachtpersector>
<fme:geslachtpersector>
<fme:Sectornaam>SPEIEN</fme:Sectornaam>
<fme:Man>30</fme:Man>
<fme:Vrouw>17</fme:Vrouw>
<fme:Aangemaakt_op>22/11/2017</fme:Aangemaakt_op>
</fme:geslachtpersector>
<fme:geslachtpersector>
<fme:Sectornaam>STATIESTRAAT</fme:Sectornaam>
<fme:Man>24</fme:Man>
<fme:Vrouw>17</fme:Vrouw>
<fme:Aangemaakt_op>22/11/2017</fme:Aangemaakt_op>
</fme:geslachtpersector>
<fme:geslachtpersector>
<fme:Sectornaam>STEENBRUGGE</fme:Sectornaam>
<fme:Man>561</fme:Man>
<fme:Vrouw>554</fme:Vrouw>
<fme:Aangemaakt_op>22/11/2017</fme:Aangemaakt_op>
</fme:geslachtpersector>
<fme:geslachtpersector>
<fme:Sectornaam>STOKVELDEWIJK</fme:Sectornaam>
<fme:Man>1166</fme:Man>
<fme:Vrouw>1287</fme:Vrouw>
<fme:Aangemaakt_op>22/11/2017</fme:Aangemaakt_op>
</fme:geslachtpersector>
<fme:geslachtpersector>
<fme:Sectornaam>STUBBEKWARTIER</fme:Sectornaam>
<fme:Man>724</fme:Man>
<fme:Vrouw>774</fme:Vrouw>
<fme:Aangemaakt_op>22/11/2017</fme:Aangemaakt_op>
</fme:geslachtpersector>
<fme:geslachtpersector>
<fme:Sectornaam>STUIVENBERG</fme:Sectornaam>
<fme:Man>93</fme:Man>
<fme:Vrouw>82</fme:Vrouw>
<fme:Aangemaakt_op>22/11/2017</fme:Aangemaakt_op>
</fme:geslachtpersector>
<fme:geslachtpersector>
<fme:Sectornaam>'T FORTUINTJE - VELTEM</fme:Sectornaam>
<fme:Man>452</fme:Man>
<fme:Vrouw>490</fme:Vrouw>
<fme:Aangemaakt_op>22/11/2017</fme:Aangemaakt_op>
</fme:geslachtpersector>
<fme:geslachtpersector>
<fme:Sectornaam>'T LEITJE</fme:Sectornaam>
<fme:Man>492</fme:Man>
<fme:Vrouw>482</fme:Vrouw>
<fme:Aangemaakt_op>22/11/2017</fme:Aangemaakt_op>
</fme:geslachtpersector>
<fme:geslachtpersector>
<fme:Sectornaam>'T PEERDJE</fme:Sectornaam>
<fme:Man>1086</fme:Man>
<fme:Vrouw>1183</fme:Vrouw>
<fme:Aangemaakt_op>22/11/2017</fme:Aangemaakt_op>
</fme:geslachtpersector>
<fme:geslachtpersector>
<fme:Sectornaam>'T SPEELHOF</fme:Sectornaam>
<fme:Man>266</fme:Man>
<fme:Vrouw>255</fme:Vrouw>
<fme:Aangemaakt_op>22/11/2017</fme:Aangemaakt_op>
</fme:geslachtpersector>
<fme:geslachtpersector>
<fme:Sectornaam>TEN BERGE</fme:Sectornaam>
<fme:Man>20</fme:Man>
<fme:Vrouw>16</fme:Vrouw>
<fme:Aangemaakt_op>22/11/2017</fme:Aangemaakt_op>
</fme:geslachtpersector>
<fme:geslachtpersector>
<fme:Sectornaam>TER LUCHT - TER WIND</fme:Sectornaam>
<fme:Man>22</fme:Man>
<fme:Vrouw>17</fme:Vrouw>
<fme:Aangemaakt_op>22/11/2017</fme:Aangemaakt_op>
</fme:geslachtpersector>
<fme:geslachtpersector>
<fme:Sectornaam>TILLEGEM</fme:Sectornaam>
<fme:Man>263</fme:Man>
<fme:Vrouw>275</fme:Vrouw>
<fme:Aangemaakt_op>22/11/2017</fme:Aangemaakt_op>
</fme:geslachtpersector>
<fme:geslachtpersector>
<fme:Sectornaam>TIRE</fme:Sectornaam>
<fme:Man>547</fme:Man>
<fme:Vrouw>566</fme:Vrouw>
<fme:Aangemaakt_op>22/11/2017</fme:Aangemaakt_op>
</fme:geslachtpersector>
<fme:geslachtpersector>
<fme:Sectornaam>VEEMARKT</fme:Sectornaam>
<fme:Man>683</fme:Man>
<fme:Vrouw>709</fme:Vrouw>
<fme:Aangemaakt_op>22/11/2017</fme:Aangemaakt_op>
</fme:geslachtpersector>
<fme:geslachtpersector>
<fme:Sectornaam>VERRE ASSEBROEK</fme:Sectornaam>
<fme:Man>461</fme:Man>
<fme:Vrouw>477</fme:Vrouw>
<fme:Aangemaakt_op>22/11/2017</fme:Aangemaakt_op>
</fme:geslachtpersector>
<fme:geslachtpersector>
<fme:Sectornaam>VOGELZANG</fme:Sectornaam>
<fme:Man>591</fme:Man>
<fme:Vrouw>623</fme:Vrouw>
<fme:Aangemaakt_op>22/11/2017</fme:Aangemaakt_op>
</fme:geslachtpersector>
<fme:geslachtpersector>
<fme:Sectornaam>VOSSENSTEERT</fme:Sectornaam>
<fme:Man>607</fme:Man>
<fme:Vrouw>637</fme:Vrouw>
<fme:Aangemaakt_op>22/11/2017</fme:Aangemaakt_op>
</fme:geslachtpersector>
<fme:geslachtpersector>
<fme:Sectornaam>WAGGELWATER</fme:Sectornaam>
<fme:Man>39</fme:Man>
<fme:Vrouw>20</fme:Vrouw>
<fme:Aangemaakt_op>22/11/2017</fme:Aangemaakt_op>
</fme:geslachtpersector>
<fme:geslachtpersector>
<fme:Sectornaam>WATERGANG</fme:Sectornaam>
<fme:Man>313</fme:Man>
<fme:Vrouw>317</fme:Vrouw>
<fme:Aangemaakt_op>22/11/2017</fme:Aangemaakt_op>
</fme:geslachtpersector>
<fme:geslachtpersector>
<fme:Sectornaam>WEIDEBEEK</fme:Sectornaam>
<fme:Man>23</fme:Man>
<fme:Vrouw>19</fme:Vrouw>
<fme:Aangemaakt_op>22/11/2017</fme:Aangemaakt_op>
</fme:geslachtpersector>
<fme:geslachtpersector>
<fme:Sectornaam>XAVERIANEN</fme:Sectornaam>
<fme:Man>294</fme:Man>
<fme:Vrouw>330</fme:Vrouw>
<fme:Aangemaakt_op>22/11/2017</fme:Aangemaakt_op>
</fme:geslachtpersector>
<fme:geslachtpersector>
<fme:Sectornaam>ZEEBRUGGE - DE MOLE</fme:Sectornaam>
<fme:Man>492</fme:Man>
<fme:Vrouw>416</fme:Vrouw>
<fme:Aangemaakt_op>22/11/2017</fme:Aangemaakt_op>
</fme:geslachtpersector>
<fme:geslachtpersector>
<fme:Sectornaam>ZEEBRUGGE - DORP</fme:Sectornaam>
<fme:Man>914</fme:Man>
<fme:Vrouw>903</fme:Vrouw>
<fme:Aangemaakt_op>22/11/2017</fme:Aangemaakt_op>
</fme:geslachtpersector>
<fme:geslachtpersector>
<fme:Sectornaam>ZEEBRUGGE - MIJN</fme:Sectornaam>
<fme:Man>550</fme:Man>
<fme:Vrouw>472</fme:Vrouw>
<fme:Aangemaakt_op>22/11/2017</fme:Aangemaakt_op>
</fme:geslachtpersector>
<fme:geslachtpersector>
<fme:Sectornaam>ZEEBRUGGE - STATION</fme:Sectornaam>
<fme:Man>315</fme:Man>
<fme:Vrouw>290</fme:Vrouw>
<fme:Aangemaakt_op>22/11/2017</fme:Aangemaakt_op>
</fme:geslachtpersector>
<fme:geslachtpersector>
<fme:Sectornaam>ZEEBRUGGE POLDER - STROOIEN</fme:Sectornaam>
<fme:Man>1</fme:Man>
<fme:Aangemaakt_op>22/11/2017</fme:Aangemaakt_op>
</fme:geslachtpersector>
<fme:geslachtpersector>
<fme:Sectornaam>ZEELAAN</fme:Sectornaam>
<fme:Man>27</fme:Man>
<fme:Vrouw>28</fme:Vrouw>
<fme:Aangemaakt_op>22/11/2017</fme:Aangemaakt_op>
</fme:geslachtpersector>
<fme:geslachtpersector>
<fme:Sectornaam>ZEEWEGE</fme:Sectornaam>
<fme:Man>380</fme:Man>
<fme:Vrouw>364</fme:Vrouw>
<fme:Aangemaakt_op>22/11/2017</fme:Aangemaakt_op>
</fme:geslachtpersector>
<fme:geslachtpersector>
<fme:Sectornaam>ZEVEKOTE</fme:Sectornaam>
<fme:Man>1392</fme:Man>
<fme:Vrouw>1475</fme:Vrouw>
<fme:Aangemaakt_op>22/11/2017</fme:Aangemaakt_op>
</fme:geslachtpersector>
<fme:geslachtpersector>
<fme:Sectornaam>ZEVENBERGEN</fme:Sectornaam>
<fme:Man>1083</fme:Man>
<fme:Vrouw>1139</fme:Vrouw>
<fme:Aangemaakt_op>22/11/2017</fme:Aangemaakt_op>
</fme:geslachtpersector>
<fme:geslachtpersector>
<fme:Sectornaam>ZEVENTOREN</fme:Sectornaam>
<fme:Man>748</fme:Man>
<fme:Vrouw>931</fme:Vrouw>
<fme:Aangemaakt_op>22/11/2017</fme:Aangemaakt_op>
</fme:geslachtpersector>
<fme:geslachtpersector>
<fme:Sectornaam>ZWANEKERKE</fme:Sectornaam>
<fme:Man>53</fme:Man>
<fme:Vrouw>48</fme:Vrouw>
<fme:Aangemaakt_op>22/11/2017</fme:Aangemaakt_op>
</fme:geslachtpersector>
<fme:geslachtpersector>
<fme:Sectornaam>ZWANKERDAMME</fme:Sectornaam>
<fme:Man>374</fme:Man>
<fme:Vrouw>320</fme:Vrouw>
<fme:Aangemaakt_op>22/11/2017</fme:Aangemaakt_op>
</fme:geslachtpersector>
</fme:geslachtpersector-table>
</fme:xml-tables>