MEETPUNT_ID;X;Y;HERKENNINGSPUNT1;HERKENNINGSPUNT2;latWGS84;loWGS84;Aangemaakt op
1072;71050;208600;Meulestee;Sint-Trudostraat;51.1819995932626;3.23962141785807;22/06/2016
1433;69500;219500;Hoeve in vroegere Zwaanhofstr. acchterhaven;;51.2797470184251;3.21503587993141;22/06/2016
1144;69300;210600;Koning Albert I laan;Stationslaan;51.199733293753;3.21415290841103;22/06/2016
1444;68050;220000;Zeebruggelaan 900m van Canadezenstraat richting Z;;51.2840367751111;3.19414471162208;22/06/2016
1319;71950;214500;Fortbekeweg  350m van Noorweegse Kaai;;51.2351478616849;3.25122291948293;22/06/2016
1474;68050;221150;Stationstraat;spoorweg;51.2943720354471;3.19388406531108;22/06/2016
1375;70300;217000;Dudzeelse steenweg  950m noord van Kruisabelestraat;;51.2573903768602;3.22705054855636;22/06/2016
1076;73800;208950;Oude trambedding  aan brug Sint-Trudoledeken;;51.1855142927619;3.27887168371046;22/06/2016
1531;65300;224150;Kustlaan  N 34  gemeentegrens met Blankenberge;;51.3209343759339;3.15376318897601;22/06/2016
1285;73300;213500;Spijkerdreef;Spijkerwegel;51.2263417059369;3.27076069842311;22/06/2016
1490;69200;221500;"""den overzet""  hoeve 400m noord-oost";;51.2976797562775;3.21029038414514;22/06/2016
1359;72150;216000;Brugse steenweg  grens met Damme;;51.2486559577312;3.25376300165674;22/06/2016
1354;69750;216300;Ter Bollestraat einde (pijpekop);;51.2510232085264;3.2193290416449;22/06/2016
1138;66450;210600;Zandstraat;Korte Molenstraat;51.1993281693905;3.17338412914065;22/06/2016
1488;68000;221500;Pol Dhondtstraat  uiterst noorden parking;;51.2975103281508;3.19308771121933;22/06/2016
1544;65600;224250;Kustlaan  N 34;toegang hoeve de sol Blanken.;51.3218773913602;3.1580421288463;22/06/2016
1479;71000;221000;Zuidelijk kanaaldok  kade (513);;51.2934352330759;3.23620298365277;22/06/2016
1401;72500;218000;Ronselarestraat 1800m van Koolkerkse wegel r. N;;51.2666769912845;3.25834693910958;22/06/2016
1605;67650;227000;Albert II laan   Albert II dok midden kade 121;;51.3468884415038;3.18681610530229;22/06/2016
1301;71500;214000;Vaartbekeweg  hoek Vaartbekeweg  zuidelijkste punt;;51.2305927508639;3.24488856824;22/06/2016
1537;68500;223500;Lisseweegse steenw.;Lisseweegs vaartje;51.3155545837208;3.19980481756332;22/06/2016
1006;64100;207100;Oostmoerstraat (Snellegem)  grens met Brugge;;51.1675272847503;3.14059497044807;22/06/2016
1053;69600;208100;Wagenbruggelaan;Sint-Godelievelaan;51.1773055398301;3.21899762701494;22/06/2016
1104;68500;209500;Titecastraat  50m vanaf Koningin Astridlaan;;51.1897348490238;3.20295545304187;22/06/2016
1177;75400;211250;Maalse steenweg  grens met Sijsele;;51.206394782901;3.30128133324618;22/06/2016
1010;66150;206500;Torhoutse steenweg;Rolleweg (Loppem);51.1624362056278;3.17003756796756;22/06/2016
1039;69050;207650;Chartreuzeweg;Rijselstraat;51.1731853110581;3.21123475788983;22/06/2016
1103;68100;209550;Velodroomstraat;Rennersweg;51.1901266630481;3.19722323772356;22/06/2016
1599;69600;226600;Havengeul  Strekdameinde Britaniadok en L.N.G.dok;;51.3435691077724;3.21488908889342;22/06/2016
1551;69000;224000;Jozef Verschaveweg  1000m vanaf Isabellalaan;;51.3201189823662;3.20686367786968;22/06/2016
1162;67550;211100;Refugestraat  zuidoosthoek Refugestraat pijpekop;;51.2039791391025;3.18900595649812;22/06/2016
1270;76000;213400;Sijseelse steenweg Moerkerke grens met Vijvekapelle;;51.2257949563677;3.30942650867803;22/06/2016
1513;68000;222700;Wulfsberge;Lisseweegs vaartje;51.3082938764545;3.19281543163508;22/06/2016
1435;70700;219500;Westkapelse steenweg;Kasteelstraat;51.2799132603753;3.23223206936582;22/06/2016
1091;71600;209050;Sint-Lucaslaan  pijpekop aan Sint-Trudoledeken;;51.1861191008584;3.24738823118106;22/06/2016
1428;67450;219950;Patentestraat;Assestraat;51.283501699192;3.18555824955456;22/06/2016
1273;67450;213500;zijweg west Expresweg  500m zuid van Oostendse steenweg;;51.2255350078274;3.1870286188834;22/06/2016
1476;69000;221150;"Boudewijnkanaal  weg ten oosten café ""den overzet""";;51.2945062875514;3.20750261487227;22/06/2016
1294;68400;214250;Sint-Pietersmolenstraat;Blankenbergse Dijk;51.2324105449299;3.20045637366033;22/06/2016
1018;65300;207000;Diksmuidse Heerweg   400m ZW vanaf De Watermolen;;51.1668064519169;3.15777283082474;22/06/2016
1133;73550;210200;Loreinendreef;Populierendreef;51.1967161883447;3.27503385601534;22/06/2016
1077;73800;208550;Sint-Trudoledeken grens met Oedelem;;51.181919156133;3.27895559915489;22/06/2016
1193;71650;211600;Assebroeklaan;Invaliedenstraat;51.2090438915349;3.24755316027717;22/06/2016
1547;67050;224000;Karveelstraat  500m vanaf Baron de Maerelaan;;51.3198415874415;3.17889616826918;22/06/2016
1276;68650;213550;parking sportkomplex Tempelhof;;51.226153687165;3.20419351885634;22/06/2016
1552;69550;224000;Nieuwzeelandse Kaai  700m vanaf Kiwiweg;;51.3201960178772;3.21475091935911;22/06/2016
1437;71800;219500;Zwiersweg  100m van Damse steenwegrichting noord;;51.2800634502679;3.24799488825763;22/06/2016
1159;66000;211000;Legeweg  350m vanaf Grote Moerstraat richting O;;51.2028579409877;3.16685395416426;22/06/2016
1054;70150;208000;Heidelbergstraat  brug Leiselebeek;;51.1764838648999;3.22688271013997;22/06/2016
1410;71050;218500;Stapelvoorde  700m vanaf Damse steenweg;;51.2709744132411;3.2374656239802;22/06/2016
1344;70000;215750;Kruisabelestraat   aan pijpekop;;51.2461143459982;3.223030162822;22/06/2016
1496;72100;221700;Alfred Ronsestraat;bijstraat 0m;51.2998757756581;3.25181954076141;22/06/2016
1109;71050;209550;Kongostraat;Kerkhofblommestraat;51.1905372427061;3.23941491675852;22/06/2016
1528;70050;223000;Margareta van Oostenrijkstraat   kade 502 midden;;51.3112789262855;3.2221440297369;22/06/2016
1576;70500;225300;Gustave v Nieuwenhuyse -- grens Heist;;51.3320104041633;3.22809082043324;22/06/2016
1397;70650;218250;Landslag einde aan eivoordebeek;;51.2686731015947;3.23178944904412;22/06/2016
1295;68700;214000;Blankenbergse steenweg -- Sint-Pieterskerk parking;;51.2302052563735;3.20480666151245;22/06/2016
1571;68000;225000;Minister Beernaertstr;Loodswezenstraat;51.3289641366612;3.19229316086253;22/06/2016
1180;65300;211500;Grote Moerstraat;Koestraat;51.2072486336434;3.15672331424324;22/06/2016
1175;74400;211250;Margareta van Vlaanderenstraat  brug Maleleie;;51.2062647850521;3.28697447667912;22/06/2016
1161;67100;211000;Jachthoorenlaan;Hazepad;51.2030168420492;3.18259051892545;22/06/2016
1602;66000;227000;Westdam  1750m vanaf St.G 450m loodrecht op dam;;51.3466501645767;3.16313917007332;22/06/2016
1393;68650;218000;Gotevlietstraat  pijpekop noord;;51.2661469787659;3.20319418046003;22/06/2016
1596;67950;226550;Albert II laan - midden verbinding - Leopold II dam;;51.3428869369215;3.19122507658883;22/06/2016
1259;70000;213000;Komvest -- Ter Pannestraat -- Baron Ruzettepark;;51.2213998436439;3.22363713779537;22/06/2016
1502;68950;222100;"""den overzet""  hoeve 1000m noord";;51.3030364671459;3.20657262991356;22/06/2016
1316;70650;214750;Dudzeelse steenweg;Vieringstraat;51.2372170946386;3.23255634699053;22/06/2016
1539;69650;223650;Kiwiweg  Nieuwzelandkaai  kade 401-402;;51.3170645851135;3.21626351169885;22/06/2016
1365;70400;216500;Dudzeelse steenweg  400m noord van Kruisabelestraat;;51.2529101459238;3.22859325786583;22/06/2016
1538;69100;223500;Jozef Verschaveweg  1500m vanaf Isabellalaan;;51.3156391124731;3.20840856167799;22/06/2016
1267;74200;213000;Pijpeweg;Lettenburgweg;51.2219663975436;3.28374634760627;22/06/2016
1510;66600;222500;Groendijk  250m richting noord vanaf Uitkerkestraat(zuid);;51.3062961551848;3.17278823489251;22/06/2016
1250;65550;213000;Lege Moerstraat   50m voorbij grens Meetkerke;;51.2207662137778;3.15995031904185;22/06/2016
1420;70000;219000;Zwaanhofstraat  200m van Westkapelse stw;;51.2753237602173;3.22231195697897;22/06/2016
1612;66750;227700;Landhoofd kadebrug 144  Wielingedok;Caxtonweg;51.3530497014966;3.17374029958513;22/06/2016
1243;72650;212600;Bischopsdreef;Gemene Weideweg Noord;51.2181658057697;3.26164938648877;22/06/2016
1325;67700;215000;Spreeuwstraat 350m vanaf Blankenbergse dijk;;51.2390516623704;3.19026567844757;22/06/2016
1315;70000;214500;Lodewijk Coiseaukaai   Groothandelsdok-Boudewijnk;;51.2348809329638;3.2233061299593;22/06/2016
1330;70200;215000;Vieringstraat -- inrijdreef naar kasteel Ten Berge;;51.239402673911;3.22605836453109;22/06/2016
1314;69500;214500;Pathoekeweg  ingang parking Glaverbel;;51.2348114232505;3.21614751008827;22/06/2016
1631;67100;228650;Westdam  west vuurtoren;;51.3616371368637;3.17854503699175;22/06/2016
1417;69050;219000;Ter Doeststraat  600m van Stationsweg (natuurvijver);;51.2751912284189;3.20870082111364;22/06/2016
1367;71050;216500;Kruisabelestraat  250m richting N van Koolkerkse wegel;;51.2529994316481;3.23790181411451;22/06/2016
1095;73700;209250;Groenewijk  zuid-westhoek;;51.1881971702737;3.2773799105739;22/06/2016
1434;70150;219500;Vaneweg  pijpekop aan Havenrandweg-Zuid;;51.2798373695029;3.2243497745836;22/06/2016
1499;67700;222300;Zeebruggelaan;Wulfsberge;51.3046562303285;3.18860536464632;22/06/2016
1416;68150;219000;Zeelaan  van Stationsweg 750m richting Zeebrugge;;51.2750642129719;3.19580457724416;22/06/2016
1353;69200;216000;Kleine Pathoekeweg  pijpekop;;51.2482505014205;3.21151857486497;22/06/2016
1377;71250;217150;kruisabelestraat;Koolkerkewegel;51.2588693610628;3.24062389890743;22/06/2016
1376;71250;217150;Kruisabelestraat;Koolkerkewegel;51.2588693610628;3.24062389890743;22/06/2016
1336;73050;215000;Polderstraat  gemeentegrens met Damme;;51.2397896325308;3.26686448180119;22/06/2016
1195;72500;211500;Veltemweg 150m vanaf ingang Interbad richting oost;;51.2082595034424;3.2597369944654;22/06/2016
1610;70300;227100;Gasterminal  ingang parking hoofdkantoor;;51.3481590977094;3.22482302818995;22/06/2016
1023;67100;207000;Lorkendreef  (zuid-west draai) nabij E 40;;51.1670673636061;3.18350352463686;22/06/2016
1028;69650;207700;Heidelbergstraat;Rietlaan;51.1737185489168;3.21980121954256;22/06/2016
1442;67000;220000;Assestraat  450m vanaf patentestraat;;51.2838866165583;3.17909752102087;22/06/2016
1216;71050;212000;Langestraat;Peperstraat;51.2125572726818;3.2388819637309;22/06/2016
1031;65750;207550;Diksmuidse Heerweg;Zeeweg;51.1718147077961;3.16407845458698;22/06/2016
1061;65500;208750;Doornstraat;Jagersdreef;51.1825633749134;3.16022399563414;22/06/2016
1299;70600;214100;Lijsterstraat;Distelvinkstraat;51.2313687249544;3.23198265265513;22/06/2016
1584;70000;225500;Hendrik v Minderhou;luifel Sea-ro;51.3337392047002;3.22087289706827;22/06/2016
1149;71600;210500;Camiel van den Busschestraat;Voorslag;51.1991509095312;3.24707514055331;22/06/2016
1408;70100;218650;Herdersbruggestraat;Dudzeelse steenweg;51.2721910140876;3.22382261216652;22/06/2016
1112;72550;209600;Weidestraat;Oude spoorwegbedding;51.1911897694223;3.26085805072186;22/06/2016
1575;70150;225150;Hendrik v Minderhou;Gustave v Nieuwenhuysestraat;51.3306146281359;3.22310118948437;22/06/2016
1166;69500;211100;Boeveriestraat  aan plijntje bij nabij 't Zand;;51.2042541513581;3.21690221035129;22/06/2016
1398;71150;218000;Kruisabelestraat;Waterhofstedestraat;51.2664940711934;3.23900778141671;22/06/2016
1081;66500;209050;Leeuwetandstraat;Rolklaverstraat;51.1854047387835;3.17445609479674;22/06/2016
1131;72500;210000;Daverloostraat;Michel van Hammestraat;51.1947781738231;3.26005728647174;22/06/2016
1110;71550;209550;Canadaring;Antoon de Lensstraat;51.1906053455683;3.24656677801723;22/06/2016
1271;66450;213500;Speistraat   brug met Blauwe Torengeleed;;51.2253911820436;3.17271622644408;22/06/2016
1457;67250;220700;Canadzeznstraat;Parentestraat;51.2902133534977;3.18251946462824;22/06/2016
1237;69600;212500;Koningin Elisabetlaan;Veldmaarschalk Fochstraat;51.2168501964314;3.21802311905907;22/06/2016
1274;67550;213500;zijweg oost Expresweg  900m noord van kanaal Oostende;;51.2255493006519;3.18846041650132;22/06/2016
1068;69000;208550;De Rode Poort  rondpunt pijpekop zuid-west;;51.1812664001085;3.21031902567591;22/06/2016
1555;65150;224500;Kustlaan grens Blankenberge 400m recht naar zee;;51.3240576414389;3.15152885530288;22/06/2016
1266;73650;213000;Spijkerwegel;Moerkerkse steenweg;51.2218939520387;3.27587561162733;22/06/2016
1328;69100;215200;Zeveneke;Poelweg;51.2410464861481;3.21026472786379;22/06/2016
1150;72100;210550;Vooruitgangstraat;Korte Vooruitgangstraat;51.1996680804573;3.25421759918745;22/06/2016
1092;72100;209150;Oude spoorwegberm;landwegel Meersen;51.1870857896922;3.25451797007929;22/06/2016
1140;67100;210650;Koude Keukenstraat;Maurits van Compernollestraat;51.1998701675779;3.1826704914276;22/06/2016
1160;66650;211000;Pastoriestraat  250m vanaf Legeweg richting zuid;;51.2029520860871;3.17615240125413;22/06/2016
1066;68100;208600;Domeindreef;Kloppersweg;51.1815890873447;3.19743745570144;22/06/2016
1419;69750;219200;Havenrandweg-Zuid  aan Zwaanhofstraat;;51.2770859403963;3.21868611009188;22/06/2016
1211;68500;212000;Bevrijdingslaan -- Hamiltonpark -- spoorweg;;51.2122030852127;3.20239408712282;22/06/2016
1329;69600;215000;Pathoekeweg  700m van Kolvestraat richting zuid;;51.2393194246434;3.21746866145835;22/06/2016
1194;72050;211500;Fortuinstraat;Welvaertstraat;51.2081989498733;3.25329804924798;22/06/2016
1277;69000;213600;Sint-Pietersgroenstraat;Karel Ledegankstraat;51.2266524137697;3.20919187931622;22/06/2016
1518;71250;222500;Zuidelijk kanaaldok  kade 527 laadbruglandhoofd;;51.3069501658626;3.23945904649545;22/06/2016
1132;73100;210100;Loreinenstuk;Gemene Weideweg Zuid;51.1957574001209;3.2686176740851;22/06/2016
1198;74000;211500;Maalse steenweg  100m vanaf Vijversdreef rich. oost;;51.2084588042101;3.28119903537683;22/06/2016
1306;65800;214900;Oostendse steenweg  gemeentegrens met Meetkerke;;51.2378786110658;3.16308625612057;22/06/2016
1308;66700;214600;Oostendse steenweg  aan Honkaertbeek;;51.2353132434298;3.17604107479461;22/06/2016
1389;71500;217950;Waterhofstedestraat  400m van Kruisabelestraat;;51.2660922798402;3.24403253897877;22/06/2016
1040;69700;207700;Heidelbergstraat;Rietlaan;51.1737254992338;3.22051632844045;22/06/2016
1254;67550;213000;zijweg oost Expresweg  400m noord van kanaal Oostende;;51.2210552425557;3.18857411960786;22/06/2016
1013;67500;206500;Vijvers (Loppem);Reigerslaan (Loppem);51.1626304251212;3.18933518780044;22/06/2016
1438;72100;219550;Oostkerkestraat  tussen gasinstalaties;;51.2805535610858;3.25228274898704;22/06/2016
1123;68550;210000;Titecastraat;Jozef Woutersstraat;51.1942348698105;3.20355866117555;22/06/2016
1630;66900;228500;Westdam voor splitsing noord- en zuid-oost strekdam;;51.3602598108742;3.17570765837649;22/06/2016
1340;68050;215900;Blankenbergse steenweg;Monnikenwerve;51.2471893178822;3.19507302286183;22/06/2016
1221;73600;212150;Poortersstraat  pijpekop west;;51.2142476336437;3.27533881127354;22/06/2016
1089;70600;209000;Vaartdijkstraat  ter hoogte van oude brandweerkazerne;;51.185533046849;3.23309868057608;22/06/2016
1070;70050;208700;Sint-Michielslaan;Spoorwegstraat;51.1827611959759;3.22530020018615;22/06/2016
1107;70000;209500;Ten Briele  350m vanaf Ten Briele in pijpekop;;51.1899444614942;3.22440872681421;22/06/2016
1094;73350;209000;Koeiendreef;Binnenweg van Beernem²;51.1859043341346;3.27242714018196;22/06/2016
1562;68550;224500;Noordzeestraat;IJslandstraat;51.324548280628;3.20029655059229;22/06/2016
1145;69600;210500;Stationsplein  busstelplaats;;51.1988760600784;3.21846626640668;22/06/2016
1429;67600;219600;Patentestraat;Groot ter Doest;51.2803777212089;3.18778650743641;22/06/2016
1143;68550;210600;Ontmijnerslaan;Orchideënlaan;51.1996280436785;3.2034240197253;22/06/2016
1600;69600;226600;Strekdameinde tussen Britaniadok en L.N.G.dok;;51.3435691077724;3.21488908889342;22/06/2016
1568;66500;225000;Einde Zeedijk  100m terug en 200m recht naar zee;;51.3287487185118;3.17077777295098;22/06/2016
1595;67000;226500;Albert II dok  zuidelijk punt kade 124;;51.3423013164774;3.17760391451934;22/06/2016
1323;66950;215450;Blauwe Torenstraat;Spreeuwenstraat;51.2429875868689;3.17942467038436;22/06/2016
1556;65500;224500;"Kustlaan toegang hoeve ""de sol"" 250m naar zee";;51.3241090736407;3.15654887553427;22/06/2016
1115;74000;209500;Astridlaan;F. Pauwelsstraat;51.1904843793516;3.28161776593271;22/06/2016
1581;68500;225500;Graaf Jansdijk;Witte Bankstraat;51.3335289567844;3.19935331909036;22/06/2016
1124;69000;210150;Barrièrestraat;Ten Hove;51.1956467191377;3.20996213475086;22/06/2016
1526;69150;223250;Jozef Verschaveweg  einde (Pijpekop);;51.3133997551067;3.20918180190635;22/06/2016
1197;73500;211500;Maalse steenweg;Bos en Lommer;51.2083927979004;3.27404438656905;22/06/2016
1063;66500;208550;Oude Sint-Annadreef;Heideroosstraat;51.1809106244843;3.17457104873356;22/06/2016
1215;70600;212000;Jeruzalemstraat;Sint-Annakerk;51.2124955831926;3.23244245253431;22/06/2016
1481;71750;221050;Alfred Ronsestraat;Margareta van Oostenrijkstraat;51.2939870168812;3.24694273722518;22/06/2016
1501;68650;222050;Boudewijnkanaal  jaagpad west  zuidelijkste bunker;;51.3025447054843;3.20228318018107;22/06/2016
1608;69350;227250;strekdam tussen havengeul en L.N.G.dok  zuideinde;;51.3493753593435;3.21115701033917;22/06/2016
1347;71700;215500;Smallestraat  aan einde (pijpekop);;51.244101007383;3.24742656614607;22/06/2016
1511;67100;222750;Uitkerkestraat  splitsing tussenPatentestraat en Geitestraat;;51.3086146556247;3.17990042995772;22/06/2016
1102;67550;209500;Diksmuidse heerweg;Kapelweg;51.1896000884095;3.18936934040709;22/06/2016
1174;73500;211150;Zilversparrestraat  150m vanaf Engelendalelaan;;51.2052472290989;3.27411817144684;22/06/2016
1441;66550;220250;(Canadezenstraat)  --spoorweg Blankenberge;;51.2860680585549;3.17259054795216;22/06/2016
1500;68250;222100;Lisseweegs vaartje;Beukemarestraat;51.302937627479;3.19653703721261;22/06/2016
1305;73450;214000;Broekweg   gemeentegrens met Vijvekapelle;;51.2308545691028;3.27280106528798;22/06/2016
1134;74200;210000;Rijkeveldestraat -- Militair domein Oedelem NW hoek;;51.1950036817377;3.28437305905281;22/06/2016
1026;68500;207000;Stuivenbergstraat  350m vanaf Heidelbergstraat;;51.1672664171137;3.20351627871693;22/06/2016
1257;69050;213150;Sint-Pieterszuidstraat;Slachthuisstraat;51.2226160340482;3.21000824261768;22/06/2016
1203;64890;212000;Steenkaai  500m van gemeentegrens Jabbeke;;51.211682403986;3.15073909625173;22/06/2016
1618;69650;227500;Gasterminal  midden kaai 615 laadplateau;;51.3516636336727;3.215406325866;22/06/2016
1249;75950;212550;Brieversweg  gemeentegrens met Sijsele;;51.2181488193087;3.30888600679723;22/06/2016
1572;68550;225050;Werfkaai;Kielbankstraat;51.3294916631716;3.20017244063588;22/06/2016
1310;67500;214500;Expresweg  N 31  550m vanaf Oostendse stw r. N;;51.2345290884986;3.18751693695389;22/06/2016
1130;72000;210200;Olmendreef;Prins Filiplaan;51.1965090176669;3.25286178071808;22/06/2016
1222;74050;212000;Brieversweg  Peelaertplein kerk zuidzijde;;51.2129595490915;3.2818100082037;22/06/2016
1086;69000;209050;Rijselstraat;Tillegemstraat;51.1857605480471;3.21020751369756;22/06/2016
1626;69450;228500;Oostdam 1000m (noord-west) vanaf gasterminal;;51.3606221945291;3.21231154277193;22/06/2016
1009;66150;206500;Torhoutse steenweg;Rolleweg (Loppem);51.1624362056278;3.17003756796756;22/06/2016
1317;71500;214750;Brugse steenweg;Kasteeldreef;51.2373333095947;3.24472612882464;22/06/2016
1623;67700;228400;havengeul Westdam einde zuid oost splitsing (strekdam);;51.3594768858558;3.18721434053324;22/06/2016
1000;63950;206250;Woudweg naar Loppem (Snellegem)  700m van Diksmuidse Heerweg;;51.1598665044298;3.13865299445042;22/06/2016
1057;73700;208000;Beverhoutsstraat (Oostkamp) 500m ZO vanaf gem.grens;;51.1769633803566;3.27764245389533;22/06/2016
1011;66750;206500;Sysen (Loppem)  Klooster Bethanie achterkant rich.(E 40);;51.1625229209171;3.17861488227226;22/06/2016
1613;67000;227700;Wielingendok  kade 142 -- kade141;;51.3530857826149;3.1773277518929;22/06/2016
1542;71000;223500;Alfred Ronsestraat  2100m vanaf Isabellaln;;51.3159026886915;3.23565642062064;22/06/2016
1043;64650;208250;Doornstraat;Beisbroekdreef;51.1779443894108;3.14818804679951;22/06/2016
1321;73050;215000;Polderstraat  gemeentegrens met Damme;;51.2397896325308;3.26686448180119;22/06/2016
1022;66550;207250;Torhoutse steenweg;Zeeweg;51.1692347167191;3.17558297435556;22/06/2016
1038;68700;207600;Chartreuzeweg;Expresweg (west);51.1726866424879;3.20624025810002;22/06/2016
1005;66100;206000;Torhoutse steenweg 300m Z vanaf dreef Abdij Zevenkerke;;51.1579348201664;3.16943987358311;22/06/2016
1607;68750;227000;Leopold II dam  --  Oude vuurtoren;;51.3470446720663;3.20260147916686;22/06/2016
1535;67500;223500;Baron de Maerelaan  begin rechte baan naar Lissewege;;51.3154123079598;3.18546469763604;22/06/2016
1208;67150;212000;Koestraat  dreef noord aan dreef kasteel Ter Lucht;;51.2120110202971;3.18307774526062;22/06/2016
1049;67500;208100;Tillegemdreef  400m vanaf Torhoutse steenweg;;51.1770096232479;3.18897200324918;22/06/2016
1590;69000;226000;Zweedse kaai  zwaartepunt van kade 703 en 713-714;;51.338092188889;3.20641489209721;22/06/2016
1311;68150;214500;Blankenbergse Dijk  150m voorbij BLOSO ingang;;51.2346216065754;3.19682174286203;22/06/2016
1483;72500;221000;Westkapelse steenweg;Zeekanaalweg;51.2936387960405;3.25770419030194;22/06/2016
1350;67900;216300;Blankenbergse steenweg;Blauwe torenstraat (Zuienkerke);51.2507629922761;3.19283550231969;22/06/2016
1062;66450;208700;Oude Sint-Annadreef;Wilgenroosstraat;51.1822519785022;3.17382132330632;22/06/2016
1580;68000;225500;New-Yorklaan;50m van kaai 206 -- 207;51.3334579998257;3.19217955341488;22/06/2016
1246;74000;212500;Dubbel Singel  pijpekop noord;;51.2174459691654;3.28098954907956;22/06/2016
1324;67050;215100;Blauwe Torenstraat  brugje na 600m;;51.2398565062525;3.1809371304321;22/06/2016
1566;70500;224500;"Spoorweg""brug""blinker-stinker (Alfred Ronsestraat)";;51.3248206237049;3.22826701455006;22/06/2016
1447;69650;220250;Boudewijnkanaal tragelweg hoeve 500m inwaarts;;51.2865083284581;3.21701946839825;22/06/2016
1105;69000;209500;Koning Albert I laan;Koningin Astridlaan (noordhoek);51.1898051586615;3.21010713743075;22/06/2016
1065;67500;208800;Torhoutse steenweg;Witte Molenstraat;51.1833018733337;3.18881300487599;22/06/2016
1335;72900;215100;Noorweegse Kaai  gemeentegrens met Damme;;51.2406675038211;3.26469483694227;22/06/2016
1052;69000;208000;Rijselstraat  Brug Kerkebeek;;51.1763238711237;3.21044163818981;22/06/2016
1048;67000;208000;Torhoutse steenweg;Fazantendreef;51.176040134404;3.18184513471225;22/06/2016
1403;67700;218950;Patentestraat;Dullemeulen ader;51.2745506659284;3.18936785942945;22/06/2016
1564;69850;224500;Kiwiweg  600m vanaf Isabellelaan;;51.3247305642433;3.21894225753798;22/06/2016
1388;71200;217500;Kruisabelestraat  400m richting N van Koolkerkewegel;;51.2620080306695;3.23983314708779;22/06/2016
1293;67500;214000;Oostendse steenweg   landhoofd noord Expresweg;;51.2300350472144;3.18763075290299;22/06/2016
1003;65600;206250;Abdij zevekerke;ingang kloostergebouw;51.1601096992837;3.16223508144669;22/06/2016
1355;70300;216000;Kruisabelestraat;Kerselarenstraat;51.2484034518449;3.22727061665468;22/06/2016
1029;64050;207750;Doornstraat  gemeentegrens met Snellegem;;51.1733613717418;3.13972624639911;22/06/2016
1067;68650;208650;Koning Albert I laan;Tillegemstraat;51.1821163040864;3.20529191026628;22/06/2016
1473;67550;221150;Stormvogelstraat;Gruttostraat;51.2943007648915;3.18671818988593;22/06/2016
1152;73200;210500;Gemene Weideweg Zuid;Sparrestraat;51.1993658164359;3.26996395515752;22/06/2016
1615;68000;227500;Albert II dok   kaai 129 meest oostelijk punt;;51.3514310479574;3.19172496269639;22/06/2016
1585;66500;226000;Westdam 700m   300m loodrecht op dam;;51.3377352368312;3.17054640922883;22/06/2016
1461;69000;221150;"Boudewijnkanaal (jaagpad) café ""den overzet""";;51.2945062875514;3.20750261487227;22/06/2016
1413;72700;218500;Damse steenweg;Ronselarestraat;51.2711978585253;3.26110445395706;22/06/2016
1147;70500;210500;Baron Ruzettelaan;Vestingstraat;51.1990006117742;3.23134150889522;22/06/2016
1621;66850;228000;Westdam  vanaf St.-George's day-wandeling 2750m;;51.3557599721473;3.17510684191172;22/06/2016
1415;67600;219600;Patentestraat;Groot ter Doest;51.2803777212089;3.18778650743641;22/06/2016
1430;68100;219500;Zeelaan  van Stationsweg 1250m richting Zeebrugge;;51.2795499218082;3.19497473897786;22/06/2016
1135;65000;210650;Legeweg  grens met Varsenare;;51.1995650182254;3.15263058114476;22/06/2016
1346;71150;215550;Ronselarestraat;Arendstraat;51.2444756675641;3.23954126343925;22/06/2016
1577;66500;225500;Westdam 250m  500m loodrecht op dam;;51.3332425612861;3.17066208734904;22/06/2016
1233;67550;212600;Steenkaai -- zijweg oost Expresweg N 31;;51.2174602220105;3.18866506045629;22/06/2016
1075;72700;208700;Michel van Hammestraat;Binnenweg van Beernem²;51.1831216919089;3.2631939003544;22/06/2016
1165;69000;211150;Gistelse steenweg;Lange Vesting;51.2046337984045;3.20973898059047;22/06/2016
1507;72000;222000;Alfred Ronsestraat;Aziëstraat;51.3025581715464;3.25032069517795;22/06/2016
1045;65550;208050;Zeeweg  Mariagrot (Sint-Anna in de Woestijn);;51.1762796305776;3.16110195466404;22/06/2016
1173;73050;211000;Ter Heide;Paalbos;51.2038400376545;3.2677132572012;22/06/2016
1495;71800;221500;Alfred Ronsestraat  in bijstraat 350m zuid-west;;51.2980382700162;3.24756234201447;22/06/2016
1019;65300;207000;Diksmuidse Heerweg   400m ZW vanaf De Watermolen;;51.1668064519169;3.15777283082474;22/06/2016
1163;68200;211000;Zandstraat;Noordveldstraat;51.2031736478795;3.19832719016848;22/06/2016
1489;68800;221500;Boudewijnkanaal jaagpad west 300m N vanaf overzet;;51.2976235578618;3.20455614593735;22/06/2016
1368;71600;216500;Koolkerkse wegel  100m richting N van Ronselarestraat;;51.2530744037288;3.24577774447533;22/06/2016
1186;68050;211550;Kasteelhoevestraat  pijpekop oost;;51.2080948444499;3.19605632555323;22/06/2016
1540;70300;223500;Alfred Ronsestraat  kade 532 noordpunt;;51.3158063135086;3.22561799177824;22/06/2016
1083;67600;209100;Pierre Deboutstraat;Torhoutse steenweg;51.18601213912;3.19017360778869;22/06/2016
1156;64550;211100;Hogeweg (Varsenare);De Manlaan (Varsenare);51.2035431636601;3.14608702567869;22/06/2016
1287;74250;213650;Aardenburgseweg;Pijpeweg;51.22781453638;3.28432641958719;22/06/2016
1318;71500;214500;Zwanestuk   de zuid-westekijke hoek-pijpekop;;51.2350868448988;3.24478027120785;22/06/2016
1100;66500;209500;Nieuwe Sint-Annadreef;Karel Custisstraat;51.1894493191198;3.17435262028946;22/06/2016
1424;72100;219050;Zwiersweg -- Damse steenweg (deel richting zuidoost);;51.2760595424832;3.2523904277305;22/06/2016
1240;71000;212500;Buitenkruisvest  ter hoogte van Snagaardstraat;;51.2170433948025;3.23805738175907;22/06/2016
1183;66550;211500;Eikenlaan;Iepenlaan;51.2074305619991;3.17460633697232;22/06/2016
1634;68950;228500;Oostdam 1000m (noord-west) vanaf gasterminal;;51.3605520406898;3.20513542678671;22/06/2016
1604;67250;227050;Albert II plein   Albert II dok  midden kade 126;;51.3472794471902;3.18106438166332;22/06/2016
1632;67950;228700;Oostdam  oost vuurtoren;;51.362208396846;3.19073586839259;22/06/2016
1458;67600;220750;Canadzeznstraat;Stormvogelstraat;51.2907129831145;3.18752447013371;22/06/2016
1591;69500;226000;Paul Jean Claysstraat  NW hoek parking Hermeskaai;;51.3381622661134;3.21358754450918;22/06/2016
1565;70400;224500;Verb-dok -- Alfred Ronsestraat  900m vanaf Isabellal.;;51.3248068134201;3.22683214973158;22/06/2016
1427;66900;219850;Assestraat;spoorweg + grens Blankenberge;51.2825236813112;3.17769840990174;22/06/2016
1464;70600;220500;Margareta van Oostenrijkstraat zuidpunt spoorbundel;;51.2888863142955;3.23057905115866;22/06/2016
1448;70150;220050;"(""havenrandweg noord"") noordwestelijk einde";;51.2847808693021;3.22422833741675;22/06/2016
1399;71600;218000;Waterhofstedestraat  500m van Kruisabelestraat;;51.2665553839844;3.24545291926173;22/06/2016
1523;67500;223000;Koggestraat 200m van Baron de Maerelaan;;51.3109195754493;3.18557888004602;22/06/2016
1322;66350;215200;Zuienkerkestraat  grens met Zuienkerke;;51.2406545265024;3.17089210218933;22/06/2016
1281;71050;213550;Lois De Potterstraat;Leon De Fourstraat;51.2264868184846;3.238544563235;22/06/2016
1514;68600;222650;Boudewijnkanaal jaagpad--Verbindingsdok zuidpunt;;51.3079294238365;3.20143093844994;22/06/2016
1153;73600;210500;Rijkeveldestraat;Oude spoorwegbedding;51.1994188505141;3.27568619158159;22/06/2016
1033;66900;207800;Torhoutse steenweg;Valkenbosdreef;51.1742276442834;3.18046061521239;22/06/2016
1492;70000;221800;Margareta van Oostenrijkstraat  pijpekop;;51.3004872278559;3.22169250400544;22/06/2016
1247;74600;212500;Maleveld  einde bijweg hoek Maleveld;;51.217524606523;3.2895753327418;22/06/2016
1098;65850;209700;Bremlaan  pijpekop (west);;51.1911519552682;3.16500868808457;22/06/2016
1583;69500;225500;Polderweg draai  50m van talut Zeesluisstr;;51.3336695501613;3.213699066354;22/06/2016
1264;72600;213150;Spijkerwegel;Rooigem;51.2231027636936;3.26081619236025;22/06/2016
1046;66300;208150;Diksmuidse heerweg  einde bouwland begin bos;;51.1772866215346;3.17180236358853;22/06/2016
1440;73300;219650;Oostkerkestraat;Ronselarestraat;51.2816134303644;3.26945815413957;22/06/2016
1477;70250;221300;Margareta van Oostenrijk dienstgebouw spoorbundel;;51.2960279024072;3.22538627362186;22/06/2016
1482;72500;221000;Westkapelse steenweg;Zeekanaalweg;51.2936387960405;3.25770419030194;22/06/2016
1242;72050;212550;Warrenplein pijpekop (Pastorieweg);;51.2176355944238;3.25307243745451;22/06/2016
1093;73000;209200;Michel van Hammestraat;brug Sint-Trudoledeken;51.1876547911518;3.26737947609209;22/06/2016
1001;64650;206100;Diksmuidse heerweg;grens Zedelgem;51.1586216691283;3.14869293327613;22/06/2016
1361;68400;216900;Krinkelstraat (via Zeelaan) aan duiker Lisseweegs vaartje;;51.2562257853735;3.19985950324884;22/06/2016
1101;67050;209550;Doornstraat  parking Olympia zwembad;;51.1899768919265;3.18220632269275;22/06/2016
1452;72000;220350;Westkapelse steenweg 400m voorbij Zwiersweg NW;;51.2877299881746;3.25067670169729;22/06/2016
1487;67650;221500;Scharphoutstraat;Europastraat;51.2974604432534;3.18807051961765;22/06/2016
1025;68000;207000;Koning Albert I laan  450m Z vanaf Chartreuzeweg;;51.1671957080432;3.19636805720388;22/06/2016
1484;66000;221500;Polderbos  1400m vanaf Canadezenstraat;;51.2972224142385;3.1644187187814;22/06/2016
1182;66000;211500;Hogeweg  400m vanaf Pastorieweg richting oost;;51.2073508513414;3.1667382324427;22/06/2016
1168;70500;211000;Oude Gentweg;Jacobinessenstraat;51.2034947488223;3.23123197996807;22/06/2016
1574;69700;225100;Isabellalaan;Kiwiweg;51.3301025950021;3.216658333277;22/06/2016
1522;67250;223000;Uitkerkestraat -- eindstraat uitkerkestr op transpoetz.;;51.310883724834;3.18199282346182;22/06/2016
1146;70000;210550;Begijnenvest;Minnewaterbrug;51.1993811168399;3.22417735933878;22/06/2016
1394;69000;218000;Pathoekeweg  300m noord van Korte Gotevlietstraat;;51.2661962237224;3.20820801541773;22/06/2016
1181;65500;211500;Koestraat  200m vanaf Grote Moerstraat;;51.2072779172018;3.15958392451958;22/06/2016
1549;68300;224000;Marcus Gerardstraat  500m vanaf Lanceloot Blonde.;;51.3200201679278;3.19682439997271;22/06/2016
1603;66500;227000;Westdam  1600m vanaf St.-George's day-wandeling;;51.3467228786368;3.17031492625818;22/06/2016
1118;66100;210000;Gistelse steenweg;Grote Moerstraat;51.1938843139151;3.1685162101054;22/06/2016
1055;70650;208300;Kortrijksestraat  gemeentegrens met Oostkamp;;51.1792487711042;3.23396688313991;22/06/2016
1129;71500;210200;Daverloostraat;Koning Boudewijnlaan;51.1964413134625;3.24571084921599;22/06/2016
1370;67550;217150;Blankenbergse steenweg  rond punt (noord) Zeelaan;;51.2583525508775;3.18762979871619;22/06/2016
1342;69100;215600;Kolvestraat;Peraltastraat;51.244641489644;3.21017540719557;22/06/2016
1141;67550;210550;Gistelse steenweg;Robrecht van Vlaanderenstraat;51.1990366753755;3.18913088674218;22/06/2016
1096;74350;209350;Astridlaan;Loweideweg;51.1891816940676;3.2866548093401;22/06/2016
1241;71600;212500;Blauwkasteelweg  bergplaats Groendienst Sint-Kruis;;51.2171251498535;3.24664301779122;22/06/2016
1304;73000;214200;Broekweg;Blauwkasteelhoek;51.2325928544666;3.26631832822717;22/06/2016
1338;67400;216000;Expresweg  begin afrit voor Blankenbergse steenw.;;51.2479956967672;3.18574289946203;22/06/2016
1512;67650;222700;Baron de Maerelaan;Geitenstraat;51.3082439802284;3.18779707779756;22/06/2016
1191;70550;211500;Kruitenberg;Zwarte Leertouwersstraat;51.2079945833322;3.23183624975121;22/06/2016
1292;67450;214000;Oostendse steenweg;zijweg west Expresweg N31;51.2300278979591;3.18691478522642;22/06/2016
1179;64650;211500;De Manlaan (Varsenare) meest noord-oost pijpekop;;51.2071529601589;3.14742405027435;22/06/2016
1402;67700;218950;Patentestraat;Dullemeulen ader;51.2745506659284;3.18936785942945;22/06/2016
1356;70500;216100;Dudzeelse steenweg;Kruisabelestraat;51.2493289288818;3.23011371430239;22/06/2016
1113;73100;209700;Molenstraat;Meersenstraat;51.1921622848782;3.26870239805215;22/06/2016
1567;66000;225000;Einde Zeedijk  350m verder en 350m recht naar zee;;51.3286760319755;3.16360478868752;22/06/2016
1126;70100;210150;Buiten Katelijnevest  busparking ingang jachthaven Flandria;;51.1957998812175;3.22569641025563;22/06/2016
1533;66700;223700;Uitkerkestraat  gemeentegrens met Blankenberge;;51.3170952433297;3.17394577977689;22/06/2016
1363;69200;216500;Pathoekeweg  850m noord vanaf as Kolvestraat;;51.2527433742926;3.21140704711692;22/06/2016
1592;70000;226000;Hendrik van Minderhoutstraat --  zeedijk;;51.3382319272439;3.2207620680474;22/06/2016
1088;70000;209150;Ten Briele  tunnel spoorweg;;51.1867989020298;3.22448582851569;22/06/2016
1617;69250;227650;Havengeul -- gasterminal strekdam Z-W midden bocht;;51.3529561833753;3.20963182224554;22/06/2016
1395;69500;218000;Lodewijk Coiseaukaai  450m van herdersbrug;;51.2662661949361;3.21536959984907;22/06/2016
1261;71150;213050;Zuidervaartje;De Tuintjes;51.2220075412691;3.24008511760134;22/06/2016
1265;73450;213250;Spijkerdreef;Aardenburgseweg;51.2241139550663;3.27295942331631;22/06/2016
1594;66700;226500;Westdam  1050m vanaf St.-George's day-wandeling;;51.3422580122209;3.17329960054314;22/06/2016
1309;67050;214500;Oostendse steenweg  100m van Blauwe Torenst NW;;51.2344646015814;3.18107446015928;22/06/2016
1251;66050;213150;Kleine Moerstraat  grens met Meetkerke;;51.2221876849935;3.16707195892577;22/06/2016
1546;66750;224000;Evendijk West  gem. grens met Blankenberge;;51.3197983297166;3.17459393088374;22/06/2016
1320;72500;214500;Nooweegse kaai  knik in Damse Vaart;;51.2352219477104;3.25909585480175;22/06/2016
1378;71500;217000;Koolkerkse wegel  600m richting N van Ronselarestraat;;51.2575548758324;3.24423852863916;22/06/2016
1366;71050;216500;Kruisabelestraat  250m richting N van Koolkerkse wegel;;51.2529994316481;3.23790181411451;22/06/2016
1598;68500;226800;Leopold II dam  50m van einde dam kade 101;;51.3452113556686;3.19905967980243;22/06/2016
1525;68550;223100;Lisseweegse steenweg  nabij verbindingsdok;;51.3119667629443;3.20061230561011;22/06/2016
1232;67450;212600;Steenkaai -- zijweg west Expresweg N 31;;51.2174459316188;3.18723351114671;22/06/2016
1396;70050;218250;Dudzeelse steenweg;Landslag;51.268590269308;3.22319433800817;22/06/2016
1125;69550;210100;Spoorwegstraat  fietspad Kerkebeek Groene Poorte;;51.195274023766;3.21783942161733;22/06/2016
1412;72000;218500;Zwiersweg   einde  (pijpekop);;51.2711036379961;3.25107560787294;22/06/2016
1627;70000;228350;Oostdam 45m (noord-west) vanaf gasterminal;;51.3593515445154;3.22024078750777;22/06/2016
1530;71250;223100;Alfred Ronsestraat;Barlenhuisstraat;51.3123419771085;3.2393282676961;22/06/2016
1282;71500;213600;Damse Vaart-zuid  350m NO van Karel van Manderstraat;;51.2269977015343;3.24497518525459;22/06/2016
1262;71500;213000;Wiedowbos  uiterst noord westelijk;;51.2216056971683;3.24510507178632;22/06/2016
1188;69000;211500;Lange Vesting   50m vanaf Sint-Jansdreef;;51.2077793266039;3.20966085488375;22/06/2016
1151;72600;210900;Vossensteert;Zuiderakker;51.2028808545899;3.26129624591381;22/06/2016
1364;69700;216700;Lodewijk Coiseaukaai;Ter Bollestraat;51.2546112466599;3.21852405101924;22/06/2016
1480;71000;221000;Zuidelijk kanaaldok  kade (513);;51.2934352330759;3.23620298365277;22/06/2016
1117;65600;210250;Zandstraat;Kraaiendreef;51.1960591069361;3.16130582321225;22/06/2016
1462;69500;220800;"""den overzet"" 650m zuid-oost";;51.291430878414;3.21474648631853;22/06/2016
1170;71500;211000;Kleinweg  (Blekerijstraat oost);;51.2036314937773;3.24553782866175;22/06/2016
1260;70650;213000;Wulpenstraat -- dampoortsluisbrug noord;;51.2214895206715;3.23293939392563;22/06/2016
1210;68000;212150;Lieven Bouwensstraat;Lieven Bouwensstraat;51.2134797231555;3.19520509074171;22/06/2016
1269;75300;213350;Maleveld  de meest noord-oostelijke pijpekop;;51.225255297227;3.29941763767457;22/06/2016
1167;70000;211000;Walplein;Zonnekemeers;51.2034257180955;3.2240781650803;22/06/2016
1371;68000;217250;Zeelaan;Krinkelstraat;51.2593145348016;3.19405111371298;22/06/2016
1060;65250;208700;Doornstraat;Zeeweg;51.1820772482737;3.15666133586981;22/06/2016
1041;70050;207950;Heidelbergstraat;t Kloosterhof;51.1760205215514;3.225465255288;22/06/2016
1218;72100;212000;Schaakstraat;Altenastraat;51.2126998391147;3.25390632599043;22/06/2016
1625;68900;228300;havengeul Oostdam einde zuid splitsing (strekdam);;51.3587481649699;3.20446242776686;22/06/2016
1557;66200;224500;Kustlaan  1250m vanaf Baron de Maerelaan naar Bla.;;51.3242113000852;3.16658894917324;22/06/2016
1443;67450;220000;Patentestraat;Assestraat;51.2839512096528;3.18554683294106;22/06/2016
1201;75600;211600;Antwerpse Heerweg   gemeentegrens met Sijsele;;51.2095661704775;3.30407205905389;22/06/2016
1332;71050;215000;Paverleutestraat  400m vanaf Dudzeelse steenweg;;51.2395195572988;3.23822870087293;22/06/2016
1362;68700;216950;Lentestraat;Sint-Pietersstraat;51.256717644243;3.20414466301255;22/06/2016
1445;68500;220050;Ter Doestdreef  350m van ter Doeststraat (bocht);;51.2845500603776;3.20058279340647;22/06/2016
1106;69600;209550;Groene Poortedreef;Karel de Wolfstraat;51.1903373162252;3.21867666608307;22/06/2016
1423;71700;219050;Damse steenweg 350m in Zwiersweg hoek met wegel;;51.2760053819385;3.24665880157212;22/06/2016
1196;73000;211500;Maalse steenweg;Vossensteert;51.2083263757292;3.26689160252218;22/06/2016
1284;73000;213700;Spijkerwegel dreef NNW pijpekop;;51.2280987364794;3.26642454325955;22/06/2016
1283;72050;213500;Gemene Weideweg Noord  450m van Damse Vaart Zuid;;51.2261743081097;3.25286821402551;22/06/2016
1374;69650;217250;Ter Bollestraat;Bouillonbeek;51.259546669794;3.21768566402679;22/06/2016
1449;70700;220100;Kasteelstraat  pijpekop aan Havenrandweg-Zuid;;51.2853051241392;3.23210052959405;22/06/2016
1278;69600;213500;Jacob van Arteveldestraat -- Nijverheidsdok;;51.2258383753235;3.21780138869944;22/06/2016
1467;72150;220500;Westkapelse steenweg 600m voorbij Zwiersweg NW;;51.2890976534896;3.25279501831508;22/06/2016
1573;69050;225000;Evendijk-Oost;Distelstraat;51.3291126325576;3.20735682390193;22/06/2016
1200;75000;211600;Antwerpse Heerweg  400m vanaf Holleweg;;51.2094885689254;3.29548587157346;22/06/2016
1431;68550;219800;Parking aan monumentale schuur Ter Doest;;51.2823095665986;3.20135592277901;22/06/2016
1230;66450;212500;Steenkaai;Kleine Moerstraat;51.2164030877287;3.1729466445605;22/06/2016
1148;71150;210550;Daverloostraat;Rubenslaan;51.199539214415;3.24062844801045;22/06/2016
1291;67150;214400;Oostendse steenweg;Blauwe Torenstraat;51.2335799280739;3.18252939765064;22/06/2016
1074;72000;208500;Oostkampse meersen;;51.1812295063918;3.25322693865715;22/06/2016
1279;70100;213550;Binnenweg  Kultuurcentrum De Entrepot;;51.2263561512758;3.22494763905793;22/06/2016
1307;66450;214700;Oostendse steenweg;Zuienkerkestraat;51.2361749989787;3.17243965498836;22/06/2016
1348;72000;215700;Brugse steenweg  200m vanaf Fortstraat richting N;;51.2459397169918;3.25167880447807;22/06/2016
1460;68500;220700;Ter Doeststraat;Pontstraat;51.2903913889058;3.20043630081825;22/06/2016
1184;67000;211500;Meiboomlaan  pijpekop aan kapel;;51.2074954020449;3.18104507068131;22/06/2016
1472;67050;221100;Patentestraat;Scharphoutstraat;51.2937795342256;3.17956196567579;22/06/2016
1078;74100;208900;Oude trambedding  grens met Oedelem;;51.1851042467552;3.28317392828401;22/06/2016
1536;68000;223600;Lisseweegse steenw.;Lanceloot Blondeelln;51.3163826638453;3.19261110987795;22/06/2016
1288;74700;213550;Moerkerkse steenweg  grens met Vijvekapelle;;51.2269743385471;3.29078889003532;22/06/2016
1044;65150;208100;Kasteel Beisbroek  parking aan sterrewacht;;51.1766694161432;3.15537104152211;22/06/2016
1550;68700;224050;Kotterstraat  einde (pijpekop);;51.3205262271147;3.20254827891738;22/06/2016
1303;72600;214100;Polderstraat;Broekweg;51.2316403137745;3.26061339091287;22/06/2016
1553;70300;224000;kade Verbindingsdok;terplaatse te bepalen;51.3203002332149;3.22550763520027;22/06/2016
1633;68500;228600;Oostdam aan splitsing weststrekdam en zuidstrekdam;;51.3613875104544;3.19865284303462;22/06/2016
1519;71700;222500;Aziëstraat;Barlenhuisstraat;51.3070114703891;3.24591163579822;22/06/2016
1008;65000;206600;Diksmuidse Heerweg   900m ZW vanaf De Watermolen;;51.1631673568131;3.15357825424585;22/06/2016
1016;69000;206500;Oostkampse Baan (Loppem);Arentsdreef (Loppem);51.162842513884;3.21077594581496;22/06/2016
1358;71600;216300;Ronselarestraat;Koolkerkse Wegel;51.2512774747548;3.24582102728419;22/06/2016
1111;72000;209500;Olmendreef;Weidestraat;51.190217874061;3.25301215905266;22/06/2016
1114;73600;209600;Pannenhuisstraat;D. Busschaertstraat;51.1913295445234;3.27587559843162;22/06/2016
1558;66500;224600;Kustlaan  950m vanaf Baron de Maerelaan naar Blan.;;51.3251538697291;3.17087029938132;22/06/2016
1225;75550;212400;Brieversweg   1100m vanaf Maleveld aan wegel;;51.2167499520598;3.30319220771836;22/06/2016
1122;68100;210000;Expresweg (westbaan);Doornstraat;51.1941712558204;3.19712172644786;22/06/2016
1609;69950;227250;Gasterminal  zuidwest (midden kadebocht);;51.3494590622925;3.2197670330026;22/06/2016
1014;68700;206700;Heidelbergstraat;spoorweg Kortrijk;51.164597369091;3.20644158969251;22/06/2016
1020;65550;207300;Diksmuidse Heerweg  fietstunnel onder E 40;;51.169539031794;3.16127625709779;22/06/2016
1392;68200;218050;Zeelaan  -- weg over de spoorweg (Stationsweg);;51.2665328612391;3.19673600483887;22/06/2016
1579;67500;225500;Engelandstraat P&O;kade 111 (midden laadbrug);51.3333866271542;3.18500765906532;22/06/2016
1400;72050;218050;Waterhofstedestraat  1000m van Kruisabelestraat;;51.2670658829989;3.25188914850591;22/06/2016
1155;74550;210700;Margereta van Vlaanderenstraat  bocht grens Oedelem;;51.2013406666686;3.28923384150716;22/06/2016
1589;68650;226050;Graaf Jansdijk  marinebasis noordelijkste punt kade;;51.33849237101;3.20138203152097;22/06/2016
1345;70500;215650;"Dudzeelse steenweg noorddreef kasteel ""Ten Berge""";;51.2452855541131;3.23021245412218;22/06/2016
1548;67500;224000;Baron de Maerelaan  Tankstation parking transportw.;;51.3199061903757;3.18535046372798;22/06/2016
1286;73800;213550;Aardenburgse weg  noordzijdegrens met Vijvekapelle;;51.2268562641882;3.27790576680102;22/06/2016
1351;68000;216000;Blankenbergse stw 100m vanaf Monnikenw. naar N;;51.2480812495089;3.19433414458097;22/06/2016
1587;67500;226000;Albert II laan  parking Nort Sea Ferries  Leopold II dam;;51.3378793163326;3.18489336634475;22/06/2016
1190;70000;211500;Steenstraat;Sint-Niklaasstraat;51.2079186821283;3.22396795432958;22/06/2016
1004;65600;206250;Abdij zevekerke;ingang kloostergebouw;51.1601096992837;3.16223508144669;22/06/2016
1561;68050;224500;Lanceloot Blondeellaan  300m vanaf spoor Venetiëst;;51.3244773805203;3.19312416829605;22/06/2016
1069;69600;208500;Sint-Michielslaan;Biezenbos;51.1809006390206;3.21890910101601;22/06/2016
1497;66550;222300;Patentestraat;Uitkerkestraat;51.3044908958253;3.17211730398662;22/06/2016
1504;70500;222000;Zuidelijk kanaaldok  kade (508);;51.3023532862505;3.22881724914018;22/06/2016
1455;66250;220750;Polderbos  spoorwegovergang Dulleweg Blankenberge;;51.2905184921697;3.16817561761274;22/06/2016
1343;69500;215500;Klovestraat  einde bocht met Pathoekeweg;;51.2437983763144;3.21592536123542;22/06/2016
1154;74550;210800;Margareta van Vlaanderenstraat;Oude spoorwegbedding  Sijsele;51.2022397360685;3.28921304646617;22/06/2016
1097;65250;209650;Gistelse steenweg;De Manlaan (Varsenare);51.1906147471974;3.15643965454796;22/06/2016
1478;70250;221300;Margareta van Oostenrijk dienstgebouw spoorbundel;;51.2960279024072;3.22538627362186;22/06/2016
1405;68600;218500;Ter Doeststraat  langs vijver spoorweg naar Brugge;;51.270633914239;3.20236518373074;22/06/2016
1521;66500;223000;Groendijk  grens met Blankenberge;;51.3107755777324;3.17124023238811;22/06/2016
1047;66850;208300;300m in dreef tussen Doornstraat en Diksmuidse steenweg;;51.1787146007366;3.17963290873536;22/06/2016
1136;65000;210650;Legeweg  grens met Varsenare;;51.1995650182254;3.15263058114476;22/06/2016
1202;64150;212450;Driegemeentengracht  Sint-Andries--Varsenare--Meetkerke;;51.215617401328;3.14004497172919;22/06/2016
1459;68000;220500;Zeebruggelaan 400m van Canadezenstraat richting Z;;51.2885224557807;3.19331455352869;22/06/2016
1381;68000;217500;Zeelaan;zijweg Zeelaan  nr 5  (Gardin);51.261562112514;3.19399446780399;22/06/2016
1326;68300;215300;Blankenbergse steenweg;Kolvestraat;51.2418328643343;3.19878948971822;22/06/2016
1369;67100;217050;Vagevuurstraat (Zuienkerke)  pijpekop;;51.2573890410875;3.18120693208823;22/06/2016
1357;71100;216250;Kruisabelestraat;Koolkerkse Wegel  (zuid);51.2507598243179;3.23867259745722;22/06/2016
1032;65750;207550;Diksmuidse Heerweg;Zeeweg;51.1718147077961;3.16407845458698;22/06/2016
1407;69650;218550;Herdersbruggestraat;Noordsterstraat;51.2712306327303;3.21739706056862;22/06/2016
1349;67400;216000;Expresweg  begin afrit voor Blankenbergse steenw.;;51.2479956967672;3.18574289946203;22/06/2016
1622;67400;228000;Wielingedok  kade 140 noord-oost hoek;;51.3558391199814;3.18300007680209;22/06/2016
1390;72200;217500;Ronselarestraat 1200m van Koolkerkse wegel r. N;;51.2621437302542;3.25415698905367;22/06/2016
1629;66900;228500;Westdam voor splitsing noord- en zuid-oost strekdam;;51.3602598108742;3.17570765837649;22/06/2016
1239;70500;212500;Oliebaan;Duinenabdijstraat;51.2169747952423;3.23090332306027;22/06/2016
1532;65650;223950;Evendijk -West  hoeve de sol;;51.3191888679137;3.15882958028558;22/06/2016
1059;64600;208500;Mariënhovedreef  grens met Varsenare;;51.1801834692677;3.14741412425255;22/06/2016
1404;68150;218500;Zeelaan  van Stationsweg 250m richting Zeebrugge;;51.2705702369253;3.19591769257278;22/06/2016
1272;66450;213500;Speistraat   brug met Blauwe Torengeleed;;51.2253911820436;3.17271622644408;22/06/2016
1516;70150;222500;Margareta van Oostenrijkstraat noordeinde + 800m;;51.3067988406287;3.22368714922379;22/06/2016
1213;69600;212000;Raamstraat;Groenestraat;51.2123572535508;3.21813392362665;22/06/2016
1137;65700;210600;Grote moerstraat  bocht tussen Legeweg en Zandstraat;;51.1992192183054;3.16265542760693;22/06/2016
1090;71150;209050;Benedictijnenstraat;Sint-Trudostraat;51.1860578917659;3.24095420076661;22/06/2016
1297;69700;214200;Krakeleweg  bochtparking op einde pijpekop;;51.2321433083252;3.21907815315695;22/06/2016
1064;67350;208550;Torhoutse steenweg;rand noord Provinciaal donein Tillegem;51.181032790469;3.18672415678464;22/06/2016
1384;69000;217700;Pathoekeweg;Korte Gotevlietstraat;51.2635002857155;3.20827514484947;22/06/2016
1383;68700;217650;Gotevlietstraat;Korte Gotevlietstraat;51.2630085595983;3.20398747098206;22/06/2016
1164;68650;221050;Gistelse steenweg;Zandstraat;51.293557992887;3.20250824269385;22/06/2016
1465;71050;220500;Margareta v Oostenrijkstr overweg 800m richting ZW;;51.2889481030554;3.23702912527958;22/06/2016
1486;67400;221500;Ter Wallestraat  pijpekop uiterst noordelijk;;51.2974246863364;3.18448734590924;22/06/2016
1517;70750;222500;Zuidelijk kanaaldok  midden kade 505;;51.3068816532572;3.23229116578996;22/06/2016
1172;72500;211000;Antonis de Roverestraat  pijpekop;;51.2037665071908;3.2598437606809;22/06/2016
1199;74500;211500;Pelderijnstraat  pal tegenover abdij Sint-Trudo;;51.2085243774728;3.28835370436361;22/06/2016
1372;68800;217200;Gotevlietstraat  hoek  met waterzuiveringsstation;;51.2589781566346;3.2055213662985;22/06/2016
1339;68050;215900;Blankenbergse steenweg;Monnikenwerve;51.2471893178822;3.19507302286183;22/06/2016
1300;71000;214000;Bommelbekestraat   pijpekop ter hoogt van J. Lemoustr;;51.23052454733;3.23773057489257;22/06/2016
1619;70100;227550;Gasterminal (centrum) einde losbrug - distributiebuis;;51.3521757479187;3.22185400619577;22/06/2016
1541;71000;223500;Alfred Ronsestraat  2100m vanaf Isabellalaan;;51.3159026886915;3.23565642062064;22/06/2016
1425;73000;219000;Ronselarestraat  600m vanaf Damse steenweg N-O;;51.2757320326135;3.26529771449187;22/06/2016
1178;64500;211900;jaagpad Waggelwater  gemeentegrens Varsenare;;51.2107257700148;3.1451829553008;22/06/2016
1312;68600;214500;Blankenbergse stw  aan zuidpunt Blauwhuisstraat;;51.2346852357235;3.20326426292678;22/06/2016
1313;69100;214500;Berkenstraat;Goudenregenstraat;51.2347555071338;3.21042099869561;22/06/2016
1073;71800;208900;Oude spoorwegberm;Sint-Lukaskliniekparking;51.184797605858;3.25028175193868;22/06/2016
1543;65300;224150;Kustlaan  N 34;gem. grens met Blankenberge;51.3209343759339;3.15376318897601;22/06/2016
1268;74800;213350;Maleleie(wegel) waar deze de Maleleie verlaat;;51.2251904107711;3.29226223084451;22/06/2016
1229;65750;212500;Lege Moerstraat  200m van Steenkaai;;51.2163013963262;3.16292976866981;22/06/2016
1071;70700;208500;Randparking  Baron Ruzettelaan (zuid);;51.1810526110696;3.23463843391928;22/06/2016
1289;65800;214250;Rodepoortstraat (Ossenstraat) grens met Meetkerke;;51.2320372054131;3.16323726401274;22/06/2016
1235;68500;212550;Houtkaai;Maria van Bourgondiëlaan;51.2171455376216;3.20227052736713;22/06/2016
1007;65000;206600;Diksmuidse Heerweg   900m ZW vanaf De Watermolen;;51.1631673568131;3.15357825424585;22/06/2016
1333;71650;215050;Brugse steenweg;Hovenierstraat;51.2400496646425;3.24680769025511;22/06/2016
1421;70600;219000;Amaat Vinckestraat  50m in Damse steenweg;;51.275406656301;3.23090830913654;22/06/2016
1436;71050;219950;Westkapelse steenweg;Nieuwe groenstraat;51.2840057572297;3.2371491861571;22/06/2016
1601;70250;226750;Henri Victor Wolvenstraat - strekdam Britaniad.-L.N.G dok;;51.3450068168951;3.22418262050153;22/06/2016
1058;74300;208550;Sint-Trudoledeken grens met Oedelem;;51.1819848659953;3.28610619615948;22/06/2016
1185;67750;211500;Hoge Expres   midden parking winkelzone;;51.207602683276;3.19177571834961;22/06/2016
1012;67000;206500;Vijvers (Loppem);Enink Veld (Loppem);51.1625588576176;3.18218769775842;22/06/2016
1248;75050;212650;Maleveld;Malelei(weg);51.2189317809883;3.29598460425203;22/06/2016
1454;73400;220000;Zeekanaalweg pompgemaal (Ronselarestraat);;51.2847721956243;3.27081757659783;22/06/2016
1470;66000;221400;Polderbos  gemeentegrens met Blankenberge;;51.2963234022726;3.164441966328;22/06/2016
1468;72500;221000;Westkapelse steenweg;Zeekanaalweg;51.2936387960405;3.25770419030194;22/06/2016
1563;69100;224500;Canadeese Kaai (via Kiwiweg) -(hoek)- V S A Kaai;;51.3246257530797;3.20818453214569;22/06/2016
1015;68700;206700;Heidelbergstraat;spoorweg Kortrijk;51.164597369091;3.20644158969251;22/06/2016
1503;69750;222200;Margareta van Oostenrijkstraat  noordeinde spoor;;51.304047410461;3.21802024307393;22/06/2016
1352;68600;216100;Monnikenwerve  90° bocht  noodelijk gelegen;;51.2490640750644;3.20290481505172;22/06/2016
1475;68650;221050;Oude Pastoriestraat;Dwarsstraat;51.293557992887;3.20250824269385;22/06/2016
1228;65500;212900;Lege Moerstraat  weg grens Meetkkerke r.west 50m;;51.2198598582289;3.15925780737684;22/06/2016
1036;67450;207550;Lorkendreef;Onze Lieve Vrouwedreef;51.1720599681103;3.18838178619049;22/06/2016
1263;72150;213250;Polderweg;Gemene Weideweg Noord;51.2239401662102;3.25435374671074;22/06/2016
1387;71200;217500;Kruisabelestraat  400m richting N van Koolkerkewegel;;51.2620080306695;3.23983314708779;22/06/2016
1597;68200;226700;Leopold II dam  ingang MBZ gebouw;;51.3442698308312;3.19477776167028;22/06/2016
1035;67100;207500;Valkenbosdreef pijpekop;;51.1715603515118;3.18338949419218;22/06/2016
1406;69150;218500;Ter Doeststraat  50m van Stationsstraat (parking);;51.2707112510808;3.21024403808448;22/06/2016
1578;67100;225500;Westdam;St.-George's day-wandeling;51.3333292054446;3.17926904984737;22/06/2016
1042;64650;208250;Doornstraat;Beisbroekdreef;51.1779443894108;3.14818804679951;22/06/2016
1139;66750;210700;Pastoriestraat;Zandstraat;51.2002693642826;3.17765234028798;22/06/2016
1220;73150;212050;Brieversweg;Beukenboslaan;51.2132900270146;3.26892018378229;22/06/2016
1223;74500;212000;Brieversweg;Maleveld;51.2130185494248;3.28824964712583;22/06/2016
1485;66600;221850;Patentestraat  bij verlaten Isabellavaart;;51.3004548997954;3.17293824712292;22/06/2016
1493;70750;221500;Zuidelijk kanaaldok  kade (511);;51.2978949006333;3.23251045600492;22/06/2016
1506;71300;222150;Aziëstraat  Toyota gebouw;;51.3038115743325;3.24025243526596;22/06/2016
1212;69050;212000;Maria van Bourgondiëlaan;Zeger van Malestraat;51.2122804403734;3.2102649146621;22/06/2016
1611;66450;227500;Westdam  2100m vanaf St.-George's day-wandeling;;51.3512082734221;3.16948135011704;22/06/2016
1385;69600;217750;Watergang;Ter Bollestraat;51.2640337186882;3.2168581805693;22/06/2016
1341;68600;215550;Kleine Monnikenwerve  pijpekop zuid;;51.2441216843048;3.20302839212389;22/06/2016
1253;67450;213000;zijweg west Expresweg  1000m zuid van Oostend stw;;51.2210409510829;3.1871424599536;22/06/2016
1545;66000;224400;Kustlaan  N34  1500m vanaf Baron de Maerelaan;;51.3232843442266;3.16374438913502;22/06/2016
1524;68100;223050;Zwankendammestraar  pijpekop;;51.3114534850475;3.19417043050472;22/06/2016
1498;67700;222300;Zeebruggelaan;Wulfsberge;51.3046562303285;3.18860536464632;22/06/2016
1593;66000;226500;Westdam 1300m  600m loodrecht op dam;;51.3421563549482;3.16325561596616;22/06/2016
1192;71050;211550;Bilkske  ter hoogte van splitsing aanpleintje vesting;;51.2085126733971;3.23897989364218;22/06/2016
1116;65100;210050;Zandstraat;De Manlaan (Varsenare);51.1941877507554;3.15420004439985;22/06/2016
1120;67050;210200;Koning Leopold III laan;Kerkhofstraat;51.1958195759548;3.18205779654115;22/06/2016
1606;68010;227300;Albert II laan   Albert II dok  noordoosteinde kade 120;;51.3496356444631;3.19191472786655;22/06/2016
1298;70150;214100;Lodewijk Coiseaukaai  bocht aan Klein Handelsdok;;51.2313066600492;3.22554055212551;22/06/2016
1108;70550;209500;Vaartdijkstraat  (west) ter hoogte Oude Kortrijkstraat;;51.1900203339991;3.23227399190826;22/06/2016
1205;66000;212300;Pastoriestraat -- jaagpad Waggelwater;;51.2145408816472;3.16655299549634;22/06/2016
1450;71050;220000;Nieuwe groenstraat  100m vanaf Westkapelse steenwg;;51.284455272461;3.23713826746821;22/06/2016
1515;69000;222750;"""den overzet"" 1700m noord Verbindingsdok 300m oost";;51.3088847891078;3.20714401466578;22/06/2016
1082;67000;209000;Wilgenwad  noord-westhoek-pijpekop;;51.1850272273755;3.18161665923311;22/06/2016
1128;71050;210050;Tulpenstraat;Irisstraat;51.195031401837;3.23930618539007;22/06/2016
1087;69550;209000;Baron de Serretstraat;Walakker;51.1853878349724;3.21808312973776;22/06/2016
1432;69000;219500;Ter Doeststraat  1100m van Stationsweg;;51.2796770273507;3.20787222283342;22/06/2016
1411;72000;218500;Zwiersweg   einde  (pijpekop);;51.2711036379961;3.25107560787294;22/06/2016
1021;66150;207100;De Watermolen  300m van Touhoutse steenweg aan E 40;;51.1678282473161;3.16989917521386;22/06/2016
1560;67700;224500;Veerbootstraat  einde (pijpekop);;51.3244274976841;3.18810406843148;22/06/2016
1327;68800;215450;Kolvestraat;Monnikenwerve;51.2432508074114;3.20591371522946;22/06/2016
1079;65600;209000;Grote Thems  uiterste zuid-oost hoek;;51.1848244636449;3.16159638328211;22/06/2016
1084;68050;209000;Amazonedreef;Graaf Pierre deBrielaan;51.1851770738293;3.19663197954926;22/06/2016
1238;70000;212550;Sint-Clarastraat;J. Waelestraat;51.2173552710211;3.22373640852152;22/06/2016
1226;64000;212500;natuurreservaat Meetkerke grens met Sint-andries;;51.2160434356433;3.13788592692038;22/06/2016
1628;70000;228000;Gasterminal  midden noordkade;;51.3562062052084;3.22031845200094;22/06/2016
1451;71650;220150;Westkapelse steenweg;Zwiersweg;51.2858844804992;3.24570385112401;22/06/2016
1302;72000;214050;Damse Vaart-zuid  200m NO vanaf Gemen.Weide.Noord;;51.2311100300053;3.25203397456744;22/06/2016
1169;71000;211050;Nijverheidstraat  100m vanaf Blekerijstraat;;51.2040117001223;3.23837311180164;22/06/2016
1080;66250;209200;Doornstraat;Jacob de Meyerestraat;51.1867159705141;3.17084511962013;22/06/2016
1505;70500;222000;Zuidelijk kanaaldok  kade (508);;51.3023532862505;3.22881724914018;22/06/2016
1224;75000;212200;Brieversweg   550m vanaf Maleveld;;51.2148806529232;3.29536184402141;22/06/2016
1520;72050;222500;Barlenhuisstraat  bijstraat langs spoorbundel;;51.3070589048207;3.25092991734212;22/06/2016
1255;68000;213000;Einde oprijlaan uitgang parking Sint-Jan Ruddershove;;51.2211193030548;3.19501290903216;22/06/2016
1466;71850;220850;Margareta v Oostenrijk;Zonnebloemweg zuidpunt rotonde;51.2922025253898;3.2484199064171;22/06/2016
1214;70100;212000;Spanjaardstraat -- Rode Haanstraat-Kipstraat;;51.2124266437692;3.22528909977078;22/06/2016
1252;66700;213000;Speistraat   brug met Molengeleed;;51.2209332496842;3.17640873043047;22/06/2016
1624;68900;228300;havengeul Oostdam einde zuid splitsing (strekdam);;51.3587481649699;3.20446242776686;22/06/2016
1189;69500;211500;Lane  (west);Neststraat;51.2078492118429;3.21681347171683;22/06/2016
1002;64650;206100;Diksmuidse heerweg;grens Zedelgem;51.1586216691283;3.14869293327613;22/06/2016
1085;68500;209000;Witte Molenstraat;Expresweg (Amazonestraat);51.1852407147553;3.20306767294236;22/06/2016
1290;66200;214200;Ossestraat;Speistraat;51.2316458878235;3.16897494772799;22/06/2016
1204;65100;212000;Grote Moerstraat -- jaagpad Waggelwater;;51.2117133104365;3.15374384878326;22/06/2016
1244;73250;212600;Moerkerkse steenweg;Bachten Beukenbos;51.2182458475598;3.27023526992929;22/06/2016
1471;67050;221100;Patentestraat;Scharphoutstraat;51.2937795342256;3.17956196567579;22/06/2016
1051;68900;208400;Jagersstraat;Rijselstraat;51.1799049372203;3.20892205062025;22/06/2016
1142;68100;210500;Diksmuidse heerweg;Manitobalaan;51.1986653690537;3.19700891227049;22/06/2016
1509;66500;223000;Groendijk  grens met Blankenberge;;51.3107755777324;3.17124023238811;22/06/2016
1527;69850;223050;Margareta van Oostenrijkstraat   kade 501 westpunt;;51.3116994898732;3.21926407054745;22/06/2016
1234;68350;212600;Steenkaai;Ruddershove;51.2175738664608;3.20011195203468;22/06/2016
1456;66650;220500;Polderbos  100m vanaf Canadezenstraat;;51.2883289107826;3.17396658702036;22/06/2016
1296;69300;214000;Pathoekeweg  ter hoogte van bergplaats wegendienst;;51.2302894435133;3.21339650790736;22/06/2016
1569;67050;225000;Zeedijk;Harwichstraat;51.3288281555822;3.17866641716919;22/06/2016
1453;72500;220200;Oostkerkestraat tussen Zeekanaalweg en Oostkerkest;;51.2864488565106;3.25787566643272;22/06/2016
1337;66850;215500;Spreeuwenstraat  grens met Zuienkerke;;51.2434227204178;3.17798270595768;22/06/2016
1582;69000;225500;Vismijnstraat;Seafront  duikboot;51.3335994795679;3.20652710658112;22/06/2016
1491;70000;221800;Margareta van Oostenrijkstraat  pijpekop;;51.3004872278559;3.22169250400544;22/06/2016
1280;70550;213600;Looigemweg;Korendragersstraat;51.2268677560044;3.23137624884234;22/06/2016
1119;66500;210000;Bosdreef  meest zuidelijke bocht;;51.193942259988;3.17423765393277;22/06/2016
1256;68500;213000;Sint-Pieterstatiedreef;Wijnenbrugstraat;51.2211900923928;3.20216939510635;22/06/2016
1187;68500;211550;Peter Benoitlaan;Hoge Lane;51.2081585160704;3.2024951804217;22/06/2016
1508;72000;222000;Alfred Ronsestraat;Aziëstraat;51.3025581715464;3.25032069517795;22/06/2016
1171;72150;211100;Sint-Kruisstraat;Mispelbilk;51.2046173524337;3.2548151514029;22/06/2016
1463;70100;220600;"""den overzet"" 1400m zuid-oos begin achterhaven";;51.289716289982;3.22339185953168;22/06/2016
1024;67600;207000;Espendreef;Emiel Bethuynelaan;51.1671388329489;3.19064986418076;22/06/2016
1529;70500;223000;Alfred Ronsestraat   kade 530 midden;;51.3113411738202;3.22859719634854;22/06/2016
1331;70650;215050;Dudzeelse steenweg;Ronselarestraat;51.2399130747148;3.23249065988458;22/06/2016
1414;67600;219600;Patentestraat;Groot ter Doest;51.2803777212089;3.18778650743641;22/06/2016
1050;68000;208200;Tillegemkasteel  parking personeel Provincie;;51.1779798220288;3.19609729548206;22/06/2016
1409;70450;218550;Stokerij op het einde van de straat uiterst links;;51.2713415100817;3.22885908265092;22/06/2016
1614;67850;227500;Albert II dok   kaai 128 -- kaai129;;51.3514096809858;3.18957330062529;22/06/2016
1245;73600;212500;Dekenstraat;Kanselierlaan;51.2173931921917;3.27526509450059;22/06/2016
1176;74600;211400;Maalse steenweg;Holleweg;51.2076383593899;3.28980395185575;22/06/2016
1056;73000;208050;Van Cailliedreef (Oostkamp) 500m van Michel van Hammestr;;51.1773200953607;3.26762322353517;22/06/2016
1380;67350;217600;Blankenbergse steenweg  grens met Zuienkerke;;51.2623672430352;3.18466147663361;22/06/2016
1559;67000;224700;Kustlaan  400m vanaf Baron de Maerelaan naar Blan.;;51.326125101811;3.178017903619;22/06/2016
1635;69000;228500;Oostdam 950m (noord-west) vanaf gasterminal;;51.3605590792397;3.20585340750319;22/06/2016
1570;67500;225000;New-Yorklaan;Minister Beernaertstr;51.3288927707447;3.18512195917793;22/06/2016
1017;64100;207100;Oostmoerstraat (Snellegem)  grens met Brugge;;51.1675272847503;3.14059497044807;22/06/2016
1334;72000;215100;Fortstraat  pijpekop aan Fortbeek (van Beieren);;51.2405465871611;3.25180799599538;22/06/2016
1037;68150;207600;Pitsenbosdreef  pijpekop (noord);;51.1726090366338;3.19837795672389;22/06/2016
1206;66000;212300;Pastoriestraat -- jaagpad Waggelwater;;51.2145408816472;3.16655299549634;22/06/2016
1275;68000;213500;Oostendse steenweg;Viaductstraat;51.2256133672098;3.19489982640969;22/06/2016
1099;66050;209550;Rombout de Dopperstraat  pijpekop noord;Karel Custisstraat;51.1898324810994;3.16790485239599;22/06/2016
1207;66650;212000;Bloemendalestraat  300m van Koestraat;;51.2119390752178;3.17592269700885;22/06/2016
1586;67050;226050;Albert II (rond)plein  20m in weg richting N en Albert II dok;;51.3382641884651;3.17842507853491;22/06/2016
1554;70650;224000;Alfred Ronsestraat  1500m vanaf Isabellalaan;;51.3203485316882;3.23052732910489;22/06/2016
1219;72550;212100;Brieversweg;Mexicostraat;51.2136582611109;3.26032456389369;22/06/2016
1121;67600;210000;Diderik van den Elzasstraat  pijpekop;;51.1941001603331;3.18996939252063;22/06/2016
1422;70950;219000;Stapelvoorde  150m vanaf Damse steenweg;;51.2754547270166;3.23592316983469;22/06/2016
1620;66850;228000;Westdam  vanaf St.-George's day-wandeling 2750m;;51.3557599721473;3.17510684191172;22/06/2016
1418;69050;219000;Ter Doeststraat  600m van Stationsweg (natuurvijver);;51.2751912284189;3.20870082111364;22/06/2016
1236;69000;212500;Leopold I laan;Kroonstraat;51.2167663630521;3.2094375846296;22/06/2016
1386;70000;217500;Dudzeelse steenweg  1600m noord van Kruisabelestraat;;51.2618428920038;3.22264353971739;22/06/2016
1469;73100;220600;Zeekanaalweg;Oostkerkestraat (noord);51.2901241481687;3.26638906695508;22/06/2016
1027;69000;207050;Heidelbergstraat;Expresweg N 31;51.1677850683356;3.21065340408855;22/06/2016
1494;71200;221500;Zuidelijk kanaaldok  kade (522);;51.2979565839196;3.23896178093796;22/06/2016
1373;69100;217250;Pathoekeweg;Gotevlietstraat;51.2594698099155;3.20980683897122;22/06/2016
1127;70550;210050;Baron Ruzettelaan;Kleine Kerkhofstraat;51.1949628596176;3.23215365630442;22/06/2016
1227;64850;212700;Lege Moerstraat  weg grens Meetkerke r.west 700m;;51.2179674683428;3.15000296755705;22/06/2016
1391;67600;218000;Stationsweg  grens met Zuienkerke;;51.2659979511024;3.18815089279435;22/06/2016
1258;69550;213000;Groenstraat;Sint-Pieterskaai;51.2213373239357;3.21719642574975;22/06/2016
1534;67150;223600;Karveelstraat;Galeistraat;51.3162611084111;3.18042263615832;22/06/2016
1034;66900;207800;Torhoutse steenweg;Valkenbosdreef;51.1742276442834;3.18046061521239;22/06/2016
1446;68950;220000;Ter Doeststraat aan bocht ter hoogte van Ter Doest;;51.2841639707683;3.20704343601981;22/06/2016
1231;66750;212550;Steenkaai;Speistraat;51.2168959290446;3.17722786077655;22/06/2016
1439;72500;219650;Oostkerkestraat 450m vanaf gasinstalaties richting O;;51.2815064846675;3.25799350830085;22/06/2016
1360;67850;216500;Blankenbergse steenweg;Zeelaan (rond punt zuid);51.252552783835;3.19207386208829;22/06/2016
1158;65600;211000;Grote Moerstraat  150m vanaf Legeweg richting N;;51.2027996375967;3.16113142600115;22/06/2016
1616;69250;227650;Havengeul -- gasterminal strekdam Z-W midden bocht;;51.3529561833753;3.20963182224554;22/06/2016
1426;73000;219000;Ronselarestraat  600m vanaf Damse steenweg N-O;;51.2757320326135;3.26529771449187;22/06/2016
1157;65300;211250;Grote Moerstraat  pijpekop aan kapelletje;;51.2050021842893;3.15678166009562;22/06/2016
1209;67700;212000;Dirk Martensstraat  ronde pijpekop aan Expressweg;;51.2120896431656;3.19094666363485;22/06/2016
1379;72000;217100;Ronselarestraat 750m van Koolkerkse wegel r. N;;51.2585217098214;3.25137728760413;22/06/2016
1382;68000;217500;Zeelaan;zijweg Zeelaan  nr 5;51.261562112514;3.19399446780399;22/06/2016
1030;65150;208100;Kasteel Beisbroek  parking aan sterrewacht;;51.1766694161432;3.15537104152211;22/06/2016
1217;71600;212100;Moerkerkse steenweg;Wagenmakersstraat;51.2135300802439;3.24672947455664;22/06/2016
1588;68000;226000;New-Yorklaan   midden kade 203  80m van kaderand;;51.3379506957584;3.19206595331445;22/06/2016
